"id";"data_inversa";"dia_semana";"horario";"uf";"br";"km";"municipio";"causa_acidente";"tipo_acidente";"classificacao_acidente";"fase_dia";"sentido_via";"condicao_metereologica";"tipo_pista";"tracado_via";"uso_solo";"pessoas";"mortos";"feridos_leves";"feridos_graves";"ilesos";"ignorados";"feridos";"veiculos"
83514461;"10/11/16";"Quinta";"09:27:00";"SP";101;"35";"UBATUBA";"Não guardar distância de segurança";"Colisão traseira";"Com Vítimas Feridas";"Pleno dia";"Decrescente";"Ceu Claro";"Simples";"Reta";"Urbano";3;0;1;0;2;0;1;2
83514462;"10/11/16";"Quinta";"09:00:00";"PR";376;"392";"IMBAU";"Outras";"Saída de Pista";"Com Vítimas Feridas";"Pleno dia";"Crescente";"Ceu Claro";"Simples";"Curva";"Rural";1;0;0;1;0;0;1;1
83514463;"23/09/16";"Sexta";"12:30:00";"RJ";116;"103";"GUAPIMIRIM";"Dormindo";"Saída de Pista";"Com Vítimas Feridas";"Pleno dia";"Crescente";"Ceu Claro";"Dupla";"Curva";"Urbano";3;0;0;1;1;1;1;2
83514464;"22/10/16";"Sábado";"06:20:00";"SC";163;"69,2";"SAO MIGUEL DOESTE";"Outras";"Tombamento";"Com Vítimas Feridas";"Amanhecer";"Decrescente";"Ceu Claro";"Dupla";"Reta";"Urbano";1;0;1;0;0;0;1;1
83514465;"07/11/16";"Segunda";"06:35:00";"SC";282;"16";"PALHOCA";"Falta de atenção";"Atropelamento de pessoa";"Com Vítimas Feridas";"Pleno dia";"Decrescente";"Ceu Claro";"Simples";"Reta";"Urbano";3;0;3;0;0;0;3;1
83514466;"10/11/16";"Quinta";"05:55:00";"RS";392;"5,2";"RIO GRANDE";"Desobediência à sinalização";"Colisão lateral";"Sem Vítimas";"Amanhecer";"Decrescente";"Ceu Claro";"Simples";"Reta";"Urbano";2;0;0;0;2;0;0;2
83514468;"03/11/16";"Quinta";"02:00:00";"SP";116;"399";"MIRACATU";"Dormindo";"Tombamento";"Sem Vítimas";"Plena noite";"Decrescente";"Nublado";"Dupla";"Reta";"Urbano";1;0;0;0;1;0;0;1
83514469;"07/11/16";"Segunda";"05:45:00";"PA";316;"38";"SANTA ISABEL DO PARA";"Outras";"Saída de Pista";"Com Vítimas Feridas";"Amanhecer";"Decrescente";"Ceu Claro";"Dupla";"Reta";"Rural";2;0;2;0;0;0;2;1
83514470;"10/11/16";"Quinta";"09:00:00";"MS";262;"51,4";"TRES LAGOAS";"Outras";"Derramamento de Carga";"Sem Vítimas";"Pleno dia";"Crescente";"Ceu Claro";"Simples";"Reta";"Rural";3;0;0;0;3;0;0;2
83514472;"07/11/16";"Segunda";"01:15:00";"SP";116;"128";"CACAPAVA";"Defeito mecânico em veículo";"Capotamento";"Com Vítimas Feridas";"Plena noite";"Crescente";"Ceu Claro";"Dupla";"Reta";"Urbano";2;0;1;0;1;0;1;2
83514473;"10/11/16";"Quinta";"06:15:00";"GO";50;"282,9";"CATALAO";"Desobediência à sinalização";"Colisão lateral";"Com Vítimas Fatais";"Amanhecer";"Crescente";"Nublado";"Simples";"Cruzamento";"Rural";2;1;0;0;1;0;0;2
83514474;"10/11/16";"Quinta";"10:25:00";"RS";386;"360,6";"ESTRELA";"Desobediência à sinalização";"Colisão Transversal";"Sem Vítimas";"Pleno dia";"Decrescente";"Sol";"Simples";"Reta";"Rural";2;0;0;0;2;0;0;2
83514475;"06/11/16";"Domingo";"22:00:00";"DF";20;"10";"BRASILIA";"Ingestão de álcool";"Colisão Transversal";"Com Vítimas Feridas";"Plena noite";"Crescente";"Nevoeiro/neblina";"Múltipla";"Reta";"Urbano";3;0;2;0;1;0;2;2
83514476;"10/11/16";"Quinta";"04:10:00";"RJ";101;"274";"TANGUA";"Outras";"Tombamento";"Sem Vítimas";"Plena noite";"Crescente";"Chuva";"Dupla";"Reta";"Urbano";1;0;0;0;1;0;0;1
83514477;"06/11/16";"Domingo";"21:20:00";"PR";369;"35,6";"ANDIRA";"Animais na Pista";"Atropelamento de animal";"Sem Vítimas";"Plena noite";"Decrescente";"Nublado";"Simples";"Reta";"Urbano";1;0;0;0;1;0;0;1
83514478;"10/11/16";"Quinta";"07:30:00";"MS";262;"98,8";"TRES LAGOAS";"Dormindo";"Colisão lateral";"Com Vítimas Feridas";"Pleno dia";"Decrescente";"Sol";"Simples";"Reta";"Rural";2;0;2;0;0;0;2;2
83514479;"06/11/16";"Domingo";"19:40:00";"RS";116;"302";"GUAIBA";"Velocidade incompatível";"Tombamento";"Sem Vítimas";"Pleno dia";"Decrescente";"Ceu Claro";"Dupla";"Reta";"Urbano";1;0;0;0;1;0;0;1
83514480;"09/11/16";"Quarta";"23:00:00";"PA";10;"233";"IPIXUNA DO PARA";"Velocidade incompatível";"Queda de motocicleta / bicicleta / veículo";"Com Vítimas Feridas";"Plena noite";"Decrescente";"Ignorada";"Simples";"Reta";"Rural";3;0;0;3;0;0;3;1
83514481;"10/11/16";"Quinta";"09:30:00";"TO";153;"657";"GURUPI";"Defeito mecânico em veículo";"Saída de Pista";"Sem Vítimas";"Pleno dia";"Decrescente";"Sol";"Simples";"Reta";"Rural";1;0;0;0;1;0;0;1
83514482;"28/10/16";"Sexta";"19:10:00";"RS";116;"243,5";"SAO LEOPOLDO";"Não guardar distância de segurança";"Colisão traseira";"Com Vítimas Feridas";"Anoitecer";"Crescente";"Sol";"Múltipla";"Reta";"Urbano";2;0;0;1;1;0;1;2
83514483;"10/11/16";"Quinta";"07:50:00";"ES";101;"68,4";"SAO MATEUS";"Outras";"Queda de motocicleta / bicicleta / veículo";"Com Vítimas Feridas";"Amanhecer";"Decrescente";"Nublado";"Simples";"Reta";"Urbano";1;0;1;0;0;0;1;1
83514484;"10/11/16";"Quinta";"07:50:00";"GO";20;"146,3";"ALVORADA DO NORTE";"Ultrapassagem indevida";"Colisão frontal";"Sem Vítimas";"Pleno dia";"Crescente";"Chuva";"Simples";"Reta";"Rural";2;0;0;0;2;0;0;2
83514485;"10/11/16";"Quinta";"08:55:00";"PB";230;"17,5";"JOAO PESSOA";"Velocidade incompatível";"Colisão traseira";"Com Vítimas Feridas";"Pleno dia";"Crescente";"Ceu Claro";"Múltipla";"Reta";"Urbano";2;0;1;0;1;0;1;2
83514486;"03/11/16";"Quinta";"06:50:00";"MG";40;"518";"RIBEIRAO DAS NEVES";"Outras";"Queda de motocicleta / bicicleta / veículo";"Com Vítimas Feridas";"Amanhecer";"Decrescente";"Nublado";"Dupla";"Curva";"Urbano";1;0;0;1;0;0;1;1
83514487;"10/11/16";"Quinta";"11:50:00";"MG";50;"13";"ARAGUARI";"Não guardar distância de segurança";"Colisão traseira";"Sem Vítimas";"Pleno dia";"Decrescente";"Ceu Claro";"Dupla";"Reta";"Rural";2;0;0;0;2;0;0;2
83514488;"06/11/16";"Domingo";"18:40:00";"SC";280;"223,5";"TRES BARRAS";"Outras";"Capotamento";"Com Vítimas Feridas";"Pleno dia";"Crescente";"Ceu Claro";"Simples";"Curva";"Rural";1;0;1;0;0;0;1;1
83514489;"09/11/16";"Quarta";"18:30:00";"MT";163;"829";"SINOP";"Falta de atenção";"Colisão Transversal";"Com Vítimas Feridas";"Anoitecer";"Decrescente";"Nublado";"Dupla";"Reta";"Urbano";3;0;0;1;2;0;1;2
83514490;"09/11/16";"Quarta";"06:40:00";"PA";230;"719";"MEDICILANDIA";"Velocidade incompatível";"Tombamento";"Com Vítimas Feridas";"Amanhecer";"Crescente";"Ceu Claro";"Simples";"Curva";"Rural";2;0;2;0;0;0;2;1
83514491;"10/11/16";"Quinta";"07:55:00";"MG";135;"473,5";"JOAQUIM FELICIO";"Velocidade incompatível";"Capotamento";"Com Vítimas Feridas";"Pleno dia";"Crescente";"Chuva";"Simples";"Curva";"Rural";2;0;1;0;1;0;1;1
83514492;"30/10/16";"Domingo";"22:00:00";"RJ";116;"318";"ITATIAIA";"Outras";"Saída de Pista";"Com Vítimas Feridas";"Plena noite";"Crescente";"Nublado";"Dupla";"Reta";"Rural";2;0;1;0;1;0;1;1
83514493;"30/10/16";"Domingo";"03:00:00";"RJ";101;"318";"SAO GONCALO";"Falta de atenção";"Colisão com objeto fixo";"Sem Vítimas";"Plena noite";"Crescente";"Ceu Claro";"Dupla";"Reta";"Urbano";1;0;0;0;1;0;0;1
83514494;"10/11/16";"Quinta";"09:10:00";"MG";381;"491";"BETIM";"Falta de atenção";"Colisão Transversal";"Com Vítimas Feridas";"Pleno dia";"Crescente";"Nublado";"Dupla";"Curva";"Urbano";2;0;1;0;1;0;1;2
83514495;"09/11/16";"Quarta";"17:50:00";"PI";343;"314";"ALTOS";"Animais na Pista";"Atropelamento de animal";"Sem Vítimas";"Amanhecer";"Crescente";"Ceu Claro";"Simples";"Reta";"Rural";1;0;0;0;1;0;0;1
83514496;"07/11/16";"Segunda";"07:50:00";"RO";364;"530";"ARIQUEMES";"Não guardar distância de segurança";"Colisão traseira";"Com Vítimas Feridas";"Pleno dia";"Crescente";"Ceu Claro";"Simples";"Reta";"Rural";2;0;0;1;1;0;1;2
83514497;"10/11/16";"Quinta";"10:00:00";"RS";386;"239";"SOLEDADE";"Falta de atenção";"Colisão traseira";"Com Vítimas Feridas";"Pleno dia";"Crescente";"Ceu Claro";"Simples";"Reta";"Rural";3;0;1;0;2;0;1;2
83514498;"27/10/16";"Quinta";"16:00:00";"GO";153;"600";"MORRINHOS";"Falta de atenção";"Colisão lateral";"Sem Vítimas";"Pleno dia";"Crescente";"Sol";"Dupla";"Reta";"Rural";2;0;0;0;2;0;0;2
83514499;"29/10/16";"Sábado";"20:40:00";"PA";316;"2";"ANANINDEUA";"Não guardar distância de segurança";"Colisão traseira";"Sem Vítimas";"Plena noite";"Crescente";"Ceu Claro";"Dupla";"Reta";"Urbano";2;0;0;0;2;0;0;2
83514500;"09/11/16";"Quarta";"22:40:00";"RN";101;"97";"NATAL";"Outras";"Colisão com objeto fixo";"Com Vítimas Feridas";"Plena noite";"Decrescente";"Ceu Claro";"Dupla";"Reta";"Urbano";1;0;0;1;0;0;1;1
83514501;"10/11/16";"Quinta";"08:45:00";"MG";365;"680";"MONTE ALEGRE DE MINAS";"Outras";"Colisão com objeto fixo";"Com Vítimas Feridas";"Pleno dia";"Decrescente";"Ceu Claro";"Dupla";"Curva";"Rural";1;0;1;0;0;0;1;1
83514502;"06/11/16";"Domingo";"05:00:00";"ES";101;"147,9";"LINHARES";"Outras";"Queda de motocicleta / bicicleta / veículo";"Com Vítimas Feridas";"Amanhecer";"Decrescente";"Nublado";"Simples";"Reta";"Urbano";1;0;0;1;0;0;1;1
83514503;"15/10/16";"Sábado";"05:50:00";"PA";316;"8";"ANANINDEUA";"Dormindo";"Colisão traseira";"Com Vítimas Feridas";"Amanhecer";"Crescente";"Ceu Claro";"Dupla";"Reta";"Urbano";3;0;1;1;1;0;2;2
83514504;"10/11/16";"Quinta";"05:45:00";"MG";262;"850";"UBERABA";"Defeito mecânico em veículo";"Saída de Pista";"Sem Vítimas";"Amanhecer";"Crescente";"Ceu Claro";"Simples";"Curva";"Rural";1;0;0;0;1;0;0;1
83514505;"10/11/16";"Quinta";"07:45:00";"SP";116;"550,3";"BARRA DO TURVO";"Velocidade incompatível";"Derramamento de Carga";"Sem Vítimas";"Amanhecer";"Decrescente";"Nublado";"Dupla";"Curva";"Rural";1;0;0;0;1;0;0;1
83514507;"07/11/16";"Segunda";"06:50:00";"MG";40;"463";"SETE LAGOAS";"Falta de atenção";"Tombamento";"Sem Vítimas";"Amanhecer";"Crescente";"Chuva";"Dupla";"Curva";"Rural";1;0;0;0;1;0;0;1
83514508;"10/11/16";"Quinta";"08:50:00";"AM";319;"720";"HUMAITA";"Falta de atenção";"Saída de Pista";"Sem Vítimas";"Pleno dia";"Decrescente";"Ceu Claro";"Simples";"Reta";"Rural";1;0;0;0;1;0;0;1
83514509;"10/11/16";"Quinta";"04:45:00";"GO";50;"137,5";"IPAMERI";"Outras";"Saída de Pista";"Com Vítimas Feridas";"Amanhecer";"Decrescente";"Nublado";"Simples";"Reta";"Rural";2;0;1;0;1;0;1;1
83514510;"09/11/16";"Quarta";"21:15:00";"MS";60;"597,8";"JARDIM";"Falta de atenção";"Colisão frontal";"Com Vítimas Feridas";"Plena noite";"Decrescente";"Ceu Claro";"Simples";"Reta";"Urbano";3;0;2;0;1;0;2;2
83514511;"18/05/16";"Quarta";"10:00:00";"MT";174;"312";"CONQUISTA DOESTE";"Não guardar distância de segurança";"Queda de motocicleta / bicicleta / veículo";"Com Vítimas Feridas";"Pleno dia";"Crescente";"Ceu Claro";"Simples";"Reta";"Rural";1;0;1;0;0;0;1;1
83514512;"02/11/16";"Quarta";"23:10:00";"MG";365;"575";"INDIANOPOLIS";"Ingestão de álcool";"Colisão lateral";"Com Vítimas Fatais";"Plena noite";"Decrescente";"Ceu Claro";"Simples";"Reta";"Rural";2;1;0;0;1;0;0;2
83514513;"06/11/16";"Domingo";"17:10:00";"SP";116;"128,7";"CACAPAVA";"Falta de atenção";"Queda de motocicleta / bicicleta / veículo";"Com Vítimas Feridas";"Pleno dia";"Crescente";"Sol";"Dupla";"Reta";"Urbano";1;0;1;0;0;0;1;1
83514514;"10/11/16";"Quinta";"06:35:00";"PB";230;"41,5";"SANTA RITA";"Falta de atenção";"Colisão Transversal";"Com Vítimas Feridas";"Pleno dia";"Crescente";"Sol";"Dupla";"Curva";"Urbano";2;0;1;0;1;0;1;2
83514515;"06/10/16";"Quinta";"13:40:00";"GO";40;"16,2";"LUZIANIA";"Falta de atenção";"Colisão Transversal";"Com Vítimas Feridas";"Pleno dia";"Decrescente";"Sol";"Dupla";"Reta";"Urbano";2;0;2;0;0;0;2;2
83514516;"10/11/16";"Quinta";"08:30:00";"MG";381;"441";"SABARA";"Velocidade incompatível";"Capotamento";"Com Vítimas Feridas";"Pleno dia";"Crescente";"Nublado";"Simples";"Curva";"Rural";2;0;2;0;0;0;2;1
83514517;"10/11/16";"Quinta";"13:10:00";"MG";381;"485,1";"BETIM";"Falta de atenção";"Colisão lateral";"Com Vítimas Feridas";"Pleno dia";"Crescente";"Nublado";"Dupla";"Curva";"Urbano";2;0;1;0;0;1;1;2
83514518;"10/11/16";"Quinta";"10:00:00";"MG";381;"344";"BELA VISTA DE MINAS";"Velocidade incompatível";"Capotamento";"Sem Vítimas";"Pleno dia";"Crescente";"Chuva";"Simples";"Curva";"Rural";3;0;0;0;3;0;0;1
83514519;"10/11/16";"Quinta";"08:55:00";"PR";163;"47";"PRANCHITA";"Falta de atenção";"Colisão lateral";"Sem Vítimas";"Amanhecer";"Decrescente";"Ceu Claro";"Simples";"Reta";"Urbano";3;0;0;0;3;0;0;2
83514520;"07/11/16";"Segunda";"06:15:00";"MG";153;"98";"PRATA";"Outras";"Saída de Pista";"Sem Vítimas";"Amanhecer";"Crescente";"Ceu Claro";"Simples";"Reta";"Rural";1;0;0;0;1;0;0;1
83514521;"10/11/16";"Quinta";"09:00:00";"MG";381;"343";"BELA VISTA DE MINAS";"Velocidade incompatível";"Saída de Pista";"Com Vítimas Feridas";"Pleno dia";"Decrescente";"Chuva";"Simples";"Curva";"Rural";3;0;2;1;0;0;3;1
83514522;"10/11/16";"Quinta";"11:15:00";"MT";364;"360,8";"SANTO ANTONIO DO LEVERGER";"Falta de atenção";"Colisão traseira";"Sem Vítimas";"Pleno dia";"Decrescente";"Ceu Claro";"Simples";"Reta";"Rural";3;0;0;0;3;0;0;3
83514523;"10/11/16";"Quinta";"11:30:00";"RN";226;"178";"CURRAIS NOVOS";"Falta de atenção";"Colisão lateral";"Com Vítimas Feridas";"Pleno dia";"Decrescente";"Ceu Claro";"Dupla";"Reta";"Urbano";2;0;1;0;1;0;1;2
83514524;"10/11/16";"Quinta";"07:50:00";"PI";316;"21,5";"TERESINA";"Não guardar distância de segurança";"Colisão traseira";"Com Vítimas Fatais";"Pleno dia";"Crescente";"Ceu Claro";"Simples";"Reta";"Urbano";2;1;0;0;1;0;0;2
83514525;"10/11/16";"Quinta";"12:10:00";"PR";277;"724,9";"FOZ DO IGUACU";"Falta de atenção";"Saída de Pista";"Com Vítimas Feridas";"Pleno dia";"Crescente";"Sol";"Dupla";"Reta";"Urbano";1;0;1;0;0;0;1;1
83514526;"08/11/16";"Terça";"06:55:00";"SC";101;"356";"SANGAO";"Dormindo";"Tombamento";"Com Vítimas Feridas";"Pleno dia";"Crescente";"Ceu Claro";"Dupla";"Reta";"Rural";2;0;2;0;0;0;2;1
83514527;"10/11/16";"Quinta";"12:35:00";"PR";116;"129";"FAZENDA RIO GRANDE";"Outras";"Colisão com objeto fixo";"Com Vítimas Feridas";"Pleno dia";"Decrescente";"Sol";"Dupla";"Reta";"Urbano";3;0;1;0;1;1;1;3
83514528;"03/11/16";"Quinta";"07:50:00";"RJ";40;"122";"DUQUE DE CAXIAS";"Falta de atenção";"Colisão lateral";"Com Vítimas Feridas";"Pleno dia";"Crescente";"Sol";"Dupla";"Reta";"Urbano";4;0;1;0;3;0;1;2
83514529;"26/10/16";"Quarta";"11:00:00";"RJ";356;"110";"CARDOSO MOREIRA";"Outras";"Saída de Pista";"Com Vítimas Feridas";"Pleno dia";"Crescente";"Chuva";"Simples";"Curva";"Rural";2;0;2;0;0;0;2;1
83514530;"02/11/16";"Quarta";"17:05:00";"MG";262;"567,4";"CORREGO DANTA";"Falta de atenção";"Colisão Transversal";"Com Vítimas Feridas";"Pleno dia";"Crescente";"Nublado";"Simples";"Cruzamento";"Rural";2;0;1;0;1;0;1;2
83514531;"10/11/16";"Quinta";"12:30:00";"SC";470;"71,6";"INDAIAL";"Desobediência à sinalização";"Colisão lateral";"Com Vítimas Feridas";"Pleno dia";"Decrescente";"Sol";"Simples";"Reta";"Urbano";2;0;0;1;1;0;1;2
83514532;"06/11/16";"Domingo";"00:30:00";"PB";116;"5,7";"CACHOEIRA DOS INDIOS";"Velocidade incompatível";"Capotamento";"Sem Vítimas";"Plena noite";"Crescente";"Ceu Claro";"Simples";"Reta";"Rural";1;0;0;0;1;0;0;1
83514533;"10/11/16";"Quinta";"14:30:00";"CE";116;"61,7";"CHOROZINHO";"Ultrapassagem indevida";"Saída de Pista";"Sem Vítimas";"Pleno dia";"Crescente";"Sol";"Simples";"Reta";"Rural";2;0;0;0;2;0;0;1
83514534;"10/11/16";"Quinta";"07:50:00";"SP";381;"56";"MAIRIPORA";"Defeito mecânico em veículo";"Colisão com objeto móvel";"Com Vítimas Feridas";"Pleno dia";"Decrescente";"Ceu Claro";"Dupla";"Reta";"Urbano";2;0;1;0;1;0;1;2
83514535;"09/10/16";"Domingo";"17:00:00";"ES";262;"125";"CONCEICAO DO CASTELO";"Outras";"Saída de Pista";"Sem Vítimas";"Pleno dia";"Decrescente";"Ceu Claro";"Simples";"Reta";"Rural";1;0;0;0;1;0;0;1
83514536;"10/11/16";"Quinta";"14:30:00";"RS";158;"114";"PALMEIRA DAS MISSOES";"Defeito mecânico em veículo";"Incêndio";"Sem Vítimas";"Pleno dia";"Decrescente";"Sol";"Simples";"Reta";"Rural";1;0;0;0;1;0;0;1
83514537;"10/11/16";"Quinta";"15:30:00";"RJ";116;"108";"GUAPIMIRIM";"Defeito mecânico em veículo";"Saída de Pista";"Sem Vítimas";"Pleno dia";"Crescente";"Sol";"Dupla";"Reta";"Rural";1;0;0;0;1;0;0;1
83514538;"07/11/16";"Segunda";"19:50:00";"RJ";116;"272,7";"BARRA MANSA";"Outras";"Colisão traseira";"Sem Vítimas";"Plena noite";"Crescente";"Chuva";"Dupla";"Reta";"Urbano";4;0;0;0;4;0;0;4
83514539;"10/11/16";"Quinta";"16:30:00";"GO";60;"102";"ANAPOLIS";"Não guardar distância de segurança";"Colisão traseira";"Com Vítimas Feridas";"Pleno dia";"Decrescente";"Ceu Claro";"Dupla";"Reta";"Urbano";2;0;1;0;0;1;1;2
83514540;"10/11/16";"Quinta";"12:05:00";"GO";153;"444";"ANAPOLIS";"Outras";"Colisão traseira";"Com Vítimas Feridas";"Pleno dia";"Crescente";"Ceu Claro";"Dupla";"Curva";"Urbano";3;0;0;1;2;0;1;2
83514541;"01/11/16";"Terça";"06:00:00";"BA";101;"264";"SANTO ANTONIO DE JESUS";"Falta de atenção";"Colisão Transversal";"Com Vítimas Feridas";"Amanhecer";"Decrescente";"Ceu Claro";"Simples";"Cruzamento";"Rural";2;0;1;0;1;0;1;2
83514542;"10/11/16";"Quinta";"14:20:00";"MG";135;"370";"MONTES CLAROS";"Velocidade incompatível";"Saída de Pista";"Sem Vítimas";"Pleno dia";"Decrescente";"Chuva";"Dupla";"Cruzamento";"Urbano";1;0;0;0;1;0;0;1
83514543;"10/11/16";"Quinta";"13:25:00";"PR";116;"126";"FAZENDA RIO GRANDE";"Defeito mecânico em veículo";"Colisão traseira";"Sem Vítimas";"Pleno dia";"Decrescente";"Ceu Claro";"Dupla";"Reta";"Urbano";2;0;0;0;1;1;0;2
83514544;"31/10/16";"Segunda";"15:20:00";"ES";101;"0,2";"SERRA";"Outras";"Colisão lateral";"Com Vítimas Feridas";"Pleno dia";"Crescente";"Sol";"Múltipla";"Reta";"Urbano";5;0;1;0;2;2;1;5
83514545;"25/10/16";"Terça";"12:30:00";"RJ";356;"64";"ITAPERUNA";"Outras";"Capotamento";"Ignorado";"Pleno dia";"Crescente";"Nublado";"Simples";"Curva";"Rural";1;0;0;0;0;1;0;1
83514546;"10/11/16";"Quinta";"07:15:00";"SC";470;"86";"RODEIO";"Não guardar distância de segurança";"Colisão traseira";"Com Vítimas Feridas";"Pleno dia";"Crescente";"Sol";"Simples";"Reta";"Urbano";4;0;1;0;3;0;1;3
83514547;"10/11/16";"Quinta";"11:15:00";"RJ";116;"172";"BELFORD ROXO";"Velocidade incompatível";"Capotamento";"Sem Vítimas";"Pleno dia";"Crescente";"Ceu Claro";"Dupla";"Reta";"Urbano";2;0;0;0;2;0;0;2
83514548;"10/11/16";"Quinta";"16:25:00";"RJ";101;"322";"NITEROI";"Falta de atenção";"Colisão lateral";"Com Vítimas Feridas";"Pleno dia";"Crescente";"Sol";"Dupla";"Reta";"Urbano";2;0;1;0;1;0;1;2
83514549;"10/10/16";"Segunda";"18:45:00";"MG";267;"187,9";"OLARIA";"Velocidade incompatível";"Queda de motocicleta / bicicleta / veículo";"Com Vítimas Fatais";"Anoitecer";"Crescente";"Nublado";"Simples";"Reta";"Rural";1;1;0;0;0;0;0;1
83514550;"10/11/16";"Quinta";"16:20:00";"SC";101;"23";"JOINVILLE";"Defeito mecânico em veículo";"Colisão com objeto fixo";"Com Vítimas Feridas";"Pleno dia";"Crescente";"Sol";"Dupla";"Reta";"Rural";1;0;1;0;0;0;1;1
83514551;"10/11/16";"Quinta";"08:20:00";"RO";364;"344";"JI-PARANA";"Falta de atenção";"Colisão lateral";"Com Vítimas Feridas";"Pleno dia";"Crescente";"Ceu Claro";"Simples";"Reta";"Urbano";2;0;1;0;1;0;1;2
83514552;"10/11/16";"Quinta";"08:15:00";"PR";277;"81";"CURITIBA";"Falta de atenção";"Colisão lateral";"Com Vítimas Feridas";"Pleno dia";"Crescente";"Ceu Claro";"Dupla";"Reta";"Urbano";2;0;1;0;1;0;1;2
83514553;"24/03/16";"Quinta";"15:00:00";"CE";222;"49";"SAO GONCALO DO AMARANTE";"Outras";"Saída de Pista";"Com Vítimas Feridas";"Pleno dia";"Crescente";"Ceu Claro";"Simples";"Reta";"Rural";2;0;1;1;0;0;2;1
83514554;"02/10/16";"Domingo";"14:30:00";"RN";427;"7";"CURRAIS NOVOS";"Outras";"Saída de Pista";"Com Vítimas Feridas";"Pleno dia";"Crescente";"Ceu Claro";"Simples";"Curva";"Rural";1;0;0;1;0;0;1;1
83514555;"10/11/16";"Quinta";"10:15:00";"MS";163;"601";"SAO GABRIEL DO OESTE";"Dormindo";"Saída de Pista";"Com Vítimas Feridas";"Pleno dia";"Crescente";"Ceu Claro";"Simples";"Reta";"Rural";1;0;1;0;0;0;1;1
83514556;"10/11/16";"Quinta";"12:20:00";"MG";381;"335";"NOVA ERA";"Outras";"Colisão frontal";"Com Vítimas Feridas";"Pleno dia";"Crescente";"Chuva";"Simples";"Reta";"Rural";4;0;0;4;0;0;4;2
83514557;"06/11/16";"Domingo";"08:40:00";"RJ";393;"141";"SAPUCAIA";"Outras";"Tombamento";"Com Vítimas Feridas";"Pleno dia";"Crescente";"Ceu Claro";"Simples";"Reta";"Urbano";1;0;1;0;0;0;1;1
83514558;"03/11/16";"Quinta";"02:00:00";"RO";364;"707";"PORTO VELHO";"Dormindo";"Colisão com objeto fixo";"Com Vítimas Feridas";"Plena noite";"Decrescente";"Ignorada";"Dupla";"Reta";"Rural";1;0;1;0;0;0;1;1
83514559;"10/11/16";"Quinta";"09:18:00";"SP";116;"128";"CACAPAVA";"Falta de atenção";"Colisão traseira";"Sem Vítimas";"Pleno dia";"Crescente";"Sol";"Dupla";"Reta";"Urbano";2;0;0;0;2;0;0;2
83514560;"10/11/16";"Quinta";"11:00:00";"MG";262;"36,6";"MANHUACU";"Falta de atenção";"Colisão Transversal";"Com Vítimas Feridas";"Pleno dia";"Crescente";"Sol";"Simples";"Reta";"Urbano";3;0;1;0;2;0;1;2
83514561;"03/11/16";"Quinta";"05:15:00";"PE";101;"118";"ESCADA";"Defeito mecânico em veículo";"Colisão com objeto fixo";"Sem Vítimas";"Amanhecer";"Decrescente";"Chuva";"Dupla";"Reta";"Urbano";1;0;0;0;1;0;0;1
83514562;"07/11/16";"Segunda";"18:00:00";"MG";262;"66,5";"MATIPO";"Velocidade incompatível";"Saída de Pista";"Com Vítimas Feridas";"Pleno dia";"Crescente";"Chuva";"Simples";"Curva";"Rural";2;0;2;0;0;0;2;1
83514563;"06/11/16";"Domingo";"07:30:00";"SC";101;"261";"GAROPABA";"Outras";"Saída de Pista";"Ignorado";"Pleno dia";"Crescente";"Ceu Claro";"Dupla";"Reta";"Rural";1;0;0;0;0;1;0;1
83514564;"10/11/16";"Quinta";"16:29:00";"RS";290;"472,1";"ROSARIO DO SUL";"Outras";"Capotamento";"Com Vítimas Feridas";"Pleno dia";"Crescente";"Sol";"Simples";"Reta";"Rural";2;0;1;0;1;0;1;1
83514565;"10/11/16";"Quinta";"17:00:00";"PR";476;"159";"ARAUCARIA";"Falta de atenção";"Colisão Transversal";"Sem Vítimas";"Pleno dia";"Decrescente";"Sol";"Simples";"Reta";"Urbano";2;0;0;0;2;0;0;2
83514566;"13/10/16";"Quinta";"06:40:00";"SC";282;"4";"SAO JOSE";"Falta de atenção";"Queda de motocicleta / bicicleta / veículo";"Com Vítimas Feridas";"Pleno dia";"Decrescente";"Chuva";"Dupla";"Reta";"Urbano";1;0;1;0;0;0;1;1
83514567;"09/11/16";"Quarta";"15:10:00";"CE";222;"2,4";"FORTALEZA";"Não guardar distância de segurança";"Colisão lateral";"Com Vítimas Feridas";"Pleno dia";"Decrescente";"Sol";"Múltipla";"Reta";"Urbano";3;0;0;1;2;0;1;3
83514568;"10/11/16";"Quinta";"15:30:00";"MG";381;"616,9";"OLIVEIRA";"Não guardar distância de segurança";"Colisão traseira";"Sem Vítimas";"Pleno dia";"Crescente";"Nublado";"Dupla";"Cruzamento";"Rural";2;0;0;0;2;0;0;2
83514569;"10/11/16";"Quinta";"02:40:00";"PR";373;"185,2";"PONTA GROSSA";"Dormindo";"Tombamento";"Com Vítimas Feridas";"Plena noite";"Decrescente";"Nublado";"Simples";"Reta";"Rural";1;0;0;1;0;0;1;1
83514570;"10/11/16";"Quinta";"17:15:00";"MG";381;"853";"POUSO ALEGRE";"Falta de atenção";"Queda de motocicleta / bicicleta / veículo";"Com Vítimas Feridas";"Pleno dia";"Decrescente";"Ceu Claro";"Dupla";"Reta";"Rural";1;0;1;0;0;0;1;1