"id";"data_inversa";"dia_semana";"horario";"uf";"br";"km";"municipio";"causa_acidente";"tipo_acidente";"classificacao_acidente";"fase_dia";"sentido_via";"condicao_metereologica";"tipo_pista";"tracado_via";"uso_solo";"pessoas";"mortos";"feridos_leves";"feridos_graves";"ilesos";"ignorados";"feridos";"veiculos"
83514794;"11/11/16";"Sexta";"10:40:00";"PI";316;"7";"TERESINA";"Falta de atenção";"Colisão frontal";"Sem Vítimas";"Pleno dia";"Crescente";"Ceu Claro";"Simples";"Reta";"Urbano";2;0;0;0;2;0;0;2
83514795;"09/11/16";"Quarta";"14:30:00";"DF";60;"3";"BRASILIA";"Dormindo";"Saída de Pista";"Ignorado";"Pleno dia";"Crescente";"Ceu Claro";"Dupla";"Reta";"Urbano";1;0;0;0;0;1;0;1
83514796;"11/11/16";"Sexta";"09:35:00";"DF";40;"1,5";"BRASILIA";"Falta de atenção";"Colisão lateral";"Com Vítimas Feridas";"Pleno dia";"Decrescente";"Ceu Claro";"Dupla";"Reta";"Urbano";4;0;3;0;1;0;3;2
83514797;"11/11/16";"Sexta";"11:20:00";"BA";324;"621,9";"SALVADOR";"Outras";"Colisão traseira";"Com Vítimas Feridas";"Pleno dia";"Crescente";"Nublado";"Dupla";"Reta";"Urbano";4;0;1;0;3;0;1;3
83514798;"07/08/16";"Domingo";"21:00:00";"MG";40;"44,5";"PARACATU";"Falta de atenção";"Capotamento";"Sem Vítimas";"Plena noite";"Crescente";"Ceu Claro";"Simples";"Cruzamento";"Urbano";4;0;0;0;1;3;0;1
83514799;"11/11/16";"Sexta";"12:55:00";"DF";70;"8";"BRASILIA";"Velocidade incompatível";"Colisão traseira";"Com Vítimas Feridas";"Pleno dia";"Decrescente";"Ceu Claro";"Dupla";"Reta";"Urbano";2;0;1;0;1;0;1;2
83514800;"11/10/16";"Terça";"09:30:00";"MG";381;"656,6";"SANTO ANTONIO DO AMPARO";"Dormindo";"Saída de Pista";"Sem Vítimas";"Pleno dia";"Crescente";"Nublado";"Dupla";"Reta";"Rural";4;0;0;0;4;0;0;1
83514801;"07/11/16";"Segunda";"00:45:00";"DF";70;"12";"BRASILIA";"Ingestão de álcool";"Colisão lateral";"Com Vítimas Feridas";"Plena noite";"Crescente";"Ceu Claro";"Dupla";"Reta";"Urbano";2;0;1;0;0;1;1;2
83514803;"11/11/16";"Sexta";"12:15:00";"PB";230;"27,5";"JOAO PESSOA";"Não guardar distância de segurança";"Colisão traseira";"Com Vítimas Feridas";"Pleno dia";"Crescente";"Ceu Claro";"Dupla";"Reta";"Urbano";5;0;0;1;4;0;1;4
83514804;"11/11/16";"Sexta";"15:00:00";"RS";386;"324,5";"MARQUES DE SOUZA";"Desobediência à sinalização";"Colisão Transversal";"Sem Vítimas";"Pleno dia";"Crescente";"Nublado";"Simples";"Reta";"Urbano";2;0;0;0;2;0;0;2
83514805;"11/11/16";"Sexta";"12:30:00";"BA";101;"724";"EUNAPOLIS";"Velocidade incompatível";"Capotamento";"Com Vítimas Feridas";"Pleno dia";"Crescente";"Nublado";"Simples";"Curva";"Rural";1;0;1;0;0;0;1;1
83514806;"11/11/16";"Sexta";"15:30:00";"SC";101;"127";"ITAJAI";"Falta de atenção";"Colisão lateral";"Sem Vítimas";"Pleno dia";"Decrescente";"Nublado";"Dupla";"Reta";"Urbano";2;0;0;0;2;0;0;2
83514807;"08/11/16";"Terça";"17:30:00";"DF";20;"21";"BRASILIA";"Não guardar distância de segurança";"Colisão traseira";"Com Vítimas Feridas";"Pleno dia";"Crescente";"Chuva";"Dupla";"Reta";"Urbano";6;0;1;0;5;0;1;2
83514808;"11/11/16";"Sexta";"11:00:00";"PR";277;"100,2";"CURITIBA";"Não guardar distância de segurança";"Colisão traseira";"Com Vítimas Feridas";"Pleno dia";"Decrescente";"Ceu Claro";"Dupla";"Curva";"Urbano";2;0;1;0;1;0;1;2
83514809;"11/11/16";"Sexta";"07:30:00";"RN";101;"78,9";"NATAL";"Outras";"Colisão traseira";"Com Vítimas Feridas";"Pleno dia";"Decrescente";"Ceu Claro";"Dupla";"Reta";"Urbano";2;0;0;1;1;0;1;2
83514810;"11/11/16";"Sexta";"10:39:00";"PR";369;"19,5";"CAMBARA";"Falta de atenção";"Colisão traseira";"Sem Vítimas";"Pleno dia";"Crescente";"Ceu Claro";"Simples";"Reta";"Urbano";3;0;0;0;3;0;0;2
83514811;"11/11/16";"Sexta";"13:10:00";"MG";381;"847";"POUSO ALEGRE";"Não guardar distância de segurança";"Colisão traseira";"Sem Vítimas";"Pleno dia";"Crescente";"Sol";"Simples";"Reta";"Urbano";2;0;0;0;2;0;0;2
83514813;"11/11/16";"Sexta";"10:45:00";"MG";251;"427,6";"GRAO MOGOL";"Velocidade incompatível";"Capotamento";"Com Vítimas Feridas";"Pleno dia";"Decrescente";"Nublado";"Simples";"Curva";"Rural";3;0;2;1;0;0;3;1
83514814;"11/11/16";"Sexta";"13:00:00";"PR";163;"57";"PEROLA DOESTE";"Outras";"Saída de Pista";"Com Vítimas Feridas";"Pleno dia";"Crescente";"Nublado";"Simples";"Reta";"Rural";2;0;1;0;1;0;1;1
83514815;"11/11/16";"Sexta";"14:15:00";"MG";40;"756,6";"EWBANK DA CAMARA";"Velocidade incompatível";"Saída de Pista";"Com Vítimas Feridas";"Pleno dia";"Crescente";"Chuva";"Simples";"Curva";"Urbano";1;0;1;0;0;0;1;1
83514816;"07/11/16";"Segunda";"15:55:00";"BA";324;"602";"SIMOES FILHO";"Não guardar distância de segurança";"Colisão traseira";"Sem Vítimas";"Pleno dia";"Decrescente";"Ceu Claro";"Dupla";"Reta";"Rural";2;0;0;0;1;1;0;2
83514817;"11/11/16";"Sexta";"07:50:00";"GO";153;"495,8";"GOIANIA";"Não guardar distância de segurança";"Colisão traseira";"Com Vítimas Feridas";"Pleno dia";"Crescente";"Ceu Claro";"Dupla";"Reta";"Urbano";3;0;1;0;2;0;1;2
83514818;"11/11/16";"Sexta";"08:00:00";"RS";116;"139";"CAXIAS DO SUL";"Velocidade incompatível";"Tombamento";"Ignorado";"Pleno dia";"Decrescente";"Nublado";"Simples";"Curva";"Rural";1;0;0;0;0;1;0;1
83514819;"27/10/16";"Quinta";"20:00:00";"MG";40;"811";"MATIAS BARBOSA";"Dormindo";"Saída de Pista";"Com Vítimas Feridas";"Plena noite";"Decrescente";"Chuva";"Dupla";"Reta";"Rural";1;0;1;0;0;0;1;1
83514820;"05/11/16";"Sábado";"18:00:00";"MA";316;"599";"TIMON";"Ultrapassagem indevida";"Colisão lateral";"Com Vítimas Feridas";"Anoitecer";"Decrescente";"Ceu Claro";"Simples";"Reta";"Rural";6;0;2;1;2;1;3;3
83514821;"11/11/16";"Sexta";"03:30:00";"MG";50;"152,2";"UBERABA";"Falta de atenção";"Colisão Transversal";"Com Vítimas Feridas";"Plena noite";"Decrescente";"Ceu Claro";"Dupla";"Reta";"Rural";2;0;1;0;1;0;1;2
83514822;"11/11/16";"Sexta";"17:30:00";"PR";116;"51";"CAMPINA GRANDE DO SUL";"Velocidade incompatível";"Saída de Pista";"Sem Vítimas";"Pleno dia";"Crescente";"Chuva";"Dupla";"Curva";"Rural";1;0;0;0;1;0;0;1
83514823;"11/11/16";"Sexta";"15:00:00";"RS";116;"52";"VACARIA";"Outras";"Saída de Pista";"Com Vítimas Feridas";"Pleno dia";"Crescente";"Nublado";"Simples";"Curva";"Rural";1;0;1;0;0;0;1;1
83514824;"11/11/16";"Sexta";"15:30:00";"PR";116;"6";"QUATRO BARRAS";"Desobediência à sinalização";"Colisão lateral";"Com Vítimas Feridas";"Pleno dia";"Decrescente";"Sol";"Dupla";"Reta";"Urbano";3;0;2;0;1;0;2;2
83514825;"11/11/16";"Sexta";"15:15:00";"SC";116;"179,6";"SAO CRISTOVAO DO SUL";"Falta de atenção";"Atropelamento de pessoa";"Com Vítimas Feridas";"Pleno dia";"Decrescente";"Nublado";"Simples";"Curva";"Urbano";3;0;0;1;2;0;1;1
83514827;"11/11/16";"Sexta";"15:45:00";"RJ";40;"120";"DUQUE DE CAXIAS";"Falta de atenção";"Colisão traseira";"Sem Vítimas";"Pleno dia";"Decrescente";"Ceu Claro";"Múltipla";"Reta";"Urbano";2;0;0;0;2;0;0;2
83514828;"11/11/16";"Sexta";"10:40:00";"RS";472;"497";"ITAQUI";"Falta de atenção";"Colisão lateral";"Sem Vítimas";"Pleno dia";"Crescente";"Ceu Claro";"Simples";"Reta";"Rural";3;0;0;0;3;0;0;3
83514829;"11/11/16";"Sexta";"15:00:00";"MT";70;"654";"CACERES";"Outras";"Saída de Pista";"Com Vítimas Feridas";"Pleno dia";"Decrescente";"Chuva";"Simples";"Reta";"Rural";1;0;1;0;0;0;1;1
83514830;"11/11/16";"Sexta";"15:40:00";"MA";135;"7,6";"SAO LUIS";"Falta de atenção";"Colisão Transversal";"Com Vítimas Feridas";"Pleno dia";"Decrescente";"Ceu Claro";"Dupla";"Reta";"Urbano";2;0;1;0;1;0;1;2
83514831;"25/09/16";"Domingo";"04:00:00";"SC";470;"3";"NAVEGANTES";"Outras";"Atropelamento de pessoa";"Com Vítimas Fatais";"Plena noite";"Crescente";"Chuva";"Dupla";"Reta";"Urbano";2;1;0;0;0;1;0;1
83514832;"11/11/16";"Sexta";"13:00:00";"MG";153;"218,8";"FRUTAL";"Defeito mecânico em veículo";"Queda de motocicleta / bicicleta / veículo";"Com Vítimas Feridas";"Pleno dia";"Crescente";"Ceu Claro";"Simples";"Reta";"Rural";1;0;1;0;0;0;1;1
83514833;"11/11/16";"Sexta";"18:10:00";"RJ";101;"329";"NITEROI";"Outras";"Colisão com objeto móvel";"Sem Vítimas";"Anoitecer";"Crescente";"Ceu Claro";"Dupla";"Reta";"Urbano";2;0;0;0;2;0;0;2
83514834;"07/11/16";"Segunda";"21:45:00";"RR";174;"457";"BOA VISTA";"Falta de atenção";"Colisão frontal";"Com Vítimas Fatais";"Plena noite";"Decrescente";"Ceu Claro";"Simples";"Reta";"Rural";3;2;0;0;1;0;0;2
83514836;"11/11/16";"Sexta";"09:30:00";"MT";364;"204,8";"RONDONOPOLIS";"Falta de atenção";"Colisão traseira";"Sem Vítimas";"Pleno dia";"Crescente";"Ceu Claro";"Dupla";"Reta";"Urbano";2;0;0;0;2;0;0;2
83514837;"11/11/16";"Sexta";"10:50:00";"RS";285;"146";"MUITOS CAPOES";"Dormindo";"Saída de Pista";"Com Vítimas Feridas";"Pleno dia";"Crescente";"Sol";"Simples";"Reta";"Rural";1;0;1;0;0;0;1;1
83514838;"03/11/16";"Quinta";"17:30:00";"SC";101;"149";"ITAPEMA";"Outras";"Colisão traseira";"Com Vítimas Feridas";"Pleno dia";"Crescente";"Sol";"Dupla";"Reta";"Urbano";2;0;0;1;1;0;1;2
83514839;"11/11/16";"Sexta";"16:30:00";"PA";316;"61";"CASTANHAL";"Falta de atenção";"Colisão lateral";"Sem Vítimas";"Pleno dia";"Crescente";"Sol";"Dupla";"Reta";"Urbano";2;0;0;0;2;0;0;2
83514840;"11/11/16";"Sexta";"16:00:00";"SP";116;"134,4";"SAO JOSE DOS CAMPOS";"Não guardar distância de segurança";"Colisão traseira";"Com Vítimas Feridas";"Pleno dia";"Decrescente";"Sol";"Dupla";"Reta";"Urbano";6;0;2;0;4;0;2;4
83514841;"11/11/16";"Sexta";"10:00:00";"MG";262;"83";"MATIPO";"Ultrapassagem indevida";"Capotamento";"Com Vítimas Feridas";"Pleno dia";"Decrescente";"Ceu Claro";"Simples";"Reta";"Rural";3;0;1;2;0;0;3;2
83514842;"11/11/16";"Sexta";"16:10:00";"PR";369;"87";"CORNELIO PROCOPIO";"Outras";"Saída de Pista";"Sem Vítimas";"Pleno dia";"Decrescente";"Chuva";"Simples";"Reta";"Urbano";1;0;0;0;1;0;0;1
83514843;"11/11/16";"Sexta";"16:35:00";"PR";277;"155";"PORTO AMAZONAS";"Falta de atenção";"Colisão Transversal";"Com Vítimas Feridas";"Pleno dia";"Crescente";"Ceu Claro";"Simples";"Reta";"Rural";4;0;1;0;3;0;1;2
83514844;"11/11/16";"Sexta";"17:10:00";"PA";163;"999";"SANTAREM";"Falta de atenção";"Colisão Transversal";"Com Vítimas Feridas";"Pleno dia";"Decrescente";"Ceu Claro";"Dupla";"Cruzamento";"Urbano";2;0;1;0;1;0;1;2
83514845;"11/11/16";"Sexta";"11:50:00";"DF";60;"1";"BRASILIA";"Outras";"Colisão traseira";"Com Vítimas Feridas";"Pleno dia";"Decrescente";"Ceu Claro";"Múltipla";"Reta";"Urbano";2;0;1;0;1;0;1;2
83514846;"11/11/16";"Sexta";"16:40:00";"GO";60;"379";"RIO VERDE";"Desobediência à sinalização";"Colisão traseira";"Com Vítimas Feridas";"Pleno dia";"Decrescente";"Ceu Claro";"Dupla";"Reta";"Urbano";2;0;1;1;0;0;2;2
83514847;"11/11/16";"Sexta";"14:30:00";"MT";70;"545";"NOSSA SENHORA DO LIVRAMENTO";"Velocidade incompatível";"Saída de Pista";"Com Vítimas Feridas";"Pleno dia";"Decrescente";"Chuva";"Simples";"Curva";"Rural";5;0;1;0;4;0;1;1
83514848;"07/11/16";"Segunda";"09:25:00";"RN";304;"39,4";"MOSSORO";"Outras";"Queda de motocicleta / bicicleta / veículo";"Com Vítimas Feridas";"Pleno dia";"Decrescente";"Ceu Claro";"Simples";"Curva";"Urbano";2;0;2;0;0;0;2;1
83514849;"11/11/16";"Sexta";"13:40:00";"MA";230;"242,5";"SAO FELIX DE BALSAS";"Dormindo";"Colisão frontal";"Com Vítimas Fatais";"Pleno dia";"Crescente";"Sol";"Simples";"Reta";"Rural";2;1;0;0;1;0;0;2
83514850;"11/11/16";"Sexta";"15:30:00";"PR";277;"544";"IBEMA";"Dormindo";"Colisão lateral";"Sem Vítimas";"Pleno dia";"Decrescente";"Chuva";"Simples";"Reta";"Rural";2;0;0;0;2;0;0;2
83514851;"11/11/16";"Sexta";"15:45:00";"ES";101;"296";"CARIACICA";"Outras";"Queda de motocicleta / bicicleta / veículo";"Com Vítimas Feridas";"Pleno dia";"Decrescente";"Nublado";"Dupla";"Reta";"Urbano";1;0;1;0;0;0;1;1
83514852;"07/11/16";"Segunda";"05:30:00";"MA";222;"469";"SANTA LUZIA";"Outras";"Tombamento";"Com Vítimas Feridas";"Amanhecer";"Crescente";"Ceu Claro";"Simples";"Curva";"Rural";2;0;1;0;1;0;1;2
83514853;"11/11/16";"Sexta";"13:00:00";"MT";163;"96,9";"RONDONOPOLIS";"Outras";"Saída de Pista";"Com Vítimas Feridas";"Pleno dia";"Crescente";"Chuva";"Dupla";"Reta";"Rural";3;0;3;0;0;0;3;1
83514854;"11/11/16";"Sexta";"14:00:00";"MT";364;"56";"ALTO GARCAS";"Defeito mecânico em veículo";"Tombamento";"Sem Vítimas";"Pleno dia";"Decrescente";"Sol";"Simples";"Curva";"Rural";1;0;0;0;1;0;0;1
83514855;"11/11/16";"Sexta";"14:45:00";"MT";70;"338";"DOM AQUINO";"Velocidade incompatível";"Saída de Pista";"Sem Vítimas";"Pleno dia";"Crescente";"Chuva";"Simples";"Reta";"Rural";1;0;0;0;1;0;0;1
83514856;"11/11/16";"Sexta";"15:00:00";"GO";153;"86";"PORANGATU";"Ultrapassagem indevida";"Saída de Pista";"Sem Vítimas";"Pleno dia";"Crescente";"Ceu Claro";"Simples";"Reta";"Rural";1;0;0;0;1;0;0;1
83514857;"11/11/16";"Sexta";"15:00:00";"SC";282;"457,7";"PONTE SERRADA";"Falta de atenção";"Colisão Transversal";"Com Vítimas Feridas";"Pleno dia";"Decrescente";"Ceu Claro";"Simples";"Reta";"Urbano";4;0;0;4;0;0;4;2
83514858;"11/11/16";"Sexta";"09:00:00";"MT";163;"9,3";"ITIQUIRA";"Falta de atenção";"Tombamento";"Com Vítimas Feridas";"Pleno dia";"Crescente";"Ceu Claro";"Dupla";"Reta";"Rural";1;0;1;0;0;0;1;1
83514859;"11/11/16";"Sexta";"18:20:00";"RJ";101;"473";"ANGRA DOS REIS";"Defeito mecânico em veículo";"Queda de motocicleta / bicicleta / veículo";"Com Vítimas Feridas";"Anoitecer";"Decrescente";"Ceu Claro";"Simples";"Curva";"Urbano";1;0;1;0;0;0;1;1
83514860;"11/11/16";"Sexta";"16:45:00";"BA";101;"879";"TEIXEIRA DE FREITAS";"Falta de atenção";"Colisão lateral";"Com Vítimas Feridas";"Pleno dia";"Crescente";"Sol";"Simples";"Reta";"Urbano";6;0;2;0;4;0;2;2
83514861;"11/11/16";"Sexta";"18:00:00";"PR";376;"90";"PARANAVAI";"Outras";"Saída de Pista";"Com Vítimas Feridas";"Pleno dia";"Crescente";"Ceu Claro";"Simples";"Reta";"Rural";1;0;1;0;0;0;1;1
83514862;"09/10/16";"Domingo";"21:20:00";"SP";381;"7";"MAIRIPORA";"Outras";"Capotamento";"Sem Vítimas";"Plena noite";"Decrescente";"Chuva";"Dupla";"Curva";"Urbano";1;0;0;0;1;0;0;1
83514864;"11/11/16";"Sexta";"14:30:00";"MG";40;"222";"JOAO PINHEIRO";"Outras";"Saída de Pista";"Com Vítimas Feridas";"Pleno dia";"Crescente";"Nublado";"Simples";"Curva";"Rural";4;0;0;1;3;0;1;1
83514865;"11/11/16";"Sexta";"11:15:00";"RJ";40;"123";"DUQUE DE CAXIAS";"Falta de atenção";"Colisão traseira";"Com Vítimas Feridas";"Pleno dia";"Decrescente";"Sol";"Múltipla";"Reta";"Urbano";3;0;1;0;2;0;1;2
83514866;"11/11/16";"Sexta";"17:30:00";"SC";101;"43";"JOINVILLE";"Falta de atenção";"Colisão lateral";"Com Vítimas Feridas";"Pleno dia";"Crescente";"Ceu Claro";"Dupla";"Reta";"Urbano";2;0;1;0;1;0;1;2
83514867;"11/11/16";"Sexta";"15:45:00";"RN";304;"35,5";"MOSSORO";"Falta de atenção";"Colisão traseira";"Sem Vítimas";"Pleno dia";"Crescente";"Ceu Claro";"Simples";"Curva";"Urbano";2;0;0;0;1;1;0;2
83514868;"11/11/16";"Sexta";"16:40:00";"RJ";116;"91";"GUAPIMIRIM";"Não guardar distância de segurança";"Colisão traseira";"Com Vítimas Feridas";"Pleno dia";"Decrescente";"Sol";"Simples";"Reta";"Rural";4;0;2;0;2;0;2;2
83514869;"11/11/16";"Sexta";"18:00:00";"SC";101;"25";"JOINVILLE";"Ingestão de álcool";"Colisão Transversal";"Sem Vítimas";"Pleno dia";"Decrescente";"Ceu Claro";"Múltipla";"Cruzamento";"Urbano";2;0;0;0;2;0;0;2
83514870;"11/11/16";"Sexta";"14:20:00";"SP";116;"227,7";"SAO PAULO";"Não guardar distância de segurança";"Colisão traseira";"Sem Vítimas";"Pleno dia";"Crescente";"Ceu Claro";"Dupla";"Reta";"Urbano";3;0;0;0;3;0;0;3
83514871;"11/11/16";"Sexta";"06:10:00";"SP";116;"218";"GUARULHOS";"Velocidade incompatível";"Colisão traseira";"Com Vítimas Feridas";"Amanhecer";"Crescente";"Ceu Claro";"Múltipla";"Reta";"Urbano";2;0;0;1;1;0;1;2
83514872;"11/11/16";"Sexta";"17:30:00";"BA";407;"4,4";"JUAZEIRO";"Outras";"Colisão Transversal";"Com Vítimas Feridas";"Anoitecer";"Crescente";"Sol";"Simples";"Reta";"Urbano";3;0;2;0;1;0;2;2
83514873;"11/11/16";"Sexta";"18:15:00";"AL";104;"90";"RIO LARGO";"Velocidade incompatível";"Colisão traseira";"Com Vítimas Feridas";"Plena noite";"Decrescente";"Ceu Claro";"Dupla";"Reta";"Urbano";3;0;1;0;2;0;1;2
83514874;"11/11/16";"Sexta";"16:40:00";"MG";116;"529,4";"CARATINGA";"Não guardar distância de segurança";"Colisão frontal";"Com Vítimas Feridas";"Pleno dia";"Decrescente";"Ceu Claro";"Simples";"Reta";"Urbano";4;0;2;0;2;0;2;3
83514875;"11/11/16";"Sexta";"17:50:00";"PR";277;"19,5";"MORRETES";"Outras";"Saída de Pista";"Com Vítimas Feridas";"Pleno dia";"Crescente";"Chuva";"Dupla";"Reta";"Rural";4;0;3;1;0;0;4;1
83514876;"11/11/16";"Sexta";"19:00:00";"SC";470;"160";"TROMBUDO CENTRAL";"Falta de atenção";"Colisão Transversal";"Sem Vítimas";"Pleno dia";"Crescente";"Ceu Claro";"Simples";"Cruzamento";"Urbano";2;0;0;0;2;0;0;2
83514877;"11/11/16";"Sexta";"13:00:00";"MT";364;"569";"NOBRES";"Outras";"Saída de Pista";"Sem Vítimas";"Pleno dia";"Crescente";"Chuva";"Dupla";"Curva";"Rural";2;0;0;0;2;0;0;1
83514878;"11/11/16";"Sexta";"13:35:00";"SP";116;"226,9";"GUARULHOS";"Falta de atenção";"Colisão traseira";"Com Vítimas Feridas";"Pleno dia";"Crescente";"Sol";"Dupla";"Curva";"Urbano";2;0;1;0;1;0;1;2
83514879;"11/10/16";"Terça";"15:20:00";"SP";116;"470,1";"JACUPIRANGA";"Velocidade incompatível";"Queda de motocicleta / bicicleta / veículo";"Com Vítimas Feridas";"Pleno dia";"Decrescente";"Ceu Claro";"Dupla";"Reta";"Rural";1;0;1;0;0;0;1;1
83514880;"07/11/16";"Segunda";"08:40:00";"SC";101;"69,9";"ARAQUARI";"Velocidade incompatível";"Saída de Pista";"Sem Vítimas";"Pleno dia";"Crescente";"Chuva";"Dupla";"Reta";"Rural";1;0;0;0;1;0;0;1
83514881;"11/11/16";"Sexta";"16:00:00";"MT";163;"877";"SINOP";"Falta de atenção";"Colisão lateral";"Com Vítimas Feridas";"Pleno dia";"Decrescente";"Sol";"Simples";"Reta";"Rural";2;0;0;1;1;0;1;2
83514882;"07/11/16";"Segunda";"19:45:00";"BA";101;"535,5";"SAO JOSE DA VITORIA";"Defeito na via";"Tombamento";"Com Vítimas Feridas";"Plena noite";"Decrescente";"Chuva";"Simples";"Curva";"Rural";1;0;1;0;0;0;1;1
83514883;"11/11/16";"Sexta";"16:30:00";"MG";116;"561,5";"MANHUACU";"Velocidade incompatível";"Colisão Transversal";"Com Vítimas Feridas";"Pleno dia";"Decrescente";"Ceu Claro";"Simples";"Reta";"Rural";3;0;2;1;0;0;3;2
83514884;"11/11/16";"Sexta";"16:00:00";"RJ";101;"417";"MANGARATIBA";"Outras";"Queda de motocicleta / bicicleta / veículo";"Com Vítimas Feridas";"Pleno dia";"Crescente";"Ceu Claro";"Simples";"Curva";"Urbano";2;0;0;1;1;0;1;1
83514885;"11/11/16";"Sexta";"18:10:00";"PR";116;"1";"CAMPINA GRANDE DO SUL";"Velocidade incompatível";"Saída de Pista";"Sem Vítimas";"Pleno dia";"Decrescente";"Chuva";"Dupla";"Curva";"Rural";1;0;0;0;1;0;0;1
83514886;"11/11/16";"Sexta";"10:40:00";"SC";282;"2";"FLORIANOPOLIS";"Não guardar distância de segurança";"Colisão traseira";"Com Vítimas Feridas";"Pleno dia";"Decrescente";"Ceu Claro";"Dupla";"Reta";"Urbano";3;0;1;0;2;0;1;3
83514887;"11/11/16";"Sexta";"18:20:00";"GO";153;"515";"APARECIDA DE GOIANIA";"Outras";"Queda de motocicleta / bicicleta / veículo";"Com Vítimas Feridas";"Pleno dia";"Decrescente";"Nublado";"Múltipla";"Reta";"Urbano";1;0;1;0;0;0;1;1
83514888;"08/11/16";"Terça";"02:00:00";"MG";381;"569,2";"ITAGUARA";"Ingestão de álcool";"Tombamento";"Com Vítimas Feridas";"Plena noite";"Crescente";"Ceu Claro";"Dupla";"Reta";"Rural";1;0;1;0;0;0;1;1
83514889;"11/11/16";"Sexta";"14:25:00";"GO";153;"685,2";"ITUMBIARA";"Outras";"Saída de Pista";"Sem Vítimas";"Pleno dia";"Crescente";"Chuva";"Dupla";"Reta";"Rural";1;0;0;0;1;0;0;1
83514891;"11/11/16";"Sexta";"07:50:00";"RS";116;"362,6";"TAPES";"Outras";"Colisão lateral";"Com Vítimas Feridas";"Pleno dia";"Decrescente";"Ceu Claro";"Simples";"Curva";"Rural";2;0;0;1;1;0;1;2
83514892;"11/11/16";"Sexta";"18:40:00";"PR";376;"492,3";"PONTA GROSSA";"Velocidade incompatível";"Colisão traseira";"Com Vítimas Feridas";"Pleno dia";"Crescente";"Ceu Claro";"Dupla";"Reta";"Urbano";4;0;0;1;3;0;1;4
83514893;"11/11/16";"Sexta";"18:00:00";"ES";262;"121,3";"CONCEICAO DO CASTELO";"Não guardar distância de segurança";"Colisão traseira";"Com Vítimas Feridas";"Pleno dia";"Decrescente";"Chuva";"Simples";"Reta";"Rural";2;0;0;1;1;0;1;2
83514894;"11/11/16";"Sexta";"17:43:00";"RJ";101;"63";"CAMPOS DOS GOYTACAZES";"Falta de atenção";"Colisão Transversal";"Com Vítimas Feridas";"Pleno dia";"Crescente";"Ceu Claro";"Simples";"Reta";"Urbano";3;0;2;0;1;0;2;2
83514895;"07/11/16";"Segunda";"21:00:00";"MG";381;"493,5";"BETIM";"Não guardar distância de segurança";"Colisão traseira";"Com Vítimas Feridas";"Plena noite";"Crescente";"Chuva";"Múltipla";"Reta";"Urbano";2;0;1;0;1;0;1;2
83514896;"11/11/16";"Sexta";"09:00:00";"ES";262;"165";"IBATIBA";"Falta de atenção";"Queda de motocicleta / bicicleta / veículo";"Com Vítimas Feridas";"Pleno dia";"Crescente";"Ignorada";"Simples";"Reta";"Rural";2;0;1;0;0;1;1;1
83514897;"11/11/16";"Sexta";"15:30:00";"GO";158;"168";"CAIAPONIA";"Não guardar distância de segurança";"Colisão frontal";"Com Vítimas Feridas";"Pleno dia";"Crescente";"Ceu Claro";"Simples";"Reta";"Rural";6;0;6;0;0;0;6;2
83514898;"11/11/16";"Sexta";"19:00:00";"GO";40;"42,8";"LUZIANIA";"Outras";"Capotamento";"Sem Vítimas";"Plena noite";"Crescente";"Chuva";"Simples";"Curva";"Rural";1;0;0;0;1;0;0;1
83514899;"11/11/16";"Sexta";"20:10:00";"BA";116;"20";"VITORIA DA CONQUISTA";"Animais na Pista";"Atropelamento de animal";"Sem Vítimas";"Plena noite";"Crescente";"Nublado";"Simples";"Reta";"Urbano";1;0;0;0;1;0;0;1
83514900;"11/11/16";"Sexta";"13:30:00";"SP";116;"57";"GUARATINGUETA";"Defeito mecânico em veículo";"Capotamento";"Sem Vítimas";"Pleno dia";"Crescente";"Sol";"Dupla";"Reta";"Rural";1;0;0;0;1;0;0;1
83514901;"08/11/16";"Terça";"05:15:00";"SP";116;"1";"GUARULHOS";"Outras";"Atropelamento de pessoa";"Com Vítimas Feridas";"Amanhecer";"Decrescente";"Ceu Claro";"Dupla";"Reta";"Urbano";2;0;1;0;1;0;1;1
83514902;"11/11/16";"Sexta";"18:40:00";"SC";280;"126,9";"RIO NEGRINHO";"Falta de atenção";"Colisão Transversal";"Com Vítimas Feridas";"Pleno dia";"Crescente";"Ceu Claro";"Simples";"Reta";"Urbano";9;0;2;0;7;0;2;4
83514903;"11/11/16";"Sexta";"20:00:00";"SC";470;"64";"BLUMENAU";"Desobediência à sinalização";"Colisão lateral";"Com Vítimas Feridas";"Plena noite";"Crescente";"Nublado";"Simples";"Reta";"Rural";2;0;1;0;1;0;1;2
83514904;"11/11/16";"Sexta";"18:10:00";"MG";381;"729,4";"CARMO DA CACHOEIRA";"Outras";"Tombamento";"Sem Vítimas";"Pleno dia";"Decrescente";"Nublado";"Dupla";"Curva";"Rural";1;0;0;0;1;0;0;1
83514905;"10/11/16";"Quinta";"10:00:00";"MG";381;"302,5";"ANTONIO DIAS";"Velocidade incompatível";"Saída de Pista";"Com Vítimas Feridas";"Pleno dia";"Crescente";"Chuva";"Simples";"Reta";"Rural";2;0;2;0;0;0;2;1
83514906;"11/11/16";"Sexta";"21:15:00";"MG";40;"603,3";"CONGONHAS";"Animais na Pista";"Atropelamento de animal";"Sem Vítimas";"Plena noite";"Crescente";"Nublado";"Simples";"Reta";"Rural";1;0;0;0;1;0;0;1