"id";"data_inversa";"dia_semana";"horario";"uf";"br";"km";"municipio";"causa_acidente";"tipo_acidente";"classificacao_acidente";"fase_dia";"sentido_via";"condicao_metereologica";"tipo_pista";"tracado_via";"uso_solo";"pessoas";"mortos";"feridos_leves";"feridos_graves";"ilesos";"ignorados";"feridos";"veiculos"
83514907;"11/11/16";"Sexta";"19:20:00";"GO";153;"495,9";"GOIANIA";"Outras";"Colisão traseira";"Com Vítimas Feridas";"Anoitecer";"Decrescente";"Ceu Claro";"Dupla";"Reta";"Urbano";3;0;0;1;2;0;1;2
83514908;"11/11/16";"Sexta";"14:45:00";"RS";472;"153,1";"SANTA ROSA";"Outras";"Saída de Pista";"Com Vítimas Feridas";"Pleno dia";"Crescente";"Sol";"Simples";"Curva";"Rural";2;0;2;0;0;0;2;1
83514909;"11/11/16";"Sexta";"18:50:00";"PE";101;"32";"IGARASSU";"Outras";"Queda de motocicleta / bicicleta / veículo";"Com Vítimas Feridas";"Plena noite";"Crescente";"Ceu Claro";"Dupla";"Reta";"Urbano";3;0;1;1;0;1;2;2
83514910;"04/11/16";"Sexta";"15:50:00";"MG";40;"606,3";"CONGONHAS";"Falta de atenção";"Colisão Transversal";"Com Vítimas Feridas";"Pleno dia";"Crescente";"Chuva";"Simples";"Reta";"Urbano";5;0;2;2;1;0;4;2
83514911;"11/11/16";"Sexta";"21:55:00";"RS";101;"9";"TORRES";"Falta de atenção";"Saída de Pista";"Com Vítimas Feridas";"Plena noite";"Crescente";"Nublado";"Dupla";"Reta";"Urbano";2;0;2;0;0;0;2;1
83514912;"11/11/16";"Sexta";"18:00:00";"SC";101;"214";"PALHOCA";"Não guardar distância de segurança";"Colisão lateral";"Sem Vítimas";"Pleno dia";"Decrescente";"Nublado";"Dupla";"Reta";"Urbano";2;0;0;0;2;0;0;2
83514914;"11/11/16";"Sexta";"21:40:00";"SC";116;"2";"MAFRA";"Falta de atenção";"Colisão traseira";"Sem Vítimas";"Plena noite";"Crescente";"Nublado";"Simples";"Reta";"Urbano";2;0;0;0;2;0;0;2
83514915;"11/11/16";"Sexta";"18:50:00";"GO";153;"498,1";"GOIANIA";"Não guardar distância de segurança";"Colisão traseira";"Sem Vítimas";"Pleno dia";"Crescente";"Nublado";"Dupla";"Reta";"Urbano";3;0;0;0;3;0;0;3
83514916;"08/11/16";"Terça";"04:30:00";"MG";251;"324";"FRUTA DE LEITE";"Ultrapassagem indevida";"Colisão lateral";"Sem Vítimas";"Plena noite";"Decrescente";"Chuva";"Simples";"Curva";"Rural";2;0;0;0;2;0;0;2
83514917;"11/11/16";"Sexta";"20:10:00";"SP";101;"44,6";"UBATUBA";"Ingestão de álcool";"Colisão Transversal";"Com Vítimas Feridas";"Plena noite";"Crescente";"Chuva";"Simples";"Curva";"Urbano";3;0;1;2;0;0;3;2
83514918;"11/11/16";"Sexta";"15:00:00";"RJ";116;"274,8";"BARRA MANSA";"Falta de atenção";"Colisão lateral";"Com Vítimas Feridas";"Pleno dia";"Crescente";"Chuva";"Dupla";"Curva";"Urbano";4;0;2;0;2;0;2;2
83514919;"11/11/16";"Sexta";"20:30:00";"SP";116;"557,2";"BARRA DO TURVO";"Velocidade incompatível";"Capotamento";"Sem Vítimas";"Plena noite";"Decrescente";"Chuva";"Dupla";"Curva";"Rural";1;0;0;0;1;0;0;1
83514920;"11/11/16";"Sexta";"22:00:00";"PR";376;"145";"PRESIDENTE CASTELO BRANCO";"Outras";"Atropelamento de pessoa";"Com Vítimas Feridas";"Plena noite";"Decrescente";"Ceu Claro";"Simples";"Reta";"Rural";2;0;1;0;0;1;1;1
83514921;"11/11/16";"Sexta";"18:45:00";"MT";364;"349";"SANTO ANTONIO DO LEVERGER";"Outras";"Queda de motocicleta / bicicleta / veículo";"Com Vítimas Feridas";"Anoitecer";"Crescente";"Chuva";"Dupla";"Curva";"Rural";1;0;1;0;0;0;1;1
83514922;"08/11/16";"Terça";"00:10:00";"PA";316;"23";"BENEVIDES";"Ingestão de álcool";"Colisão traseira";"Sem Vítimas";"Plena noite";"Crescente";"Ceu Claro";"Dupla";"Reta";"Urbano";2;0;0;0;2;0;0;2
83514923;"11/11/16";"Sexta";"18:40:00";"MG";40;"512,6";"RIBEIRAO DAS NEVES";"Falta de atenção";"Colisão traseira";"Sem Vítimas";"Anoitecer";"Decrescente";"Chuva";"Dupla";"Reta";"Rural";2;0;0;0;2;0;0;2
83514924;"11/11/16";"Sexta";"17:10:00";"MT";163;"773";"SORRISO";"Desobediência à sinalização";"Saída de Pista";"Sem Vítimas";"Pleno dia";"Decrescente";"Nublado";"Simples";"Reta";"Rural";1;0;0;0;1;0;0;1
83514925;"11/11/16";"Sexta";"09:10:00";"RS";392;"12,5";"RIO GRANDE";"Outras";"Saída de Pista";"Sem Vítimas";"Pleno dia";"Crescente";"Sol";"Dupla";"Reta";"Urbano";2;0;0;0;2;0;0;2
83514926;"07/11/16";"Segunda";"13:20:00";"CE";116;"10";"FORTALEZA";"Falta de atenção";"Colisão traseira";"Sem Vítimas";"Pleno dia";"Decrescente";"Sol";"Múltipla";"Reta";"Urbano";2;0;0;0;2;0;0;2
83514927;"11/11/16";"Sexta";"16:30:00";"BA";242;"780";"BARREIRAS";"Defeito na via";"Tombamento";"Com Vítimas Feridas";"Pleno dia";"Crescente";"Chuva";"Simples";"Curva";"Rural";1;0;1;0;0;0;1;1
83514928;"11/11/16";"Sexta";"22:30:00";"PR";277;"596,1";"CASCAVEL";"Outras";"Atropelamento de pessoa";"Com Vítimas Feridas";"Plena noite";"Decrescente";"Ignorada";"Dupla";"Reta";"Urbano";3;0;0;1;2;0;1;1
83514929;"11/11/16";"Sexta";"19:00:00";"PR";277;"206,1";"PALMEIRA";"Falta de atenção";"Colisão Transversal";"Com Vítimas Feridas";"Plena noite";"Decrescente";"Ceu Claro";"Simples";"Reta";"Rural";4;0;2;0;2;0;2;2
83514930;"11/11/16";"Sexta";"19:45:00";"PE";316;"333,5";"FLORESTA";"Animais na Pista";"Atropelamento de animal";"Sem Vítimas";"Plena noite";"Decrescente";"Ceu Claro";"Simples";"Reta";"Rural";1;0;0;0;1;0;0;1
83514931;"11/11/16";"Sexta";"20:30:00";"SP";116;"425";"JUQUIA";"Falta de atenção";"Colisão lateral";"Sem Vítimas";"Plena noite";"Crescente";"Chuva";"Dupla";"Curva";"Rural";2;0;0;0;2;0;0;2
83514932;"11/11/16";"Sexta";"17:50:00";"PR";376;"181";"MARINGA";"Falta de atenção";"Queda de motocicleta / bicicleta / veículo";"Com Vítimas Feridas";"Anoitecer";"Crescente";"Ceu Claro";"Dupla";"Reta";"Urbano";1;0;1;0;0;0;1;1
83514933;"11/11/16";"Sexta";"18:30:00";"CE";116;"421,5";"IPAUMIRIM";"Defeito mecânico em veículo";"Incêndio";"Sem Vítimas";"Plena noite";"Crescente";"Ceu Claro";"Simples";"Reta";"Rural";1;0;0;0;1;0;0;1
83514934;"11/11/16";"Sexta";"16:20:00";"MG";381;"589";"CARMOPOLIS DE MINAS";"Velocidade incompatível";"Tombamento";"Com Vítimas Feridas";"Pleno dia";"Decrescente";"Ceu Claro";"Dupla";"Curva";"Urbano";2;0;1;0;1;0;1;1
83514935;"11/11/16";"Sexta";"20:40:00";"ES";101;"414";"ITAPEMIRIM";"Falta de atenção";"Colisão Transversal";"Com Vítimas Feridas";"Plena noite";"Crescente";"Ceu Claro";"Simples";"Curva";"Urbano";3;0;1;1;1;0;2;2
83514936;"11/11/16";"Sexta";"22:00:00";"SC";470;"83,9";"RODEIO";"Velocidade incompatível";"Tombamento";"Sem Vítimas";"Plena noite";"Decrescente";"Nublado";"Simples";"Curva";"Rural";1;0;0;0;1;0;0;1
83514937;"11/11/16";"Sexta";"19:00:00";"MG";381;"505";"BETIM";"Velocidade incompatível";"Colisão traseira";"Com Vítimas Feridas";"Pleno dia";"Crescente";"Chuva";"Dupla";"Reta";"Urbano";4;0;2;0;2;0;2;2
83514938;"11/11/16";"Sexta";"21:45:00";"MG";381;"655,3";"SANTO ANTONIO DO AMPARO";"Outras";"Capotamento";"Sem Vítimas";"Plena noite";"Crescente";"Nublado";"Dupla";"Curva";"Rural";1;0;0;0;1;0;0;1
83514939;"11/11/16";"Sexta";"18:20:00";"PA";316;"51";"SANTA ISABEL DO PARA";"Falta de atenção";"Colisão Transversal";"Com Vítimas Fatais";"Anoitecer";"Decrescente";"Ceu Claro";"Dupla";"Reta";"Rural";2;1;0;0;1;0;0;2
83514941;"11/11/16";"Sexta";"19:30:00";"TO";242;"476,9";"FORMOSO DO ARAGUAIA";"Desobediência à sinalização";"Colisão lateral";"Com Vítimas Feridas";"Plena noite";"Crescente";"Chuva";"Simples";"Reta";"Rural";2;0;0;1;1;0;1;2
83514942;"07/11/16";"Segunda";"10:20:00";"AC";364;"123";"RIO BRANCO";"Falta de atenção";"Colisão traseira";"Com Vítimas Feridas";"Pleno dia";"Crescente";"Ceu Claro";"Simples";"Reta";"Urbano";3;0;1;0;2;0;1;2
83514943;"11/11/16";"Sexta";"23:20:00";"SP";116;"362,8";"MIRACATU";"Velocidade incompatível";"Colisão com objeto fixo";"Com Vítimas Feridas";"Plena noite";"Crescente";"Chuva";"Dupla";"Curva";"Rural";1;0;1;0;0;0;1;1
83514944;"11/11/16";"Sexta";"23:30:00";"PR";153;"299";"IMBITUVA";"Ingestão de álcool";"Queda de motocicleta / bicicleta / veículo";"Com Vítimas Fatais";"Plena noite";"Crescente";"Nublado";"Simples";"Reta";"Rural";1;1;0;0;0;0;0;1
83514945;"11/11/16";"Sexta";"18:30:00";"PI";316;"311";"PICOS";"Falta de atenção";"Colisão Transversal";"Com Vítimas Feridas";"Plena noite";"Decrescente";"Ceu Claro";"Simples";"Reta";"Urbano";2;0;2;0;0;0;2;2
83514946;"11/11/16";"Sexta";"07:40:00";"SP";116;"290,9";"ITAPECERICA DA SERRA";"Falta de atenção";"Colisão lateral";"Com Vítimas Feridas";"Plena noite";"Crescente";"Ceu Claro";"Dupla";"Reta";"Rural";2;0;1;0;1;0;1;2
83514947;"12/11/16";"Sábado";"02:00:00";"MG";381;"908";"CAMBUI";"Velocidade incompatível";"Colisão com objeto fixo";"Com Vítimas Feridas";"Plena noite";"Decrescente";"Nublado";"Dupla";"Curva";"Rural";2;0;1;0;1;0;1;1
83514948;"12/11/16";"Sábado";"02:45:00";"MG";381;"928";"ITAPEVA";"Velocidade incompatível";"Saída de Pista";"Com Vítimas Feridas";"Plena noite";"Crescente";"Chuva";"Dupla";"Curva";"Rural";4;0;3;0;1;0;3;1
83514949;"11/11/16";"Sexta";"19:20:00";"RO";364;"428";"JARU";"Ingestão de álcool";"Colisão com bicicleta";"Com Vítimas Feridas";"Plena noite";"Crescente";"Nublado";"Simples";"Reta";"Urbano";3;0;1;0;2;0;1;2
83514950;"12/11/16";"Sábado";"01:30:00";"SC";282;"574,5";"PINHALZINHO";"Ingestão de álcool";"Capotamento";"Com Vítimas Feridas";"Plena noite";"Decrescente";"Ceu Claro";"Simples";"Reta";"Rural";5;0;3;2;0;0;5;1
83514951;"11/11/16";"Sexta";"18:40:00";"SP";116;"182,3";"SANTA ISABEL";"Outras";"Queda de motocicleta / bicicleta / veículo";"Com Vítimas Feridas";"Pleno dia";"Decrescente";"Nublado";"Múltipla";"Reta";"Rural";1;0;1;0;0;0;1;1
83514952;"11/11/16";"Sexta";"15:10:00";"SP";116;"275,6";"EMBU";"Outras";"Colisão com objeto fixo";"Com Vítimas Feridas";"Pleno dia";"Decrescente";"Ceu Claro";"Dupla";"Curva";"Rural";1;0;1;0;0;0;1;1
83514953;"11/11/16";"Sexta";"16:00:00";"RS";392;"709,2";"PORTO XAVIER";"Falta de atenção";"Atropelamento de pessoa";"Com Vítimas Feridas";"Pleno dia";"Crescente";"Sol";"Simples";"Reta";"Rural";2;0;0;1;1;0;1;1
83514954;"11/11/16";"Sexta";"15:20:00";"ES";262;"119,7";"CONCEICAO DO CASTELO";"Velocidade incompatível";"Colisão frontal";"Com Vítimas Fatais";"Pleno dia";"Decrescente";"Chuva";"Simples";"Curva";"Rural";3;1;0;1;1;0;1;2
83514955;"12/11/16";"Sábado";"03:15:00";"PR";376;"172,8";"MARINGA";"Outras";"Queda de motocicleta / bicicleta / veículo";"Com Vítimas Feridas";"Plena noite";"Crescente";"Nublado";"Dupla";"Reta";"Urbano";2;0;1;1;0;0;2;1
83514956;"11/11/16";"Sexta";"16:50:00";"SC";101;"287,8";"IMBITUBA";"Outras";"Colisão Transversal";"Sem Vítimas";"Pleno dia";"Crescente";"Ceu Claro";"Simples";"Cruzamento";"Urbano";2;0;0;0;2;0;0;2
83514957;"08/11/16";"Terça";"06:10:00";"RS";386;"214,5";"TIO HUGO";"Defeito mecânico em veículo";"Incêndio";"Sem Vítimas";"Amanhecer";"Decrescente";"Ceu Claro";"Simples";"Reta";"Urbano";1;0;0;0;1;0;0;1
83514958;"11/11/16";"Sexta";"13:00:00";"PR";376;"165";"MARINGA";"Velocidade incompatível";"Capotamento";"Sem Vítimas";"Pleno dia";"Decrescente";"Chuva";"Dupla";"Reta";"Rural";1;0;0;0;1;0;0;1
83514959;"12/11/16";"Sábado";"03:12:00";"PR";376;"175,7";"MARINGA";"Ingestão de álcool";"Colisão Transversal";"Com Vítimas Feridas";"Plena noite";"Crescente";"Ceu Claro";"Dupla";"Cruzamento";"Urbano";3;0;1;1;1;0;2;2
83514960;"11/11/16";"Sexta";"21:30:00";"PR";272;"536";"FRANCISCO ALVES";"Animais na Pista";"Colisão com objeto fixo";"Com Vítimas Feridas";"Plena noite";"Crescente";"Nublado";"Simples";"Reta";"Rural";1;0;1;0;0;0;1;1
83514961;"08/11/16";"Terça";"15:35:00";"MG";116;"680";"MIRADOURO";"Outras";"Saída de Pista";"Sem Vítimas";"Pleno dia";"Crescente";"Chuva";"Simples";"Reta";"Rural";1;0;0;0;1;0;0;1
83514962;"12/11/16";"Sábado";"01:05:00";"PR";376;"633";"SAO JOSE DOS PINHAIS";"Dormindo";"Saída de Pista";"Com Vítimas Feridas";"Plena noite";"Crescente";"Nublado";"Dupla";"Reta";"Rural";2;0;2;0;0;0;2;1
83514963;"11/11/16";"Sexta";"19:20:00";"RS";386;"214";"TIO HUGO";"Falta de atenção";"Colisão lateral";"Sem Vítimas";"Pleno dia";"Decrescente";"Ceu Claro";"Simples";"Reta";"Urbano";2;0;0;0;2;0;0;2
83514964;"11/11/16";"Sexta";"13:00:00";"MG";356;"279,8";"EUGENOPOLIS";"Velocidade incompatível";"Queda de motocicleta / bicicleta / veículo";"Com Vítimas Feridas";"Pleno dia";"Decrescente";"Nublado";"Simples";"Curva";"Rural";1;0;1;0;0;0;1;1
83514965;"12/11/16";"Sábado";"05:00:00";"SC";470;"72";"INDAIAL";"Falta de atenção";"Atropelamento de pessoa";"Com Vítimas Feridas";"Plena noite";"Crescente";"Nublado";"Simples";"Reta";"Urbano";2;0;1;0;1;0;1;1
83514967;"11/11/16";"Sexta";"23:30:00";"MA";10;"159";"PORTO FRANCO";"Não guardar distância de segurança";"Saída de Pista";"Sem Vítimas";"Plena noite";"Decrescente";"Chuva";"Simples";"Reta";"Rural";1;0;0;0;1;0;0;1
83514968;"10/11/16";"Quinta";"05:30:00";"MG";381;"336,2";"NOVA ERA";"Defeito na via";"Saída de Pista";"Sem Vítimas";"Amanhecer";"Crescente";"Chuva";"Simples";"Curva";"Rural";1;0;0;0;1;0;0;1
83514969;"12/11/16";"Sábado";"03:05:00";"SP";116;"63";"GUARATINGUETA";"Outras";"Atropelamento de pessoa";"Com Vítimas Fatais";"Plena noite";"Decrescente";"Nevoeiro/neblina";"Dupla";"Reta";"Urbano";2;1;0;0;1;0;0;1
83514971;"12/11/16";"Sábado";"06:00:00";"ES";101;"153,8";"LINHARES";"Outras";"Colisão lateral";"Com Vítimas Feridas";"Amanhecer";"Decrescente";"Ceu Claro";"Simples";"Reta";"Rural";7;0;1;0;4;2;1;4
83514972;"12/11/16";"Sábado";"06:00:00";"MG";50;"47";"ARAGUARI";"Outras";"Capotamento";"Sem Vítimas";"Amanhecer";"Decrescente";"Ceu Claro";"Dupla";"Curva";"Rural";1;0;0;0;1;0;0;1
83514973;"12/11/16";"Sábado";"05:30:00";"PR";277;"128,5";"BALSA NOVA";"Outras";"Saída de Pista";"Sem Vítimas";"Amanhecer";"Crescente";"Chuva";"Simples";"Reta";"Rural";1;0;0;0;1;0;0;1
83514974;"07/11/16";"Segunda";"17:15:00";"BA";101;"584";"CAMACAN";"Outras";"Colisão lateral";"Com Vítimas Feridas";"Pleno dia";"Crescente";"Ceu Claro";"Simples";"Curva";"Rural";2;0;1;0;0;1;1;2
83514975;"12/11/16";"Sábado";"05:00:00";"RS";158;"510,6";"SANTANA DO LIVRAMENTO";"Dormindo";"Saída de Pista";"Com Vítimas Feridas";"Plena noite";"Crescente";"Ceu Claro";"Simples";"Reta";"Rural";3;0;1;0;2;0;1;1
83514976;"12/11/16";"Sábado";"06:50:00";"RS";101;"61,4";"MAQUINE";"Falta de atenção";"Saída de Pista";"Com Vítimas Feridas";"Amanhecer";"Decrescente";"Sol";"Dupla";"Reta";"Rural";6;0;2;0;4;0;2;2
83514977;"12/11/16";"Sábado";"04:50:00";"GO";153;"196";"URUACU";"Ingestão de álcool";"Colisão traseira";"Sem Vítimas";"Plena noite";"Decrescente";"Chuva";"Simples";"Curva";"Rural";2;0;0;0;2;0;0;2
83514978;"11/11/16";"Sexta";"09:15:00";"RJ";393;"168,9";"TRES RIOS";"Desobediência à sinalização";"Colisão Transversal";"Com Vítimas Feridas";"Pleno dia";"Crescente";"Ceu Claro";"Simples";"Cruzamento";"Urbano";2;0;1;0;1;0;1;2
83514979;"12/11/16";"Sábado";"06:40:00";"BA";116;"671,9";"JEQUIE";"Desobediência à sinalização";"Colisão lateral";"Com Vítimas Feridas";"Amanhecer";"Crescente";"Ceu Claro";"Múltipla";"Reta";"Urbano";2;0;1;0;0;1;1;2
83514980;"11/11/16";"Sexta";"11:30:00";"RS";392;"244";"CACAPAVA DO SUL";"Falta de atenção";"Saída de Pista";"Sem Vítimas";"Pleno dia";"Crescente";"Sol";"Simples";"Reta";"Rural";1;0;0;0;1;0;0;1
83514981;"12/11/16";"Sábado";"05:25:00";"RJ";40;"43";"AREAL";"Outras";"Capotamento";"Com Vítimas Feridas";"Amanhecer";"Decrescente";"Chuva";"Dupla";"Curva";"Rural";1;0;1;0;0;0;1;1
83514982;"12/11/16";"Sábado";"07:00:00";"ES";101;"119";"SOORETAMA";"Defeito mecânico em veículo";"Queda de motocicleta / bicicleta / veículo";"Com Vítimas Feridas";"Pleno dia";"Decrescente";"Ceu Claro";"Dupla";"Reta";"Rural";2;0;2;0;0;0;2;1
83514983;"11/11/16";"Sexta";"11:40:00";"MG";381;"688";"LAVRAS";"Outras";"Saída de Pista";"Com Vítimas Feridas";"Pleno dia";"Decrescente";"Ceu Claro";"Dupla";"Reta";"Rural";1;0;0;1;0;0;1;1
83514984;"12/11/16";"Sábado";"06:45:00";"SC";101;"41,2";"JOINVILLE";"Falta de atenção";"Colisão com objeto fixo";"Sem Vítimas";"Amanhecer";"Crescente";"Chuva";"Dupla";"Curva";"Urbano";1;0;0;0;1;0;0;1
83514985;"08/11/16";"Terça";"17:10:00";"RS";285;"614";"SANTO ANTONIO DAS MISSOES";"Outras";"Saída de Pista";"Sem Vítimas";"Pleno dia";"Decrescente";"Chuva";"Simples";"Reta";"Rural";2;0;0;0;2;0;0;2
83514986;"11/11/16";"Sexta";"20:30:00";"AC";364;"131,2";"RIO BRANCO";"Falta de atenção";"Queda de motocicleta / bicicleta / veículo";"Com Vítimas Feridas";"Plena noite";"Decrescente";"Ceu Claro";"Simples";"Curva";"Urbano";2;0;2;0;0;0;2;1
83514987;"11/11/16";"Sexta";"19:20:00";"MG";381;"731";"CARMO DA CACHOEIRA";"Falta de atenção";"Saída de Pista";"Sem Vítimas";"Plena noite";"Crescente";"Chuva";"Dupla";"Curva";"Rural";1;0;0;0;1;0;0;1
83514988;"12/11/16";"Sábado";"07:42:00";"PR";116;"65";"CAMPINA GRANDE DO SUL";"Outras";"Saída de Pista";"Sem Vítimas";"Pleno dia";"Crescente";"Nublado";"Dupla";"Curva";"Rural";2;0;0;0;1;1;0;2
83514989;"07/11/16";"Segunda";"06:45:00";"ES";101;"125,5";"SOORETAMA";"Falta de atenção";"Colisão Transversal";"Com Vítimas Feridas";"Pleno dia";"Decrescente";"Nublado";"Múltipla";"Cruzamento";"Urbano";3;0;1;1;0;1;2;2
83514990;"05/11/16";"Sábado";"12:10:00";"MG";262;"34";"MANHUACU";"Falta de atenção";"Colisão Transversal";"Com Vítimas Feridas";"Pleno dia";"Crescente";"Nublado";"Simples";"Reta";"Urbano";2;0;1;0;1;0;1;2
83514991;"08/11/16";"Terça";"21:00:00";"MG";153;"108";"PRATA";"Outras";"Colisão com bicicleta";"Com Vítimas Feridas";"Plena noite";"Crescente";"Ceu Claro";"Simples";"Reta";"Rural";2;0;0;2;0;0;2;2
83514992;"11/11/16";"Sexta";"18:20:00";"GO";70;"305,9";"JUSSARA";"Falta de atenção";"Colisão lateral";"Com Vítimas Feridas";"Pleno dia";"Crescente";"Ceu Claro";"Simples";"Reta";"Urbano";4;0;0;1;3;0;1;2
83514993;"08/11/16";"Terça";"08:15:00";"PE";101;"46,3";"IGARASSU";"Falta de atenção";"Atropelamento de pessoa";"Com Vítimas Feridas";"Pleno dia";"Crescente";"Sol";"Múltipla";"Reta";"Urbano";2;0;1;0;1;0;1;1
83514994;"11/09/16";"Domingo";"02:30:00";"SC";101;"107,3";"PENHA";"Outras";"Colisão com objeto fixo";"Com Vítimas Feridas";"Plena noite";"Decrescente";"Nublado";"Dupla";"Curva";"Rural";1;0;1;0;0;0;1;1
83514995;"12/11/16";"Sábado";"03:00:00";"BA";101;"288";"LAJE";"Ultrapassagem indevida";"Colisão traseira";"Sem Vítimas";"Plena noite";"Decrescente";"Ceu Claro";"Simples";"Reta";"Urbano";2;0;0;0;2;0;0;2
83514996;"11/11/16";"Sexta";"22:00:00";"MT";163;"83,6";"SINOP";"Desobediência à sinalização";"Colisão Transversal";"Com Vítimas Feridas";"Plena noite";"Decrescente";"Nublado";"Dupla";"Reta";"Urbano";2;0;1;0;1;0;1;2
83514997;"12/11/16";"Sábado";"06:00:00";"RJ";465;"17";"NOVA IGUACU";"Ultrapassagem indevida";"Atropelamento de pessoa";"Com Vítimas Feridas";"Amanhecer";"Decrescente";"Nublado";"Simples";"Reta";"Urbano";3;0;0;2;0;1;2;1
83514998;"11/11/16";"Sexta";"17:20:00";"RR";401;"1";"BOA VISTA";"Falta de atenção";"Colisão Transversal";"Sem Vítimas";"Pleno dia";"Decrescente";"Ceu Claro";"Dupla";"Reta";"Urbano";2;0;0;0;2;0;0;2
83514999;"12/11/16";"Sábado";"05:40:00";"RJ";40;"123";"DUQUE DE CAXIAS";"Falta de atenção";"Colisão frontal";"Com Vítimas Feridas";"Amanhecer";"Decrescente";"Ceu Claro";"Múltipla";"Curva";"Urbano";5;0;3;1;1;0;4;2
83515000;"11/11/16";"Sexta";"23:40:00";"RJ";116;"185,9";"NOVA IGUACU";"Falta de atenção";"Colisão lateral";"Sem Vítimas";"Plena noite";"Decrescente";"Nublado";"Dupla";"Reta";"Rural";2;0;0;0;1;1;0;2
83515001;"04/11/16";"Sexta";"14:30:00";"MG";40;"548,6";"NOVA LIMA";"Velocidade incompatível";"Saída de Pista";"Sem Vítimas";"Pleno dia";"Crescente";"Chuva";"Dupla";"Curva";"Urbano";1;0;0;0;1;0;0;1
83515002;"12/11/16";"Sábado";"04:30:00";"MS";163;"540";"BANDEIRANTES";"Outras";"Colisão lateral";"Com Vítimas Fatais";"Plena noite";"Crescente";"Nublado";"Simples";"Reta";"Rural";3;2;0;0;1;0;0;2
83515003;"08/11/16";"Terça";"20:30:00";"BA";101;"702,5";"EUNAPOLIS";"Defeito mecânico em veículo";"Incêndio";"Sem Vítimas";"Plena noite";"Decrescente";"Nublado";"Simples";"Curva";"Rural";1;0;0;0;1;0;0;1
83515004;"10/11/16";"Quinta";"15:00:00";"MS";163;"472";"CAMPO GRANDE";"Falta de atenção";"Queda de motocicleta / bicicleta / veículo";"Com Vítimas Feridas";"Pleno dia";"Decrescente";"Ceu Claro";"Simples";"Reta";"Urbano";1;0;0;1;0;0;1;1
83515005;"12/11/16";"Sábado";"08:00:00";"PR";376;"665";"GUARATUBA";"Velocidade incompatível";"Capotamento";"Sem Vítimas";"Pleno dia";"Crescente";"Chuva";"Simples";"Curva";"Rural";1;0;0;0;1;0;0;1
83515006;"10/11/16";"Quinta";"06:30:00";"BA";101;"875";"TEIXEIRA DE FREITAS";"Falta de atenção";"Colisão Transversal";"Com Vítimas Feridas";"Pleno dia";"Crescente";"Ceu Claro";"Simples";"Cruzamento";"Urbano";2;0;0;2;0;0;2;2
83515007;"12/11/16";"Sábado";"05:00:00";"MG";381;"160";"GOVERNADOR VALADARES";"Animais na Pista";"Atropelamento de animal";"Com Vítimas Feridas";"Plena noite";"Decrescente";"Ceu Claro";"Simples";"Reta";"Urbano";1;0;0;1;0;0;1;1
83515008;"12/11/16";"Sábado";"08:20:00";"BA";101;"264";"SANTO ANTONIO DE JESUS";"Outras";"Colisão Transversal";"Sem Vítimas";"Pleno dia";"Crescente";"Ceu Claro";"Simples";"Reta";"Urbano";2;0;0;0;2;0;0;2
83515009;"12/11/16";"Sábado";"07:10:00";"MT";163;"749";"SORRISO";"Outras";"Colisão traseira";"Sem Vítimas";"Pleno dia";"Crescente";"Chuva";"Dupla";"Reta";"Rural";2;0;0;0;2;0;0;2
83515010;"12/11/16";"Sábado";"08:00:00";"SC";101;"41";"JOINVILLE";"Falta de atenção";"Capotamento";"Com Vítimas Feridas";"Pleno dia";"Decrescente";"Chuva";"Dupla";"Curva";"Urbano";1;0;1;0;0;0;1;1
83515011;"09/11/16";"Quarta";"01:00:00";"SC";101;"334";"TUBARAO";"Ingestão de álcool";"Colisão com objeto fixo";"Sem Vítimas";"Plena noite";"Crescente";"Ceu Claro";"Dupla";"Curva";"Urbano";1;0;0;0;1;0;0;1
83515012;"09/11/16";"Quarta";"08:30:00";"RJ";40;"123";"DUQUE DE CAXIAS";"Não guardar distância de segurança";"Colisão lateral";"Com Vítimas Feridas";"Pleno dia";"Crescente";"Ceu Claro";"Múltipla";"Reta";"Urbano";2;0;1;0;1;0;1;2
83515013;"09/11/16";"Quarta";"11:45:00";"PI";343;"12,5";"PARNAIBA";"Falta de atenção";"Atropelamento de pessoa";"Com Vítimas Feridas";"Pleno dia";"Crescente";"Sol";"Dupla";"Reta";"Urbano";2;0;2;0;0;0;2;1
83515014;"12/11/16";"Sábado";"03:30:00";"MG";381;"222,5";"NAQUE";"Defeito mecânico em veículo";"Colisão frontal";"Com Vítimas Feridas";"Plena noite";"Crescente";"Ignorada";"Simples";"Reta";"Rural";4;0;1;1;2;0;2;3
83515015;"12/11/16";"Sábado";"05:45:00";"RS";293;"120";"PINHEIRO MACHADO";"Dormindo";"Saída de Pista";"Sem Vítimas";"Amanhecer";"Crescente";"Ceu Claro";"Simples";"Reta";"Rural";1;0;0;0;1;0;0;1
83515016;"09/11/16";"Quarta";"07:10:00";"MG";365;"625,5";"UBERLANDIA";"Falta de atenção";"Colisão traseira";"Sem Vítimas";"Pleno dia";"Decrescente";"Ceu Claro";"Dupla";"Reta";"Urbano";5;0;0;0;5;0;0;5
83515017;"12/11/16";"Sábado";"08:50:00";"GO";153;"535,2";"HIDROLANDIA";"Outras";"Tombamento";"Com Vítimas Feridas";"Pleno dia";"Decrescente";"Nublado";"Dupla";"Curva";"Rural";1;0;1;0;0;0;1;1