"id";"data_inversa";"dia_semana";"horario";"uf";"br";"km";"municipio";"causa_acidente";"tipo_acidente";"classificacao_acidente";"fase_dia";"sentido_via";"condicao_metereologica";"tipo_pista";"tracado_via";"uso_solo";"pessoas";"mortos";"feridos_leves";"feridos_graves";"ilesos";"ignorados";"feridos";"veiculos"
83515018;"08/11/16";"Terça";"20:30:00";"PR";277;"262,5";"IRATI";"Defeito mecânico em veículo";"Capotamento";"Sem Vítimas";"Plena noite";"Decrescente";"Ceu Claro";"Simples";"Reta";"Rural";1;0;0;0;1;0;0;1
83515019;"12/11/16";"Sábado";"08:45:00";"SP";116;"541";"BARRA DO TURVO";"Velocidade incompatível";"Colisão com objeto fixo";"Sem Vítimas";"Pleno dia";"Decrescente";"Chuva";"Dupla";"Reta";"Rural";1;0;0;0;1;0;0;1
83515020;"12/11/16";"Sábado";"08:10:00";"SP";116;"561,2";"BARRA DO TURVO";"Outras";"Tombamento";"Sem Vítimas";"Pleno dia";"Crescente";"Chuva";"Dupla";"Reta";"Rural";1;0;0;0;1;0;0;1
83515021;"08/11/16";"Terça";"16:00:00";"PR";153;"366,6";"RIO AZUL";"Ingestão de álcool";"Saída de Pista";"Sem Vítimas";"Pleno dia";"Crescente";"Ceu Claro";"Simples";"Curva";"Rural";1;0;0;0;1;0;0;1
83515022;"12/11/16";"Sábado";"08:30:00";"MA";222;"678";"ACAILANDIA";"Desobediência à sinalização";"Atropelamento de pessoa";"Com Vítimas Feridas";"Pleno dia";"Crescente";"Ceu Claro";"Simples";"Reta";"Urbano";2;0;1;0;1;0;1;1
83515023;"11/11/16";"Sexta";"08:10:00";"SC";101;"135,5";"BALNEARIO CAMBORIU";"Outras";"Colisão lateral";"Com Vítimas Feridas";"Pleno dia";"Decrescente";"Ceu Claro";"Múltipla";"Cruzamento";"Urbano";4;0;4;0;0;0;4;2
83515024;"12/11/16";"Sábado";"10:00:00";"SP";116;"449,7";"REGISTRO";"Dormindo";"Tombamento";"Sem Vítimas";"Pleno dia";"Decrescente";"Chuva";"Dupla";"Reta";"Urbano";1;0;0;0;1;0;0;1
83515025;"06/11/16";"Domingo";"01:30:00";"RJ";101;"50";"CAMPOS DOS GOYTACAZES";"Não guardar distância de segurança";"Colisão traseira";"Com Vítimas Feridas";"Plena noite";"Crescente";"Ceu Claro";"Simples";"Reta";"Rural";3;0;1;0;2;0;1;2
83515026;"10/11/16";"Quinta";"19:00:00";"PA";230;"544";"ANAPU";"Velocidade incompatível";"Saída de Pista";"Com Vítimas Fatais";"Plena noite";"Decrescente";"Ignorada";"Simples";"Reta";"Rural";3;1;1;1;0;0;2;1
83515027;"08/11/16";"Terça";"16:10:00";"RS";285;"567";"SAO LUIZ GONZAGA";"Desobediência à sinalização";"Colisão Transversal";"Sem Vítimas";"Pleno dia";"Decrescente";"Chuva";"Simples";"Reta";"Rural";2;0;0;0;2;0;0;2
83515028;"12/11/16";"Sábado";"09:40:00";"ES";101;"55,9";"SAO MATEUS";"Outras";"Saída de Pista";"Com Vítimas Feridas";"Pleno dia";"Decrescente";"Sol";"Simples";"Reta";"Rural";4;0;3;0;1;0;3;1
83515029;"12/11/16";"Sábado";"05:10:00";"MS";262;"346";"CAMPO GRANDE";"Não guardar distância de segurança";"Colisão lateral";"Sem Vítimas";"Amanhecer";"Decrescente";"Ceu Claro";"Simples";"Reta";"Rural";3;0;0;0;3;0;0;2
83515030;"12/11/16";"Sábado";"07:40:00";"PR";376;"618";"SAO JOSE DOS PINHAIS";"Outras";"Tombamento";"Com Vítimas Feridas";"Pleno dia";"Decrescente";"Chuva";"Dupla";"Reta";"Rural";2;0;1;0;1;0;1;2
83515031;"12/11/16";"Sábado";"07:35:00";"PR";376;"474,4";"PONTA GROSSA";"Velocidade incompatível";"Saída de Pista";"Sem Vítimas";"Pleno dia";"Crescente";"Nublado";"Dupla";"Curva";"Rural";1;0;0;0;1;0;0;1
83515032;"09/11/16";"Quarta";"21:50:00";"RJ";101;"64";"CAMPOS DOS GOYTACAZES";"Desobediência à sinalização";"Colisão Transversal";"Com Vítimas Feridas";"Plena noite";"Crescente";"Nublado";"Simples";"Cruzamento";"Urbano";2;0;1;0;1;0;1;2
83515033;"11/11/16";"Sexta";"05:30:00";"MG";381;"690,3";"LAVRAS";"Outras";"Queda de motocicleta / bicicleta / veículo";"Sem Vítimas";"Amanhecer";"Crescente";"Ceu Claro";"Dupla";"Reta";"Rural";1;0;0;0;1;0;0;1
83515034;"09/11/16";"Quarta";"01:00:00";"BA";101;"560";"ARATACA";"Falta de atenção";"Colisão com objeto fixo";"Com Vítimas Fatais";"Plena noite";"Crescente";"Nublado";"Simples";"Reta";"Rural";3;1;1;0;1;0;1;2
83515035;"12/11/16";"Sábado";"11:05:00";"PR";376;"665";"GUARATUBA";"Velocidade incompatível";"Capotamento";"Sem Vítimas";"Pleno dia";"Crescente";"Chuva";"Simples";"Curva";"Rural";4;0;0;0;4;0;0;1
83515036;"30/10/16";"Domingo";"15:30:00";"CE";222;"305";"TIANGUA";"Defeito mecânico em veículo";"Colisão com objeto fixo";"Sem Vítimas";"Pleno dia";"Decrescente";"Ceu Claro";"Simples";"Curva";"Rural";1;0;0;0;1;0;0;1
83515037;"12/11/16";"Sábado";"10:50:00";"MG";381;"492";"BETIM";"Não guardar distância de segurança";"Colisão traseira";"Com Vítimas Feridas";"Pleno dia";"Crescente";"Ceu Claro";"Dupla";"Reta";"Urbano";2;0;1;0;1;0;1;2
83515038;"09/11/16";"Quarta";"07:15:00";"PR";277;"248,8";"IRATI";"Velocidade incompatível";"Saída de Pista";"Com Vítimas Feridas";"Pleno dia";"Decrescente";"Chuva";"Simples";"Curva";"Rural";2;0;1;0;1;0;1;1
83515039;"08/11/16";"Terça";"06:30:00";"MG";381;"670";"PERDOES";"Falta de atenção";"Colisão traseira";"Sem Vítimas";"Amanhecer";"Crescente";"Nublado";"Dupla";"Reta";"Rural";2;0;0;0;2;0;0;2
83515040;"12/11/16";"Sábado";"10:23:00";"MG";50;"30";"ARAGUARI";"Velocidade incompatível";"Queda de motocicleta / bicicleta / veículo";"Com Vítimas Feridas";"Pleno dia";"Crescente";"Sol";"Dupla";"Curva";"Rural";1;0;1;0;0;0;1;1
83515041;"11/11/16";"Sexta";"09:50:00";"MG";40;"275";"TRES MARIAS";"Outras";"Colisão traseira";"Sem Vítimas";"Pleno dia";"Crescente";"Ceu Claro";"Simples";"Reta";"Urbano";2;0;0;0;2;0;0;2
83515042;"12/11/16";"Sábado";"01:30:00";"MS";267;"173,7";"NOVA ALVORADA DO SUL";"Dormindo";"Saída de Pista";"Sem Vítimas";"Plena noite";"Decrescente";"Nublado";"Simples";"Reta";"Rural";1;0;0;0;1;0;0;1
83515043;"12/11/16";"Sábado";"11:20:00";"MG";116;"278,7";"TEOFILO OTONI";"Outras";"Danos Eventuais";"Sem Vítimas";"Pleno dia";"Crescente";"Sol";"Múltipla";"Reta";"Urbano";1;0;0;0;1;0;0;1
83515044;"08/11/16";"Terça";"16:00:00";"RJ";40;"124";"DUQUE DE CAXIAS";"Não guardar distância de segurança";"Colisão lateral";"Com Vítimas Fatais";"Pleno dia";"Decrescente";"Ignorada";"Múltipla";"Curva";"Urbano";2;1;0;0;1;0;0;2
83515045;"12/11/16";"Sábado";"07:30:00";"SC";282;"568,4";"NOVA ERECHIM";"Ingestão de álcool";"Colisão frontal";"Com Vítimas Feridas";"Pleno dia";"Decrescente";"Sol";"Simples";"Reta";"Urbano";7;0;4;3;0;0;7;2
83515046;"08/11/16";"Terça";"23:00:00";"PE";101;"40";"IGARASSU";"Falta de atenção";"Colisão traseira";"Com Vítimas Feridas";"Plena noite";"Crescente";"Ceu Claro";"Dupla";"Reta";"Urbano";3;0;1;0;2;0;1;2
83515047;"12/11/16";"Sábado";"09:30:00";"GO";153;"668,9";"ITUMBIARA";"Outras";"Saída de Pista";"Com Vítimas Feridas";"Pleno dia";"Crescente";"Chuva";"Dupla";"Reta";"Rural";1;0;1;0;0;0;1;1
83515048;"12/11/16";"Sábado";"08:15:00";"MS";163;"446";"CAMPO GRANDE";"Outras";"Colisão lateral";"Sem Vítimas";"Pleno dia";"Decrescente";"Nublado";"Simples";"Reta";"Rural";2;0;0;0;2;0;0;2
83515049;"12/11/16";"Sábado";"09:13:00";"MT";364;"580";"NOBRES";"Outras";"Saída de Pista";"Sem Vítimas";"Pleno dia";"Crescente";"Chuva";"Dupla";"Reta";"Rural";1;0;0;0;1;0;0;1
83515050;"12/11/16";"Sábado";"11:00:00";"PR";272;"361";"CAMPO MOURAO";"Falta de atenção";"Colisão lateral";"Sem Vítimas";"Pleno dia";"Decrescente";"Nublado";"Dupla";"Cruzamento";"Urbano";2;0;0;0;1;1;0;2
83515051;"12/11/16";"Sábado";"09:40:00";"PR";376;"157";"MANDAGUACU";"Não guardar distância de segurança";"Colisão traseira";"Com Vítimas Feridas";"Pleno dia";"Crescente";"Ceu Claro";"Simples";"Curva";"Urbano";4;0;1;0;3;0;1;2
83515052;"12/11/16";"Sábado";"10:20:00";"SP";116;"3";"GUARULHOS";"Outras";"Colisão traseira";"Com Vítimas Feridas";"Pleno dia";"Crescente";"Nublado";"Múltipla";"Reta";"Urbano";2;0;1;0;1;0;1;2
83515053;"11/11/16";"Sexta";"21:15:00";"RJ";116;"271,6";"BARRA MANSA";"Outras";"Colisão traseira";"Com Vítimas Feridas";"Plena noite";"Crescente";"Nublado";"Dupla";"Curva";"Urbano";5;0;2;0;3;0;2;2
83515054;"12/11/16";"Sábado";"07:00:00";"MT";163;"533";"DIAMANTINO";"Falta de atenção";"Queda de motocicleta / bicicleta / veículo";"Com Vítimas Feridas";"Pleno dia";"Crescente";"Chuva";"Simples";"Curva";"Rural";1;0;1;0;0;0;1;1
83515055;"12/11/16";"Sábado";"08:40:00";"SC";101;"50";"JOINVILLE";"Falta de atenção";"Saída de Pista";"Ignorado";"Pleno dia";"Decrescente";"Nublado";"Dupla";"Reta";"Rural";1;0;0;0;0;1;0;1
83515056;"10/11/16";"Quinta";"05:40:00";"SC";101;"9,5";"GARUVA";"Falta de atenção";"Colisão traseira";"Com Vítimas Feridas";"Plena noite";"Decrescente";"Nublado";"Dupla";"Reta";"Rural";2;0;1;0;1;0;1;2
83515057;"12/11/16";"Sábado";"06:00:00";"PR";153;"494,1";"GENERAL CARNEIRO";"Velocidade incompatível";"Saída de Pista";"Com Vítimas Feridas";"Amanhecer";"Decrescente";"Nublado";"Simples";"Curva";"Rural";1;0;1;0;0;0;1;1
83515058;"12/11/16";"Sábado";"05:30:00";"PA";230;"648";"ALTAMIRA";"Falta de atenção";"Capotamento";"Sem Vítimas";"Amanhecer";"Decrescente";"Nublado";"Simples";"Curva";"Urbano";1;0;0;0;1;0;0;1
83515059;"09/11/16";"Quarta";"03:10:00";"GO";20;"32";"FORMOSA";"Outras";"Colisão frontal";"Sem Vítimas";"Plena noite";"Decrescente";"Chuva";"Simples";"Reta";"Urbano";2;0;0;0;2;0;0;2
83515060;"12/11/16";"Sábado";"10:45:00";"RS";285;"348,5";"CARAZINHO";"Falta de atenção";"Colisão Transversal";"Sem Vítimas";"Pleno dia";"Decrescente";"Ceu Claro";"Simples";"Cruzamento";"Rural";2;0;0;0;2;0;0;2
83515061;"12/11/16";"Sábado";"09:30:00";"BA";242;"887";"LUIS EDUARDO MAGALHAES";"Desobediência à sinalização";"Colisão traseira";"Sem Vítimas";"Pleno dia";"Crescente";"Chuva";"Simples";"Reta";"Rural";3;0;0;0;2;1;0;3
83515062;"12/11/16";"Sábado";"12:30:00";"MG";356;"266,3";"MURIAE";"Falta de atenção";"Queda de motocicleta / bicicleta / veículo";"Com Vítimas Feridas";"Pleno dia";"Crescente";"Chuva";"Simples";"Reta";"Urbano";1;0;1;0;0;0;1;1
83515063;"12/11/16";"Sábado";"12:15:00";"SP";116;"541,5";"BARRA DO TURVO";"Outras";"Colisão com objeto fixo";"Com Vítimas Feridas";"Pleno dia";"Crescente";"Chuva";"Dupla";"Curva";"Rural";4;0;2;0;2;0;2;1
83515064;"08/11/16";"Terça";"11:50:00";"SP";116;"541,1";"BARRA DO TURVO";"Outras";"Colisão com objeto fixo";"Sem Vítimas";"Pleno dia";"Crescente";"Chuva";"Dupla";"Reta";"Rural";1;0;0;0;1;0;0;1
83515065;"06/11/16";"Domingo";"18:45:00";"MG";262;"442";"NOVA SERRANA";"Ingestão de álcool";"Colisão com objeto fixo";"Sem Vítimas";"Pleno dia";"Crescente";"Nublado";"Dupla";"Reta";"Urbano";1;0;0;0;1;0;0;1
83515066;"14/08/16";"Domingo";"06:20:00";"MS";463;"108";"PONTA PORA";"Dormindo";"Saída de Pista";"Com Vítimas Feridas";"Pleno dia";"Crescente";"Ceu Claro";"Simples";"Reta";"Urbano";1;0;0;1;0;0;1;1
83515067;"12/11/16";"Sábado";"11:40:00";"PR";376;"657";"TIJUCAS DO SUL";"Velocidade incompatível";"Capotamento";"Com Vítimas Feridas";"Pleno dia";"Decrescente";"Chuva";"Dupla";"Curva";"Rural";5;0;3;0;2;0;3;3
83515068;"12/11/16";"Sábado";"03:15:00";"MG";365;"145,1";"MONTES CLAROS";"Velocidade incompatível";"Saída de Pista";"Sem Vítimas";"Plena noite";"Decrescente";"Chuva";"Simples";"Reta";"Rural";1;0;0;0;1;0;0;1
83515069;"08/11/16";"Terça";"18:00:00";"PE";101;"146";"RIBEIRAO";"Falta de atenção";"Colisão traseira";"Com Vítimas Feridas";"Anoitecer";"Crescente";"Nublado";"Simples";"Reta";"Urbano";2;0;1;0;1;0;1;2
83515070;"08/11/16";"Terça";"21:20:00";"SC";470;"326";"CAMPOS NOVOS";"Falta de atenção";"Colisão traseira";"Com Vítimas Feridas";"Plena noite";"Decrescente";"Chuva";"Simples";"Reta";"Rural";3;0;1;1;0;1;2;2
83515071;"12/11/16";"Sábado";"07:30:00";"MT";163;"978";"TERRA NOVA DO NORTE";"Outras";"Saída de Pista";"Sem Vítimas";"Pleno dia";"Crescente";"Chuva";"Simples";"Curva";"Rural";3;0;0;0;3;0;0;1
83515072;"12/11/16";"Sábado";"09:50:00";"RS";285;"677";"SAO BORJA";"Animais na Pista";"Atropelamento de animal";"Sem Vítimas";"Pleno dia";"Crescente";"Ceu Claro";"Simples";"Reta";"Urbano";1;0;0;0;1;0;0;1
83515073;"12/11/16";"Sábado";"10:30:00";"MA";222;"213,8";"ITAPECURU MIRIM";"Falta de atenção";"Colisão lateral";"Sem Vítimas";"Pleno dia";"Crescente";"Sol";"Simples";"Curva";"Rural";2;0;0;0;2;0;0;2
83515074;"10/11/16";"Quinta";"21:14:00";"RR";174;"507";"BOA VISTA";"Desobediência à sinalização";"Colisão frontal";"Com Vítimas Feridas";"Plena noite";"Crescente";"Ceu Claro";"Dupla";"Reta";"Urbano";4;0;2;0;2;0;2;2
83515076;"12/11/16";"Sábado";"11:20:00";"PA";316;"8";"ANANINDEUA";"Desobediência à sinalização";"Colisão Transversal";"Sem Vítimas";"Pleno dia";"Decrescente";"Ceu Claro";"Dupla";"Reta";"Urbano";2;0;0;0;2;0;0;2
83515077;"09/11/16";"Quarta";"07:00:00";"MS";158;"296";"TRES LAGOAS";"Falta de atenção";"Saída de Pista";"Com Vítimas Feridas";"Amanhecer";"Crescente";"Ceu Claro";"Dupla";"Reta";"Rural";1;0;1;0;0;0;1;1
83515078;"12/11/16";"Sábado";"10:30:00";"RJ";116;"180,4";"NOVA IGUACU";"Falta de atenção";"Colisão traseira";"Com Vítimas Feridas";"Pleno dia";"Decrescente";"Nublado";"Dupla";"Reta";"Urbano";2;0;1;0;1;0;1;2
83515079;"12/11/16";"Sábado";"11:40:00";"MG";116;"415";"GOVERNADOR VALADARES";"Outras";"Colisão lateral";"Com Vítimas Feridas";"Pleno dia";"Crescente";"Ceu Claro";"Múltipla";"Curva";"Urbano";3;0;1;0;2;0;1;2
83515080;"12/11/16";"Sábado";"12:20:00";"SC";470;"177,7";"POUSO REDONDO";"Falta de atenção";"Colisão com objeto fixo";"Com Vítimas Feridas";"Pleno dia";"Decrescente";"Ceu Claro";"Simples";"Curva";"Urbano";3;0;3;0;0;0;3;1
83515081;"31/10/16";"Segunda";"23:10:00";"SP";116;"126";"CACAPAVA";"Falta de atenção";"Atropelamento de pessoa";"Com Vítimas Fatais";"Plena noite";"Crescente";"Ceu Claro";"Simples";"Reta";"Rural";2;1;0;0;1;0;0;1
83515082;"12/11/16";"Sábado";"11:40:00";"SC";116;"302,7";"CAPAO ALTO";"Velocidade incompatível";"Capotamento";"Com Vítimas Feridas";"Pleno dia";"Crescente";"Ceu Claro";"Simples";"Reta";"Rural";4;0;1;2;1;0;3;1
83515083;"12/11/16";"Sábado";"10:30:00";"RJ";40;"120";"DUQUE DE CAXIAS";"Outras";"Colisão lateral";"Com Vítimas Feridas";"Pleno dia";"Crescente";"Nublado";"Múltipla";"Reta";"Urbano";6;0;3;0;3;0;3;3
83515084;"12/11/16";"Sábado";"11:20:00";"SC";116;"140";"SANTA CECILIA";"Falta de atenção";"Colisão Transversal";"Com Vítimas Feridas";"Pleno dia";"Decrescente";"Nublado";"Simples";"Reta";"Urbano";4;0;1;1;2;0;2;2
83515085;"12/11/16";"Sábado";"09:20:00";"GO";80;"165";"SANTA RITA DO NOVO DESTINO";"Falta de atenção";"Saída de Pista";"Sem Vítimas";"Pleno dia";"Decrescente";"Chuva";"Simples";"Curva";"Rural";3;0;0;0;3;0;0;1
83515086;"12/11/16";"Sábado";"08:45:00";"GO";153;"155";"CAMPINORTE";"Outras";"Saída de Pista";"Sem Vítimas";"Pleno dia";"Decrescente";"Chuva";"Simples";"Reta";"Rural";1;0;0;0;1;0;0;1
83515087;"09/11/16";"Quarta";"15:35:00";"MT";163;"664";"LUCAS DO RIO VERDE";"Velocidade incompatível";"Colisão traseira";"Sem Vítimas";"Pleno dia";"Decrescente";"Sol";"Múltipla";"Reta";"Rural";15;0;0;0;15;0;0;2
83515088;"12/11/16";"Sábado";"07:30:00";"AC";364;"124";"RIO BRANCO";"Ingestão de álcool";"Colisão lateral";"Com Vítimas Feridas";"Pleno dia";"Decrescente";"Sol";"Dupla";"Reta";"Urbano";4;0;1;0;3;0;1;2
83515089;"09/11/16";"Quarta";"07:10:00";"MG";459;"106";"POUSO ALEGRE";"Não guardar distância de segurança";"Colisão traseira";"Com Vítimas Feridas";"Pleno dia";"Crescente";"Nublado";"Dupla";"Reta";"Urbano";2;0;1;0;1;0;1;2
83515090;"09/11/16";"Quarta";"05:30:00";"MG";262;"355,6";"BETIM";"Velocidade incompatível";"Colisão com objeto fixo";"Ignorado";"Amanhecer";"Decrescente";"Ceu Claro";"Dupla";"Reta";"Rural";1;0;0;0;0;1;0;1
83515091;"29/09/16";"Quinta";"06:40:00";"ES";262;"5";"CARIACICA";"Não guardar distância de segurança";"Queda de motocicleta / bicicleta / veículo";"Com Vítimas Feridas";"Pleno dia";"Decrescente";"Ceu Claro";"Múltipla";"Reta";"Urbano";1;0;0;1;0;0;1;1
83515092;"12/11/16";"Sábado";"11:45:00";"MG";381;"321";"NOVA ERA";"Falta de atenção";"Capotamento";"Com Vítimas Feridas";"Pleno dia";"Decrescente";"Chuva";"Simples";"Reta";"Rural";1;0;1;0;0;0;1;1
83515093;"12/11/16";"Sábado";"13:00:00";"PR";376;"665,8";"GUARATUBA";"Velocidade incompatível";"Saída de Pista";"Sem Vítimas";"Pleno dia";"Crescente";"Chuva";"Simples";"Curva";"Rural";1;0;0;0;1;0;0;1
83515094;"08/11/16";"Terça";"18:40:00";"PE";101;"23";"MORENO";"Outras";"Colisão traseira";"Sem Vítimas";"Plena noite";"Decrescente";"Ceu Claro";"Dupla";"Reta";"Urbano";4;0;0;0;2;2;0;4
83515096;"12/11/16";"Sábado";"12:45:00";"PR";369;"173";"ROLANDIA";"Falta de atenção";"Colisão Transversal";"Com Vítimas Feridas";"Pleno dia";"Decrescente";"Ceu Claro";"Dupla";"Reta";"Urbano";2;0;1;0;1;0;1;2
83515097;"09/11/16";"Quarta";"05:00:00";"BA";101;"58";"ENTRE RIOS";"Outras";"Capotamento";"Com Vítimas Fatais";"Amanhecer";"Decrescente";"Ceu Claro";"Simples";"Reta";"Rural";1;1;0;0;0;0;0;1
83515098;"12/11/16";"Sábado";"12:30:00";"SP";116;"564,2";"BARRA DO TURVO";"Velocidade incompatível";"Queda de motocicleta / bicicleta / veículo";"Com Vítimas Feridas";"Pleno dia";"Crescente";"Chuva";"Dupla";"Curva";"Rural";1;0;1;0;0;0;1;1
83515099;"12/11/16";"Sábado";"12:26:00";"SP";116;"137,4";"SAO JOSE DOS CAMPOS";"Não guardar distância de segurança";"Colisão traseira";"Com Vítimas Feridas";"Pleno dia";"Decrescente";"Nublado";"Simples";"Reta";"Urbano";3;0;1;0;2;0;1;2
83515100;"12/11/16";"Sábado";"10:40:00";"PE";232;"43";"VITORIA DE SANTO ANTAO";"Falta de atenção";"Colisão traseira";"Com Vítimas Feridas";"Pleno dia";"Crescente";"Sol";"Dupla";"Curva";"Rural";6;0;1;0;5;0;1;5
83515101;"12/11/16";"Sábado";"14:20:00";"SC";101;"208,4";"SAO JOSE";"Falta de atenção";"Colisão traseira";"Com Vítimas Feridas";"Pleno dia";"Decrescente";"Ceu Claro";"Múltipla";"Reta";"Urbano";6;0;1;0;5;0;1;3
83515102;"11/11/16";"Sexta";"03:56:00";"BA";324;"609";"SIMOES FILHO";"Outras";"Colisão traseira";"Com Vítimas Feridas";"Plena noite";"Decrescente";"Ceu Claro";"Dupla";"Reta";"Urbano";4;0;1;0;2;1;1;2
83515103;"12/11/16";"Sábado";"12:05:00";"MT";364;"140";"RONDONOPOLIS";"Falta de atenção";"Queda de motocicleta / bicicleta / veículo";"Com Vítimas Feridas";"Pleno dia";"Crescente";"Nublado";"Simples";"Curva";"Rural";1;0;1;0;0;0;1;1
83515104;"12/11/16";"Sábado";"12:50:00";"ES";262;"49,6";"MARECHAL FLORIANO";"Dormindo";"Saída de Pista";"Com Vítimas Feridas";"Pleno dia";"Crescente";"Chuva";"Simples";"Curva";"Rural";1;0;1;0;0;0;1;1
83515105;"12/11/16";"Sábado";"08:00:00";"SC";101;"154,8";"PORTO BELO";"Falta de atenção";"Queda de motocicleta / bicicleta / veículo";"Com Vítimas Feridas";"Pleno dia";"Decrescente";"Sol";"Dupla";"Curva";"Rural";1;0;1;0;0;0;1;1
83515106;"12/11/16";"Sábado";"09:00:00";"MS";262;"514,2";"ANASTACIO";"Outras";"Saída de Pista";"Sem Vítimas";"Pleno dia";"Decrescente";"Nublado";"Simples";"Reta";"Rural";2;0;0;0;2;0;0;2
83515107;"12/11/16";"Sábado";"15:15:00";"SC";101;"45";"JOINVILLE";"Não guardar distância de segurança";"Colisão traseira";"Com Vítimas Feridas";"Pleno dia";"Crescente";"Nublado";"Dupla";"Reta";"Urbano";3;0;1;0;2;0;1;2
83515108;"12/11/16";"Sábado";"12:00:00";"PR";373;"178";"PONTA GROSSA";"Defeito mecânico em veículo";"Colisão Transversal";"Sem Vítimas";"Pleno dia";"Decrescente";"Ceu Claro";"Simples";"Reta";"Urbano";2;0;0;0;2;0;0;2
83515109;"12/11/16";"Sábado";"07:15:00";"SC";101;"416,5";"ARARANGUA";"Falta de atenção";"Tombamento";"Com Vítimas Feridas";"Amanhecer";"Decrescente";"Ceu Claro";"Dupla";"Reta";"Urbano";2;0;2;0;0;0;2;1
83515110;"12/11/16";"Sábado";"10:30:00";"MG";262;"902,7";"CAMPO FLORIDO";"Defeito mecânico em veículo";"Capotamento";"Com Vítimas Feridas";"Pleno dia";"Decrescente";"Chuva";"Dupla";"Reta";"Rural";1;0;1;0;0;0;1;1
83515111;"12/11/16";"Sábado";"12:10:00";"GO";60;"19";"ALEXANIA";"Outras";"Capotamento";"Sem Vítimas";"Pleno dia";"Crescente";"Nublado";"Dupla";"Curva";"Rural";1;0;0;0;1;0;0;1
83515112;"12/11/16";"Sábado";"11:40:00";"ES";101;"149";"LINHARES";"Desobediência à sinalização";"Colisão Transversal";"Com Vítimas Feridas";"Pleno dia";"Crescente";"Ceu Claro";"Múltipla";"Reta";"Urbano";3;0;1;0;2;0;1;2
83515113;"12/11/16";"Sábado";"14:20:00";"MG";381;"441";"SABARA";"Outras";"Colisão frontal";"Com Vítimas Feridas";"Pleno dia";"Decrescente";"Chuva";"Simples";"Curva";"Rural";8;0;6;0;2;0;6;3
83515114;"08/11/16";"Terça";"13:50:00";"RO";364;"198,6";"PIMENTA BUENO";"Ingestão de álcool";"Queda de motocicleta / bicicleta / veículo";"Com Vítimas Feridas";"Plena noite";"Decrescente";"Ceu Claro";"Simples";"Reta";"Urbano";1;0;1;0;0;0;1;1
83515115;"12/11/16";"Sábado";"12:10:00";"MG";116;"610,1";"SAO JOAO DO MANHUACU";"Outras";"Saída de Pista";"Sem Vítimas";"Pleno dia";"Crescente";"Chuva";"Simples";"Reta";"Rural";5;0;0;0;5;0;0;1
83515116;"12/11/16";"Sábado";"14:10:00";"CE";222;"4,8";"CAUCAIA";"Falta de atenção";"Colisão Transversal";"Com Vítimas Feridas";"Pleno dia";"Decrescente";"Ceu Claro";"Dupla";"Reta";"Urbano";4;0;1;3;0;0;4;2
83515117;"12/11/16";"Sábado";"13:30:00";"BA";242;"780";"BARREIRAS";"Velocidade incompatível";"Saída de Pista";"Sem Vítimas";"Pleno dia";"Crescente";"Nublado";"Simples";"Curva";"Rural";1;0;0;0;1;0;0;1
83515118;"27/10/16";"Quinta";"22:30:00";"DF";70;"7";"BRASILIA";"Falta de atenção";"Colisão lateral";"Com Vítimas Feridas";"Plena noite";"Decrescente";"Ceu Claro";"Simples";"Reta";"Urbano";3;0;3;0;0;0;3;2
83515119;"12/11/16";"Sábado";"14:30:00";"MS";163;"269";"DOURADOS";"Falta de atenção";"Colisão traseira";"Com Vítimas Feridas";"Pleno dia";"Crescente";"Ceu Claro";"Dupla";"Reta";"Urbano";4;0;1;0;3;0;1;2
83515120;"27/10/16";"Quinta";"17:20:00";"RJ";393;"249";"BARRA DO PIRAI";"Outras";"Colisão traseira";"Com Vítimas Fatais";"Pleno dia";"Decrescente";"Ceu Claro";"Simples";"Reta";"Rural";2;1;1;0;0;0;1;2
83515121;"11/11/16";"Sexta";"16:20:00";"SP";116;"155,1";"SAO JOSE DOS CAMPOS";"Outras";"Colisão lateral";"Sem Vítimas";"Pleno dia";"Crescente";"Ceu Claro";"Múltipla";"Reta";"Urbano";3;0;0;0;3;0;0;3
83515122;"10/11/16";"Quinta";"20:00:00";"GO";40;"74";"CRISTALINA";"Falta de atenção";"Colisão traseira";"Sem Vítimas";"Plena noite";"Crescente";"Ceu Claro";"Dupla";"Curva";"Rural";2;0;0;0;2;0;0;2
83515123;"07/11/16";"Segunda";"17:05:00";"PB";230;"504,6";"CAJAZEIRAS";"Falta de atenção";"Colisão traseira";"Sem Vítimas";"Pleno dia";"Decrescente";"Ceu Claro";"Simples";"Reta";"Urbano";4;0;0;0;4;0;0;4
83515124;"09/11/16";"Quarta";"22:40:00";"BA";324;"512";"FEIRA DE SANTANA";"Outras";"Colisão frontal";"Com Vítimas Feridas";"Plena noite";"Decrescente";"Ceu Claro";"Simples";"Reta";"Urbano";3;0;0;2;0;1;2;2
83515125;"09/11/16";"Quarta";"05:30:00";"GO";153;"505";"GOIANIA";"Falta de atenção";"Saída de Pista";"Com Vítimas Feridas";"Amanhecer";"Crescente";"Nublado";"Dupla";"Reta";"Urbano";1;0;1;0;0;0;1;1
83515126;"12/11/16";"Sábado";"15:45:00";"RS";285;"191";"LAGOA VERMELHA";"Outras";"Colisão com objeto fixo";"Com Vítimas Feridas";"Pleno dia";"Decrescente";"Ceu Claro";"Simples";"Reta";"Rural";1;0;1;0;0;0;1;1