"id";"data_inversa";"dia_semana";"horario";"uf";"br";"km";"municipio";"causa_acidente";"tipo_acidente";"classificacao_acidente";"fase_dia";"sentido_via";"condicao_metereologica";"tipo_pista";"tracado_via";"uso_solo";"pessoas";"mortos";"feridos_leves";"feridos_graves";"ilesos";"ignorados";"feridos";"veiculos"
83515127;"12/11/16";"Sábado";"16:00:00";"MG";381;"617,5";"OLIVEIRA";"Outras";"Capotamento";"Com Vítimas Feridas";"Pleno dia";"Crescente";"Chuva";"Dupla";"Curva";"Rural";1;0;1;0;0;0;1;1
83515128;"11/11/16";"Sexta";"17:20:00";"MG";135;"603";"CORINTO";"Velocidade incompatível";"Colisão lateral";"Com Vítimas Feridas";"Pleno dia";"Decrescente";"Chuva";"Simples";"Reta";"Rural";6;0;0;3;3;0;3;4
83515129;"12/11/16";"Sábado";"06:30:00";"MT";70;"181";"GENERAL CARNEIRO";"Defeito mecânico em veículo";"Tombamento";"Com Vítimas Fatais";"Amanhecer";"Crescente";"Chuva";"Simples";"Reta";"Rural";1;1;0;0;0;0;0;1
83515130;"12/11/16";"Sábado";"14:00:00";"RS";470;"172";"VERANOPOLIS";"Falta de atenção";"Tombamento";"Com Vítimas Feridas";"Pleno dia";"Decrescente";"Ceu Claro";"Simples";"Curva";"Rural";1;0;1;0;0;0;1;1
83515131;"12/11/16";"Sábado";"09:10:00";"GO";153;"195";"URUACU";"Falta de atenção";"Saída de Pista";"Sem Vítimas";"Pleno dia";"Decrescente";"Chuva";"Simples";"Curva";"Rural";2;0;0;0;2;0;0;2
83515132;"12/11/16";"Sábado";"15:00:00";"RS";470;"159";"NOVA PRATA";"Desobediência à sinalização";"Colisão Transversal";"Com Vítimas Feridas";"Pleno dia";"Decrescente";"Ceu Claro";"Simples";"Cruzamento";"Rural";3;0;2;0;1;0;2;2
83515133;"12/11/16";"Sábado";"14:00:00";"PR";158;"207";"CAMPO MOURAO";"Velocidade incompatível";"Tombamento";"Com Vítimas Feridas";"Pleno dia";"Crescente";"Ignorada";"Simples";"Curva";"Rural";1;0;1;0;0;0;1;1
83515134;"12/11/16";"Sábado";"15:10:00";"CE";222;"3,7";"SOBRAL";"Não guardar distância de segurança";"Colisão traseira";"Sem Vítimas";"Pleno dia";"Crescente";"Ceu Claro";"Dupla";"Reta";"Urbano";3;0;0;0;3;0;0;3
83515135;"12/11/16";"Sábado";"15:00:00";"PR";487;"192";"CAMPO MOURAO";"Outras";"Queda de motocicleta / bicicleta / veículo";"Com Vítimas Feridas";"Pleno dia";"Crescente";"Nublado";"Simples";"Reta";"Urbano";1;0;1;0;0;0;1;1
83515136;"12/11/16";"Sábado";"16:32:00";"RS";116;"241";"NOVO HAMBURGO";"Desobediência à sinalização";"Queda de motocicleta / bicicleta / veículo";"Com Vítimas Feridas";"Pleno dia";"Crescente";"Ceu Claro";"Dupla";"Reta";"Urbano";2;0;0;1;1;0;1;2
83515137;"12/11/16";"Sábado";"13:40:00";"MG";135;"452,5";"BOCAIUVA";"Falta de atenção";"Colisão traseira";"Com Vítimas Feridas";"Pleno dia";"Decrescente";"Chuva";"Simples";"Reta";"Rural";5;0;4;0;1;0;4;2
83515138;"12/11/16";"Sábado";"08:30:00";"MT";70;"76,5";"GENERAL CARNEIRO";"Velocidade incompatível";"Saída de Pista";"Com Vítimas Feridas";"Plena noite";"Crescente";"Chuva";"Simples";"Curva";"Urbano";1;0;1;0;0;0;1;1
83515139;"12/11/16";"Sábado";"10:00:00";"MT";70;"535";"VARZEA GRANDE";"Outras";"Saída de Pista";"Ignorado";"Amanhecer";"Crescente";"Chuva";"Simples";"Reta";"Rural";1;0;0;0;0;1;0;1
83515140;"12/11/16";"Sábado";"12:30:00";"GO";20;"241";"POSSE";"Falta de atenção";"Saída de Pista";"Com Vítimas Feridas";"Pleno dia";"Decrescente";"Chuva";"Simples";"Reta";"Rural";1;0;1;0;0;0;1;1
83515141;"02/11/16";"Quarta";"16:25:00";"MG";262;"379";"JUATUBA";"Dormindo";"Tombamento";"Sem Vítimas";"Pleno dia";"Crescente";"Ceu Claro";"Dupla";"Curva";"Rural";1;0;0;0;1;0;0;1
83515142;"12/11/16";"Sábado";"10:45:00";"SC";153;"111,5";"CONCORDIA";"Falta de atenção";"Colisão Transversal";"Com Vítimas Feridas";"Pleno dia";"Decrescente";"Sol";"Simples";"Reta";"Rural";3;0;1;0;2;0;1;3
83515144;"12/11/16";"Sábado";"11:35:00";"MT";158;"738,5";"BARRA DO GARCAS";"Velocidade incompatível";"Colisão lateral";"Sem Vítimas";"Plena noite";"Crescente";"Nublado";"Simples";"Reta";"Urbano";2;0;0;0;2;0;0;2
83515145;"12/11/16";"Sábado";"14:30:00";"PR";158;"206,2";"CAMPO MOURAO";"Velocidade incompatível";"Capotamento";"Com Vítimas Feridas";"Pleno dia";"Decrescente";"Ceu Claro";"Dupla";"Reta";"Rural";2;0;0;2;0;0;2;1
83515146;"12/11/16";"Sábado";"15:20:00";"MA";10;"233,5";"GOVERNADOR EDISON LOBAO";"Animais na Pista";"Atropelamento de animal";"Com Vítimas Feridas";"Pleno dia";"Decrescente";"Ceu Claro";"Simples";"Reta";"Rural";1;0;0;1;0;0;1;1
83515147;"12/11/16";"Sábado";"08:30:00";"SC";101;"129,2";"BALNEARIO CAMBORIU";"Não guardar distância de segurança";"Colisão traseira";"Com Vítimas Feridas";"Pleno dia";"Crescente";"Nublado";"Dupla";"Reta";"Urbano";4;0;1;0;2;1;1;3
83515148;"04/11/16";"Sexta";"13:10:00";"SC";282;"541,3";"CHAPECO";"Outras";"Colisão Transversal";"Com Vítimas Feridas";"Pleno dia";"Decrescente";"Sol";"Simples";"Reta";"Rural";2;0;1;0;1;0;1;2
83515149;"12/11/16";"Sábado";"08:15:00";"GO";20;"106";"VILA BOA";"Outras";"Tombamento";"Com Vítimas Feridas";"Pleno dia";"Crescente";"Chuva";"Simples";"Reta";"Rural";1;0;1;0;0;0;1;1
83515150;"12/11/16";"Sábado";"07:20:00";"MG";40;"460";"SETE LAGOAS";"Falta de atenção";"Saída de Pista";"Sem Vítimas";"Pleno dia";"Decrescente";"Ceu Claro";"Dupla";"Reta";"Rural";1;0;0;0;1;0;0;1
83515151;"13/08/16";"Sábado";"07:30:00";"PE";101;"100";"CABO DE SANTO AGOSTINHO";"Defeito na via";"Queda de motocicleta / bicicleta / veículo";"Com Vítimas Feridas";"Pleno dia";"Crescente";"Sol";"Dupla";"Reta";"Urbano";1;0;1;0;0;0;1;1
83515152;"12/11/16";"Sábado";"17:00:00";"SC";101;"148";"ITAPEMA";"Não guardar distância de segurança";"Colisão traseira";"Com Vítimas Feridas";"Pleno dia";"Decrescente";"Sol";"Dupla";"Reta";"Urbano";2;0;1;0;1;0;1;2
83515153;"12/11/16";"Sábado";"11:30:00";"MT";163;"112,6";"RONDONOPOLIS";"Outras";"Capotamento";"Com Vítimas Feridas";"Pleno dia";"Crescente";"Chuva";"Dupla";"Reta";"Rural";1;0;0;1;0;0;1;1
83515154;"12/11/16";"Sábado";"17:50:00";"RS";386;"30,1";"FREDERICO WESTPHALEN";"Velocidade incompatível";"Colisão lateral";"Com Vítimas Feridas";"Pleno dia";"Decrescente";"Ceu Claro";"Simples";"Reta";"Urbano";2;0;0;1;1;0;1;2
83515155;"12/11/16";"Sábado";"17:00:00";"PR";376;"494";"PONTA GROSSA";"Falta de atenção";"Colisão lateral";"Com Vítimas Feridas";"Pleno dia";"Decrescente";"Nublado";"Dupla";"Reta";"Urbano";3;0;2;0;1;0;2;2
83515156;"12/11/16";"Sábado";"16:00:00";"GO";153;"443,5";"ANAPOLIS";"Outras";"Colisão traseira";"Com Vítimas Feridas";"Pleno dia";"Decrescente";"Ceu Claro";"Dupla";"Reta";"Urbano";3;0;1;0;2;0;1;2
83515157;"12/11/16";"Sábado";"15:30:00";"RS";290;"182,8";"MINAS DO LEAO";"Desobediência à sinalização";"Colisão Transversal";"Com Vítimas Feridas";"Pleno dia";"Crescente";"Ceu Claro";"Simples";"Cruzamento";"Urbano";3;0;3;0;0;0;3;2
83515158;"12/11/16";"Sábado";"16:00:00";"MG";50;"204";"DELTA";"Velocidade incompatível";"Colisão traseira";"Sem Vítimas";"Pleno dia";"Crescente";"Chuva";"Simples";"Reta";"Rural";2;0;0;0;1;1;0;2
83515159;"12/11/16";"Sábado";"17:00:00";"RJ";116;"273";"BARRA MANSA";"Falta de atenção";"Colisão com objeto fixo";"Sem Vítimas";"Pleno dia";"Decrescente";"Ceu Claro";"Dupla";"Reta";"Rural";1;0;0;0;1;0;0;1
83515160;"12/11/16";"Sábado";"18:00:00";"MG";356;"267,3";"MURIAE";"Outras";"Queda de motocicleta / bicicleta / veículo";"Com Vítimas Feridas";"Anoitecer";"Decrescente";"Nublado";"Simples";"Reta";"Urbano";2;0;1;0;1;0;1;1
83515161;"12/11/16";"Sábado";"16:35:00";"SC";480;"126,8";"CHAPECO";"Desobediência à sinalização";"Colisão Transversal";"Com Vítimas Feridas";"Pleno dia";"Decrescente";"Sol";"Simples";"Cruzamento";"Urbano";2;0;1;0;1;0;1;2
83515162;"12/11/16";"Sábado";"18:00:00";"RJ";101;"536";"PARATI";"Outras";"Capotamento";"Com Vítimas Feridas";"Pleno dia";"Crescente";"Chuva";"Simples";"Reta";"Rural";3;0;2;0;1;0;2;1
83515163;"12/11/16";"Sábado";"08:45:00";"MT";70;"76,5";"GENERAL CARNEIRO";"Velocidade incompatível";"Saída de Pista";"Com Vítimas Feridas";"Plena noite";"Crescente";"Chuva";"Simples";"Curva";"Urbano";2;0;1;0;1;0;1;2
83515164;"12/11/16";"Sábado";"17:25:00";"SP";116;"23,5";"LAVRINHAS";"Falta de atenção";"Colisão com objeto fixo";"Sem Vítimas";"Pleno dia";"Decrescente";"Chuva";"Dupla";"Curva";"Rural";1;0;0;0;1;0;0;1
83515165;"12/11/16";"Sábado";"13:00:00";"BA";101;"678";"ITAGIMIRIM";"Velocidade incompatível";"Colisão traseira";"Com Vítimas Feridas";"Pleno dia";"Crescente";"Sol";"Simples";"Reta";"Rural";6;0;3;1;2;0;4;2
83515166;"12/11/16";"Sábado";"16:20:00";"MG";381;"793,6";"SAO GONCALO DO SAPUCAI";"Outras";"Capotamento";"Com Vítimas Feridas";"Pleno dia";"Crescente";"Chuva";"Dupla";"Curva";"Rural";2;0;1;0;1;0;1;1
83515167;"12/11/16";"Sábado";"09:30:00";"MT";70;"683";"CACERES";"Velocidade incompatível";"Saída de Pista";"Sem Vítimas";"Pleno dia";"Decrescente";"Chuva";"Simples";"Curva";"Rural";1;0;0;0;1;0;0;1
83515168;"10/11/16";"Quinta";"10:00:00";"SP";116;"13,9";"QUELUZ";"Outras";"Incêndio";"Sem Vítimas";"Pleno dia";"Decrescente";"Sol";"Dupla";"Curva";"Rural";1;0;0;0;1;0;0;1
83515169;"12/11/16";"Sábado";"17:00:00";"PE";101;"69";"RECIFE";"Outras";"Colisão lateral";"Com Vítimas Feridas";"Pleno dia";"Decrescente";"Ceu Claro";"Dupla";"Reta";"Urbano";2;0;0;1;1;0;1;2
83515170;"12/11/16";"Sábado";"19:22:00";"MG";365;"485,3";"PATROCINIO";"Outras";"Saída de Pista";"Com Vítimas Feridas";"Pleno dia";"Decrescente";"Chuva";"Simples";"Curva";"Rural";2;0;1;1;0;0;2;1
83515171;"12/11/16";"Sábado";"11:20:00";"MS";163;"216";"CAARAPO";"Defeito na via";"Queda de motocicleta / bicicleta / veículo";"Com Vítimas Feridas";"Pleno dia";"Crescente";"Ceu Claro";"Simples";"Reta";"Rural";1;0;1;0;0;0;1;1
83515172;"12/11/16";"Sábado";"15:13:00";"SP";116;"86,5";"PINDAMONHANGABA";"Não guardar distância de segurança";"Colisão traseira";"Sem Vítimas";"Pleno dia";"Crescente";"Nublado";"Dupla";"Reta";"Rural";15;0;0;0;14;1;0;7
83515173;"12/11/16";"Sábado";"15:00:00";"CE";20;"416";"MARACANAU";"Desobediência à sinalização";"Colisão lateral";"Com Vítimas Feridas";"Pleno dia";"Decrescente";"Ceu Claro";"Simples";"Cruzamento";"Urbano";3;0;2;0;1;0;2;2
83515174;"12/11/16";"Sábado";"18:50:00";"RS";116;"146";"CAXIAS DO SUL";"Velocidade incompatível";"Colisão lateral";"Sem Vítimas";"Pleno dia";"Crescente";"Sol";"Dupla";"Cruzamento";"Urbano";2;0;0;0;2;0;0;2
83515175;"12/11/16";"Sábado";"18:50:00";"SC";470;"131,9";"LONTRAS";"Outras";"Colisão Transversal";"Com Vítimas Feridas";"Pleno dia";"Decrescente";"Nublado";"Simples";"Cruzamento";"Urbano";2;0;0;1;1;0;1;2
83515176;"12/11/16";"Sábado";"13:40:00";"MT";70;"695";"CACERES";"Outras";"Colisão lateral";"Com Vítimas Feridas";"Pleno dia";"Decrescente";"Chuva";"Simples";"Curva";"Rural";5;0;1;3;1;0;4;2
83515177;"12/11/16";"Sábado";"13:05:00";"SC";101;"110,6";"NAVEGANTES";"Defeito mecânico em veículo";"Saída de Pista";"Com Vítimas Feridas";"Pleno dia";"Decrescente";"Nublado";"Dupla";"Reta";"Rural";3;0;3;0;0;0;3;1
83515178;"12/11/16";"Sábado";"09:00:00";"MG";262;"67,8";"MATIPO";"Falta de atenção";"Colisão Transversal";"Com Vítimas Feridas";"Pleno dia";"Decrescente";"Nublado";"Simples";"Cruzamento";"Rural";3;0;2;0;0;1;2;2
83515179;"12/11/16";"Sábado";"12:00:00";"MS";267;"181";"NOVA ALVORADA DO SUL";"Falta de atenção";"Saída de Pista";"Sem Vítimas";"Pleno dia";"Crescente";"Nublado";"Dupla";"Reta";"Rural";3;0;0;0;3;0;0;1
83515180;"12/11/16";"Sábado";"19:50:00";"RJ";393;"182";"PARAIBA DO SUL";"Outras";"Colisão Transversal";"Sem Vítimas";"Plena noite";"Crescente";"Nublado";"Simples";"Cruzamento";"Urbano";2;0;0;0;2;0;0;2
83515181;"11/11/16";"Sexta";"21:00:00";"MT";70;"84,3";"GENERAL CARNEIRO";"Outras";"Capotamento";"Sem Vítimas";"Plena noite";"Decrescente";"Chuva";"Simples";"Curva";"Rural";1;0;0;0;1;0;0;1
83515182;"12/11/16";"Sábado";"15:00:00";"MS";158;"113";"PARANAIBA";"Outras";"Saída de Pista";"Sem Vítimas";"Pleno dia";"Decrescente";"Chuva";"Simples";"Reta";"Rural";1;0;0;0;1;0;0;1
83515183;"09/11/16";"Quarta";"20:25:00";"BA";101;"497";"ITABUNA";"Falta de atenção";"Colisão traseira";"Com Vítimas Feridas";"Plena noite";"Decrescente";"Ceu Claro";"Simples";"Reta";"Rural";4;0;1;0;3;0;1;2
83515184;"12/11/16";"Sábado";"18:27:00";"RS";116;"238,3";"NOVO HAMBURGO";"Outras";"Colisão lateral";"Sem Vítimas";"Pleno dia";"Decrescente";"Ceu Claro";"Dupla";"Reta";"Urbano";2;0;0;0;2;0;0;2
83515185;"12/11/16";"Sábado";"11:15:00";"PR";116;"45,9";"CAMPINA GRANDE DO SUL";"Dormindo";"Saída de Pista";"Com Vítimas Feridas";"Pleno dia";"Crescente";"Chuva";"Dupla";"Curva";"Rural";4;0;0;1;3;0;1;1
83515186;"08/11/16";"Terça";"19:40:00";"SE";101;"42";"CAPELA";"Velocidade incompatível";"Saída de Pista";"Com Vítimas Feridas";"Plena noite";"Crescente";"Ceu Claro";"Dupla";"Reta";"Rural";2;0;2;0;0;0;2;1
83515187;"12/11/16";"Sábado";"19:30:00";"MG";365;"605";"UBERLANDIA";"Ingestão de álcool";"Colisão traseira";"Sem Vítimas";"Anoitecer";"Decrescente";"Chuva";"Simples";"Curva";"Urbano";2;0;0;0;2;0;0;2
83515188;"12/11/16";"Sábado";"14:30:00";"BA";101;"719,5";"EUNAPOLIS";"Falta de atenção";"Colisão Transversal";"Sem Vítimas";"Pleno dia";"Decrescente";"Ceu Claro";"Simples";"Reta";"Urbano";3;0;0;0;3;0;0;2
83515189;"19/10/16";"Quarta";"00:20:00";"PI";316;"321,2";"PICOS";"Animais na Pista";"Atropelamento de animal";"Com Vítimas Feridas";"Plena noite";"Decrescente";"Ceu Claro";"Simples";"Reta";"Rural";1;0;1;0;0;0;1;1
83515190;"12/11/16";"Sábado";"13:40:00";"PR";116;"17";"ANTONINA";"Velocidade incompatível";"Saída de Pista";"Sem Vítimas";"Pleno dia";"Decrescente";"Chuva";"Dupla";"Curva";"Rural";3;0;0;0;3;0;0;1
83515191;"12/11/16";"Sábado";"13:40:00";"SC";282;"457,7";"PONTE SERRADA";"Falta de atenção";"Colisão Transversal";"Com Vítimas Feridas";"Pleno dia";"Decrescente";"Ceu Claro";"Simples";"Reta";"Urbano";4;0;1;1;2;0;2;2
83515192;"12/11/16";"Sábado";"11:30:00";"RS";386;"420";"MONTENEGRO";"Defeito na via";"Colisão com objeto fixo";"Sem Vítimas";"Pleno dia";"Decrescente";"Sol";"Simples";"Reta";"Rural";1;0;0;0;1;0;0;1
83515193;"12/11/16";"Sábado";"06:00:00";"PR";376;"593";"CURITIBA";"Outras";"Saída de Pista";"Ignorado";"Amanhecer";"Crescente";"Chuva";"Dupla";"Reta";"Urbano";1;0;0;0;0;1;0;1
83515194;"12/11/16";"Sábado";"19:15:00";"RS";116;"266";"CANOAS";"Outras";"Tombamento";"Com Vítimas Feridas";"Anoitecer";"Decrescente";"Ceu Claro";"Múltipla";"Reta";"Urbano";1;0;1;0;0;0;1;1
83515195;"12/11/16";"Sábado";"17:40:00";"CE";304;"32";"ARACATI";"Ingestão de álcool";"Atropelamento de pessoa";"Com Vítimas Feridas";"Anoitecer";"Crescente";"Ceu Claro";"Simples";"Reta";"Rural";3;0;1;1;0;1;2;1
83515196;"12/11/16";"Sábado";"15:39:00";"PR";116;"14,7";"ANTONINA";"Velocidade incompatível";"Saída de Pista";"Com Vítimas Feridas";"Pleno dia";"Crescente";"Chuva";"Dupla";"Curva";"Rural";4;0;1;0;3;0;1;1
83515197;"12/11/16";"Sábado";"08:10:00";"PR";116;"38";"CAMPINA GRANDE DO SUL";"Outras";"Capotamento";"Com Vítimas Feridas";"Pleno dia";"Decrescente";"Chuva";"Dupla";"Curva";"Rural";1;0;1;0;0;0;1;1
83515198;"12/11/16";"Sábado";"14:30:00";"SC";101;"106";"PENHA";"Falta de atenção";"Colisão traseira";"Com Vítimas Feridas";"Pleno dia";"Crescente";"Nublado";"Múltipla";"Curva";"Rural";3;0;1;0;2;0;1;2
83515200;"09/11/16";"Quarta";"08:35:00";"RN";110;"46";"MOSSORO";"Falta de atenção";"Colisão Transversal";"Com Vítimas Feridas";"Pleno dia";"Crescente";"Sol";"Simples";"Cruzamento";"Urbano";4;0;3;0;1;0;3;2
83515201;"12/11/16";"Sábado";"17:50:00";"ES";101;"41,9";"SAO MATEUS";"Ingestão de álcool";"Colisão lateral";"Com Vítimas Feridas";"Pleno dia";"Decrescente";"Sol";"Simples";"Reta";"Urbano";3;0;0;2;1;0;2;2
83515202;"08/11/16";"Terça";"16:00:00";"CE";20;"425";"FORTALEZA";"Falta de atenção";"Colisão Transversal";"Com Vítimas Feridas";"Pleno dia";"Decrescente";"Sol";"Dupla";"Reta";"Urbano";2;0;0;1;1;0;1;2
83515203;"12/11/16";"Sábado";"18:10:00";"MS";463;"38";"PONTA PORA";"Outras";"Saída de Pista";"Com Vítimas Feridas";"Anoitecer";"Decrescente";"Chuva";"Simples";"Reta";"Rural";5;0;1;0;4;0;1;1
83515204;"12/11/16";"Sábado";"18:50:00";"RJ";116;"177";"NOVA IGUACU";"Não guardar distância de segurança";"Colisão traseira";"Com Vítimas Feridas";"Anoitecer";"Decrescente";"Nublado";"Múltipla";"Reta";"Urbano";5;0;1;0;3;1;1;4
83515205;"12/11/16";"Sábado";"18:10:00";"BA";324;"558";"AMELIA RODRIGUES";"Falta de atenção";"Saída de Pista";"Com Vítimas Feridas";"Plena noite";"Crescente";"Ceu Claro";"Dupla";"Reta";"Rural";4;0;0;1;3;0;1;1
83515206;"09/11/16";"Quarta";"18:30:00";"CE";222;"7,2";"CAUCAIA";"Outras";"Atropelamento de pessoa";"Com Vítimas Feridas";"Plena noite";"Crescente";"Ceu Claro";"Múltipla";"Reta";"Urbano";2;0;0;1;0;1;1;1
83515207;"12/11/16";"Sábado";"20:20:00";"PR";272;"362,2";"CAMPO MOURAO";"Outras";"Atropelamento de pessoa";"Com Vítimas Feridas";"Plena noite";"Crescente";"Nublado";"Dupla";"Reta";"Urbano";2;0;1;0;1;0;1;1
83515208;"12/11/16";"Sábado";"06:00:00";"PB";230;"19";"JOAO PESSOA";"Falta de atenção";"Colisão com objeto fixo";"Com Vítimas Feridas";"Pleno dia";"Crescente";"Sol";"Dupla";"Curva";"Urbano";1;0;0;1;0;0;1;1
83515209;"12/11/16";"Sábado";"15:00:00";"MG";381;"637";"SANTO ANTONIO DO AMPARO";"Outras";"Capotamento";"Sem Vítimas";"Pleno dia";"Decrescente";"Chuva";"Dupla";"Curva";"Rural";1;0;0;0;1;0;0;1
83515210;"10/11/16";"Quinta";"07:30:00";"MG";262;"37,1";"MANHUACU";"Falta de atenção";"Colisão Transversal";"Com Vítimas Feridas";"Pleno dia";"Decrescente";"Sol";"Simples";"Reta";"Urbano";2;0;1;0;1;0;1;2
83515211;"12/11/16";"Sábado";"11:20:00";"PR";116;"24,5";"CAMPINA GRANDE DO SUL";"Outras";"Saída de Pista";"Sem Vítimas";"Pleno dia";"Decrescente";"Chuva";"Dupla";"Curva";"Rural";2;0;0;0;2;0;0;1
83515212;"12/11/16";"Sábado";"20:30:00";"RJ";465;"4";"SEROPEDICA";"Outras";"Colisão frontal";"Com Vítimas Feridas";"Plena noite";"Decrescente";"Chuva";"Simples";"Reta";"Urbano";2;0;1;0;1;0;1;2
83515213;"12/11/16";"Sábado";"15:20:00";"MG";40;"647,1";"CRISTIANO OTONI";"Outras";"Saída de Pista";"Com Vítimas Feridas";"Pleno dia";"Crescente";"Chuva";"Simples";"Reta";"Urbano";1;0;1;0;0;0;1;1
83515214;"12/11/16";"Sábado";"20:00:00";"SE";101;"15,5";"SAO FRANCISCO";"Ultrapassagem indevida";"Colisão frontal";"Sem Vítimas";"Plena noite";"Decrescente";"Ceu Claro";"Simples";"Curva";"Rural";2;0;0;0;1;1;0;2
83515215;"12/11/16";"Sábado";"16:47:00";"PR";116;"22,6";"ANTONINA";"Velocidade incompatível";"Saída de Pista";"Com Vítimas Feridas";"Pleno dia";"Crescente";"Chuva";"Dupla";"Curva";"Rural";1;0;1;0;0;0;1;1
83515216;"12/11/16";"Sábado";"16:40:00";"MT";364;"258,5";"JUSCIMEIRA";"Falta de atenção";"Colisão Transversal";"Com Vítimas Feridas";"Pleno dia";"Crescente";"Nublado";"Simples";"Cruzamento";"Urbano";2;0;0;1;1;0;1;2
83515217;"12/11/16";"Sábado";"21:40:00";"RS";386;"426";"MONTENEGRO";"Defeito na via";"Saída de Pista";"Sem Vítimas";"Plena noite";"Crescente";"Ceu Claro";"Simples";"Curva";"Rural";1;0;0;0;1;0;0;1
83515218;"12/11/16";"Sábado";"15:30:00";"SC";116;"129";"SANTA CECILIA";"Dormindo";"Colisão frontal";"Com Vítimas Fatais";"Pleno dia";"Decrescente";"Nublado";"Simples";"Reta";"Rural";4;1;2;0;1;0;2;2
83515219;"12/11/16";"Sábado";"16:15:00";"PR";476;"229,3";"LAPA";"Falta de atenção";"Atropelamento de pessoa";"Com Vítimas Feridas";"Pleno dia";"Decrescente";"Ceu Claro";"Simples";"Reta";"Rural";2;0;0;1;1;0;1;1
83515220;"12/11/16";"Sábado";"18:30:00";"PE";101;"82";"JABOATAO DOS GUARARAPES";"Falta de atenção";"Colisão lateral";"Sem Vítimas";"Plena noite";"Decrescente";"Ceu Claro";"Múltipla";"Reta";"Urbano";2;0;0;0;2;0;0;2
83515221;"28/10/16";"Sexta";"19:00:00";"CE";20;"417";"MARACANAU";"Outras";"Colisão Transversal";"Com Vítimas Feridas";"Plena noite";"Crescente";"Ceu Claro";"Dupla";"Reta";"Urbano";2;0;0;1;0;1;1;2
83515222;"12/11/16";"Sábado";"15:40:00";"MG";365;"31,7";"MONTES CLAROS";"Ultrapassagem indevida";"Colisão lateral";"Sem Vítimas";"Pleno dia";"Crescente";"Nublado";"Simples";"Reta";"Rural";3;0;0;0;3;0;0;2
83515223;"09/11/16";"Quarta";"18:30:00";"MT";70;"190";"GENERAL CARNEIRO";"Falta de atenção";"Tombamento";"Sem Vítimas";"Anoitecer";"Decrescente";"Ceu Claro";"Simples";"Curva";"Rural";1;0;0;0;1;0;0;1
83515224;"12/11/16";"Sábado";"10:30:00";"RS";386;"433";"NOVA SANTA RITA";"Falta de atenção";"Colisão Transversal";"Sem Vítimas";"Pleno dia";"Decrescente";"Sol";"Simples";"Reta";"Rural";2;0;0;0;2;0;0;2
83515225;"09/11/16";"Quarta";"18:25:00";"RN";304;"32";"MOSSORO";"Ingestão de álcool";"Colisão traseira";"Com Vítimas Feridas";"Plena noite";"Crescente";"Ignorada";"Simples";"Reta";"Urbano";2;0;1;0;1;0;1;2
83515226;"12/11/16";"Sábado";"19:15:00";"PE";408;"94";"RECIFE";"Falta de atenção";"Atropelamento de pessoa";"Com Vítimas Feridas";"Plena noite";"Decrescente";"Ceu Claro";"Dupla";"Curva";"Urbano";2;0;1;1;0;0;2;1
83515227;"12/11/16";"Sábado";"13:30:00";"MG";381;"378";"SAO GONCALO DO RIO ABAIXO";"Velocidade incompatível";"Saída de Pista";"Com Vítimas Feridas";"Pleno dia";"Crescente";"Chuva";"Simples";"Curva";"Rural";3;0;1;0;2;0;1;3
83515228;"12/11/16";"Sábado";"16:40:00";"GO";40;"11,4";"LUZIANIA";"Falta de atenção";"Atropelamento de pessoa";"Com Vítimas Feridas";"Pleno dia";"Crescente";"Nublado";"Dupla";"Reta";"Urbano";2;0;0;1;1;0;1;1
83515229;"12/11/16";"Sábado";"18:10:00";"GO";20;"241";"GUARANI DE GOIAS";"Falta de atenção";"Colisão traseira";"Com Vítimas Fatais";"Pleno dia";"Decrescente";"Chuva";"Simples";"Reta";"Rural";2;1;0;0;1;0;0;2
83515230;"12/11/16";"Sábado";"15:30:00";"RJ";101;"443";"MANGARATIBA";"Outras";"Colisão com objeto fixo";"Com Vítimas Feridas";"Pleno dia";"Decrescente";"Chuva";"Simples";"Curva";"Rural";4;0;3;1;0;0;4;1
83515231;"12/11/16";"Sábado";"17:45:00";"RJ";356;"85,5";"CARDOSO MOREIRA";"Velocidade incompatível";"Saída de Pista";"Sem Vítimas";"Pleno dia";"Crescente";"Chuva";"Simples";"Reta";"Rural";1;0;0;0;1;0;0;1
83515232;"12/11/16";"Sábado";"21:30:00";"PR";277;"490";"GUARANIACU";"Ingestão de álcool";"Queda de motocicleta / bicicleta / veículo";"Com Vítimas Feridas";"Plena noite";"Decrescente";"Nublado";"Simples";"Reta";"Rural";1;0;1;0;0;0;1;1
83515233;"12/11/16";"Sábado";"07:00:00";"SP";116;"197,5";"ARUJA";"Outras";"Colisão com objeto fixo";"Sem Vítimas";"Amanhecer";"Crescente";"Chuva";"Dupla";"Reta";"Urbano";2;0;0;0;1;1;0;2
83515234;"12/11/16";"Sábado";"09:20:00";"RJ";101;"244";"SILVA JARDIM";"Outras";"Colisão frontal";"Com Vítimas Feridas";"Pleno dia";"Crescente";"Ceu Claro";"Simples";"Reta";"Rural";8;0;3;2;2;1;5;4
83515235;"04/11/16";"Sexta";"07:40:00";"BA";101;"321";"PRESIDENTE TANCREDO NEVES";"Velocidade incompatível";"Colisão frontal";"Com Vítimas Fatais";"Pleno dia";"Crescente";"Ceu Claro";"Simples";"Curva";"Rural";2;1;1;0;0;0;1;2
83515236;"12/11/16";"Sábado";"22:00:00";"RJ";116;"226";"PIRAI";"Outras";"Colisão com objeto fixo";"Sem Vítimas";"Plena noite";"Decrescente";"Chuva";"Simples";"Curva";"Rural";1;0;0;0;1;0;0;1