"id";"data_inversa";"dia_semana";"horario";"uf";"br";"km";"municipio";"causa_acidente";"tipo_acidente";"classificacao_acidente";"fase_dia";"sentido_via";"condicao_metereologica";"tipo_pista";"tracado_via";"uso_solo";"pessoas";"mortos";"feridos_leves";"feridos_graves";"ilesos";"ignorados";"feridos";"veiculos"
83515346;"11/11/16";"Sexta";"12:15:00";"PR";158;"4,5";"CAMPO MOURAO";"Outras";"Colisão com objeto móvel";"Com Vítimas Feridas";"Pleno dia";"Crescente";"Chuva";"Simples";"Reta";"Urbano";2;0;0;1;0;1;1;2
83515347;"09/11/16";"Quarta";"08:50:00";"SC";101;"14,7";"GARUVA";"Falta de atenção";"Colisão traseira";"Com Vítimas Feridas";"Plena noite";"Crescente";"Chuva";"Simples";"Reta";"Urbano";3;0;2;0;0;1;2;2
83515348;"10/11/16";"Quinta";"04:15:00";"SP";116;"498";"CAJATI";"Dormindo";"Saída de Pista";"Sem Vítimas";"Plena noite";"Crescente";"Nublado";"Dupla";"Reta";"Rural";1;0;0;0;1;0;0;1
83515349;"11/11/16";"Sexta";"13:00:00";"MT";70;"513";"VARZEA GRANDE";"Falta de atenção";"Colisão Transversal";"Sem Vítimas";"Pleno dia";"Crescente";"Ceu Claro";"Simples";"Reta";"Rural";2;0;0;0;2;0;0;2
83515350;"13/11/16";"Domingo";"07:20:00";"PR";116;"20";"ANTONINA";"Velocidade incompatível";"Capotamento";"Com Vítimas Feridas";"Pleno dia";"Decrescente";"Chuva";"Dupla";"Curva";"Rural";2;0;0;1;1;0;1;1
83515351;"13/11/16";"Domingo";"08:00:00";"MG";262;"468";"BOM DESPACHO";"Outras";"Derramamento de Carga";"Sem Vítimas";"Pleno dia";"Crescente";"Chuva";"Simples";"Curva";"Urbano";1;0;0;0;1;0;0;1
83515352;"13/11/16";"Domingo";"06:00:00";"MG";381;"361";"JOAO MONLEVADE";"Dormindo";"Saída de Pista";"Com Vítimas Feridas";"Amanhecer";"Decrescente";"Chuva";"Simples";"Curva";"Rural";4;0;3;1;0;0;4;2
83515353;"09/11/16";"Quarta";"20:30:00";"PI";343;"475";"ANGICAL DO PIAUI";"Ingestão de álcool";"Colisão traseira";"Com Vítimas Feridas";"Plena noite";"Decrescente";"Ceu Claro";"Simples";"Reta";"Rural";3;0;0;2;1;0;2;2
83515354;"13/11/16";"Domingo";"07:00:00";"MG";381;"929,4";"ITAPEVA";"Dormindo";"Colisão lateral";"Sem Vítimas";"Pleno dia";"Crescente";"Chuva";"Dupla";"Reta";"Rural";2;0;0;0;2;0;0;2
83515355;"10/11/16";"Quinta";"18:45:00";"MG";116;"482";"DOM CAVATI";"Velocidade incompatível";"Colisão lateral";"Sem Vítimas";"Anoitecer";"Crescente";"Nublado";"Simples";"Reta";"Rural";3;0;0;0;3;0;0;3
83515356;"11/11/16";"Sexta";"16:20:00";"MS";158;"163,3";"APARECIDA DO TABOADO";"Falta de atenção";"Colisão traseira";"Com Vítimas Feridas";"Pleno dia";"Decrescente";"Nublado";"Simples";"Reta";"Rural";4;0;3;0;1;0;3;2
83515357;"05/11/16";"Sábado";"23:50:00";"SC";101;"212,5";"PALHOCA";"Falta de atenção";"Colisão traseira";"Com Vítimas Feridas";"Plena noite";"Decrescente";"Ceu Claro";"Dupla";"Reta";"Urbano";4;0;1;0;2;1;1;3
83515358;"13/11/16";"Domingo";"08:50:00";"RJ";101;"281";"ITABORAI";"Outras";"Saída de Pista";"Sem Vítimas";"Pleno dia";"Decrescente";"Chuva";"Dupla";"Reta";"Rural";1;0;0;0;1;0;0;1
83515359;"10/11/16";"Quinta";"09:45:00";"MG";251;"479";"FRANCISCO SA";"Velocidade incompatível";"Capotamento";"Sem Vítimas";"Pleno dia";"Decrescente";"Nublado";"Simples";"Reta";"Urbano";1;0;0;0;1;0;0;1
83515360;"12/11/16";"Sábado";"04:00:00";"CE";222;"30,3";"CAUCAIA";"Ingestão de álcool";"Atropelamento de pessoa";"Com Vítimas Fatais";"Plena noite";"Crescente";"Nublado";"Simples";"Reta";"Rural";2;1;0;0;1;0;0;1
83515361;"11/11/16";"Sexta";"20:00:00";"SP";116;"126";"CACAPAVA";"Ingestão de álcool";"Colisão com objeto fixo";"Sem Vítimas";"Plena noite";"Crescente";"Chuva";"Dupla";"Reta";"Urbano";4;0;0;0;4;0;0;1
83515362;"30/09/16";"Sexta";"20:00:00";"ES";101;"129";"SOORETAMA";"Desobediência à sinalização";"Colisão lateral";"Com Vítimas Feridas";"Plena noite";"Decrescente";"Ceu Claro";"Simples";"Reta";"Rural";7;0;0;6;1;0;6;2
83515363;"09/11/16";"Quarta";"20:40:00";"AC";364;"138";"RIO BRANCO";"Falta de atenção";"Colisão Transversal";"Sem Vítimas";"Plena noite";"Crescente";"Chuva";"Dupla";"Reta";"Urbano";2;0;0;0;2;0;0;2
83515364;"13/11/16";"Domingo";"07:40:00";"PR";376;"339";"ORTIGUEIRA";"Velocidade incompatível";"Tombamento";"Com Vítimas Feridas";"Pleno dia";"Crescente";"Nublado";"Simples";"Curva";"Rural";1;0;0;1;0;0;1;1
83515365;"10/11/16";"Quinta";"05:30:00";"MG";40;"607,3";"CONGONHAS";"Velocidade incompatível";"Colisão traseira";"Sem Vítimas";"Amanhecer";"Decrescente";"Chuva";"Simples";"Reta";"Rural";2;0;0;0;2;0;0;2
83515366;"13/11/16";"Domingo";"09:45:00";"MG";262;"123";"RIO CASCA";"Velocidade incompatível";"Saída de Pista";"Sem Vítimas";"Pleno dia";"Decrescente";"Chuva";"Simples";"Curva";"Rural";2;0;0;0;2;0;0;1
83515367;"12/11/16";"Sábado";"06:30:00";"BA";101;"935";"MUCURI";"Falta de atenção";"Colisão Transversal";"Com Vítimas Feridas";"Pleno dia";"Decrescente";"Ceu Claro";"Simples";"Reta";"Rural";5;0;2;0;3;0;2;2
83515368;"13/11/16";"Domingo";"07:20:00";"SC";101;"171,9";"TIJUCAS";"Dormindo";"Colisão com bicicleta";"Com Vítimas Feridas";"Pleno dia";"Crescente";"Ceu Claro";"Dupla";"Reta";"Rural";4;0;2;1;1;0;3;2
83515369;"13/11/16";"Domingo";"05:15:00";"SC";470;"327,8";"CAMPOS NOVOS";"Ingestão de álcool";"Colisão traseira";"Com Vítimas Feridas";"Plena noite";"Decrescente";"Ceu Claro";"Dupla";"Reta";"Rural";3;0;2;0;1;0;2;2
83515370;"05/11/16";"Sábado";"11:15:00";"SC";101;"235";"PALHOCA";"Falta de atenção";"Saída de Pista";"Ignorado";"Pleno dia";"Decrescente";"Nublado";"Dupla";"Reta";"Urbano";1;0;0;0;0;1;0;1
83515371;"13/11/16";"Domingo";"10:30:00";"PR";376;"655";"TIJUCAS DO SUL";"Velocidade incompatível";"Colisão com objeto fixo";"Com Vítimas Feridas";"Pleno dia";"Decrescente";"Chuva";"Dupla";"Curva";"Rural";2;0;2;0;0;0;2;1
83515372;"09/11/16";"Quarta";"18:15:00";"PR";116;"30";"CAMPINA GRANDE DO SUL";"Outras";"Derramamento de Carga";"Sem Vítimas";"Pleno dia";"Crescente";"Chuva";"Dupla";"Reta";"Rural";2;0;0;0;2;0;0;2
83515373;"09/11/16";"Quarta";"16:45:00";"SC";470;"66";"INDAIAL";"Falta de atenção";"Colisão frontal";"Com Vítimas Feridas";"Pleno dia";"Decrescente";"Ceu Claro";"Simples";"Reta";"Urbano";2;0;1;0;1;0;1;2
83515374;"13/11/16";"Domingo";"08:23:00";"SP";116;"135";"SAO JOSE DOS CAMPOS";"Não guardar distância de segurança";"Colisão traseira";"Com Vítimas Feridas";"Pleno dia";"Decrescente";"Chuva";"Dupla";"Reta";"Rural";5;0;1;0;3;1;1;4
83515375;"13/11/16";"Domingo";"10:20:00";"GO";60;"460,2";"JATAI";"Defeito na via";"Saída de Pista";"Sem Vítimas";"Pleno dia";"Crescente";"Chuva";"Dupla";"Curva";"Rural";1;0;0;0;1;0;0;1
83515376;"13/11/16";"Domingo";"10:30:00";"SP";116;"202";"ARUJA";"Falta de atenção";"Colisão com objeto fixo";"Sem Vítimas";"Pleno dia";"Crescente";"Chuva";"Dupla";"Curva";"Rural";1;0;0;0;1;0;0;1
83515377;"13/11/16";"Domingo";"06:00:00";"ES";101;"271";"SERRA";"Ingestão de álcool";"Saída de Pista";"Sem Vítimas";"Amanhecer";"Decrescente";"Nublado";"Múltipla";"Reta";"Urbano";1;0;0;0;1;0;0;1
83515378;"13/11/16";"Domingo";"08:00:00";"MS";60;"410";"SIDROLANDIA";"Outras";"Saída de Pista";"Ignorado";"Pleno dia";"Decrescente";"Nublado";"Simples";"Curva";"Rural";1;0;0;0;0;1;0;1
83515379;"13/11/16";"Domingo";"11:00:00";"PR";376;"652";"TIJUCAS DO SUL";"Velocidade incompatível";"Colisão com objeto fixo";"Com Vítimas Feridas";"Pleno dia";"Decrescente";"Chuva";"Dupla";"Curva";"Rural";3;0;2;0;1;0;2;1
83515380;"02/11/16";"Quarta";"05:00:00";"SP";116;"202";"ARUJA";"Outras";"Colisão com bicicleta";"Com Vítimas Feridas";"Amanhecer";"Decrescente";"Ceu Claro";"Dupla";"Reta";"Urbano";3;0;1;1;1;0;2;3
83515381;"13/11/16";"Domingo";"08:30:00";"MG";381;"732";"CARMO DA CACHOEIRA";"Velocidade incompatível";"Capotamento";"Com Vítimas Feridas";"Pleno dia";"Decrescente";"Chuva";"Dupla";"Reta";"Rural";4;0;3;0;1;0;3;1
83515382;"13/11/16";"Domingo";"10:30:00";"MG";381;"709";"NEPOMUCENO";"Velocidade incompatível";"Saída de Pista";"Sem Vítimas";"Pleno dia";"Crescente";"Chuva";"Dupla";"Curva";"Rural";1;0;0;0;1;0;0;1
83515383;"08/11/16";"Terça";"18:33:00";"SP";116;"157";"SAO JOSE DOS CAMPOS";"Outras";"Atropelamento de pessoa";"Com Vítimas Feridas";"Pleno dia";"Crescente";"Ceu Claro";"Dupla";"Reta";"Rural";2;0;1;0;1;0;1;1
83515384;"13/11/16";"Domingo";"11:30:00";"SP";116;"375";"MIRACATU";"Falta de atenção";"Colisão com objeto fixo";"Sem Vítimas";"Pleno dia";"Decrescente";"Chuva";"Dupla";"Curva";"Rural";1;0;0;0;1;0;0;1
83515385;"13/11/16";"Domingo";"06:15:00";"SE";235;"100,8";"CARIRA";"Outras";"Saída de Pista";"Com Vítimas Fatais";"Plena noite";"Crescente";"Nublado";"Simples";"Reta";"Rural";1;1;0;0;0;0;0;1
83515386;"12/11/16";"Sábado";"20:00:00";"BA";135;"151";"RIACHAO DAS NEVES";"Velocidade incompatível";"Capotamento";"Com Vítimas Feridas";"Plena noite";"Crescente";"Chuva";"Simples";"Reta";"Rural";1;0;1;0;0;0;1;1
83515387;"13/11/16";"Domingo";"09:40:00";"MA";10;"325";"ACAILANDIA";"Outras";"Saída de Pista";"Com Vítimas Feridas";"Pleno dia";"Crescente";"Sol";"Simples";"Reta";"Rural";3;0;2;0;1;0;2;1
83515388;"13/11/16";"Domingo";"06:20:00";"MG";381;"380";"SAO GONCALO DO RIO ABAIXO";"Outras";"Capotamento";"Sem Vítimas";"Amanhecer";"Decrescente";"Chuva";"Simples";"Curva";"Rural";1;0;0;0;1;0;0;1
83515389;"09/11/16";"Quarta";"18:30:00";"ES";101;"0,5";"SERRA";"Desobediência à sinalização";"Colisão Transversal";"Com Vítimas Feridas";"Anoitecer";"Crescente";"Ceu Claro";"Múltipla";"Reta";"Urbano";2;0;1;0;1;0;1;2
83515391;"13/11/16";"Domingo";"09:00:00";"MG";381;"532";"ITATIAIUCU";"Velocidade incompatível";"Saída de Pista";"Com Vítimas Feridas";"Pleno dia";"Crescente";"Chuva";"Dupla";"Curva";"Rural";3;0;2;0;1;0;2;1
83515392;"13/11/16";"Domingo";"07:30:00";"PR";376;"307";"ORTIGUEIRA";"Velocidade incompatível";"Tombamento";"Com Vítimas Feridas";"Pleno dia";"Crescente";"Ceu Claro";"Dupla";"Curva";"Rural";3;0;2;0;1;0;2;1
83515393;"24/10/16";"Segunda";"21:45:00";"RJ";40;"78";"PETROPOLIS";"Outras";"Atropelamento de pessoa";"Com Vítimas Feridas";"Plena noite";"Crescente";"Nevoeiro/neblina";"Simples";"Curva";"Urbano";2;0;0;1;1;0;1;1
83515394;"13/11/16";"Domingo";"10:30:00";"SP";116;"1,4";"QUELUZ";"Outras";"Colisão com objeto fixo";"Com Vítimas Feridas";"Pleno dia";"Crescente";"Chuva";"Dupla";"Reta";"Rural";5;0;2;0;3;0;2;1
83515395;"13/11/16";"Domingo";"09:00:00";"RJ";116;"91";"GUAPIMIRIM";"Outras";"Tombamento";"Com Vítimas Feridas";"Pleno dia";"Crescente";"Chuva";"Simples";"Curva";"Rural";1;0;1;0;0;0;1;1
83515396;"06/11/16";"Domingo";"00:20:00";"SC";470;"96";"APIUNA";"Ingestão de álcool";"Colisão frontal";"Sem Vítimas";"Plena noite";"Decrescente";"Ceu Claro";"Simples";"Reta";"Urbano";2;0;0;0;1;1;0;2
83515397;"13/11/16";"Domingo";"11:05:00";"MG";40;"559,9";"NOVA LIMA";"Outras";"Saída de Pista";"Com Vítimas Feridas";"Pleno dia";"Crescente";"Chuva";"Dupla";"Reta";"Urbano";3;0;1;1;1;0;2;1
83515398;"13/11/16";"Domingo";"13:15:00";"RS";116;"398";"CAMAQUA";"Falta de atenção";"Colisão com bicicleta";"Com Vítimas Feridas";"Pleno dia";"Decrescente";"Ceu Claro";"Simples";"Reta";"Urbano";2;0;1;0;1;0;1;2
83515399;"13/11/16";"Domingo";"09:30:00";"PR";277;"649";"MATELANDIA";"Falta de atenção";"Saída de Pista";"Sem Vítimas";"Pleno dia";"Decrescente";"Ceu Claro";"Simples";"Reta";"Rural";1;0;0;0;1;0;0;1
83515400;"03/11/16";"Quinta";"20:47:00";"PR";163;"288";"MARECHAL CANDIDO RONDON";"Outras";"Atropelamento de pessoa";"Com Vítimas Feridas";"Plena noite";"Decrescente";"Ceu Claro";"Dupla";"Reta";"Urbano";3;0;0;1;2;0;1;1
83515401;"13/11/16";"Domingo";"11:30:00";"MG";50;"193,9";"DELTA";"Animais na Pista";"Saída de Pista";"Com Vítimas Feridas";"Pleno dia";"Decrescente";"Chuva";"Dupla";"Reta";"Rural";1;0;1;0;0;0;1;1
83515402;"13/11/16";"Domingo";"11:30:00";"PE";232;"13";"JABOATAO DOS GUARARAPES";"Outras";"Queda de motocicleta / bicicleta / veículo";"Ignorado";"Pleno dia";"Crescente";"Ceu Claro";"Dupla";"Reta";"Urbano";1;0;0;0;0;1;0;1
83515403;"10/11/16";"Quinta";"06:40:00";"ES";101;"183,5";"LINHARES";"Outras";"Colisão frontal";"Com Vítimas Feridas";"Amanhecer";"Decrescente";"Ceu Claro";"Simples";"Curva";"Rural";6;0;2;4;0;0;6;4
83515404;"12/11/16";"Sábado";"18:49:00";"MT";163;"580";"NOVA MUTUM";"Outras";"Saída de Pista";"Sem Vítimas";"Pleno dia";"Crescente";"Chuva";"Simples";"Reta";"Rural";5;0;0;0;5;0;0;1
83515405;"13/11/16";"Domingo";"12:15:00";"GO";153;"158,8";"MARA ROSA";"Falta de atenção";"Saída de Pista";"Sem Vítimas";"Pleno dia";"Crescente";"Chuva";"Simples";"Reta";"Rural";4;0;0;0;4;0;0;1
83515406;"13/11/16";"Domingo";"13:00:00";"RJ";101;"271";"ITABORAI";"Outras";"Saída de Pista";"Sem Vítimas";"Pleno dia";"Crescente";"Chuva";"Dupla";"Reta";"Urbano";1;0;0;0;1;0;0;1
83515407;"13/11/16";"Domingo";"09:55:00";"RO";364;"18,7";"VILHENA";"Falta de atenção";"Colisão traseira";"Com Vítimas Feridas";"Pleno dia";"Crescente";"Nublado";"Simples";"Reta";"Urbano";2;0;1;0;1;0;1;2
83515408;"09/11/16";"Quarta";"21:20:00";"MG";262;"46,8";"MANHUACU";"Velocidade incompatível";"Colisão frontal";"Com Vítimas Feridas";"Plena noite";"Crescente";"Nublado";"Simples";"Reta";"Rural";3;0;2;0;1;0;2;3
83515409;"13/11/16";"Domingo";"10:30:00";"PR";163;"282";"MARECHAL CANDIDO RONDON";"Animais na Pista";"Colisão traseira";"Com Vítimas Feridas";"Amanhecer";"Crescente";"Ceu Claro";"Simples";"Reta";"Rural";5;0;1;0;4;0;1;4
83515410;"13/11/16";"Domingo";"10:35:00";"ES";101;"301,5";"VIANA";"Não guardar distância de segurança";"Colisão traseira";"Com Vítimas Feridas";"Pleno dia";"Decrescente";"Chuva";"Dupla";"Cruzamento";"Urbano";3;0;1;0;2;0;1;2
83515411;"12/11/16";"Sábado";"01:00:00";"RJ";101;"392";"RIO DE JANEIRO";"Não guardar distância de segurança";"Colisão traseira";"Sem Vítimas";"Plena noite";"Crescente";"Chuva";"Dupla";"Reta";"Rural";2;0;0;0;2;0;0;2
83515412;"13/11/16";"Domingo";"07:50:00";"PR";153;"165";"VENTANIA";"Outras";"Tombamento";"Sem Vítimas";"Pleno dia";"Decrescente";"Nublado";"Simples";"Curva";"Rural";1;0;0;0;1;0;0;1
83515414;"13/11/16";"Domingo";"08:30:00";"MT";364;"170";"PEDRA PRETA";"Velocidade incompatível";"Colisão Transversal";"Com Vítimas Feridas";"Pleno dia";"Decrescente";"Nublado";"Simples";"Reta";"Urbano";5;0;3;1;1;0;4;2
83515415;"13/11/16";"Domingo";"12:30:00";"PR";467;"73";"TOLEDO";"Defeito mecânico em veículo";"Tombamento";"Sem Vítimas";"Pleno dia";"Crescente";"Nublado";"Dupla";"Reta";"Rural";1;0;0;0;1;0;0;1
83515416;"07/11/16";"Segunda";"08:02:00";"MT";163;"545";"DIAMANTINO";"Ultrapassagem indevida";"Saída de Pista";"Com Vítimas Feridas";"Pleno dia";"Decrescente";"Chuva";"Simples";"Curva";"Rural";5;0;3;0;1;1;3;2
83515417;"13/11/16";"Domingo";"10:05:00";"GO";60;"97";"ANAPOLIS";"Não guardar distância de segurança";"Colisão traseira";"Sem Vítimas";"Pleno dia";"Decrescente";"Chuva";"Dupla";"Reta";"Urbano";2;0;0;0;2;0;0;2
83515418;"13/11/16";"Domingo";"11:40:00";"SC";101;"461";"SAO JOAO DO SUL";"Falta de atenção";"Saída de Pista";"Sem Vítimas";"Pleno dia";"Decrescente";"Vento";"Dupla";"Reta";"Urbano";1;0;0;0;1;0;0;1
83515420;"13/11/16";"Domingo";"11:00:00";"RJ";493;"20";"MAGE";"Outras";"Colisão Transversal";"Com Vítimas Feridas";"Pleno dia";"Decrescente";"Chuva";"Simples";"Reta";"Urbano";3;0;3;0;0;0;3;2
83515421;"08/11/16";"Terça";"18:10:00";"GO";40;"5";"VALPARAISO DE GOIAS";"Falta de atenção";"Colisão Transversal";"Com Vítimas Feridas";"Pleno dia";"Crescente";"Nublado";"Dupla";"Reta";"Urbano";3;0;2;0;1;0;2;2
83515422;"13/11/16";"Domingo";"08:45:00";"GO";60;"371,5";"RIO VERDE";"Ingestão de álcool";"Colisão traseira";"Com Vítimas Fatais";"Pleno dia";"Crescente";"Chuva";"Dupla";"Reta";"Rural";5;1;2;2;0;0;4;2
83515423;"13/11/16";"Domingo";"13:30:00";"SP";116;"211";"GUARULHOS";"Outras";"Colisão com objeto fixo";"Sem Vítimas";"Pleno dia";"Decrescente";"Chuva";"Dupla";"Reta";"Urbano";1;0;0;0;1;0;0;1
83515424;"10/11/16";"Quinta";"06:30:00";"SE";101;"110,4";"SAO CRISTOVAO";"Outras";"Colisão com objeto fixo";"Sem Vítimas";"Pleno dia";"Crescente";"Chuva";"Dupla";"Curva";"Rural";1;0;0;0;1;0;0;1
83515425;"07/11/16";"Segunda";"12:50:00";"GO";40;"0,2";"VALPARAISO DE GOIAS";"Desobediência à sinalização";"Atropelamento de pessoa";"Com Vítimas Feridas";"Pleno dia";"Decrescente";"Nublado";"Dupla";"Reta";"Urbano";2;0;1;1;0;0;2;1
83515426;"13/11/16";"Domingo";"09:40:00";"MG";40;"557";"NOVA LIMA";"Velocidade incompatível";"Colisão com objeto fixo";"Sem Vítimas";"Pleno dia";"Crescente";"Chuva";"Dupla";"Curva";"Urbano";1;0;0;0;1;0;0;1
83515427;"13/11/16";"Domingo";"10:50:00";"SP";116;"349";"MIRACATU";"Defeito mecânico em veículo";"Incêndio";"Sem Vítimas";"Pleno dia";"Decrescente";"Chuva";"Simples";"Reta";"Rural";13;0;0;0;3;10;0;11
83515428;"09/11/16";"Quarta";"20:30:00";"RO";364;"710";"PORTO VELHO";"Falta de atenção";"Colisão traseira";"Com Vítimas Feridas";"Plena noite";"Decrescente";"Nublado";"Dupla";"Reta";"Urbano";3;0;1;2;0;0;3;2
83515429;"09/11/16";"Quarta";"17:55:00";"RN";110;"2";"AREIA BRANCA";"Falta de atenção";"Colisão Transversal";"Com Vítimas Feridas";"Plena noite";"Decrescente";"Ignorada";"Simples";"Curva";"Urbano";2;0;0;1;1;0;1;2
83515430;"13/11/16";"Domingo";"08:30:00";"SC";101;"354,5";"JAGUARUNA";"Falta de atenção";"Colisão lateral";"Sem Vítimas";"Pleno dia";"Crescente";"Sol";"Dupla";"Reta";"Rural";2;0;0;0;2;0;0;2
83515431;"13/11/16";"Domingo";"12:00:00";"SP";116;"158,8";"JACAREI";"Falta de atenção";"Colisão com objeto móvel";"Sem Vítimas";"Pleno dia";"Crescente";"Chuva";"Dupla";"Reta";"Urbano";1;0;0;0;1;0;0;1
83515432;"13/11/16";"Domingo";"08:53:00";"MG";262;"368,8";"JUATUBA";"Outras";"Colisão com objeto fixo";"Ignorado";"Amanhecer";"Decrescente";"Chuva";"Simples";"Curva";"Rural";1;0;0;0;0;1;0;1
83515433;"13/11/16";"Domingo";"13:00:00";"MG";381;"519,1";"IGARAPE";"Velocidade incompatível";"Capotamento";"Com Vítimas Feridas";"Pleno dia";"Decrescente";"Chuva";"Dupla";"Curva";"Rural";5;0;2;0;3;0;2;1
83515434;"13/11/16";"Domingo";"14:30:00";"GO";153;"585";"PROFESSOR JAMIL";"Velocidade incompatível";"Capotamento";"Com Vítimas Feridas";"Pleno dia";"Decrescente";"Chuva";"Dupla";"Curva";"Rural";1;0;0;1;0;0;1;1
83515435;"09/11/16";"Quarta";"10:00:00";"RJ";101;"316";"SAO GONCALO";"Outras";"Colisão traseira";"Com Vítimas Feridas";"Pleno dia";"Crescente";"Ceu Claro";"Dupla";"Reta";"Urbano";3;0;2;0;1;0;2;2
83515436;"13/11/16";"Domingo";"12:55:00";"PE";428;"184,5";"PETROLINA";"Desobediência à sinalização";"Colisão Transversal";"Com Vítimas Feridas";"Pleno dia";"Decrescente";"Ceu Claro";"Simples";"Reta";"Urbano";7;0;0;6;1;0;6;3
83515437;"11/11/16";"Sexta";"05:20:00";"MT";174;"217";"FIGUEIROPOLIS DOESTE";"Falta de atenção";"Saída de Pista";"Sem Vítimas";"Amanhecer";"Crescente";"Ceu Claro";"Simples";"Reta";"Rural";2;0;0;0;2;0;0;1
83515438;"13/11/16";"Domingo";"03:00:00";"SC";282;"622,8";"IRACEMINHA";"Ingestão de álcool";"Capotamento";"Ignorado";"Plena noite";"Crescente";"Ceu Claro";"Simples";"Curva";"Rural";1;0;0;0;0;1;0;1
83515439;"13/11/16";"Domingo";"10:30:00";"GO";60;"48";"ABADIANIA";"Velocidade incompatível";"Saída de Pista";"Com Vítimas Feridas";"Pleno dia";"Decrescente";"Nublado";"Dupla";"Reta";"Rural";4;0;1;0;3;0;1;1
83515440;"09/11/16";"Quarta";"20:40:00";"CE";222;"25";"CAUCAIA";"Falta de atenção";"Colisão lateral";"Sem Vítimas";"Plena noite";"Crescente";"Ceu Claro";"Simples";"Reta";"Rural";2;0;0;0;1;1;0;2
83515441;"13/11/16";"Domingo";"12:50:00";"GO";60;"195,8";"GUAPO";"Outras";"Capotamento";"Com Vítimas Feridas";"Pleno dia";"Crescente";"Chuva";"Dupla";"Reta";"Rural";1;0;1;0;0;0;1;1
83515442;"13/11/16";"Domingo";"12:00:00";"MG";381;"906";"CAMBUI";"Velocidade incompatível";"Capotamento";"Sem Vítimas";"Pleno dia";"Decrescente";"Chuva";"Dupla";"Reta";"Rural";1;0;0;0;1;0;0;1
83515443;"13/11/16";"Domingo";"13:10:00";"GO";60;"195,8";"GUAPO";"Velocidade incompatível";"Colisão traseira";"Com Vítimas Feridas";"Pleno dia";"Crescente";"Chuva";"Dupla";"Curva";"Rural";5;0;0;1;4;0;1;2
83515444;"13/11/16";"Domingo";"14:00:00";"GO";60;"129";"TEREZOPOLIS DE GOIAS";"Outras";"Saída de Pista";"Sem Vítimas";"Pleno dia";"Crescente";"Nublado";"Dupla";"Reta";"Rural";1;0;0;0;1;0;0;1
83515445;"09/11/16";"Quarta";"11:30:00";"RS";116;"87,3";"CAMPESTRE DA SERRA";"Falta de atenção";"Colisão Transversal";"Sem Vítimas";"Pleno dia";"Crescente";"Ceu Claro";"Simples";"Reta";"Urbano";2;0;0;0;2;0;0;2
83515446;"09/11/16";"Quarta";"10:20:00";"SC";101;"241";"PALHOCA";"Falta de atenção";"Tombamento";"Com Vítimas Feridas";"Pleno dia";"Crescente";"Chuva";"Dupla";"Reta";"Urbano";1;0;0;1;0;0;1;1
83515447;"29/10/16";"Sábado";"06:00:00";"RJ";40;"92";"PETROPOLIS";"Outras";"Colisão com objeto fixo";"Sem Vítimas";"Pleno dia";"Crescente";"Nublado";"Simples";"Curva";"Rural";1;0;0;0;1;0;0;1
83515448;"13/11/16";"Domingo";"15:10:00";"RJ";101;"166";"MACAE";"Outras";"Saída de Pista";"Sem Vítimas";"Pleno dia";"Crescente";"Chuva";"Simples";"Reta";"Rural";1;0;0;0;1;0;0;1
83515449;"13/11/16";"Domingo";"13:00:00";"MT";364;"364";"SANTO ANTONIO DO LEVERGER";"Falta de atenção";"Colisão traseira";"Com Vítimas Feridas";"Pleno dia";"Crescente";"Ceu Claro";"Simples";"Reta";"Rural";3;0;1;0;2;0;1;2
83515450;"09/11/16";"Quarta";"08:30:00";"PE";101;"27";"IGARASSU";"Defeito na via";"Capotamento";"Sem Vítimas";"Pleno dia";"Decrescente";"Nublado";"Dupla";"Reta";"Rural";1;0;0;0;1;0;0;1
83515451;"13/11/16";"Domingo";"08:45:00";"GO";60;"275,1";"JANDAIA";"Defeito na via";"Saída de Pista";"Sem Vítimas";"Pleno dia";"Crescente";"Chuva";"Dupla";"Curva";"Rural";1;0;0;0;1;0;0;1
83515452;"12/11/16";"Sábado";"20:30:00";"AL";101;"169";"TEOTONIO VILELA";"Falta de atenção";"Colisão com objeto fixo";"Com Vítimas Feridas";"Plena noite";"Decrescente";"Ignorada";"Dupla";"Curva";"Rural";4;0;2;1;1;0;3;1
83515454;"13/11/16";"Domingo";"12:40:00";"SC";470;"56,5";"BLUMENAU";"Falta de atenção";"Colisão Transversal";"Sem Vítimas";"Pleno dia";"Crescente";"Nublado";"Simples";"Reta";"Urbano";2;0;0;0;2;0;0;2
83515455;"13/11/16";"Domingo";"09:08:00";"MT";364;"486";"JANGADA";"Outras";"Capotamento";"Com Vítimas Feridas";"Pleno dia";"Crescente";"Chuva";"Simples";"Reta";"Rural";3;0;3;0;0;0;3;1
83515456;"13/11/16";"Domingo";"13:00:00";"ES";101;"240";"SERRA";"Velocidade incompatível";"Colisão Transversal";"Com Vítimas Feridas";"Pleno dia";"Decrescente";"Chuva";"Simples";"Reta";"Urbano";2;0;1;0;1;0;1;2
83515457;"13/11/16";"Domingo";"06:00:00";"MT";174;"463,2";"COMODORO";"Falta de atenção";"Colisão lateral";"Com Vítimas Feridas";"Amanhecer";"Decrescente";"Nublado";"Simples";"Curva";"Rural";2;0;0;1;1;0;1;2
83515458;"13/11/16";"Domingo";"15:45:00";"SP";381;"51,9";"ATIBAIA";"Outras";"Tombamento";"Sem Vítimas";"Pleno dia";"Crescente";"Chuva";"Dupla";"Curva";"Urbano";1;0;0;0;1;0;0;1