"id";"data_inversa";"dia_semana";"horario";"uf";"br";"km";"municipio";"causa_acidente";"tipo_acidente";"classificacao_acidente";"fase_dia";"sentido_via";"condicao_metereologica";"tipo_pista";"tracado_via";"uso_solo";"pessoas";"mortos";"feridos_leves";"feridos_graves";"ilesos";"ignorados";"feridos";"veiculos"
83515459;"17/09/16";"Sábado";"13:15:00";"PR";476;"136,7";"CURITIBA";"Desobediência à sinalização";"Colisão Transversal";"Com Vítimas Feridas";"Pleno dia";"Crescente";"Ceu Claro";"Múltipla";"Reta";"Urbano";3;0;0;2;1;0;2;3
83515460;"13/11/16";"Domingo";"11:20:00";"ES";262;"100";"VENDA NOVA DO IMIGRANTE";"Ingestão de álcool";"Queda de motocicleta / bicicleta / veículo";"Com Vítimas Feridas";"Pleno dia";"Crescente";"Chuva";"Simples";"Reta";"Rural";1;0;1;0;0;0;1;1
83515461;"13/11/16";"Domingo";"12:50:00";"MG";40;"462,1";"SETE LAGOAS";"Velocidade incompatível";"Saída de Pista";"Com Vítimas Feridas";"Pleno dia";"Crescente";"Chuva";"Dupla";"Reta";"Rural";5;0;3;1;1;0;4;1
83515462;"11/11/16";"Sexta";"12:10:00";"PR";376;"176";"MARINGA";"Não guardar distância de segurança";"Colisão traseira";"Sem Vítimas";"Pleno dia";"Decrescente";"Chuva";"Dupla";"Reta";"Urbano";2;0;0;0;2;0;0;2
83515463;"13/11/16";"Domingo";"10:10:00";"PE";232;"131";"CARUARU";"Ingestão de álcool";"Colisão traseira";"Com Vítimas Feridas";"Pleno dia";"Decrescente";"Ceu Claro";"Dupla";"Reta";"Urbano";3;0;2;0;1;0;2;2
83515464;"13/11/16";"Domingo";"14:10:00";"GO";50;"294,8";"CATALAO";"Ingestão de álcool";"Queda de motocicleta / bicicleta / veículo";"Com Vítimas Feridas";"Pleno dia";"Crescente";"Nublado";"Simples";"Reta";"Rural";1;0;1;0;0;0;1;1
83515465;"13/11/16";"Domingo";"15:00:00";"PR";376;"657";"TIJUCAS DO SUL";"Velocidade incompatível";"Colisão lateral";"Com Vítimas Feridas";"Pleno dia";"Decrescente";"Chuva";"Dupla";"Curva";"Rural";2;0;1;0;1;0;1;2
83515466;"13/11/16";"Domingo";"13:15:00";"MG";381;"515,9";"IGARAPE";"Velocidade incompatível";"Saída de Pista";"Com Vítimas Feridas";"Pleno dia";"Decrescente";"Chuva";"Dupla";"Curva";"Rural";5;0;5;0;0;0;5;1
83515467;"13/11/16";"Domingo";"09:50:00";"SC";101;"352,2";"JAGUARUNA";"Falta de atenção";"Tombamento";"Com Vítimas Feridas";"Pleno dia";"Crescente";"Sol";"Dupla";"Reta";"Rural";2;0;1;1;0;0;2;2
83515468;"13/11/16";"Domingo";"17:00:00";"RJ";116;"285";"BARRA MANSA";"Outras";"Colisão com objeto fixo";"Sem Vítimas";"Pleno dia";"Crescente";"Chuva";"Dupla";"Curva";"Rural";1;0;0;0;1;0;0;1
83515469;"13/11/16";"Domingo";"09:35:00";"MG";381;"778,2";"CAMPANHA";"Velocidade incompatível";"Saída de Pista";"Sem Vítimas";"Pleno dia";"Decrescente";"Chuva";"Dupla";"Reta";"Rural";1;0;0;0;1;0;0;1
83515470;"12/11/16";"Sábado";"18:45:00";"BA";242;"734";"CRISTOPOLIS";"Velocidade incompatível";"Capotamento";"Com Vítimas Feridas";"Plena noite";"Decrescente";"Chuva";"Simples";"Reta";"Rural";3;0;3;0;0;0;3;1
83515471;"13/11/16";"Domingo";"12:41:00";"RS";290;"20,8";"SANTO ANTONIO DA PATRULHA";"Outras";"Capotamento";"Com Vítimas Feridas";"Pleno dia";"Decrescente";"Ceu Claro";"Dupla";"Curva";"Rural";1;0;1;0;0;0;1;1
83515472;"13/11/16";"Domingo";"17:10:00";"RJ";40;"31,8";"AREAL";"Velocidade incompatível";"Capotamento";"Sem Vítimas";"Pleno dia";"Crescente";"Chuva";"Dupla";"Curva";"Rural";4;0;0;0;4;0;0;1
83515473;"13/11/16";"Domingo";"11:52:00";"PA";230;"110";"MARABA";"Defeito mecânico em veículo";"Colisão frontal";"Com Vítimas Feridas";"Pleno dia";"Crescente";"Sol";"Simples";"Reta";"Rural";3;0;0;1;2;0;1;2
83515474;"13/11/16";"Domingo";"16:50:00";"RS";470;"217";"BENTO GONCALVES";"Desobediência à sinalização";"Colisão Transversal";"Com Vítimas Feridas";"Pleno dia";"Decrescente";"Ceu Claro";"Dupla";"Cruzamento";"Urbano";6;0;1;0;5;0;1;2
83515475;"13/11/16";"Domingo";"11:20:00";"RJ";116;"215";"SEROPEDICA";"Falta de atenção";"Capotamento";"Sem Vítimas";"Pleno dia";"Decrescente";"Chuva";"Dupla";"Curva";"Urbano";1;0;0;0;1;0;0;1
83515476;"13/11/16";"Domingo";"13:50:00";"MG";381;"646,6";"SANTO ANTONIO DO AMPARO";"Velocidade incompatível";"Capotamento";"Ignorado";"Pleno dia";"Crescente";"Chuva";"Dupla";"Curva";"Rural";1;0;0;0;0;1;0;1
83515477;"13/11/16";"Domingo";"16:20:00";"RS";290;"130,4";"ELDORADO DO SUL";"Desobediência à sinalização";"Colisão Transversal";"Com Vítimas Feridas";"Pleno dia";"Crescente";"Ceu Claro";"Simples";"Cruzamento";"Rural";9;0;0;9;0;0;9;2
83515478;"13/11/16";"Domingo";"11:40:00";"RJ";116;"163,3";"RIO DE JANEIRO";"Velocidade incompatível";"Colisão com objeto fixo";"Sem Vítimas";"Pleno dia";"Decrescente";"Chuva";"Múltipla";"Reta";"Urbano";1;0;0;0;1;0;0;1
83515479;"13/11/16";"Domingo";"10:00:00";"BA";242;"861";"LUIS EDUARDO MAGALHAES";"Falta de atenção";"Colisão Transversal";"Sem Vítimas";"Pleno dia";"Decrescente";"Chuva";"Simples";"Cruzamento";"Rural";2;0;0;0;2;0;0;2
83515480;"13/11/16";"Domingo";"14:25:00";"RJ";116;"168,6";"SAO JOAO DE MERITI";"Não guardar distância de segurança";"Colisão traseira";"Com Vítimas Feridas";"Pleno dia";"Decrescente";"Chuva";"Múltipla";"Reta";"Urbano";4;0;1;0;3;0;1;3
83515481;"10/11/16";"Quinta";"08:30:00";"RJ";393;"170,1";"TRES RIOS";"Velocidade incompatível";"Colisão lateral";"Com Vítimas Fatais";"Pleno dia";"Decrescente";"Sol";"Simples";"Curva";"Rural";2;1;0;0;1;0;0;2
83515482;"13/11/16";"Domingo";"15:35:00";"SC";280;"28";"ARAQUARI";"Falta de atenção";"Colisão traseira";"Com Vítimas Feridas";"Pleno dia";"Crescente";"Ceu Claro";"Simples";"Reta";"Urbano";3;0;1;0;2;0;1;3
83515483;"13/11/16";"Domingo";"17:50:00";"RS";386;"427,4";"NOVA SANTA RITA";"Não guardar distância de segurança";"Colisão traseira";"Sem Vítimas";"Pleno dia";"Crescente";"Ceu Claro";"Simples";"Reta";"Rural";17;0;0;0;17;0;0;6
83515484;"13/11/16";"Domingo";"17:00:00";"ES";101;"65,9";"SAO MATEUS";"Falta de atenção";"Colisão traseira";"Com Vítimas Feridas";"Pleno dia";"Decrescente";"Nublado";"Múltipla";"Reta";"Urbano";2;0;1;0;1;0;1;2
83515485;"13/11/16";"Domingo";"18:10:00";"PR";277;"44,6";"MORRETES";"Outras";"Colisão com objeto fixo";"Com Vítimas Feridas";"Pleno dia";"Crescente";"Chuva";"Dupla";"Curva";"Rural";1;0;1;0;0;0;1;1
83515486;"13/11/16";"Domingo";"17:15:00";"RS";471;"173,7";"RIO PARDO";"Outras";"Saída de Pista";"Com Vítimas Feridas";"Pleno dia";"Crescente";"Ceu Claro";"Simples";"Reta";"Urbano";1;0;1;0;0;0;1;1
83515488;"13/11/16";"Domingo";"13:30:00";"RS";101;"15,6";"DOM PEDRO DE ALCANTARA";"Outras";"Saída de Pista";"Sem Vítimas";"Pleno dia";"Decrescente";"Sol";"Simples";"Curva";"Rural";1;0;0;0;1;0;0;1
83515489;"11/11/16";"Sexta";"01:00:00";"MT";70;"5,4";"BARRA DO GARCAS";"Falta de atenção";"Queda de motocicleta / bicicleta / veículo";"Com Vítimas Feridas";"Plena noite";"Crescente";"Ceu Claro";"Dupla";"Cruzamento";"Urbano";1;0;1;0;0;0;1;1
83515490;"12/11/16";"Sábado";"01:30:00";"MG";262;"611";"IBIA";"Outras";"Colisão frontal";"Sem Vítimas";"Pleno dia";"Crescente";"Nublado";"Simples";"Curva";"Rural";3;0;0;0;3;0;0;2
83515491;"13/11/16";"Domingo";"15:20:00";"MG";381;"333";"NOVA ERA";"Velocidade incompatível";"Capotamento";"Sem Vítimas";"Pleno dia";"Crescente";"Chuva";"Dupla";"Curva";"Rural";1;0;0;0;1;0;0;1
83515492;"13/11/16";"Domingo";"13:05:00";"MG";381;"760,1";"TRES CORACOES";"Falta de atenção";"Colisão lateral";"Sem Vítimas";"Pleno dia";"Crescente";"Chuva";"Dupla";"Reta";"Rural";4;0;0;0;4;0;0;2
83515493;"13/11/16";"Domingo";"17:00:00";"MG";146;"509";"POCOS DE CALDAS";"Outras";"Saída de Pista";"Com Vítimas Feridas";"Anoitecer";"Decrescente";"Chuva";"Simples";"Reta";"Rural";2;0;1;0;1;0;1;1
83515494;"13/11/16";"Domingo";"17:25:00";"MG";381;"518,4";"IGARAPE";"Velocidade incompatível";"Danos Eventuais";"Sem Vítimas";"Pleno dia";"Decrescente";"Chuva";"Dupla";"Curva";"Rural";4;0;0;0;4;0;0;4
83515495;"12/11/16";"Sábado";"23:00:00";"SP";381;"60,7";"MAIRIPORA";"Falta de atenção";"Capotamento";"Com Vítimas Feridas";"Plena noite";"Decrescente";"Chuva";"Dupla";"Curva";"Rural";2;0;1;0;1;0;1;2
83515496;"13/11/16";"Domingo";"17:50:00";"SC";470;"31";"GASPAR";"Não guardar distância de segurança";"Colisão traseira";"Com Vítimas Feridas";"Pleno dia";"Crescente";"Nublado";"Simples";"Reta";"Urbano";2;0;1;0;1;0;1;2
83515497;"21/10/16";"Sexta";"04:30:00";"BA";101;"930,5";"NOVA VICOSA";"Animais na Pista";"Atropelamento de animal";"Com Vítimas Fatais";"Amanhecer";"Crescente";"Ceu Claro";"Simples";"Reta";"Rural";2;1;0;1;0;0;1;1
83515499;"13/11/16";"Domingo";"14:50:00";"MS";60;"480,9";"MARACAJU";"Outras";"Saída de Pista";"Com Vítimas Feridas";"Pleno dia";"Decrescente";"Nublado";"Simples";"Reta";"Rural";5;0;2;1;2;0;3;1
83515500;"13/11/16";"Domingo";"18:00:00";"ES";101;"373,9";"ICONHA";"Velocidade incompatível";"Saída de Pista";"Com Vítimas Feridas";"Anoitecer";"Crescente";"Chuva";"Simples";"Curva";"Rural";3;0;0;2;0;1;2;1
83515501;"13/11/16";"Domingo";"12:30:00";"MG";381;"310";"ANTONIO DIAS";"Velocidade incompatível";"Capotamento";"Sem Vítimas";"Pleno dia";"Decrescente";"Chuva";"Simples";"Curva";"Rural";2;0;0;0;2;0;0;1
83515502;"08/11/16";"Terça";"13:30:00";"MG";40;"519";"CONTAGEM";"Outras";"Queda de motocicleta / bicicleta / veículo";"Com Vítimas Feridas";"Pleno dia";"Crescente";"Chuva";"Dupla";"Reta";"Urbano";2;0;2;0;0;0;2;1
83515503;"12/11/16";"Sábado";"18:15:00";"MG";50;"68";"UBERLANDIA";"Falta de atenção";"Colisão Transversal";"Com Vítimas Feridas";"Anoitecer";"Crescente";"Nublado";"Simples";"Cruzamento";"Urbano";4;0;2;0;2;0;2;2
83515504;"13/11/16";"Domingo";"16:00:00";"SC";282;"627";"IRACEMINHA";"Falta de atenção";"Colisão traseira";"Sem Vítimas";"Pleno dia";"Decrescente";"Ceu Claro";"Simples";"Reta";"Rural";3;0;0;0;3;0;0;2
83515505;"13/11/16";"Domingo";"17:30:00";"ES";101;"274,4";"SERRA";"Outras";"Saída de Pista";"Sem Vítimas";"Pleno dia";"Crescente";"Chuva";"Dupla";"Curva";"Rural";1;0;0;0;1;0;0;1
83515506;"13/11/16";"Domingo";"13:43:00";"ES";101;"162";"LINHARES";"Falta de atenção";"Colisão lateral";"Com Vítimas Feridas";"Pleno dia";"Decrescente";"Nublado";"Simples";"Cruzamento";"Rural";2;0;1;0;1;0;1;2
83515507;"13/11/16";"Domingo";"14:30:00";"RS";287;"241";"SANTA MARIA";"Outras";"Colisão lateral";"Sem Vítimas";"Pleno dia";"Decrescente";"Sol";"Simples";"Curva";"Urbano";3;0;0;0;3;0;0;2
83515508;"13/11/16";"Domingo";"17:15:00";"MG";50;"0,2";"ARAGUARI";"Outras";"Colisão lateral";"Sem Vítimas";"Pleno dia";"Decrescente";"Chuva";"Dupla";"Curva";"Rural";5;0;0;0;5;0;0;5
83515509;"13/11/16";"Domingo";"18:00:00";"PR";376;"651";"TIJUCAS DO SUL";"Velocidade incompatível";"Colisão com objeto fixo";"Com Vítimas Feridas";"Pleno dia";"Decrescente";"Chuva";"Dupla";"Curva";"Rural";1;0;1;0;0;0;1;1
83515510;"13/11/16";"Domingo";"12:20:00";"SE";235;"40,8";"AREIA BRANCA";"Outras";"Saída de Pista";"Com Vítimas Feridas";"Pleno dia";"Crescente";"Ceu Claro";"Simples";"Curva";"Rural";1;0;1;0;0;0;1;1
83515511;"13/11/16";"Domingo";"17:15:00";"CE";116;"17";"EUSEBIO";"Falta de atenção";"Colisão traseira";"Sem Vítimas";"Pleno dia";"Decrescente";"Ceu Claro";"Dupla";"Reta";"Urbano";3;0;0;0;2;1;0;3
83515512;"13/11/16";"Domingo";"18:00:00";"PR";376;"652";"TIJUCAS DO SUL";"Velocidade incompatível";"Capotamento";"Com Vítimas Feridas";"Pleno dia";"Crescente";"Chuva";"Dupla";"Curva";"Rural";2;0;1;0;1;0;1;1
83515513;"13/11/16";"Domingo";"16:40:00";"PE";407;"118,2";"PETROLINA";"Ultrapassagem indevida";"Colisão traseira";"Com Vítimas Fatais";"Pleno dia";"Crescente";"Ceu Claro";"Simples";"Reta";"Rural";2;1;0;0;0;1;0;2
83515514;"13/11/16";"Domingo";"18:20:00";"PR";277;"593";"CASCAVEL";"Animais na Pista";"Saída de Pista";"Com Vítimas Feridas";"Pleno dia";"Decrescente";"Ceu Claro";"Simples";"Reta";"Urbano";1;0;1;0;0;0;1;1
83515516;"13/11/16";"Domingo";"15:15:00";"MG";381;"686,6";"LAVRAS";"Velocidade incompatível";"Capotamento";"Sem Vítimas";"Pleno dia";"Crescente";"Chuva";"Dupla";"Curva";"Rural";1;0;0;0;1;0;0;1
83515517;"10/11/16";"Quinta";"05:50:00";"SC";101;"161";"TIJUCAS";"Falta de atenção";"Saída de Pista";"Com Vítimas Feridas";"Amanhecer";"Decrescente";"Nublado";"Dupla";"Reta";"Urbano";4;0;3;0;1;0;3;1
83515518;"04/11/16";"Sexta";"19:15:00";"MG";40;"514";"CONTAGEM";"Outras";"Saída de Pista";"Sem Vítimas";"Plena noite";"Decrescente";"Chuva";"Dupla";"Reta";"Urbano";1;0;0;0;1;0;0;1
83515519;"08/11/16";"Terça";"20:30:00";"GO";50;"107";"CRISTALINA";"Outras";"Atropelamento de pessoa";"Com Vítimas Fatais";"Plena noite";"Decrescente";"Ceu Claro";"Dupla";"Reta";"Rural";3;1;1;0;1;0;1;1
83515520;"13/11/16";"Domingo";"17:40:00";"SC";101;"41,5";"JOINVILLE";"Falta de atenção";"Colisão Transversal";"Sem Vítimas";"Pleno dia";"Decrescente";"Nublado";"Dupla";"Cruzamento";"Urbano";2;0;0;0;2;0;0;2
83515521;"13/11/16";"Domingo";"18:55:00";"GO";60;"193";"GUAPO";"Outras";"Capotamento";"Com Vítimas Feridas";"Anoitecer";"Crescente";"Nublado";"Dupla";"Curva";"Rural";2;0;2;0;0;0;2;1
83515522;"13/11/16";"Domingo";"10:30:00";"MG";381;"705";"LAVRAS";"Velocidade incompatível";"Capotamento";"Sem Vítimas";"Pleno dia";"Crescente";"Chuva";"Dupla";"Curva";"Rural";3;0;0;0;3;0;0;1
83515523;"13/11/16";"Domingo";"18:00:00";"RJ";101;"523";"ANGRA DOS REIS";"Outras";"Capotamento";"Com Vítimas Feridas";"Anoitecer";"Crescente";"Chuva";"Simples";"Curva";"Rural";2;0;2;0;0;0;2;1
83515524;"13/11/16";"Domingo";"11:00:00";"RJ";116;"232";"PIRAI";"Velocidade incompatível";"Saída de Pista";"Sem Vítimas";"Pleno dia";"Crescente";"Chuva";"Dupla";"Curva";"Rural";1;0;0;0;1;0;0;1
83515525;"13/11/16";"Domingo";"09:30:00";"MG";381;"656";"SANTO ANTONIO DO AMPARO";"Velocidade incompatível";"Colisão com objeto fixo";"Sem Vítimas";"Pleno dia";"Crescente";"Chuva";"Dupla";"Curva";"Rural";2;0;0;0;2;0;0;1
83515526;"13/11/16";"Domingo";"17:00:00";"MG";381;"822,1";"CAREACU";"Falta de atenção";"Saída de Pista";"Com Vítimas Feridas";"Pleno dia";"Crescente";"Chuva";"Dupla";"Curva";"Rural";5;0;3;0;2;0;3;1
83515527;"13/11/16";"Domingo";"20:00:00";"MG";146;"519,3";"POCOS DE CALDAS";"Ingestão de álcool";"Colisão Transversal";"Sem Vítimas";"Plena noite";"Decrescente";"Chuva";"Simples";"Reta";"Urbano";2;0;0;0;2;0;0;2
83515528;"13/11/16";"Domingo";"13:30:00";"MG";267;"247,8";"SERITINGA";"Velocidade incompatível";"Saída de Pista";"Sem Vítimas";"Pleno dia";"Crescente";"Chuva";"Simples";"Curva";"Rural";3;0;0;0;3;0;0;1
83515529;"10/11/16";"Quinta";"01:45:00";"MG";262;"594,1";"CAMPOS ALTOS";"Velocidade incompatível";"Colisão traseira";"Sem Vítimas";"Plena noite";"Decrescente";"Chuva";"Simples";"Curva";"Rural";2;0;0;0;2;0;0;2
83515531;"13/11/16";"Domingo";"18:45:00";"PR";376;"665";"GUARATUBA";"Velocidade incompatível";"Saída de Pista";"Sem Vítimas";"Anoitecer";"Crescente";"Chuva";"Dupla";"Curva";"Rural";1;0;0;0;1;0;0;1
83515532;"13/11/16";"Domingo";"10:00:00";"MG";381;"919";"CAMANDUCAIA";"Velocidade incompatível";"Saída de Pista";"Sem Vítimas";"Plena noite";"Decrescente";"Chuva";"Dupla";"Curva";"Rural";1;0;0;0;1;0;0;1
83515533;"13/11/16";"Domingo";"19:15:00";"RS";153;"531,8";"CACAPAVA DO SUL";"Falta de atenção";"Colisão lateral";"Sem Vítimas";"Pleno dia";"Crescente";"Ceu Claro";"Simples";"Curva";"Rural";2;0;0;0;2;0;0;2
83515534;"13/11/16";"Domingo";"14:30:00";"BA";101;"743";"ITABELA";"Velocidade incompatível";"Saída de Pista";"Sem Vítimas";"Pleno dia";"Crescente";"Nublado";"Simples";"Curva";"Rural";1;0;0;0;1;0;0;1
83515535;"13/11/16";"Domingo";"19:45:00";"PR";277;"708";"SANTA TEREZINHA DE ITAIPU";"Falta de atenção";"Colisão lateral";"Com Vítimas Feridas";"Anoitecer";"Crescente";"Ceu Claro";"Dupla";"Reta";"Rural";7;0;2;0;5;0;2;2
83515536;"13/11/16";"Domingo";"17:50:00";"MG";381;"908";"CAMBUI";"Velocidade incompatível";"Saída de Pista";"Sem Vítimas";"Pleno dia";"Decrescente";"Chuva";"Dupla";"Curva";"Rural";1;0;0;0;1;0;0;1
83515537;"13/11/16";"Domingo";"15:22:00";"MG";50;"203";"DELTA";"Velocidade incompatível";"Saída de Pista";"Sem Vítimas";"Pleno dia";"Crescente";"Chuva";"Dupla";"Reta";"Rural";1;0;0;0;1;0;0;1
83515538;"13/11/16";"Domingo";"12:00:00";"RJ";116;"252";"PIRAI";"Outras";"Colisão traseira";"Com Vítimas Feridas";"Pleno dia";"Decrescente";"Chuva";"Dupla";"Reta";"Rural";3;0;1;1;1;0;2;2
83515539;"13/11/16";"Domingo";"19:10:00";"MA";10;"320";"ACAILANDIA";"Desobediência à sinalização";"Colisão Transversal";"Sem Vítimas";"Plena noite";"Crescente";"Ceu Claro";"Simples";"Reta";"Urbano";3;0;0;0;3;0;0;2
83515540;"13/11/16";"Domingo";"20:45:00";"PI";316;"11";"TERESINA";"Falta de atenção";"Queda de motocicleta / bicicleta / veículo";"Com Vítimas Feridas";"Plena noite";"Decrescente";"Ceu Claro";"Simples";"Reta";"Urbano";1;0;1;0;0;0;1;1
83515541;"13/11/16";"Domingo";"21:00:00";"RJ";101;"495";"ANGRA DOS REIS";"Velocidade incompatível";"Colisão frontal";"Com Vítimas Feridas";"Plena noite";"Decrescente";"Chuva";"Simples";"Curva";"Rural";2;0;0;1;1;0;1;2
83515542;"13/11/16";"Domingo";"17:20:00";"MG";50;"178";"UBERABA";"Velocidade incompatível";"Colisão com objeto fixo";"Com Vítimas Feridas";"Pleno dia";"Crescente";"Chuva";"Dupla";"Curva";"Urbano";2;0;1;0;1;0;1;1
83515543;"13/11/16";"Domingo";"20:40:00";"MG";262;"359,4";"BETIM";"Velocidade incompatível";"Saída de Pista";"Com Vítimas Feridas";"Plena noite";"Decrescente";"Chuva";"Dupla";"Reta";"Rural";3;0;3;0;0;0;3;1
83515544;"13/11/16";"Domingo";"19:00:00";"PA";316;"32";"BENEVIDES";"Falta de atenção";"Saída de Pista";"Sem Vítimas";"Plena noite";"Decrescente";"Ceu Claro";"Dupla";"Reta";"Urbano";1;0;0;0;1;0;0;1
83515545;"06/11/16";"Domingo";"00:10:00";"MG";116;"498";"INHAPIM";"Outras";"Colisão frontal";"Com Vítimas Feridas";"Plena noite";"Decrescente";"Ceu Claro";"Simples";"Curva";"Rural";5;0;3;2;0;0;5;2
83515546;"13/11/16";"Domingo";"19:30:00";"MT";158;"550,7";"AGUA BOA";"Outras";"Capotamento";"Com Vítimas Feridas";"Plena noite";"Crescente";"Chuva";"Simples";"Curva";"Rural";2;0;0;2;0;0;2;1
83515548;"10/11/16";"Quinta";"07:10:00";"AC";364;"122";"RIO BRANCO";"Defeito na via";"Queda de motocicleta / bicicleta / veículo";"Com Vítimas Feridas";"Pleno dia";"Decrescente";"Ceu Claro";"Dupla";"Cruzamento";"Urbano";1;0;1;0;0;0;1;1
83515549;"09/11/16";"Quarta";"07:30:00";"CE";116;"32";"AQUIRAZ";"Falta de atenção";"Colisão traseira";"Com Vítimas Feridas";"Pleno dia";"Decrescente";"Chuva";"Dupla";"Reta";"Rural";5;0;1;0;4;0;1;2
83515550;"13/11/16";"Domingo";"20:40:00";"MG";50;"155,1";"UBERABA";"Velocidade incompatível";"Saída de Pista";"Sem Vítimas";"Plena noite";"Crescente";"Chuva";"Dupla";"Curva";"Rural";1;0;0;0;1;0;0;1
83515551;"13/11/16";"Domingo";"21:45:00";"SC";280;"31,1";"ARAQUARI";"Desobediência à sinalização";"Colisão frontal";"Com Vítimas Feridas";"Plena noite";"Decrescente";"Ceu Claro";"Simples";"Reta";"Urbano";3;0;0;3;0;0;3;2
83515552;"13/11/16";"Domingo";"21:00:00";"GO";153;"240";"SAO LUIZ DO NORTE";"Animais na Pista";"Atropelamento de animal";"Sem Vítimas";"Plena noite";"Crescente";"Ceu Claro";"Simples";"Reta";"Rural";2;0;0;0;2;0;0;1
83515553;"13/11/16";"Domingo";"15:20:00";"PE";101;"136";"ESCADA";"Outras";"Tombamento";"Sem Vítimas";"Pleno dia";"Decrescente";"Ceu Claro";"Dupla";"Curva";"Rural";1;0;0;0;1;0;0;1
83515554;"13/11/16";"Domingo";"07:30:00";"MG";381;"347";"JOAO MONLEVADE";"Velocidade incompatível";"Tombamento";"Com Vítimas Feridas";"Pleno dia";"Crescente";"Chuva";"Simples";"Curva";"Rural";1;0;1;0;0;0;1;1
83515555;"13/11/16";"Domingo";"08:10:00";"SP";381;"61,1";"MAIRIPORA";"Velocidade incompatível";"Capotamento";"Sem Vítimas";"Pleno dia";"Crescente";"Chuva";"Dupla";"Curva";"Rural";1;0;0;0;1;0;0;1
83515556;"13/11/16";"Domingo";"17:00:00";"RS";116;"234";"ESTANCIA VELHA";"Desobediência à sinalização";"Colisão Transversal";"Com Vítimas Feridas";"Pleno dia";"Crescente";"Ceu Claro";"Simples";"Cruzamento";"Urbano";3;0;2;0;1;0;2;2
83515557;"13/11/16";"Domingo";"20:35:00";"RO";364;"708";"PORTO VELHO";"Falta de atenção";"Saída de Pista";"Com Vítimas Feridas";"Plena noite";"Decrescente";"Chuva";"Dupla";"Reta";"Urbano";2;0;1;1;0;0;2;1
83515558;"13/11/16";"Domingo";"22:10:00";"SC";470;"129";"LONTRAS";"Ingestão de álcool";"Colisão frontal";"Com Vítimas Feridas";"Plena noite";"Decrescente";"Nublado";"Simples";"Curva";"Rural";3;0;2;1;0;0;3;2
83515559;"13/11/16";"Domingo";"19:40:00";"RN";110;"100";"UPANEMA";"Animais na Pista";"Atropelamento de animal";"Sem Vítimas";"Plena noite";"Crescente";"Ceu Claro";"Simples";"Reta";"Rural";1;0;0;0;1;0;0;1
83515560;"13/11/16";"Domingo";"21:00:00";"RS";116;"310";"GUAIBA";"Falta de atenção";"Colisão lateral";"Sem Vítimas";"Anoitecer";"Crescente";"Ceu Claro";"Simples";"Reta";"Rural";3;0;0;0;3;0;0;3
83515561;"13/11/16";"Domingo";"10:30:00";"MG";381;"385,4";"SAO GONCALO DO RIO ABAIXO";"Outras";"Saída de Pista";"Com Vítimas Feridas";"Pleno dia";"Decrescente";"Chuva";"Simples";"Curva";"Urbano";2;0;1;0;1;0;1;1
83515562;"13/11/16";"Domingo";"17:30:00";"PE";116;"11";"SALGUEIRO";"Outras";"Queda de motocicleta / bicicleta / veículo";"Com Vítimas Feridas";"Anoitecer";"Decrescente";"Ceu Claro";"Simples";"Reta";"Rural";2;0;1;1;0;0;2;1
83515563;"13/11/16";"Domingo";"16:00:00";"GO";364;"323";"PORTELANDIA";"Defeito na via";"Saída de Pista";"Sem Vítimas";"Pleno dia";"Decrescente";"Chuva";"Múltipla";"Reta";"Rural";2;0;0;0;2;0;0;1
83515564;"13/11/16";"Domingo";"17:55:00";"MG";381;"370,5";"SAO GONCALO DO RIO ABAIXO";"Velocidade incompatível";"Saída de Pista";"Com Vítimas Feridas";"Pleno dia";"Decrescente";"Chuva";"Simples";"Curva";"Urbano";5;0;5;0;0;0;5;1
83515565;"13/11/16";"Domingo";"17:50:00";"PR";369;"237";"BOM SUCESSO";"Ingestão de álcool";"Colisão frontal";"Com Vítimas Feridas";"Pleno dia";"Crescente";"Ceu Claro";"Simples";"Reta";"Rural";4;0;3;0;1;0;3;2
83515566;"13/11/16";"Domingo";"17:35:00";"RN";406;"105,8";"JOAO CAMARA";"Ingestão de álcool";"Colisão frontal";"Com Vítimas Fatais";"Anoitecer";"Crescente";"Ceu Claro";"Simples";"Reta";"Urbano";5;1;0;1;1;2;1;2
83515568;"13/11/16";"Domingo";"20:55:00";"PE";232;"513";"SALGUEIRO";"Ingestão de álcool";"Queda de motocicleta / bicicleta / veículo";"Com Vítimas Feridas";"Plena noite";"Decrescente";"Ceu Claro";"Simples";"Reta";"Urbano";1;0;0;1;0;0;1;1
83515569;"13/11/16";"Domingo";"21:00:00";"RS";116;"320";"BARRA DO RIBEIRO";"Falta de atenção";"Colisão com objeto fixo";"Com Vítimas Feridas";"Plena noite";"Decrescente";"Ceu Claro";"Simples";"Curva";"Rural";2;0;0;2;0;0;2;1
83515570;"13/11/16";"Domingo";"09:50:00";"RS";290;"20,3";"SANTO ANTONIO DA PATRULHA";"Não guardar distância de segurança";"Colisão traseira";"Com Vítimas Feridas";"Anoitecer";"Decrescente";"Sol";"Dupla";"Curva";"Rural";4;0;3;0;1;0;3;2
83515571;"13/11/16";"Domingo";"19:10:00";"PI";222;"3,9";"SAO JOAO DA FRONTEIRA";"Defeito mecânico em veículo";"Colisão Transversal";"Com Vítimas Feridas";"Plena noite";"Crescente";"Ceu Claro";"Simples";"Reta";"Urbano";4;0;4;0;0;0;4;2