"id";"data_inversa";"dia_semana";"horario";"uf";"br";"km";"municipio";"causa_acidente";"tipo_acidente";"classificacao_acidente";"fase_dia";"sentido_via";"condicao_metereologica";"tipo_pista";"tracado_via";"uso_solo";"pessoas";"mortos";"feridos_leves";"feridos_graves";"ilesos";"ignorados";"feridos";"veiculos"
83515572;"13/11/16";"Domingo";"17:30:00";"MG";365;"153,3";"PIRAPORA";"Não guardar distância de segurança";"Colisão traseira";"Com Vítimas Feridas";"Pleno dia";"Decrescente";"Chuva";"Simples";"Reta";"Rural";3;0;2;0;1;0;2;2
83515573;"13/11/16";"Domingo";"22:40:00";"MG";40;"580";"ITABIRITO";"Outras";"Colisão frontal";"Com Vítimas Feridas";"Plena noite";"Crescente";"Chuva";"Simples";"Curva";"Rural";3;0;2;0;1;0;2;2
83515574;"13/11/16";"Domingo";"18:40:00";"MG";40;"562,1";"NOVA LIMA";"Velocidade incompatível";"Saída de Pista";"Com Vítimas Feridas";"Pleno dia";"Crescente";"Chuva";"Dupla";"Curva";"Urbano";1;0;1;0;0;0;1;1
83515575;"13/11/16";"Domingo";"23:25:00";"PR";277;"587";"CASCAVEL";"Outras";"Colisão com objeto fixo";"Com Vítimas Feridas";"Plena noite";"Crescente";"Ceu Claro";"Simples";"Reta";"Urbano";1;0;0;1;0;0;1;1
83515576;"14/11/16";"Segunda";"00:20:00";"PE";424;"86";"GARANHUNS";"Velocidade incompatível";"Capotamento";"Com Vítimas Feridas";"Plena noite";"Decrescente";"Ceu Claro";"Simples";"Reta";"Urbano";2;0;0;1;1;0;1;1
83515577;"13/11/16";"Domingo";"16:30:00";"MG";365;"98,2";"JEQUITAI";"Dormindo";"Saída de Pista";"Com Vítimas Feridas";"Pleno dia";"Crescente";"Chuva";"Simples";"Reta";"Rural";1;0;0;1;0;0;1;1
83515578;"14/11/16";"Segunda";"00:15:00";"RS";290;"92";"PORTO ALEGRE";"Ingestão de álcool";"Colisão lateral";"Com Vítimas Fatais";"Plena noite";"Decrescente";"Ceu Claro";"Múltipla";"Reta";"Urbano";3;1;0;0;1;1;0;3
83515579;"10/11/16";"Quinta";"08:30:00";"RJ";101;"78";"CAMPOS DOS GOYTACAZES";"Outras";"Colisão traseira";"Sem Vítimas";"Pleno dia";"Decrescente";"Ignorada";"Simples";"Reta";"Rural";2;0;0;0;2;0;0;2
83515580;"09/11/16";"Quarta";"08:00:00";"CE";222;"116,9";"ITAPAGE";"Velocidade incompatível";"Saída de Pista";"Sem Vítimas";"Pleno dia";"Decrescente";"Ceu Claro";"Simples";"Curva";"Rural";1;0;0;0;1;0;0;1
83515581;"13/11/16";"Domingo";"17:10:00";"GO";40;"5";"VALPARAISO DE GOIAS";"Outras";"Colisão Transversal";"Com Vítimas Feridas";"Pleno dia";"Decrescente";"Ceu Claro";"Dupla";"Reta";"Urbano";3;0;0;2;1;0;2;2
83515582;"09/11/16";"Quarta";"21:50:00";"MG";381;"451";"SABARA";"Falta de atenção";"Atropelamento de pessoa";"Com Vítimas Feridas";"Plena noite";"Crescente";"Nublado";"Simples";"Reta";"Urbano";2;0;2;0;0;0;2;1
83515583;"13/11/16";"Domingo";"19:30:00";"ES";101;"264";"SERRA";"Outras";"Colisão com objeto fixo";"Sem Vítimas";"Plena noite";"Crescente";"Chuva";"Múltipla";"Reta";"Urbano";1;0;0;0;1;0;0;1
83515584;"13/11/16";"Domingo";"10:15:00";"AL";101;"33,6";"JOAQUIM GOMES";"Outras";"Capotamento";"Com Vítimas Feridas";"Pleno dia";"Crescente";"Sol";"Dupla";"Reta";"Rural";2;0;0;2;0;0;2;1
83515585;"13/11/16";"Domingo";"23:35:00";"SC";101;"197,5";"BIGUACU";"Outras";"Saída de Pista";"Sem Vítimas";"Plena noite";"Crescente";"Ceu Claro";"Dupla";"Reta";"Urbano";3;0;0;0;3;0;0;1
83515587;"13/11/16";"Domingo";"23:20:00";"ES";101;"267";"SERRA";"Não guardar distância de segurança";"Colisão traseira";"Com Vítimas Feridas";"Plena noite";"Decrescente";"Chuva";"Múltipla";"Reta";"Urbano";3;0;2;0;1;0;2;2
83515588;"13/11/16";"Domingo";"07:35:00";"MG";40;"469,2";"SETE LAGOAS";"Velocidade incompatível";"Atropelamento de pessoa";"Com Vítimas Feridas";"Pleno dia";"Decrescente";"Chuva";"Dupla";"Reta";"Urbano";2;0;0;1;1;0;1;1
83515589;"13/11/16";"Domingo";"18:40:00";"RN";304;"34";"MOSSORO";"Ingestão de álcool";"Colisão traseira";"Com Vítimas Feridas";"Plena noite";"Crescente";"Ceu Claro";"Dupla";"Curva";"Urbano";2;0;1;0;1;0;1;2
83515590;"14/11/16";"Segunda";"00:50:00";"PR";277;"306,4";"GUARAPUAVA";"Defeito mecânico em veículo";"Derramamento de Carga";"Sem Vítimas";"Plena noite";"Decrescente";"Nublado";"Simples";"Curva";"Rural";1;0;0;0;1;0;0;1
83515591;"14/11/16";"Segunda";"01:45:00";"SP";101;"47,8";"UBATUBA";"Ingestão de álcool";"Colisão frontal";"Com Vítimas Feridas";"Plena noite";"Crescente";"Chuva";"Simples";"Curva";"Urbano";2;0;1;0;1;0;1;2
83515592;"13/11/16";"Domingo";"12:40:00";"MG";381;"628,5";"OLIVEIRA";"Velocidade incompatível";"Capotamento";"Com Vítimas Feridas";"Pleno dia";"Decrescente";"Nublado";"Dupla";"Curva";"Rural";2;0;1;0;1;0;1;1
83515593;"13/11/16";"Domingo";"11:30:00";"SP";381;"72,9";"SAO PAULO";"Velocidade incompatível";"Colisão com objeto fixo";"Com Vítimas Feridas";"Pleno dia";"Crescente";"Chuva";"Múltipla";"Curva";"Rural";2;0;1;0;1;0;1;1
83515594;"13/11/16";"Domingo";"23:00:00";"MS";262;"8";"TRES LAGOAS";"Falta de atenção";"Colisão traseira";"Sem Vítimas";"Plena noite";"Decrescente";"Chuva";"Dupla";"Reta";"Urbano";2;0;0;0;1;1;0;2
83515596;"14/11/16";"Segunda";"01:10:00";"MG";116;"564,5";"MANHUACU";"Velocidade incompatível";"Capotamento";"Com Vítimas Feridas";"Plena noite";"Decrescente";"Chuva";"Simples";"Curva";"Rural";2;0;2;0;0;0;2;1
83515597;"13/11/16";"Domingo";"18:10:00";"SC";282;"22";"PALHOCA";"Falta de atenção";"Colisão lateral";"Sem Vítimas";"Pleno dia";"Crescente";"Nublado";"Simples";"Reta";"Urbano";2;0;0;0;2;0;0;2
83515598;"13/11/16";"Domingo";"11:00:00";"MG";381;"452";"SABARA";"Outras";"Colisão frontal";"Com Vítimas Feridas";"Pleno dia";"Decrescente";"Chuva";"Simples";"Curva";"Urbano";3;0;2;1;0;0;3;2
83515599;"13/11/16";"Domingo";"20:45:00";"MS";163;"257,1";"DOURADOS";"Outras";"Colisão com bicicleta";"Com Vítimas Feridas";"Plena noite";"Crescente";"Nublado";"Dupla";"Reta";"Urbano";2;0;2;0;0;0;2;2
83515600;"14/11/16";"Segunda";"00:45:00";"RS";116;"520,8";"PELOTAS";"Outras";"Saída de Pista";"Com Vítimas Feridas";"Plena noite";"Decrescente";"Ceu Claro";"Múltipla";"Reta";"Urbano";1;0;1;0;0;0;1;1
83515601;"13/11/16";"Domingo";"13:45:00";"AL";104;"88";"RIO LARGO";"Falta de atenção";"Capotamento";"Com Vítimas Feridas";"Pleno dia";"Decrescente";"Ceu Claro";"Dupla";"Reta";"Urbano";3;0;1;1;1;0;2;1
83515602;"13/11/16";"Domingo";"23:20:00";"PR";476;"118,2";"COLOMBO";"Ingestão de álcool";"Queda de motocicleta / bicicleta / veículo";"Com Vítimas Feridas";"Plena noite";"Decrescente";"Nublado";"Dupla";"Reta";"Urbano";1;0;0;1;0;0;1;1
83515603;"13/11/16";"Domingo";"17:30:00";"MG";267;"138,3";"JUIZ DE FORA";"Falta de atenção";"Colisão Transversal";"Com Vítimas Feridas";"Pleno dia";"Decrescente";"Chuva";"Simples";"Reta";"Rural";3;0;2;0;1;0;2;2
83515604;"14/11/16";"Segunda";"02:45:00";"BA";116;"530";"ITATIM";"Falta de atenção";"Colisão traseira";"Com Vítimas Feridas";"Plena noite";"Decrescente";"Nublado";"Simples";"Curva";"Rural";4;0;1;0;3;0;1;2
83515606;"06/11/16";"Domingo";"03:40:00";"SE";235;"6";"NOSSA SENHORA DO SOCORRO";"Velocidade incompatível";"Capotamento";"Sem Vítimas";"Plena noite";"Decrescente";"Nublado";"Dupla";"Curva";"Urbano";1;0;0;0;1;0;0;1
83515607;"13/11/16";"Domingo";"19:45:00";"BA";415;"58";"ITABUNA";"Ingestão de álcool";"Colisão com objeto fixo";"Sem Vítimas";"Plena noite";"Decrescente";"Nublado";"Simples";"Curva";"Rural";1;0;0;0;1;0;0;1
83515608;"13/11/16";"Domingo";"21:30:00";"CE";116;"61,7";"CHOROZINHO";"Animais na Pista";"Atropelamento de animal";"Sem Vítimas";"Plena noite";"Decrescente";"Ceu Claro";"Simples";"Reta";"Rural";1;0;0;0;1;0;0;1
83515609;"13/11/16";"Domingo";"22:00:00";"PE";104;"26";"TORITAMA";"Ingestão de álcool";"Colisão frontal";"Com Vítimas Fatais";"Plena noite";"Decrescente";"Ceu Claro";"Simples";"Curva";"Rural";3;2;0;0;1;0;0;2
83515610;"14/11/16";"Segunda";"00:30:00";"RJ";101;"60";"CAMPOS DOS GOYTACAZES";"Desobediência à sinalização";"Colisão Transversal";"Com Vítimas Feridas";"Plena noite";"Decrescente";"Chuva";"Simples";"Reta";"Urbano";2;0;1;0;1;0;1;2
83515611;"13/11/16";"Domingo";"23:00:00";"SC";282;"24,5";"SANTO AMARO DA IMPERATRIZ";"Defeito na via";"Saída de Pista";"Com Vítimas Feridas";"Plena noite";"Crescente";"Nublado";"Simples";"Curva";"Urbano";1;0;0;1;0;0;1;1
83515612;"14/11/16";"Segunda";"00:20:00";"RN";304;"112";"ASSU";"Outras";"Colisão traseira";"Com Vítimas Feridas";"Plena noite";"Crescente";"Ceu Claro";"Simples";"Reta";"Rural";4;0;3;0;0;1;3;2
83515613;"13/11/16";"Domingo";"15:45:00";"BA";116;"837,4";"VITORIA DA CONQUISTA";"Falta de atenção";"Colisão traseira";"Sem Vítimas";"Pleno dia";"Decrescente";"Nublado";"Simples";"Reta";"Rural";2;0;0;0;2;0;0;2
83515614;"13/11/16";"Domingo";"11:00:00";"MG";381;"439";"SABARA";"Velocidade incompatível";"Saída de Pista";"Com Vítimas Feridas";"Pleno dia";"Crescente";"Chuva";"Simples";"Curva";"Rural";2;0;0;2;0;0;2;1
83515615;"13/11/16";"Domingo";"23:20:00";"MG";153;"45,8";"MONTE ALEGRE DE MINAS";"Velocidade incompatível";"Saída de Pista";"Com Vítimas Feridas";"Plena noite";"Crescente";"Chuva";"Dupla";"Curva";"Rural";2;0;2;0;0;0;2;1
83515616;"13/11/16";"Domingo";"18:00:00";"ES";262;"91";"DOMINGOS MARTINS";"Ingestão de álcool";"Colisão frontal";"Com Vítimas Feridas";"Anoitecer";"Decrescente";"Chuva";"Simples";"Curva";"Rural";6;0;5;1;0;0;6;2
83515617;"14/11/16";"Segunda";"04:10:00";"MG";381;"878,1";"ESTIVA";"Velocidade incompatível";"Saída de Pista";"Sem Vítimas";"Plena noite";"Decrescente";"Chuva";"Dupla";"Curva";"Rural";1;0;0;0;1;0;0;1
83515618;"10/11/16";"Quinta";"07:00:00";"MG";116;"410";"GOVERNADOR VALADARES";"Falta de atenção";"Queda de motocicleta / bicicleta / veículo";"Com Vítimas Feridas";"Pleno dia";"Decrescente";"Ceu Claro";"Dupla";"Reta";"Urbano";2;0;1;0;1;0;1;2
83515619;"09/11/16";"Quarta";"11:55:00";"AP";210;"0,5";"MACAPA";"Falta de atenção";"Colisão traseira";"Sem Vítimas";"Pleno dia";"Decrescente";"Sol";"Dupla";"Reta";"Urbano";2;0;0;0;2;0;0;2
83515620;"21/10/16";"Sexta";"07:20:00";"AP";210;"3";"MACAPA";"Não guardar distância de segurança";"Colisão traseira";"Com Vítimas Feridas";"Amanhecer";"Decrescente";"Sol";"Dupla";"Reta";"Urbano";2;0;1;0;1;0;1;2
83515621;"13/11/16";"Domingo";"18:30:00";"CE";222;"103";"ITAPAGE";"Falta de atenção";"Colisão lateral";"Com Vítimas Feridas";"Anoitecer";"Crescente";"Ceu Claro";"Simples";"Reta";"Rural";2;0;0;1;0;1;1;2
83515622;"13/11/16";"Domingo";"21:50:00";"RN";101;"166,4";"CANGUARETAMA";"Desobediência à sinalização";"Colisão frontal";"Com Vítimas Fatais";"Plena noite";"Crescente";"Ceu Claro";"Simples";"Reta";"Rural";8;1;4;1;2;0;5;2
83515623;"13/11/16";"Domingo";"21:00:00";"MG";381;"150";"GOVERNADOR VALADARES";"Outras";"Saída de Pista";"Com Vítimas Feridas";"Plena noite";"Decrescente";"Chuva";"Simples";"Curva";"Rural";3;0;2;0;0;1;2;1
83515624;"11/11/16";"Sexta";"08:30:00";"SC";101;"210";"SAO JOSE";"Falta de atenção";"Colisão traseira";"Com Vítimas Feridas";"Pleno dia";"Crescente";"Sol";"Múltipla";"Reta";"Urbano";2;0;1;0;1;0;1;2
83515625;"10/11/16";"Quinta";"06:50:00";"SP";153;"174,8";"LINS";"Falta de atenção";"Colisão traseira";"Sem Vítimas";"Pleno dia";"Decrescente";"Ceu Claro";"Simples";"Reta";"Rural";2;0;0;0;2;0;0;2
83515626;"05/11/16";"Sábado";"07:00:00";"RJ";116;"86";"TERESOPOLIS";"Outras";"Colisão frontal";"Com Vítimas Feridas";"Pleno dia";"Decrescente";"Chuva";"Simples";"Curva";"Rural";2;0;0;1;1;0;1;2
83515627;"14/11/16";"Segunda";"04:10:00";"SE";101;"51,3";"CARMOPOLIS";"Animais na Pista";"Atropelamento de animal";"Sem Vítimas";"Plena noite";"Decrescente";"Ceu Claro";"Simples";"Reta";"Rural";3;0;0;0;3;0;0;1
83515628;"09/11/16";"Quarta";"19:00:00";"SP";153;"184";"LINS";"Falta de atenção";"Colisão com objeto fixo";"Sem Vítimas";"Pleno dia";"Crescente";"Ceu Claro";"Simples";"Reta";"Rural";1;0;0;0;1;0;0;1
83515629;"13/11/16";"Domingo";"20:30:00";"PR";116;"28";"CAMPINA GRANDE DO SUL";"Velocidade incompatível";"Tombamento";"Sem Vítimas";"Plena noite";"Decrescente";"Nevoeiro/neblina";"Dupla";"Curva";"Rural";1;0;0;0;1;0;0;1
83515630;"03/11/16";"Quinta";"18:15:00";"PB";405;"52";"MARIZOPOLIS";"Ingestão de álcool";"Colisão frontal";"Com Vítimas Feridas";"Plena noite";"Crescente";"Ceu Claro";"Simples";"Curva";"Urbano";3;0;1;2;0;0;3;2
83515631;"14/11/16";"Segunda";"06:00:00";"SP";381;"78";"SAO PAULO";"Velocidade incompatível";"Colisão com objeto fixo";"Com Vítimas Feridas";"Pleno dia";"Crescente";"Ceu Claro";"Dupla";"Curva";"Rural";1;0;1;0;0;0;1;1
83515632;"14/11/16";"Segunda";"06:30:00";"SC";282;"226,1";"LAGES";"Outras";"Saída de Pista";"Com Vítimas Feridas";"Amanhecer";"Crescente";"Nublado";"Simples";"Curva";"Rural";1;0;1;0;0;0;1;1
83515633;"13/11/16";"Domingo";"17:30:00";"PB";230;"470";"SOUSA";"Falta de atenção";"Colisão traseira";"Sem Vítimas";"Pleno dia";"Decrescente";"Ceu Claro";"Simples";"Reta";"Urbano";2;0;0;0;2;0;0;2
83515634;"13/11/16";"Domingo";"11:10:00";"MG";381;"799,3";"SAO GONCALO DO SAPUCAI";"Velocidade incompatível";"Saída de Pista";"Sem Vítimas";"Pleno dia";"Crescente";"Chuva";"Dupla";"Curva";"Rural";1;0;0;0;1;0;0;1
83515635;"11/11/16";"Sexta";"04:45:00";"RS";116;"250";"SAO LEOPOLDO";"Outras";"Tombamento";"Com Vítimas Feridas";"Plena noite";"Crescente";"Ceu Claro";"Dupla";"Reta";"Urbano";2;0;2;0;0;0;2;1
83515636;"06/08/16";"Sábado";"16:30:00";"GO";153;"502,9";"GOIANIA";"Ingestão de álcool";"Colisão traseira";"Sem Vítimas";"Pleno dia";"Decrescente";"Ceu Claro";"Dupla";"Reta";"Urbano";2;0;0;0;1;1;0;2
83515637;"23/09/16";"Sexta";"10:30:00";"ES";259;"62";"COLATINA";"Velocidade incompatível";"Colisão lateral";"Com Vítimas Feridas";"Pleno dia";"Crescente";"Sol";"Simples";"Reta";"Rural";4;0;1;0;3;0;1;3
83515638;"13/11/16";"Domingo";"21:56:00";"PE";407;"117";"PETROLINA";"Ingestão de álcool";"Colisão traseira";"Com Vítimas Feridas";"Plena noite";"Decrescente";"Ceu Claro";"Simples";"Reta";"Rural";3;0;2;0;1;0;2;2
83515639;"14/11/16";"Segunda";"05:40:00";"MG";381;"518,6";"IGARAPE";"Velocidade incompatível";"Saída de Pista";"Ignorado";"Amanhecer";"Decrescente";"Chuva";"Dupla";"Curva";"Rural";1;0;0;0;0;1;0;1
83515640;"12/11/16";"Sábado";"18:00:00";"ES";262;"177";"IBATIBA";"Velocidade incompatível";"Saída de Pista";"Sem Vítimas";"Pleno dia";"Decrescente";"Nublado";"Simples";"Curva";"Rural";1;0;0;0;1;0;0;1
83515641;"14/11/16";"Segunda";"03:15:00";"RJ";116;"303";"RESENDE";"Outras";"Atropelamento de pessoa";"Com Vítimas Fatais";"Plena noite";"Crescente";"Chuva";"Múltipla";"Reta";"Rural";2;1;0;0;0;1;0;1
83515642;"13/11/16";"Domingo";"19:45:00";"PR";277;"454";"LARANJEIRAS DO SUL";"Ingestão de álcool";"Colisão frontal";"Sem Vítimas";"Anoitecer";"Crescente";"Ceu Claro";"Simples";"Reta";"Urbano";4;0;0;0;4;0;0;2
83515643;"14/11/16";"Segunda";"07:50:00";"MG";381;"532";"ITATIAIUCU";"Velocidade incompatível";"Capotamento";"Sem Vítimas";"Pleno dia";"Crescente";"Chuva";"Dupla";"Curva";"Rural";1;0;0;0;1;0;0;1
83515644;"13/11/16";"Domingo";"04:00:00";"ES";262;"122,5";"CONCEICAO DO CASTELO";"Dormindo";"Saída de Pista";"Com Vítimas Feridas";"Plena noite";"Decrescente";"Chuva";"Simples";"Curva";"Rural";3;0;2;0;1;0;2;1
83515645;"10/11/16";"Quinta";"10:00:00";"MG";381;"934,4";"EXTREMA";"Velocidade incompatível";"Tombamento";"Com Vítimas Feridas";"Pleno dia";"Decrescente";"Nublado";"Dupla";"Curva";"Rural";1;0;1;0;0;0;1;1
83515646;"13/11/16";"Domingo";"20:30:00";"RJ";116;"167,5";"SAO JOAO DE MERITI";"Ingestão de álcool";"Atropelamento de pessoa";"Com Vítimas Feridas";"Plena noite";"Decrescente";"Chuva";"Dupla";"Reta";"Urbano";2;0;0;1;1;0;1;1
83515647;"13/11/16";"Domingo";"23:00:00";"PR";476;"264,7";"SAO MATEUS DO SUL";"Dormindo";"Colisão frontal";"Com Vítimas Feridas";"Plena noite";"Decrescente";"Ceu Claro";"Simples";"Curva";"Rural";2;0;1;0;1;0;1;2
83515648;"12/11/16";"Sábado";"19:00:00";"GO";153;"414,5";"PIRENOPOLIS";"Falta de atenção";"Colisão lateral";"Com Vítimas Feridas";"Plena noite";"Crescente";"Nublado";"Simples";"Reta";"Rural";3;0;2;0;0;1;2;2
83515649;"10/11/16";"Quinta";"12:15:00";"PI";343;"2";"TERESINA";"Falta de atenção";"Colisão Transversal";"Sem Vítimas";"Pleno dia";"Decrescente";"Ceu Claro";"Múltipla";"Reta";"Urbano";2;0;0;0;2;0;0;2
83515650;"12/11/16";"Sábado";"07:00:00";"MG";50;"96";"UBERLANDIA";"Defeito mecânico em veículo";"Saída de Pista";"Com Vítimas Feridas";"Pleno dia";"Crescente";"Nublado";"Dupla";"Reta";"Rural";2;0;2;0;0;0;2;1
83515651;"14/11/16";"Segunda";"06:50:00";"PE";408;"100";"SAO LOURENCO DA MATA";"Outras";"Queda de motocicleta / bicicleta / veículo";"Com Vítimas Feridas";"Pleno dia";"Crescente";"Nublado";"Dupla";"Reta";"Rural";2;0;2;0;0;0;2;1
83515652;"10/11/16";"Quinta";"20:45:00";"CE";222;"3,8";"CAUCAIA";"Outras";"Colisão Transversal";"Com Vítimas Feridas";"Plena noite";"Crescente";"Ceu Claro";"Múltipla";"Reta";"Urbano";2;0;1;0;1;0;1;2
83515654;"12/11/16";"Sábado";"18:05:00";"PR";277;"588";"CASCAVEL";"Ingestão de álcool";"Colisão lateral";"Com Vítimas Feridas";"Anoitecer";"Crescente";"Sol";"Simples";"Reta";"Urbano";2;0;1;0;1;0;1;2
83515655;"13/11/16";"Domingo";"06:00:00";"GO";60;"125";"GOIANAPOLIS";"Velocidade incompatível";"Saída de Pista";"Sem Vítimas";"Amanhecer";"Decrescente";"Chuva";"Dupla";"Reta";"Rural";1;0;0;0;1;0;0;1
83515656;"12/11/16";"Sábado";"16:35:00";"PR";369;"506,8";"CORBELIA";"Outras";"Saída de Pista";"Com Vítimas Feridas";"Pleno dia";"Crescente";"Sol";"Simples";"Reta";"Rural";2;0;2;0;0;0;2;1
83515657;"12/11/16";"Sábado";"13:20:00";"MG";381;"342";"BELA VISTA DE MINAS";"Velocidade incompatível";"Capotamento";"Sem Vítimas";"Pleno dia";"Decrescente";"Chuva";"Simples";"Curva";"Rural";1;0;0;0;1;0;0;1
83515658;"09/11/16";"Quarta";"09:45:00";"DF";40;"3";"BRASILIA";"Outras";"Colisão traseira";"Com Vítimas Feridas";"Pleno dia";"Decrescente";"Ceu Claro";"Dupla";"Reta";"Urbano";2;0;1;0;0;1;1;2
83515659;"13/11/16";"Domingo";"02:00:00";"MT";364;"495,9";"JANGADA";"Ingestão de álcool";"Colisão frontal";"Com Vítimas Fatais";"Plena noite";"Crescente";"Nublado";"Simples";"Reta";"Urbano";2;2;0;0;0;0;0;2
83515660;"13/11/16";"Domingo";"05:00:00";"MG";40;"712,7";"BARBACENA";"Ingestão de álcool";"Capotamento";"Com Vítimas Feridas";"Plena noite";"Decrescente";"Chuva";"Dupla";"Reta";"Rural";1;0;1;0;0;0;1;1
83515661;"12/11/16";"Sábado";"04:45:00";"MT";70;"276,1";"PRIMAVERA DO LESTE";"Desobediência à sinalização";"Colisão frontal";"Com Vítimas Feridas";"Amanhecer";"Crescente";"Chuva";"Simples";"Reta";"Urbano";2;0;0;1;1;0;1;2
83515662;"13/11/16";"Domingo";"07:00:00";"MG";381;"353";"SAO GONCALO DO RIO ABAIXO";"Velocidade incompatível";"Saída de Pista";"Com Vítimas Feridas";"Pleno dia";"Decrescente";"Chuva";"Simples";"Curva";"Rural";3;0;2;0;1;0;2;1
83515663;"14/11/16";"Segunda";"08:15:00";"PR";277;"556,5";"CASCAVEL";"Falta de atenção";"Queda de motocicleta / bicicleta / veículo";"Com Vítimas Feridas";"Pleno dia";"Decrescente";"Sol";"Simples";"Reta";"Rural";5;0;0;1;4;0;1;4
83515664;"12/11/16";"Sábado";"14:05:00";"PR";277;"624,7";"CEU AZUL";"Defeito mecânico em veículo";"Incêndio";"Sem Vítimas";"Pleno dia";"Decrescente";"Ceu Claro";"Simples";"Reta";"Rural";1;0;0;0;1;0;0;1
83515665;"09/11/16";"Quarta";"16:20:00";"GO";60;"117,5";"TEREZOPOLIS DE GOIAS";"Outras";"Saída de Pista";"Com Vítimas Feridas";"Pleno dia";"Decrescente";"Nublado";"Dupla";"Reta";"Urbano";1;0;1;0;0;0;1;1
83515666;"13/11/16";"Domingo";"06:20:00";"MG";381;"360,5";"JOAO MONLEVADE";"Velocidade incompatível";"Capotamento";"Com Vítimas Feridas";"Pleno dia";"Decrescente";"Chuva";"Simples";"Curva";"Urbano";2;0;1;0;1;0;1;1
83515667;"14/11/16";"Segunda";"08:10:00";"SC";153;"81,2";"CONCORDIA";"Falta de atenção";"Saída de Pista";"Com Vítimas Feridas";"Pleno dia";"Crescente";"Sol";"Simples";"Curva";"Rural";1;0;1;0;0;0;1;1
83515668;"07/11/16";"Segunda";"10:35:00";"PR";277;"123";"CAMPO LARGO";"Velocidade incompatível";"Colisão traseira";"Sem Vítimas";"Pleno dia";"Decrescente";"Nublado";"Dupla";"Reta";"Urbano";2;0;0;0;2;0;0;2
83515669;"14/11/16";"Segunda";"07:40:00";"MG";381;"516,3";"IGARAPE";"Velocidade incompatível";"Saída de Pista";"Sem Vítimas";"Pleno dia";"Decrescente";"Chuva";"Dupla";"Curva";"Rural";1;0;0;0;1;0;0;1
83515670;"10/11/16";"Quinta";"12:50:00";"SP";101;"43,4";"UBATUBA";"Ingestão de álcool";"Saída de Pista";"Com Vítimas Feridas";"Pleno dia";"Crescente";"Ceu Claro";"Simples";"Curva";"Urbano";1;0;0;1;0;0;1;1
83515671;"10/11/16";"Quinta";"20:30:00";"SC";101;"102,6";"PICARRAS";"Outras";"Colisão lateral";"Com Vítimas Feridas";"Plena noite";"Crescente";"Nublado";"Simples";"Reta";"Rural";2;0;1;0;1;0;1;2
83515673;"11/11/16";"Sexta";"15:00:00";"RR";432;"93";"CANTA";"Velocidade incompatível";"Saída de Pista";"Com Vítimas Fatais";"Pleno dia";"Decrescente";"Ignorada";"Simples";"Curva";"Rural";1;1;0;0;0;0;0;1
83515674;"14/11/16";"Segunda";"07:10:00";"GO";60;"31";"ALEXANIA";"Falta de atenção";"Colisão traseira";"Com Vítimas Feridas";"Pleno dia";"Decrescente";"Chuva";"Dupla";"Reta";"Urbano";3;0;1;0;2;0;1;2
83515675;"10/11/16";"Quinta";"16:30:00";"AL";101;"119";"PILAR";"Ultrapassagem indevida";"Colisão Transversal";"Com Vítimas Feridas";"Pleno dia";"Decrescente";"Ceu Claro";"Simples";"Curva";"Rural";3;0;1;0;1;1;1;3
83515676;"13/11/16";"Domingo";"05:30:00";"MG";381;"235,3";"BELO ORIENTE";"Defeito mecânico em veículo";"Capotamento";"Ignorado";"Amanhecer";"Decrescente";"Chuva";"Simples";"Curva";"Rural";1;0;0;0;0;1;0;1
83515677;"14/11/16";"Segunda";"09:10:00";"SP";116;"214";"GUARULHOS";"Defeito na via";"Colisão com objeto fixo";"Sem Vítimas";"Pleno dia";"Decrescente";"Chuva";"Dupla";"Reta";"Urbano";1;0;0;0;1;0;0;1
83515678;"10/11/16";"Quinta";"08:30:00";"BA";324;"559";"AMELIA RODRIGUES";"Outras";"Saída de Pista";"Sem Vítimas";"Pleno dia";"Decrescente";"Ceu Claro";"Dupla";"Reta";"Rural";1;0;0;0;1;0;0;1
83515679;"14/11/16";"Segunda";"09:10:00";"SC";282;"605,4";"MARAVILHA";"Velocidade incompatível";"Colisão traseira";"Com Vítimas Feridas";"Pleno dia";"Crescente";"Sol";"Simples";"Reta";"Urbano";2;0;0;1;1;0;1;2
83515680;"13/11/16";"Domingo";"00:30:00";"MA";222;"275";"ARARI";"Outras";"Colisão lateral";"Ignorado";"Plena noite";"Decrescente";"Ceu Claro";"Simples";"Reta";"Rural";2;0;0;0;0;2;0;2
83515681;"13/11/16";"Domingo";"20:30:00";"RN";101;"67";"EXTREMOZ";"Ingestão de álcool";"Colisão frontal";"Com Vítimas Feridas";"Plena noite";"Decrescente";"Ceu Claro";"Simples";"Reta";"Rural";3;0;1;1;1;0;2;2
83515682;"21/10/16";"Sexta";"17:10:00";"MG";40;"568";"NOVA LIMA";"Outras";"Colisão frontal";"Com Vítimas Feridas";"Anoitecer";"Decrescente";"Chuva";"Simples";"Curva";"Rural";4;0;1;2;1;0;3;3
83515683;"14/11/16";"Segunda";"06:30:00";"SP";381;"68";"MAIRIPORA";"Outras";"Capotamento";"Com Vítimas Feridas";"Amanhecer";"Decrescente";"Chuva";"Dupla";"Curva";"Urbano";2;0;1;0;1;0;1;1