"id";"data_inversa";"dia_semana";"horario";"uf";"br";"km";"municipio";"causa_acidente";"tipo_acidente";"classificacao_acidente";"fase_dia";"sentido_via";"condicao_metereologica";"tipo_pista";"tracado_via";"uso_solo";"pessoas";"mortos";"feridos_leves";"feridos_graves";"ilesos";"ignorados";"feridos";"veiculos"
83515903;"29/10/16";"Sábado";"23:30:00";"RJ";465;"3";"SEROPEDICA";"Outras";"Colisão frontal";"Com Vítimas Feridas";"Plena noite";"Crescente";"Ceu Claro";"Simples";"Reta";"Rural";3;0;0;2;1;0;2;2
83515904;"15/11/16";"Terça";"02:20:00";"ES";101;"8";"PEDRO CANARIO";"Outras";"Colisão com objeto fixo";"Sem Vítimas";"Plena noite";"Crescente";"Ceu Claro";"Simples";"Reta";"Rural";1;0;0;0;1;0;0;1
83515905;"06/11/16";"Domingo";"17:00:00";"BA";324;"546";"AMELIA RODRIGUES";"Outras";"Saída de Pista";"Sem Vítimas";"Pleno dia";"Decrescente";"Chuva";"Dupla";"Reta";"Rural";1;0;0;0;1;0;0;1
83515906;"15/11/16";"Terça";"01:30:00";"SC";101;"329,8";"CAPIVARI DE BAIXO";"Ingestão de álcool";"Colisão com objeto fixo";"Sem Vítimas";"Plena noite";"Crescente";"Ceu Claro";"Dupla";"Reta";"Rural";1;0;0;0;1;0;0;1
83515907;"14/11/16";"Segunda";"12:20:00";"ES";262;"2,3";"CARIACICA";"Falta de atenção";"Atropelamento de pessoa";"Com Vítimas Feridas";"Pleno dia";"Decrescente";"Chuva";"Dupla";"Cruzamento";"Urbano";2;0;0;1;1;0;1;1
83515908;"15/11/16";"Terça";"00:30:00";"MG";40;"474";"SETE LAGOAS";"Ingestão de álcool";"Capotamento";"Ignorado";"Plena noite";"Crescente";"Nublado";"Dupla";"Reta";"Rural";1;0;0;0;0;1;0;1
83515909;"14/11/16";"Segunda";"20:15:00";"MG";116;"277,5";"TEOFILO OTONI";"Outras";"Atropelamento de pessoa";"Com Vítimas Feridas";"Plena noite";"Crescente";"Nublado";"Múltipla";"Reta";"Urbano";2;0;1;0;1;0;1;1
83515910;"15/11/16";"Terça";"04:10:00";"PR";116;"51,6";"CAMPINA GRANDE DO SUL";"Velocidade incompatível";"Saída de Pista";"Sem Vítimas";"Plena noite";"Decrescente";"Chuva";"Dupla";"Curva";"Rural";3;0;0;0;3;0;0;1
83515911;"15/11/16";"Terça";"04:00:00";"PR";376;"179,3";"MARINGA";"Falta de atenção";"Colisão lateral";"Com Vítimas Feridas";"Plena noite";"Crescente";"Nublado";"Dupla";"Reta";"Urbano";3;0;1;0;2;0;1;2
83515912;"15/11/16";"Terça";"04:40:00";"PR";376;"176,4";"MARINGA";"Não guardar distância de segurança";"Colisão lateral";"Com Vítimas Feridas";"Plena noite";"Crescente";"Ceu Claro";"Dupla";"Reta";"Urbano";2;0;0;1;0;1;1;2
83515913;"10/11/16";"Quinta";"11:30:00";"MA";222;"162,1";"PRESIDENTE VARGAS";"Defeito na via";"Colisão com objeto fixo";"Sem Vítimas";"Pleno dia";"Crescente";"Ceu Claro";"Simples";"Reta";"Rural";1;0;0;0;1;0;0;1
83515914;"14/11/16";"Segunda";"15:00:00";"RJ";354;"9";"RESENDE";"Outras";"Saída de Pista";"Ignorado";"Pleno dia";"Crescente";"Chuva";"Simples";"Curva";"Rural";1;0;0;0;0;1;0;1
83515915;"15/11/16";"Terça";"04:30:00";"SC";101;"227";"PALHOCA";"Ingestão de álcool";"Saída de Pista";"Sem Vítimas";"Plena noite";"Crescente";"Ceu Claro";"Dupla";"Reta";"Rural";1;0;0;0;1;0;0;1
83515916;"15/11/16";"Terça";"03:00:00";"SP";116;"547,2";"BARRA DO TURVO";"Velocidade incompatível";"Colisão com objeto fixo";"Sem Vítimas";"Amanhecer";"Decrescente";"Chuva";"Dupla";"Curva";"Rural";2;0;0;0;2;0;0;1
83515917;"11/11/16";"Sexta";"21:20:00";"SP";116;"125,4";"CACAPAVA";"Não guardar distância de segurança";"Colisão traseira";"Sem Vítimas";"Plena noite";"Decrescente";"Nublado";"Dupla";"Reta";"Rural";2;0;0;0;2;0;0;2
83515918;"14/11/16";"Segunda";"18:10:00";"MG";381;"799";"SAO GONCALO DO SAPUCAI";"Velocidade incompatível";"Capotamento";"Com Vítimas Feridas";"Pleno dia";"Crescente";"Chuva";"Dupla";"Curva";"Rural";2;0;1;0;1;0;1;1
83515919;"14/11/16";"Segunda";"13:10:00";"MG";50;"27,5";"ARAGUARI";"Velocidade incompatível";"Saída de Pista";"Com Vítimas Feridas";"Pleno dia";"Crescente";"Chuva";"Dupla";"Reta";"Rural";2;0;2;0;0;0;2;1
83515920;"10/11/16";"Quinta";"09:30:00";"MA";222;"180,2";"ITAPECURU MIRIM";"Outras";"Tombamento";"Ignorado";"Pleno dia";"Crescente";"Ceu Claro";"Simples";"Curva";"Rural";1;0;0;0;0;1;0;1
83515921;"13/11/16";"Domingo";"01:30:00";"MG";381;"906,7";"CAMBUI";"Falta de atenção";"Saída de Pista";"Sem Vítimas";"Plena noite";"Decrescente";"Nublado";"Dupla";"Curva";"Rural";1;0;0;0;1;0;0;1
83515923;"15/11/16";"Terça";"05:25:00";"RS";158;"333,1";"SANTA MARIA";"Ingestão de álcool";"Atropelamento de pessoa";"Com Vítimas Feridas";"Plena noite";"Crescente";"Nublado";"Dupla";"Reta";"Urbano";2;0;0;1;1;0;1;1
83515924;"14/11/16";"Segunda";"17:00:00";"MG";381;"312";"ANTONIO DIAS";"Velocidade incompatível";"Colisão frontal";"Com Vítimas Feridas";"Anoitecer";"Crescente";"Chuva";"Simples";"Curva";"Rural";3;0;1;0;2;0;1;2
83515925;"15/11/16";"Terça";"04:45:00";"SC";282;"26";"SANTO AMARO DA IMPERATRIZ";"Dormindo";"Colisão com objeto fixo";"Com Vítimas Feridas";"Plena noite";"Decrescente";"Ceu Claro";"Simples";"Reta";"Urbano";3;0;2;0;1;0;2;1
83515926;"11/11/16";"Sexta";"20:40:00";"SP";153;"71";"SAO JOSE DO RIO PRETO";"Outras";"Queda de motocicleta / bicicleta / veículo";"Com Vítimas Feridas";"Plena noite";"Crescente";"Chuva";"Simples";"Reta";"Urbano";2;0;2;0;0;0;2;1
83515927;"15/11/16";"Terça";"01:55:00";"MG";381;"791";"SAO GONCALO DO SAPUCAI";"Defeito mecânico em veículo";"Queda de motocicleta / bicicleta / veículo";"Com Vítimas Feridas";"Plena noite";"Crescente";"Nublado";"Dupla";"Curva";"Rural";2;0;1;0;1;0;1;2
83515928;"14/11/16";"Segunda";"23:00:00";"PR";153;"151,3";"VENTANIA";"Animais na Pista";"Atropelamento de animal";"Sem Vítimas";"Plena noite";"Crescente";"Ceu Claro";"Simples";"Reta";"Rural";1;0;0;0;1;0;0;1
83515929;"14/11/16";"Segunda";"13:30:00";"MG";267;"213,9";"BOM JARDIM DE MINAS";"Falta de atenção";"Colisão Transversal";"Com Vítimas Feridas";"Pleno dia";"Decrescente";"Chuva";"Simples";"Reta";"Rural";3;0;2;1;0;0;3;2
83515930;"15/11/16";"Terça";"04:30:00";"PE";232;"281,7";"SERTANIA";"Dormindo";"Capotamento";"Com Vítimas Feridas";"Amanhecer";"Decrescente";"Nublado";"Simples";"Reta";"Rural";2;0;0;2;0;0;2;1
83515931;"14/11/16";"Segunda";"13:46:00";"BA";101;"507,5";"ITABUNA";"Falta de atenção";"Colisão traseira";"Sem Vítimas";"Pleno dia";"Decrescente";"Chuva";"Simples";"Reta";"Urbano";2;0;0;0;1;1;0;2
83515932;"15/11/16";"Terça";"06:50:00";"SC";101;"120,8";"ITAJAI";"Falta de atenção";"Saída de Pista";"Sem Vítimas";"Amanhecer";"Decrescente";"Chuva";"Dupla";"Reta";"Urbano";1;0;0;0;1;0;0;1
83515933;"15/11/16";"Terça";"01:30:00";"SP";381;"71";"MAIRIPORA";"Outras";"Capotamento";"Com Vítimas Feridas";"Plena noite";"Decrescente";"Chuva";"Dupla";"Curva";"Rural";1;0;1;0;0;0;1;1
83515934;"15/11/16";"Terça";"06:25:00";"PR";277;"416";"CANTAGALO";"Outras";"Tombamento";"Sem Vítimas";"Pleno dia";"Crescente";"Ceu Claro";"Simples";"Curva";"Rural";1;0;0;0;1;0;0;1
83515935;"14/11/16";"Segunda";"20:00:00";"RJ";40;"117";"DUQUE DE CAXIAS";"Outras";"Colisão traseira";"Com Vítimas Feridas";"Plena noite";"Decrescente";"Chuva";"Dupla";"Reta";"Rural";4;0;2;0;2;0;2;2
83515936;"15/11/16";"Terça";"06:55:00";"MG";153;"58";"MONTE ALEGRE DE MINAS";"Velocidade incompatível";"Saída de Pista";"Com Vítimas Feridas";"Amanhecer";"Decrescente";"Nevoeiro/neblina";"Simples";"Cruzamento";"Rural";1;0;0;1;0;0;1;1
83515937;"12/11/16";"Sábado";"04:15:00";"PR";376;"678";"GUARATUBA";"Falta de atenção";"Colisão com objeto fixo";"Com Vítimas Feridas";"Plena noite";"Decrescente";"Chuva";"Dupla";"Reta";"Rural";3;0;1;0;2;0;1;2
83515938;"14/11/16";"Segunda";"10:00:00";"MG";381;"315";"NOVA ERA";"Velocidade incompatível";"Saída de Pista";"Sem Vítimas";"Pleno dia";"Crescente";"Chuva";"Simples";"Curva";"Rural";1;0;0;0;1;0;0;1
83515939;"15/11/16";"Terça";"08:00:00";"MG";381;"526";"ITATIAIUCU";"Velocidade incompatível";"Capotamento";"Sem Vítimas";"Amanhecer";"Crescente";"Chuva";"Dupla";"Curva";"Rural";1;0;0;0;1;0;0;1
83515940;"15/11/16";"Terça";"06:50:00";"RJ";116;"223,3";"PIRAI";"Velocidade incompatível";"Tombamento";"Sem Vítimas";"Amanhecer";"Decrescente";"Nublado";"Simples";"Curva";"Rural";1;0;0;0;1;0;0;1
83515941;"11/11/16";"Sexta";"11:18:00";"RJ";101;"297";"ITABORAI";"Defeito na via";"Colisão lateral";"Com Vítimas Feridas";"Pleno dia";"Crescente";"Sol";"Dupla";"Reta";"Urbano";2;0;1;0;1;0;1;2
83515942;"15/11/16";"Terça";"00:01:00";"MG";381;"167,3";"GOVERNADOR VALADARES";"Dormindo";"Saída de Pista";"Sem Vítimas";"Plena noite";"Crescente";"Chuva";"Simples";"Reta";"Rural";1;0;0;0;1;0;0;1
83515943;"11/11/16";"Sexta";"05:20:00";"DF";60;"18,5";"BRASILIA";"Outras";"Atropelamento de animal";"Com Vítimas Feridas";"Plena noite";"Crescente";"Ceu Claro";"Simples";"Reta";"Rural";1;0;0;1;0;0;1;1
83515944;"15/11/16";"Terça";"05:30:00";"RN";304;"42,2";"MOSSORO";"Outras";"Atropelamento de pessoa";"Com Vítimas Fatais";"Pleno dia";"Decrescente";"Ceu Claro";"Dupla";"Reta";"Rural";2;1;0;0;0;1;0;1
83515945;"11/11/16";"Sexta";"20:20:00";"RJ";101;"276";"TANGUA";"Outras";"Queda de motocicleta / bicicleta / veículo";"Com Vítimas Feridas";"Plena noite";"Crescente";"Nublado";"Dupla";"Reta";"Rural";2;0;1;0;1;0;1;2
83515946;"07/11/16";"Segunda";"18:00:00";"CE";222;"2,7";"CAUCAIA";"Defeito mecânico em veículo";"Colisão Transversal";"Com Vítimas Feridas";"Anoitecer";"Crescente";"Ceu Claro";"Múltipla";"Reta";"Urbano";2;0;1;0;1;0;1;2
83515947;"15/11/16";"Terça";"05:00:00";"ES";101;"257,9";"SERRA";"Ingestão de álcool";"Saída de Pista";"Sem Vítimas";"Pleno dia";"Decrescente";"Chuva";"Dupla";"Reta";"Urbano";1;0;0;0;1;0;0;1
83515948;"12/11/16";"Sábado";"13:45:00";"MT";364;"569";"NOBRES";"Outras";"Saída de Pista";"Com Vítimas Feridas";"Pleno dia";"Crescente";"Chuva";"Dupla";"Reta";"Rural";4;0;1;0;3;0;1;1
83515949;"12/11/16";"Sábado";"06:10:00";"SC";470;"136,2";"RIO DO SUL";"Falta de atenção";"Colisão frontal";"Com Vítimas Fatais";"Amanhecer";"Decrescente";"Nublado";"Simples";"Reta";"Urbano";3;1;0;1;1;0;1;2
83515950;"13/11/16";"Domingo";"19:15:00";"RS";116;"537";"CAPAO DO LEAO";"Ingestão de álcool";"Saída de Pista";"Sem Vítimas";"Pleno dia";"Decrescente";"Ceu Claro";"Simples";"Reta";"Rural";1;0;0;0;1;0;0;1
83515951;"12/11/16";"Sábado";"01:50:00";"MG";116;"482,3";"CARATINGA";"Animais na Pista";"Atropelamento de animal";"Com Vítimas Fatais";"Plena noite";"Decrescente";"Nublado";"Simples";"Reta";"Urbano";1;1;0;0;0;0;0;1
83515952;"15/11/16";"Terça";"05:30:00";"PE";101;"82,5";"JABOATAO DOS GUARARAPES";"Outras";"Colisão traseira";"Sem Vítimas";"Pleno dia";"Crescente";"Nublado";"Dupla";"Curva";"Urbano";2;0;0;0;2;0;0;2
83515953;"15/11/16";"Terça";"06:55:00";"MG";381;"646,3";"SANTO ANTONIO DO AMPARO";"Outras";"Colisão com objeto fixo";"Sem Vítimas";"Pleno dia";"Crescente";"Chuva";"Dupla";"Curva";"Rural";3;0;0;0;3;0;0;1
83515954;"15/11/16";"Terça";"07:30:00";"SC";101;"89,9";"BARRA VELHA";"Dormindo";"Saída de Pista";"Sem Vítimas";"Pleno dia";"Decrescente";"Chuva";"Dupla";"Reta";"Rural";2;0;0;0;2;0;0;1
83515955;"11/11/16";"Sexta";"23:35:00";"MG";40;"530";"CONTAGEM";"Outras";"Colisão com objeto fixo";"Sem Vítimas";"Pleno dia";"Crescente";"Ceu Claro";"Dupla";"Curva";"Urbano";1;0;0;0;1;0;0;1
83515956;"12/11/16";"Sábado";"00:15:00";"BA";420;"341";"JAGUAQUARA";"Ingestão de álcool";"Colisão frontal";"Sem Vítimas";"Plena noite";"Crescente";"Ceu Claro";"Simples";"Curva";"Urbano";2;0;0;0;2;0;0;2
83515957;"14/11/16";"Segunda";"17:50:00";"SC";282;"3";"FLORIANOPOLIS";"Ingestão de álcool";"Colisão lateral";"Com Vítimas Feridas";"Pleno dia";"Crescente";"Nublado";"Dupla";"Reta";"Urbano";3;0;2;0;1;0;2;2
83515958;"11/11/16";"Sexta";"13:30:00";"PR";376;"618";"SAO JOSE DOS PINHAIS";"Falta de atenção";"Colisão traseira";"Sem Vítimas";"Pleno dia";"Crescente";"Nublado";"Dupla";"Curva";"Urbano";3;0;0;0;3;0;0;3
83515959;"15/11/16";"Terça";"08:28:00";"RS";116;"245,5";"SAO LEOPOLDO";"Outras";"Tombamento";"Com Vítimas Feridas";"Pleno dia";"Crescente";"Sol";"Múltipla";"Reta";"Urbano";1;0;1;0;0;0;1;1
83515960;"07/11/16";"Segunda";"22:30:00";"MG";40;"709,2";"BARBACENA";"Ingestão de álcool";"Saída de Pista";"Sem Vítimas";"Plena noite";"Decrescente";"Chuva";"Dupla";"Reta";"Rural";1;0;0;0;1;0;0;1
83515961;"11/11/16";"Sexta";"17:45:00";"BA";101;"802";"ITAMARAJU";"Ultrapassagem indevida";"Colisão traseira";"Com Vítimas Feridas";"Anoitecer";"Decrescente";"Nublado";"Simples";"Reta";"Rural";3;0;1;0;2;0;1;2
83515962;"13/11/16";"Domingo";"13:20:00";"MG";365;"646";"UBERLANDIA";"Velocidade incompatível";"Capotamento";"Com Vítimas Feridas";"Pleno dia";"Crescente";"Chuva";"Dupla";"Curva";"Rural";2;0;1;0;1;0;1;1
83515963;"11/11/16";"Sexta";"15:30:00";"RS";290;"130";"ELDORADO DO SUL";"Desobediência à sinalização";"Colisão Transversal";"Com Vítimas Feridas";"Pleno dia";"Decrescente";"Nublado";"Simples";"Reta";"Urbano";4;0;2;0;2;0;2;3
83515964;"15/11/16";"Terça";"07:05:00";"SP";116;"225,5";"GUARULHOS";"Falta de atenção";"Colisão com objeto fixo";"Sem Vítimas";"Amanhecer";"Decrescente";"Ceu Claro";"Dupla";"Reta";"Urbano";1;0;0;0;1;0;0;1
83515965;"03/09/16";"Sábado";"06:20:00";"CE";116;"37,4";"HORIZONTE";"Outras";"Colisão traseira";"Com Vítimas Feridas";"Pleno dia";"Crescente";"Ceu Claro";"Dupla";"Reta";"Rural";7;0;0;6;1;0;6;2
83515966;"22/10/16";"Sábado";"16:55:00";"PB";230;"42";"SANTA RITA";"Outras";"Saída de Pista";"Com Vítimas Feridas";"Anoitecer";"Decrescente";"Ceu Claro";"Dupla";"Reta";"Rural";4;0;2;1;1;0;3;1
83515967;"12/11/16";"Sábado";"03:20:00";"MG";116;"17";"CACHOEIRA DE PAJEU";"Ingestão de álcool";"Saída de Pista";"Sem Vítimas";"Plena noite";"Decrescente";"Ceu Claro";"Simples";"Curva";"Rural";1;0;0;0;1;0;0;1
83515968;"14/11/16";"Segunda";"08:00:00";"GO";153;"348,4";"JARAGUA";"Outras";"Capotamento";"Sem Vítimas";"Pleno dia";"Decrescente";"Chuva";"Simples";"Curva";"Rural";1;0;0;0;1;0;0;1
83515969;"13/11/16";"Domingo";"19:00:00";"PB";230;"464";"SOUSA";"Falta de atenção";"Colisão traseira";"Com Vítimas Feridas";"Plena noite";"Decrescente";"Ceu Claro";"Simples";"Reta";"Urbano";2;0;0;1;0;1;1;2
83515970;"14/11/16";"Segunda";"22:20:00";"RJ";356;"177";"SAO JOAO DA BARRA";"Dormindo";"Saída de Pista";"Com Vítimas Feridas";"Plena noite";"Crescente";"Chuva";"Simples";"Reta";"Urbano";1;0;1;0;0;0;1;1
83515971;"11/11/16";"Sexta";"17:30:00";"MG";40;"566";"NOVA LIMA";"Outras";"Tombamento";"Com Vítimas Feridas";"Pleno dia";"Crescente";"Chuva";"Simples";"Reta";"Rural";1;0;1;0;0;0;1;1
83515972;"30/10/16";"Domingo";"07:05:00";"MT";70;"503,5";"CUIABA";"Outras";"Tombamento";"Com Vítimas Feridas";"Pleno dia";"Decrescente";"Ceu Claro";"Simples";"Curva";"Rural";1;0;1;0;0;0;1;1
83515973;"03/11/16";"Quinta";"18:00:00";"RJ";40;"91";"PETROPOLIS";"Velocidade incompatível";"Saída de Pista";"Sem Vítimas";"Pleno dia";"Decrescente";"Ceu Claro";"Simples";"Curva";"Rural";1;0;0;0;1;0;0;1
83515974;"11/11/16";"Sexta";"20:00:00";"MG";251;"456,7";"GRAO MOGOL";"Falta de atenção";"Colisão traseira";"Com Vítimas Fatais";"Plena noite";"Decrescente";"Nublado";"Simples";"Reta";"Rural";3;1;0;1;1;0;1;2
83515975;"14/11/16";"Segunda";"07:44:00";"PA";230;"622";"ALTAMIRA";"Falta de atenção";"Colisão traseira";"Com Vítimas Feridas";"Pleno dia";"Decrescente";"Sol";"Simples";"Reta";"Urbano";2;0;2;0;0;0;2;2
83515976;"15/11/16";"Terça";"06:15:00";"SP";116;"547,2";"BARRA DO TURVO";"Velocidade incompatível";"Colisão com objeto fixo";"Sem Vítimas";"Amanhecer";"Decrescente";"Chuva";"Dupla";"Curva";"Rural";2;0;0;0;2;0;0;1
83515977;"12/11/16";"Sábado";"15:45:00";"MT";163;"638";"NOVA MUTUM";"Falta de atenção";"Colisão frontal";"Com Vítimas Feridas";"Pleno dia";"Crescente";"Chuva";"Simples";"Reta";"Rural";2;0;0;1;1;0;1;2
83515978;"11/11/16";"Sexta";"19:00:00";"CE";222;"59";"SAO GONCALO DO AMARANTE";"Outras";"Colisão Transversal";"Ignorado";"Plena noite";"Decrescente";"Ceu Claro";"Simples";"Reta";"Rural";3;0;0;0;0;3;0;2
83515980;"11/11/16";"Sexta";"16:10:00";"RJ";116;"315";"ITATIAIA";"Outras";"Colisão com objeto fixo";"Com Vítimas Feridas";"Pleno dia";"Decrescente";"Nublado";"Dupla";"Reta";"Urbano";1;0;1;0;0;0;1;1
83515981;"15/11/16";"Terça";"07:20:00";"SC";282;"487,6";"FAXINAL DOS GUEDES";"Falta de atenção";"Colisão lateral";"Com Vítimas Feridas";"Pleno dia";"Crescente";"Sol";"Simples";"Curva";"Rural";2;0;1;0;1;0;1;2
83515982;"15/11/16";"Terça";"07:30:00";"MG";381;"519,3";"IGARAPE";"Outras";"Colisão com objeto fixo";"Com Vítimas Feridas";"Amanhecer";"Crescente";"Chuva";"Múltipla";"Curva";"Rural";2;0;2;0;0;0;2;1
83515983;"12/11/16";"Sábado";"06:30:00";"SP";116;"338";"JUQUITIBA";"Velocidade incompatível";"Saída de Pista";"Sem Vítimas";"Amanhecer";"Decrescente";"Chuva";"Dupla";"Curva";"Rural";3;0;0;0;3;0;0;1
83515984;"11/11/16";"Sexta";"14:06:00";"RJ";101;"295";"ITABORAI";"Outras";"Atropelamento de pessoa";"Com Vítimas Feridas";"Pleno dia";"Decrescente";"Ceu Claro";"Dupla";"Reta";"Rural";2;0;1;0;1;0;1;1
83515985;"14/11/16";"Segunda";"16:30:00";"BA";324;"618";"SALVADOR";"Falta de atenção";"Colisão com objeto fixo";"Sem Vítimas";"Pleno dia";"Crescente";"Ceu Claro";"Dupla";"Reta";"Urbano";2;0;0;0;2;0;0;2
83515986;"12/11/16";"Sábado";"02:45:00";"SC";280;"153";"MAFRA";"Velocidade incompatível";"Colisão com objeto fixo";"Sem Vítimas";"Plena noite";"Crescente";"Ignorada";"Simples";"Reta";"Urbano";3;0;0;0;3;0;0;1
83515987;"12/11/16";"Sábado";"02:45:00";"MG";381;"744,3";"TRES CORACOES";"Velocidade incompatível";"Capotamento";"Sem Vítimas";"Plena noite";"Decrescente";"Chuva";"Dupla";"Curva";"Rural";1;0;0;0;1;0;0;1
83515988;"10/11/16";"Quinta";"13:50:00";"MT";174;"50";"CACERES";"Defeito mecânico em veículo";"Saída de Pista";"Com Vítimas Feridas";"Pleno dia";"Crescente";"Nublado";"Simples";"Reta";"Rural";1;0;1;0;0;0;1;1
83515989;"12/11/16";"Sábado";"13:30:00";"TO";153;"334";"GUARAI";"Velocidade incompatível";"Colisão frontal";"Com Vítimas Fatais";"Pleno dia";"Crescente";"Chuva";"Simples";"Curva";"Urbano";11;1;3;6;1;0;9;3
83515990;"15/11/16";"Terça";"10:00:00";"PA";316;"8";"ANANINDEUA";"Não guardar distância de segurança";"Colisão lateral";"Sem Vítimas";"Pleno dia";"Decrescente";"Ceu Claro";"Dupla";"Reta";"Urbano";2;0;0;0;2;0;0;2
83515992;"15/11/16";"Terça";"10:20:00";"RS";116;"236";"NOVO HAMBURGO";"Outras";"Colisão frontal";"Com Vítimas Feridas";"Pleno dia";"Decrescente";"Sol";"Dupla";"Curva";"Urbano";3;0;0;1;2;0;1;3
83515993;"13/11/16";"Domingo";"20:45:00";"GO";153;"496,1";"GOIANIA";"Outras";"Capotamento";"Sem Vítimas";"Plena noite";"Decrescente";"Nublado";"Dupla";"Reta";"Urbano";1;0;0;0;1;0;0;1
83515994;"15/11/16";"Terça";"10:00:00";"ES";262;"17,3";"VIANA";"Defeito na via";"Queda de motocicleta / bicicleta / veículo";"Com Vítimas Feridas";"Pleno dia";"Crescente";"Nublado";"Simples";"Reta";"Urbano";1;0;1;0;0;0;1;1
83515995;"15/11/16";"Terça";"07:20:00";"SE";101;"15,4";"CEDRO DE SAO JOAO";"Defeito mecânico em veículo";"Colisão com objeto móvel";"Sem Vítimas";"Pleno dia";"Crescente";"Ceu Claro";"Simples";"Reta";"Rural";2;0;0;0;2;0;0;2
83515996;"12/11/16";"Sábado";"04:00:00";"PI";316;"247,9";"INHUMA";"Defeito na via";"Saída de Pista";"Sem Vítimas";"Plena noite";"Decrescente";"Ceu Claro";"Simples";"Reta";"Rural";3;0;0;0;1;2;0;1
83515997;"15/11/16";"Terça";"10:20:00";"SE";101;"181,2";"UMBAUBA";"Falta de atenção";"Colisão Transversal";"Com Vítimas Feridas";"Pleno dia";"Crescente";"Ceu Claro";"Simples";"Reta";"Urbano";3;0;1;1;1;0;2;2
83515998;"15/11/16";"Terça";"08:40:00";"ES";262;"6,5";"CARIACICA";"Desobediência à sinalização";"Colisão Transversal";"Com Vítimas Feridas";"Pleno dia";"Crescente";"Nublado";"Múltipla";"Cruzamento";"Urbano";2;0;0;1;1;0;1;2
83515999;"11/11/16";"Sexta";"20:30:00";"MG";381;"492";"BETIM";"Não guardar distância de segurança";"Colisão traseira";"Sem Vítimas";"Plena noite";"Decrescente";"Chuva";"Dupla";"Reta";"Urbano";2;0;0;0;2;0;0;2
83516000;"15/11/16";"Terça";"11:00:00";"PR";116;"119";"CURITIBA";"Velocidade incompatível";"Saída de Pista";"Com Vítimas Feridas";"Pleno dia";"Crescente";"Ceu Claro";"Dupla";"Curva";"Rural";1;0;0;1;0;0;1;1
83516001;"15/11/16";"Terça";"10:00:00";"MG";381;"369";"SAO GONCALO DO RIO ABAIXO";"Velocidade incompatível";"Saída de Pista";"Sem Vítimas";"Pleno dia";"Crescente";"Chuva";"Simples";"Curva";"Rural";1;0;0;0;1;0;0;1
83516002;"12/11/16";"Sábado";"03:30:00";"MG";116;"482,3";"DOM CAVATI";"Velocidade incompatível";"Colisão com objeto fixo";"Com Vítimas Feridas";"Plena noite";"Decrescente";"Nublado";"Simples";"Reta";"Urbano";3;0;0;1;1;1;1;2
83516003;"08/11/16";"Terça";"11:40:00";"CE";222;"61";"SAO GONCALO DO AMARANTE";"Outras";"Colisão frontal";"Com Vítimas Fatais";"Pleno dia";"Decrescente";"Ceu Claro";"Dupla";"Reta";"Rural";6;1;1;2;2;0;3;2
83516004;"11/11/16";"Sexta";"18:54:00";"PR";369;"142";"IBIPORA";"Defeito mecânico em veículo";"Colisão lateral";"Com Vítimas Feridas";"Pleno dia";"Decrescente";"Nublado";"Simples";"Reta";"Urbano";2;0;1;0;1;0;1;2
83516005;"15/11/16";"Terça";"08:30:00";"MG";40;"824,9";"SIMAO PEREIRA";"Velocidade incompatível";"Saída de Pista";"Com Vítimas Feridas";"Pleno dia";"Crescente";"Chuva";"Dupla";"Curva";"Rural";1;0;1;0;0;0;1;1
83516006;"13/11/16";"Domingo";"05:00:00";"RJ";101;"483";"ANGRA DOS REIS";"Ingestão de álcool";"Colisão Transversal";"Com Vítimas Feridas";"Amanhecer";"Crescente";"Chuva";"Simples";"Curva";"Urbano";4;0;2;0;2;0;2;2
83516007;"15/11/16";"Terça";"07:30:00";"PE";101;"193,5";"XEXEU";"Velocidade incompatível";"Tombamento";"Sem Vítimas";"Pleno dia";"Crescente";"Chuva";"Simples";"Curva";"Rural";1;0;0;0;1;0;0;1
83516008;"11/11/16";"Sexta";"19:00:00";"PI";343;"344,6";"TERESINA";"Desobediência à sinalização";"Colisão Transversal";"Com Vítimas Feridas";"Plena noite";"Crescente";"Ceu Claro";"Dupla";"Reta";"Urbano";3;0;2;0;1;0;2;2
83516009;"11/11/16";"Sexta";"20:15:00";"PR";369;"114,9";"URAI";"Outras";"Colisão com objeto móvel";"Com Vítimas Feridas";"Pleno dia";"Decrescente";"Chuva";"Simples";"Reta";"Rural";1;0;0;1;0;0;1;1
83516010;"15/11/16";"Terça";"04:45:00";"BA";20;"181";"LUIS EDUARDO MAGALHAES";"Dormindo";"Colisão traseira";"Com Vítimas Feridas";"Amanhecer";"Crescente";"Nublado";"Simples";"Reta";"Rural";8;0;1;0;7;0;1;2
83516011;"15/11/16";"Terça";"11:50:00";"PR";116;"5";"CAMPINA GRANDE DO SUL";"Velocidade incompatível";"Colisão com objeto fixo";"Sem Vítimas";"Pleno dia";"Decrescente";"Chuva";"Dupla";"Curva";"Rural";2;0;0;0;2;0;0;1
83516012;"15/11/16";"Terça";"11:40:00";"MG";381;"315";"NOVA ERA";"Desobediência à sinalização";"Colisão frontal";"Sem Vítimas";"Pleno dia";"Decrescente";"Sol";"Simples";"Curva";"Urbano";3;0;0;0;3;0;0;3
83516013;"15/11/16";"Terça";"06:25:00";"RS";290;"59,7";"GRAVATAI";"Dormindo";"Colisão traseira";"Com Vítimas Fatais";"Plena noite";"Decrescente";"Ceu Claro";"Dupla";"Reta";"Rural";3;1;1;0;1;0;1;2