"id";"data_inversa";"dia_semana";"horario";"uf";"br";"km";"municipio";"causa_acidente";"tipo_acidente";"classificacao_acidente";"fase_dia";"sentido_via";"condicao_metereologica";"tipo_pista";"tracado_via";"uso_solo";"pessoas";"mortos";"feridos_leves";"feridos_graves";"ilesos";"ignorados";"feridos";"veiculos"
83516014;"15/11/16";"Terça";"13:25:00";"MG";50;"172,9";"UBERABA";"Defeito mecânico em veículo";"Tombamento";"Com Vítimas Feridas";"Pleno dia";"Decrescente";"Nublado";"Dupla";"Reta";"Rural";2;0;1;1;0;0;2;1
83516015;"11/11/16";"Sexta";"11:45:00";"PR";487;"186";"CAMPO MOURAO";"Falta de atenção";"Tombamento";"Sem Vítimas";"Pleno dia";"Crescente";"Chuva";"Simples";"Reta";"Rural";1;0;0;0;1;0;0;1
83516016;"15/11/16";"Terça";"14:20:00";"PR";153;"471,9";"PORTO VITORIA";"Ultrapassagem indevida";"Capotamento";"Sem Vítimas";"Pleno dia";"Decrescente";"Ceu Claro";"Simples";"Reta";"Rural";1;0;0;0;1;0;0;1
83516017;"15/11/16";"Terça";"07:30:00";"MG";381;"360";"JOAO MONLEVADE";"Velocidade incompatível";"Saída de Pista";"Com Vítimas Feridas";"Pleno dia";"Decrescente";"Chuva";"Simples";"Curva";"Urbano";4;0;2;1;1;0;3;1
83516018;"13/11/16";"Domingo";"04:30:00";"SP";116;"104,1";"TAUBATE";"Falta de atenção";"Capotamento";"Sem Vítimas";"Plena noite";"Crescente";"Chuva";"Dupla";"Reta";"Rural";4;0;0;0;4;0;0;1
83516019;"15/11/16";"Terça";"13:35:00";"RJ";393;"152";"TRES RIOS";"Velocidade incompatível";"Tombamento";"Com Vítimas Feridas";"Pleno dia";"Crescente";"Ceu Claro";"Simples";"Curva";"Rural";2;0;2;0;0;0;2;1
83516020;"15/11/16";"Terça";"11:40:00";"MG";381;"173";"GOVERNADOR VALADARES";"Outras";"Saída de Pista";"Com Vítimas Feridas";"Pleno dia";"Decrescente";"Nublado";"Simples";"Reta";"Rural";1;0;1;0;0;0;1;1
83516021;"11/11/16";"Sexta";"21:15:00";"MG";40;"699,2";"BARBACENA";"Animais na Pista";"Atropelamento de animal";"Com Vítimas Feridas";"Plena noite";"Crescente";"Nublado";"Dupla";"Reta";"Urbano";2;0;1;0;1;0;1;1
83516022;"15/11/16";"Terça";"12:30:00";"RJ";40;"13";"TRES RIOS";"Outras";"Capotamento";"Com Vítimas Feridas";"Pleno dia";"Decrescente";"Nublado";"Dupla";"Curva";"Rural";2;0;1;0;1;0;1;1
83516023;"11/11/16";"Sexta";"11:50:00";"SP";116;"213,8";"GUARULHOS";"Dormindo";"Queda de motocicleta / bicicleta / veículo";"Com Vítimas Feridas";"Plena noite";"Decrescente";"Chuva";"Múltipla";"Reta";"Urbano";1;0;1;0;0;0;1;1
83516024;"14/11/16";"Segunda";"08:00:00";"MT";364;"401,8";"CUIABA";"Desobediência à sinalização";"Colisão Transversal";"Sem Vítimas";"Pleno dia";"Decrescente";"Ceu Claro";"Simples";"Reta";"Urbano";2;0;0;0;2;0;0;2
83516025;"16/09/16";"Sexta";"20:40:00";"MG";40;"624";"CONSELHEIRO LAFAIETE";"Falta de atenção";"Colisão traseira";"Com Vítimas Fatais";"Plena noite";"Crescente";"Nublado";"Simples";"Reta";"Rural";2;1;0;0;1;0;0;2
83516026;"15/11/16";"Terça";"10:50:00";"PR";369;"22,5";"CAMBARA";"Falta de atenção";"Colisão Transversal";"Sem Vítimas";"Pleno dia";"Crescente";"Ceu Claro";"Simples";"Reta";"Rural";2;0;0;0;2;0;0;2
83516027;"12/08/16";"Sexta";"19:50:00";"BA";101;"912";"NOVA VICOSA";"Não guardar distância de segurança";"Colisão lateral";"Com Vítimas Feridas";"Plena noite";"Crescente";"Chuva";"Simples";"Reta";"Rural";5;0;1;0;4;0;1;4
83516029;"15/11/16";"Terça";"13:40:00";"MG";262;"380,5";"JUATUBA";"Velocidade incompatível";"Saída de Pista";"Sem Vítimas";"Pleno dia";"Crescente";"Chuva";"Dupla";"Curva";"Rural";1;0;0;0;1;0;0;1
83516031;"13/11/16";"Domingo";"23:30:00";"SP";116;"360";"MIRACATU";"Outras";"Tombamento";"Com Vítimas Feridas";"Plena noite";"Crescente";"Chuva";"Simples";"Curva";"Rural";1;0;1;0;0;0;1;1
83516033;"15/11/16";"Terça";"06:35:00";"PI";316;"8,3";"TERESINA";"Outras";"Colisão com bicicleta";"Com Vítimas Feridas";"Pleno dia";"Decrescente";"Sol";"Simples";"Reta";"Urbano";2;0;2;0;0;0;2;2
83516034;"13/11/16";"Domingo";"03:50:00";"BA";101;"209";"GOVERNADOR MANGABEIRA";"Não guardar distância de segurança";"Colisão traseira";"Com Vítimas Feridas";"Pleno dia";"Decrescente";"Ceu Claro";"Dupla";"Reta";"Urbano";2;0;1;0;1;0;1;2
83516035;"15/11/16";"Terça";"13:40:00";"PE";101;"91";"CABO DE SANTO AGOSTINHO";"Outras";"Colisão traseira";"Sem Vítimas";"Pleno dia";"Crescente";"Sol";"Simples";"Reta";"Urbano";2;0;0;0;1;1;0;2
83516036;"28/03/16";"Segunda";"18:10:00";"RN";101;"10,4";"PARNAMIRIM";"Defeito mecânico em veículo";"Queda de motocicleta / bicicleta / veículo";"Com Vítimas Feridas";"Plena noite";"Crescente";"Ceu Claro";"Dupla";"Reta";"Urbano";1;0;1;0;0;0;1;1
83516037;"11/11/16";"Sexta";"07:15:00";"SP";116;"218,2";"GUARULHOS";"Falta de atenção";"Colisão traseira";"Com Vítimas Feridas";"Amanhecer";"Crescente";"Sol";"Múltipla";"Reta";"Urbano";2;0;1;0;1;0;1;2
83516038;"12/11/16";"Sábado";"07:00:00";"SP";116;"118";"TAUBATE";"Falta de atenção";"Colisão traseira";"Sem Vítimas";"Pleno dia";"Decrescente";"Ceu Claro";"Dupla";"Reta";"Rural";2;0;0;0;2;0;0;2
83516039;"15/11/16";"Terça";"11:55:00";"BA";116;"347,9";"SERRINHA";"Defeito mecânico em veículo";"Danos Eventuais";"Sem Vítimas";"Pleno dia";"Crescente";"Ceu Claro";"Simples";"Reta";"Rural";2;0;0;0;2;0;0;1
83516040;"15/11/16";"Terça";"11:10:00";"MG";135;"389,8";"BOCAIUVA";"Velocidade incompatível";"Capotamento";"Com Vítimas Feridas";"Pleno dia";"Crescente";"Chuva";"Simples";"Reta";"Rural";2;0;1;0;1;0;1;1
83516042;"15/11/16";"Terça";"09:00:00";"BA";101;"185";"SAO GONCALO DOS CAMPOS";"Ingestão de álcool";"Colisão lateral";"Com Vítimas Feridas";"Pleno dia";"Decrescente";"Ceu Claro";"Simples";"Reta";"Rural";2;0;1;0;0;1;1;2
83516043;"12/11/16";"Sábado";"05:30:00";"SP";116;"204";"ARUJA";"Ingestão de álcool";"Colisão traseira";"Com Vítimas Feridas";"Amanhecer";"Decrescente";"Ceu Claro";"Dupla";"Reta";"Urbano";2;0;1;0;1;0;1;2
83516044;"15/11/16";"Terça";"06:30:00";"AM";174;"974";"PRESIDENTE FIGUEIREDO";"Dormindo";"Saída de Pista";"Com Vítimas Feridas";"Pleno dia";"Crescente";"Ceu Claro";"Simples";"Reta";"Rural";1;0;1;0;0;0;1;1
83516045;"12/11/16";"Sábado";"20:42:00";"MG";116;"177";"PADRE PARAISO";"Outras";"Tombamento";"Com Vítimas Feridas";"Plena noite";"Decrescente";"Nublado";"Simples";"Reta";"Urbano";1;0;1;0;0;0;1;1
83516046;"09/11/16";"Quarta";"21:00:00";"RN";226;"3";"NATAL";"Desobediência à sinalização";"Colisão lateral";"Com Vítimas Feridas";"Plena noite";"Crescente";"Ceu Claro";"Simples";"Reta";"Urbano";2;0;0;1;1;0;1;2
83516047;"11/11/16";"Sexta";"23:30:00";"PE";101;"82";"JABOATAO DOS GUARARAPES";"Falta de atenção";"Colisão traseira";"Com Vítimas Feridas";"Plena noite";"Crescente";"Nublado";"Múltipla";"Reta";"Urbano";2;0;1;0;1;0;1;2
83516048;"15/11/16";"Terça";"14:15:00";"PR";376;"183,7";"SARANDI";"Não guardar distância de segurança";"Queda de motocicleta / bicicleta / veículo";"Com Vítimas Feridas";"Pleno dia";"Decrescente";"Nublado";"Simples";"Reta";"Urbano";2;0;1;1;0;0;2;1
83516049;"15/11/16";"Terça";"12:05:00";"SP";116;"434,2";"REGISTRO";"Dormindo";"Saída de Pista";"Com Vítimas Feridas";"Pleno dia";"Decrescente";"Chuva";"Dupla";"Reta";"Rural";2;0;1;0;1;0;1;1
83516050;"15/11/16";"Terça";"12:25:00";"PR";163;"263";"QUATRO PONTES";"Outras";"Saída de Pista";"Com Vítimas Feridas";"Pleno dia";"Decrescente";"Ceu Claro";"Simples";"Reta";"Rural";3;0;1;0;0;2;1;3
83516051;"15/11/16";"Terça";"14:45:00";"PA";316;"11";"MARITUBA";"Não guardar distância de segurança";"Colisão traseira";"Sem Vítimas";"Pleno dia";"Crescente";"Ceu Claro";"Dupla";"Reta";"Urbano";2;0;0;0;2;0;0;2
83516052;"07/11/16";"Segunda";"20:45:00";"PE";232;"90,2";"SAIRE";"Velocidade incompatível";"Capotamento";"Com Vítimas Fatais";"Anoitecer";"Crescente";"Ceu Claro";"Dupla";"Curva";"Urbano";1;1;0;0;0;0;0;1
83516053;"15/11/16";"Terça";"06:00:00";"MG";116;"182,4";"CARAI";"Outras";"Incêndio";"Sem Vítimas";"Pleno dia";"Decrescente";"Nublado";"Simples";"Curva";"Rural";1;0;0;0;1;0;0;1
83516054;"15/11/16";"Terça";"14:40:00";"PR";376;"182,6";"SARANDI";"Desobediência à sinalização";"Colisão Transversal";"Com Vítimas Feridas";"Pleno dia";"Crescente";"Sol";"Dupla";"Cruzamento";"Urbano";4;0;0;2;2;0;2;2
83516055;"07/11/16";"Segunda";"22:00:00";"PE";101;"147";"RIBEIRAO";"Outras";"Saída de Pista";"Sem Vítimas";"Plena noite";"Crescente";"Ceu Claro";"Dupla";"Reta";"Rural";2;0;0;0;2;0;0;2
83516056;"15/11/16";"Terça";"14:45:00";"PR";476;"282";"SAO MATEUS DO SUL";"Outras";"Colisão traseira";"Sem Vítimas";"Pleno dia";"Decrescente";"Ceu Claro";"Simples";"Reta";"Urbano";8;0;0;0;8;0;0;2
83516057;"07/11/16";"Segunda";"17:35:00";"RJ";116;"13";"SAPUCAIA";"Outras";"Colisão frontal";"Com Vítimas Feridas";"Anoitecer";"Decrescente";"Chuva";"Simples";"Curva";"Rural";4;0;2;2;0;0;4;2
83516058;"15/11/16";"Terça";"15:00:00";"MG";381;"517";"IGARAPE";"Velocidade incompatível";"Saída de Pista";"Com Vítimas Feridas";"Pleno dia";"Decrescente";"Sol";"Dupla";"Curva";"Rural";2;0;2;0;0;0;2;1
83516059;"15/11/16";"Terça";"13:50:00";"GO";40;"5,1";"VALPARAISO DE GOIAS";"Outras";"Colisão Transversal";"Com Vítimas Feridas";"Pleno dia";"Crescente";"Ceu Claro";"Dupla";"Reta";"Urbano";3;0;2;0;1;0;2;2
83516060;"15/11/16";"Terça";"15:10:00";"SC";282;"228,8";"LAGES";"Defeito mecânico em veículo";"Queda de motocicleta / bicicleta / veículo";"Com Vítimas Feridas";"Pleno dia";"Crescente";"Sol";"Simples";"Curva";"Rural";2;0;2;0;0;0;2;1
83516061;"14/11/16";"Segunda";"19:30:00";"AC";364;"129";"RIO BRANCO";"Ingestão de álcool";"Queda de motocicleta / bicicleta / veículo";"Com Vítimas Feridas";"Plena noite";"Decrescente";"Ignorada";"Simples";"Curva";"Rural";1;0;0;1;0;0;1;1
83516062;"11/11/16";"Sexta";"20:10:00";"MG";40;"511";"RIBEIRAO DAS NEVES";"Defeito mecânico em veículo";"Incêndio";"Sem Vítimas";"Plena noite";"Crescente";"Ceu Claro";"Dupla";"Reta";"Urbano";1;0;0;0;1;0;0;1
83516063;"15/11/16";"Terça";"11:40:00";"MT";163;"543,3";"DIAMANTINO";"Outras";"Capotamento";"Com Vítimas Feridas";"Pleno dia";"Crescente";"Chuva";"Simples";"Curva";"Rural";2;0;2;0;0;0;2;1
83516064;"15/11/16";"Terça";"06:55:00";"TO";153;"0";"NOVA ROSALANDIA";"Defeito mecânico em veículo";"Tombamento";"Com Vítimas Feridas";"Amanhecer";"Decrescente";"Ceu Claro";"Simples";"Reta";"Rural";1;0;1;0;0;0;1;1
83516065;"15/11/16";"Terça";"14:55:00";"RN";304;"42,3";"MOSSORO";"Falta de atenção";"Colisão traseira";"Com Vítimas Feridas";"Pleno dia";"Decrescente";"Sol";"Dupla";"Reta";"Urbano";3;0;2;0;0;1;2;2
83516066;"15/11/16";"Terça";"14:30:00";"MG";40;"589,5";"ITABIRITO";"Não guardar distância de segurança";"Saída de Pista";"Com Vítimas Feridas";"Pleno dia";"Decrescente";"Ceu Claro";"Dupla";"Reta";"Rural";2;0;2;0;0;0;2;1
83516067;"15/11/16";"Terça";"09:30:00";"SC";101;"121";"ITAJAI";"Não guardar distância de segurança";"Colisão traseira";"Sem Vítimas";"Pleno dia";"Decrescente";"Nublado";"Dupla";"Reta";"Urbano";2;0;0;0;2;0;0;2
83516068;"15/11/16";"Terça";"07:00:00";"ES";259;"29,5";"COLATINA";"Outras";"Derramamento de Carga";"Sem Vítimas";"Pleno dia";"Crescente";"Nublado";"Simples";"Reta";"Urbano";1;0;0;0;1;0;0;1
83516069;"15/11/16";"Terça";"14:30:00";"MG";381;"493";"BETIM";"Velocidade incompatível";"Colisão traseira";"Com Vítimas Feridas";"Pleno dia";"Decrescente";"Ceu Claro";"Dupla";"Reta";"Urbano";4;0;0;1;3;0;1;3
83516070;"15/11/16";"Terça";"15:00:00";"MG";381;"495";"BETIM";"Não guardar distância de segurança";"Colisão traseira";"Com Vítimas Feridas";"Pleno dia";"Decrescente";"Nublado";"Dupla";"Reta";"Urbano";3;0;1;0;2;0;1;2
83516071;"15/11/16";"Terça";"16:00:00";"RS";153;"25,8";"TRES ARROIOS";"Outras";"Saída de Pista";"Com Vítimas Feridas";"Pleno dia";"Decrescente";"Nublado";"Simples";"Curva";"Rural";1;0;1;0;0;0;1;1
83516072;"09/11/16";"Quarta";"14:00:00";"BA";324;"546";"AMELIA RODRIGUES";"Outras";"Colisão traseira";"Com Vítimas Feridas";"Pleno dia";"Decrescente";"Ceu Claro";"Dupla";"Reta";"Rural";3;0;1;0;1;1;1;2
83516073;"13/11/16";"Domingo";"02:40:00";"RJ";116;"247";"PIRAI";"Outras";"Colisão com objeto fixo";"Sem Vítimas";"Plena noite";"Decrescente";"Chuva";"Dupla";"Curva";"Rural";1;0;0;0;1;0;0;1
83516074;"15/11/16";"Terça";"11:20:00";"MG";40;"272,7";"TRES MARIAS";"Velocidade incompatível";"Colisão traseira";"Com Vítimas Feridas";"Pleno dia";"Decrescente";"Chuva";"Simples";"Reta";"Rural";4;0;0;1;3;0;1;2
83516075;"15/11/16";"Terça";"13:00:00";"MG";381;"343";"BELA VISTA DE MINAS";"Velocidade incompatível";"Capotamento";"Sem Vítimas";"Pleno dia";"Decrescente";"Chuva";"Simples";"Curva";"Rural";1;0;0;0;1;0;0;1
83516076;"15/11/16";"Terça";"07:20:00";"MA";10;"146,5";"PORTO FRANCO";"Defeito mecânico em veículo";"Saída de Pista";"Sem Vítimas";"Pleno dia";"Crescente";"Chuva";"Simples";"Reta";"Rural";1;0;0;0;1;0;0;1
83516077;"15/11/16";"Terça";"15:30:00";"BA";101;"903";"IBIRAPUA";"Outras";"Colisão lateral";"Sem Vítimas";"Plena noite";"Crescente";"Nublado";"Simples";"Curva";"Rural";4;0;0;0;4;0;0;2
83516078;"15/11/16";"Terça";"16:35:00";"SC";282;"322,5";"CAMPOS NOVOS";"Ingestão de álcool";"Colisão com objeto fixo";"Com Vítimas Feridas";"Pleno dia";"Decrescente";"Ceu Claro";"Simples";"Reta";"Rural";1;0;1;0;0;0;1;1
83516079;"15/11/16";"Terça";"10:50:00";"PR";376;"308,6";"ORTIGUEIRA";"Falta de atenção";"Colisão lateral";"Com Vítimas Feridas";"Pleno dia";"Crescente";"Sol";"Simples";"Reta";"Rural";5;0;1;0;4;0;1;2
83516080;"15/11/16";"Terça";"17:30:00";"MG";116;"517,8";"UBAPORANGA";"Falta de atenção";"Colisão Transversal";"Sem Vítimas";"Pleno dia";"Crescente";"Nublado";"Simples";"Reta";"Rural";2;0;0;0;2;0;0;2
83516081;"15/11/16";"Terça";"17:30:00";"DF";70;"3";"BRASILIA";"Falta de atenção";"Capotamento";"Sem Vítimas";"Pleno dia";"Crescente";"Ceu Claro";"Dupla";"Curva";"Urbano";2;0;0;0;2;0;0;2
83516082;"15/11/16";"Terça";"14:40:00";"PR";376;"666";"GUARATUBA";"Velocidade incompatível";"Saída de Pista";"Com Vítimas Feridas";"Pleno dia";"Decrescente";"Chuva";"Dupla";"Curva";"Rural";4;0;2;0;2;0;2;1
83516083;"15/11/16";"Terça";"15:50:00";"BA";101;"604,2";"MASCOTE";"Defeito na via";"Saída de Pista";"Com Vítimas Feridas";"Pleno dia";"Decrescente";"Nublado";"Simples";"Reta";"Rural";1;0;0;1;0;0;1;1
83516084;"15/11/16";"Terça";"17:50:00";"RJ";393;"262";"BARRA DO PIRAI";"Outras";"Capotamento";"Com Vítimas Feridas";"Pleno dia";"Decrescente";"Nublado";"Simples";"Reta";"Rural";1;0;1;0;0;0;1;1
83516085;"15/11/16";"Terça";"06:00:00";"MG";381;"559,9";"ITAGUARA";"Velocidade incompatível";"Saída de Pista";"Ignorado";"Amanhecer";"Crescente";"Chuva";"Dupla";"Curva";"Rural";1;0;0;0;0;1;0;1
83516086;"15/11/16";"Terça";"17:00:00";"PA";316;"9";"MARITUBA";"Dormindo";"Colisão com bicicleta";"Com Vítimas Feridas";"Pleno dia";"Decrescente";"Ceu Claro";"Dupla";"Reta";"Urbano";2;0;1;0;1;0;1;2
83516087;"15/11/16";"Terça";"09:50:00";"PR";376;"665";"GUARATUBA";"Falta de atenção";"Saída de Pista";"Sem Vítimas";"Pleno dia";"Decrescente";"Chuva";"Dupla";"Curva";"Rural";1;0;0;0;1;0;0;1
83516088;"14/11/16";"Segunda";"22:00:00";"TO";153;"596,2";"CRIXAS DO TOCANTINS";"Outras";"Colisão frontal";"Com Vítimas Feridas";"Plena noite";"Decrescente";"Chuva";"Simples";"Reta";"Rural";2;0;1;1;0;0;2;2
83516089;"15/11/16";"Terça";"15:00:00";"MG";381;"329";"NOVA ERA";"Velocidade incompatível";"Saída de Pista";"Com Vítimas Feridas";"Pleno dia";"Decrescente";"Chuva";"Simples";"Curva";"Urbano";1;0;1;0;0;0;1;1
83516090;"15/11/16";"Terça";"10:40:00";"SC";282;"54,2";"AGUAS MORNAS";"Velocidade incompatível";"Colisão frontal";"Com Vítimas Feridas";"Pleno dia";"Crescente";"Nublado";"Simples";"Curva";"Rural";5;0;3;0;2;0;3;3
83516091;"15/11/16";"Terça";"15:50:00";"SC";282;"51,9";"AGUAS MORNAS";"Velocidade incompatível";"Colisão frontal";"Com Vítimas Fatais";"Pleno dia";"Decrescente";"Nublado";"Simples";"Curva";"Rural";7;1;5;1;0;0;6;2
83516092;"15/11/16";"Terça";"17:30:00";"MG";116;"285,9";"TEOFILO OTONI";"Falta de atenção";"Tombamento";"Sem Vítimas";"Pleno dia";"Decrescente";"Nublado";"Simples";"Reta";"Rural";1;0;0;0;1;0;0;1
83516093;"15/11/16";"Terça";"17:25:00";"SC";153;"105,8";"CONCORDIA";"Outras";"Queda de motocicleta / bicicleta / veículo";"Com Vítimas Feridas";"Pleno dia";"Decrescente";"Chuva";"Simples";"Curva";"Rural";2;0;0;1;1;0;1;2
83516094;"15/11/16";"Terça";"15:35:00";"SC";282;"522,6";"XAXIM";"Dormindo";"Capotamento";"Sem Vítimas";"Pleno dia";"Crescente";"Ceu Claro";"Simples";"Cruzamento";"Urbano";2;0;0;0;2;0;0;1
83516095;"13/11/16";"Domingo";"18:50:00";"DF";60;"8";"BRASILIA";"Outras";"Colisão com objeto fixo";"Com Vítimas Feridas";"Anoitecer";"Decrescente";"Chuva";"Dupla";"Reta";"Urbano";1;0;1;0;0;0;1;1
83516096;"15/11/16";"Terça";"16:35:00";"MG";381;"439";"SABARA";"Não guardar distância de segurança";"Colisão traseira";"Com Vítimas Feridas";"Pleno dia";"Crescente";"Sol";"Simples";"Curva";"Urbano";3;0;1;0;1;1;1;2
83516097;"15/11/16";"Terça";"16:20:00";"PE";101;"43";"IGARASSU";"Falta de atenção";"Colisão Transversal";"Sem Vítimas";"Pleno dia";"Decrescente";"Ceu Claro";"Múltipla";"Reta";"Urbano";4;0;0;0;4;0;0;2
83516098;"15/11/16";"Terça";"17:10:00";"PR";277;"160,1";"PORTO AMAZONAS";"Velocidade incompatível";"Capotamento";"Sem Vítimas";"Pleno dia";"Decrescente";"Ceu Claro";"Simples";"Curva";"Rural";1;0;0;0;1;0;0;1
83516099;"15/11/16";"Terça";"17:00:00";"RJ";101;"293";"ITABORAI";"Ingestão de álcool";"Saída de Pista";"Com Vítimas Feridas";"Pleno dia";"Crescente";"Nublado";"Dupla";"Reta";"Urbano";1;0;1;0;0;0;1;1
83516100;"11/11/16";"Sexta";"12:45:00";"GO";60;"38";"ALEXANIA";"Outras";"Saída de Pista";"Com Vítimas Feridas";"Pleno dia";"Crescente";"Ceu Claro";"Simples";"Reta";"Rural";2;0;2;0;0;0;2;1
83516101;"15/11/16";"Terça";"11:30:00";"MG";365;"477";"PATROCINIO";"Ultrapassagem indevida";"Colisão lateral";"Com Vítimas Feridas";"Pleno dia";"Crescente";"Sol";"Simples";"Curva";"Rural";3;0;1;0;2;0;1;2
83516102;"15/11/16";"Terça";"19:10:00";"RS";290;"68";"GRAVATAI";"Defeito mecânico em veículo";"Saída de Pista";"Sem Vítimas";"Pleno dia";"Decrescente";"Ceu Claro";"Múltipla";"Reta";"Urbano";1;0;0;0;1;0;0;1
83516103;"15/11/16";"Terça";"04:30:00";"SP";381;"35";"ATIBAIA";"Velocidade incompatível";"Colisão com objeto fixo";"Sem Vítimas";"Plena noite";"Crescente";"Chuva";"Dupla";"Curva";"Rural";1;0;0;0;1;0;0;1
83516104;"15/11/16";"Terça";"13:15:00";"MS";262;"7,9";"TRES LAGOAS";"Falta de atenção";"Colisão traseira";"Sem Vítimas";"Pleno dia";"Decrescente";"Sol";"Dupla";"Cruzamento";"Urbano";2;0;0;0;2;0;0;2
83516105;"15/11/16";"Terça";"16:10:00";"PR";376;"217";"JANDAIA DO SUL";"Falta de atenção";"Colisão Transversal";"Sem Vítimas";"Pleno dia";"Decrescente";"Ceu Claro";"Simples";"Reta";"Urbano";2;0;0;0;2;0;0;2
83516106;"15/11/16";"Terça";"18:00:00";"MG";381;"480,9";"BETIM";"Falta de atenção";"Colisão lateral";"Com Vítimas Feridas";"Pleno dia";"Crescente";"Nublado";"Múltipla";"Reta";"Urbano";2;0;1;0;1;0;1;2
83516108;"14/11/16";"Segunda";"00:30:00";"PR";116;"114";"CURITIBA";"Outras";"Colisão frontal";"Com Vítimas Feridas";"Plena noite";"Crescente";"Nublado";"Dupla";"Reta";"Urbano";2;0;1;0;0;1;1;2
83516109;"11/11/16";"Sexta";"22:10:00";"ES";101;"358";"ANCHIETA";"Ultrapassagem indevida";"Colisão com objeto fixo";"Sem Vítimas";"Plena noite";"Decrescente";"Nublado";"Dupla";"Reta";"Rural";1;0;0;0;1;0;0;1
83516110;"15/11/16";"Terça";"17:30:00";"PE";101;"91";"CABO DE SANTO AGOSTINHO";"Falta de atenção";"Saída de Pista";"Sem Vítimas";"Plena noite";"Crescente";"Nublado";"Múltipla";"Reta";"Rural";2;0;0;0;2;0;0;1
83516111;"15/11/16";"Terça";"15:45:00";"SC";470;"144,2";"RIO DO SUL";"Defeito na via";"Colisão traseira";"Com Vítimas Feridas";"Pleno dia";"Decrescente";"Ceu Claro";"Simples";"Reta";"Urbano";2;0;1;0;1;0;1;2
83516112;"15/11/16";"Terça";"14:15:00";"PR";476;"242,3";"LAPA";"Velocidade incompatível";"Colisão lateral";"Sem Vítimas";"Pleno dia";"Decrescente";"Chuva";"Simples";"Reta";"Rural";2;0;0;0;2;0;0;2
83516113;"13/11/16";"Domingo";"00:20:00";"SP";116;"223,2";"GUARULHOS";"Falta de atenção";"Capotamento";"Com Vítimas Feridas";"Plena noite";"Decrescente";"Chuva";"Múltipla";"Reta";"Urbano";2;0;1;0;1;0;1;1
83516114;"15/11/16";"Terça";"15:30:00";"MG";381;"343";"BELA VISTA DE MINAS";"Outras";"Colisão frontal";"Com Vítimas Feridas";"Pleno dia";"Decrescente";"Chuva";"Múltipla";"Curva";"Rural";5;0;3;0;2;0;3;2
83516115;"15/11/16";"Terça";"17:00:00";"PE";101;"93";"CABO DE SANTO AGOSTINHO";"Ingestão de álcool";"Capotamento";"Com Vítimas Feridas";"Anoitecer";"Crescente";"Nublado";"Múltipla";"Reta";"Rural";3;0;2;0;1;0;2;1
83516116;"10/11/16";"Quinta";"07:20:00";"CE";116;"2";"FORTALEZA";"Falta de atenção";"Colisão traseira";"Com Vítimas Feridas";"Pleno dia";"Decrescente";"Ceu Claro";"Múltipla";"Reta";"Urbano";2;0;1;0;1;0;1;2
83516117;"15/11/16";"Terça";"14:40:00";"GO";364;"91";"CACHOEIRA ALTA";"Outras";"Tombamento";"Sem Vítimas";"Pleno dia";"Decrescente";"Ceu Claro";"Simples";"Reta";"Rural";1;0;0;0;1;0;0;1
83516118;"15/11/16";"Terça";"15:20:00";"MT";70;"128";"GENERAL CARNEIRO";"Falta de atenção";"Saída de Pista";"Com Vítimas Feridas";"Pleno dia";"Crescente";"Sol";"Simples";"Curva";"Rural";3;0;2;0;1;0;2;1
83516119;"15/11/16";"Terça";"17:00:00";"PA";316;"61";"CASTANHAL";"Não guardar distância de segurança";"Colisão traseira";"Sem Vítimas";"Pleno dia";"Decrescente";"Nublado";"Dupla";"Reta";"Urbano";2;0;0;0;2;0;0;2
83516120;"14/11/16";"Segunda";"08:00:00";"BA";242;"320";"LENCOIS";"Falta de atenção";"Tombamento";"Sem Vítimas";"Pleno dia";"Decrescente";"Ceu Claro";"Simples";"Reta";"Rural";1;0;0;0;1;0;0;1
83516121;"15/11/16";"Terça";"17:10:00";"BA";110;"143";"CICERO DANTAS";"Desobediência à sinalização";"Colisão lateral";"Com Vítimas Feridas";"Anoitecer";"Crescente";"Nublado";"Simples";"Cruzamento";"Urbano";5;0;0;2;3;0;2;2
83516122;"13/11/16";"Domingo";"01:45:00";"MG";40;"300";"TRES MARIAS";"Velocidade incompatível";"Saída de Pista";"Sem Vítimas";"Plena noite";"Decrescente";"Chuva";"Simples";"Curva";"Rural";1;0;0;0;1;0;0;1
83516123;"15/11/16";"Terça";"16:41:00";"SC";116;"2,2";"MAFRA";"Falta de atenção";"Colisão traseira";"Sem Vítimas";"Pleno dia";"Crescente";"Chuva";"Simples";"Reta";"Urbano";2;0;0;0;1;1;0;2
83516124;"15/11/16";"Terça";"11:20:00";"SC";282;"72";"RANCHO QUEIMADO";"Outras";"Colisão lateral";"Sem Vítimas";"Plena noite";"Crescente";"Chuva";"Simples";"Reta";"Rural";3;0;0;0;2;1;0;3
83516125;"14/09/16";"Quarta";"11:45:00";"MA";135;"63";"SANTA RITA";"Falta de atenção";"Colisão Transversal";"Sem Vítimas";"Pleno dia";"Crescente";"Ceu Claro";"Simples";"Reta";"Urbano";3;0;0;0;2;1;0;3
83516126;"11/11/16";"Sexta";"07:10:00";"SE";235;"4";"NOSSA SENHORA DO SOCORRO";"Animais na Pista";"Atropelamento de animal";"Sem Vítimas";"Pleno dia";"Decrescente";"Ceu Claro";"Dupla";"Reta";"Rural";1;0;0;0;1;0;0;1