"id";"data_inversa";"dia_semana";"horario";"uf";"br";"km";"municipio";"causa_acidente";"tipo_acidente";"classificacao_acidente";"fase_dia";"sentido_via";"condicao_metereologica";"tipo_pista";"tracado_via";"uso_solo";"pessoas";"mortos";"feridos_leves";"feridos_graves";"ilesos";"ignorados";"feridos";"veiculos"
83516236;"12/11/16";"Sábado";"18:10:00";"MG";262;"381";"JUATUBA";"Velocidade incompatível";"Capotamento";"Com Vítimas Feridas";"Pleno dia";"Crescente";"Chuva";"Dupla";"Curva";"Rural";3;0;2;0;1;0;2;1
83516237;"13/11/16";"Domingo";"06:15:00";"RJ";116;"53";"TERESOPOLIS";"Outras";"Tombamento";"Sem Vítimas";"Amanhecer";"Crescente";"Nublado";"Simples";"Curva";"Rural";1;0;0;0;1;0;0;1
83516238;"12/11/16";"Sábado";"23:50:00";"MG";365;"697";"MONTE ALEGRE DE MINAS";"Ingestão de álcool";"Colisão frontal";"Com Vítimas Feridas";"Plena noite";"Decrescente";"Chuva";"Simples";"Reta";"Rural";2;0;0;1;1;0;1;2
83516239;"12/11/16";"Sábado";"19:40:00";"MG";381;"495";"BETIM";"Outras";"Colisão com objeto fixo";"Com Vítimas Feridas";"Plena noite";"Decrescente";"Chuva";"Dupla";"Reta";"Urbano";1;0;1;0;0;0;1;1
83516241;"13/11/16";"Domingo";"06:20:00";"MG";381;"783";"CAMPANHA";"Velocidade incompatível";"Saída de Pista";"Sem Vítimas";"Pleno dia";"Crescente";"Chuva";"Dupla";"Curva";"Rural";1;0;0;0;1;0;0;1
83516242;"04/11/16";"Sexta";"13:00:00";"MG";50;"126,5";"UBERABA";"Velocidade incompatível";"Capotamento";"Com Vítimas Feridas";"Pleno dia";"Decrescente";"Nublado";"Dupla";"Reta";"Rural";1;0;0;1;0;0;1;1
83516244;"12/11/16";"Sábado";"21:30:00";"BA";110;"108";"ANTAS";"Velocidade incompatível";"Saída de Pista";"Com Vítimas Fatais";"Plena noite";"Crescente";"Ceu Claro";"Simples";"Curva";"Rural";1;1;0;0;0;0;0;1
83516245;"13/11/16";"Domingo";"01:20:00";"PE";407;"44,8";"PETROLINA";"Animais na Pista";"Atropelamento de animal";"Com Vítimas Feridas";"Plena noite";"Decrescente";"Ceu Claro";"Simples";"Reta";"Rural";1;0;1;0;0;0;1;1
83516246;"14/11/16";"Segunda";"07:30:00";"CE";116;"1";"FORTALEZA";"Falta de atenção";"Colisão lateral";"Com Vítimas Feridas";"Pleno dia";"Decrescente";"Ceu Claro";"Dupla";"Reta";"Urbano";2;0;1;0;1;0;1;2
83516247;"16/11/16";"Quarta";"08:30:00";"RJ";40;"121";"DUQUE DE CAXIAS";"Não guardar distância de segurança";"Colisão lateral";"Com Vítimas Feridas";"Pleno dia";"Crescente";"Nublado";"Dupla";"Reta";"Urbano";2;0;0;1;1;0;1;2
83516248;"08/07/16";"Sexta";"18:30:00";"BA";116;"329,5";"TEOFILANDIA";"Falta de atenção";"Atropelamento de pessoa";"Com Vítimas Fatais";"Plena noite";"Crescente";"Ceu Claro";"Simples";"Reta";"Rural";3;1;0;0;1;1;0;2
83516249;"12/11/16";"Sábado";"19:45:00";"RN";101;"108";"PARNAMIRIM";"Ingestão de álcool";"Colisão lateral";"Sem Vítimas";"Plena noite";"Crescente";"Ceu Claro";"Dupla";"Reta";"Urbano";2;0;0;0;2;0;0;2
83516250;"12/11/16";"Sábado";"22:50:00";"MG";116;"582";"MANHUACU";"Falta de atenção";"Colisão traseira";"Com Vítimas Feridas";"Plena noite";"Decrescente";"Nublado";"Simples";"Reta";"Urbano";5;0;3;1;0;1;4;2
83516251;"15/10/16";"Sábado";"22:30:00";"CE";222;"9";"CAUCAIA";"Desobediência à sinalização";"Colisão Transversal";"Com Vítimas Fatais";"Plena noite";"Decrescente";"Ceu Claro";"Simples";"Cruzamento";"Urbano";2;1;0;0;0;1;0;2
83516252;"12/11/16";"Sábado";"21:30:00";"MG";381;"502";"BETIM";"Defeito mecânico em veículo";"Colisão com objeto fixo";"Sem Vítimas";"Plena noite";"Decrescente";"Chuva";"Dupla";"Curva";"Urbano";1;0;0;0;1;0;0;1
83516253;"12/11/16";"Sábado";"20:50:00";"AL";101;"114,6";"PILAR";"Defeito mecânico em veículo";"Tombamento";"Sem Vítimas";"Plena noite";"Crescente";"Ceu Claro";"Simples";"Curva";"Rural";1;0;0;0;1;0;0;1
83516254;"16/11/16";"Quarta";"07:50:00";"PR";476;"122";"CURITIBA";"Velocidade incompatível";"Colisão Transversal";"Com Vítimas Feridas";"Pleno dia";"Crescente";"Nublado";"Dupla";"Reta";"Urbano";3;0;1;0;2;0;1;3
83516255;"16/11/16";"Quarta";"07:00:00";"PE";101;"50";"ABREU E LIMA";"Falta de atenção";"Colisão Transversal";"Com Vítimas Feridas";"Pleno dia";"Crescente";"Ceu Claro";"Múltipla";"Reta";"Urbano";3;0;0;1;2;0;1;2
83516256;"11/11/16";"Sexta";"17:40:00";"PI";343;"314";"ALTOS";"Falta de atenção";"Colisão traseira";"Sem Vítimas";"Anoitecer";"Decrescente";"Ceu Claro";"Simples";"Reta";"Rural";2;0;0;0;2;0;0;2
83516257;"13/11/16";"Domingo";"04:40:00";"PR";116;"117,8";"CURITIBA";"Falta de atenção";"Colisão lateral";"Sem Vítimas";"Plena noite";"Crescente";"Nublado";"Dupla";"Reta";"Urbano";2;0;0;0;1;1;0;2
83516258;"12/11/16";"Sábado";"19:14:00";"MG";381;"493";"BETIM";"Velocidade incompatível";"Colisão com objeto fixo";"Ignorado";"Plena noite";"Decrescente";"Chuva";"Dupla";"Curva";"Urbano";1;0;0;0;0;1;0;1
83516259;"13/11/16";"Domingo";"00:00:00";"PI";343;"517";"AMARANTE";"Falta de atenção";"Atropelamento de animal";"Com Vítimas Fatais";"Plena noite";"Decrescente";"Ceu Claro";"Simples";"Reta";"Rural";1;1;0;0;0;0;0;1
83516260;"15/11/16";"Terça";"17:30:00";"RJ";40;"102";"DUQUE DE CAXIAS";"Defeito na via";"Saída de Pista";"Sem Vítimas";"Pleno dia";"Crescente";"Chuva";"Múltipla";"Reta";"Urbano";2;0;0;0;2;0;0;1
83516262;"10/11/16";"Quinta";"11:50:00";"CE";222;"1,6";"FORTALEZA";"Outras";"Colisão com bicicleta";"Com Vítimas Feridas";"Pleno dia";"Crescente";"Sol";"Múltipla";"Reta";"Urbano";2;0;1;1;0;0;2;2
83516263;"03/11/16";"Quinta";"07:50:00";"ES";101;"335,5";"GUARAPARI";"Falta de atenção";"Atropelamento de pessoa";"Com Vítimas Feridas";"Pleno dia";"Decrescente";"Ceu Claro";"Simples";"Reta";"Rural";2;0;0;1;1;0;1;1
83516264;"13/11/16";"Domingo";"00:10:00";"MG";262;"381";"JUATUBA";"Velocidade incompatível";"Saída de Pista";"Sem Vítimas";"Plena noite";"Crescente";"Chuva";"Dupla";"Curva";"Rural";1;0;0;0;1;0;0;1
83516265;"16/11/16";"Quarta";"07:25:00";"RS";290;"568";"URUGUAIANA";"Falta de atenção";"Colisão Transversal";"Sem Vítimas";"Amanhecer";"Crescente";"Ceu Claro";"Simples";"Reta";"Rural";6;0;0;0;6;0;0;2
83516266;"12/11/16";"Sábado";"19:00:00";"RJ";101;"414";"ITAGUAI";"Defeito na via";"Saída de Pista";"Com Vítimas Feridas";"Pleno dia";"Crescente";"Chuva";"Dupla";"Reta";"Rural";1;0;0;1;0;0;1;1
83516267;"15/11/16";"Terça";"15:30:00";"ES";101;"140";"LINHARES";"Ingestão de álcool";"Colisão lateral";"Com Vítimas Feridas";"Pleno dia";"Crescente";"Nublado";"Dupla";"Reta";"Urbano";2;0;1;0;1;0;1;2
83516268;"14/11/16";"Segunda";"02:20:00";"MG";381;"347";"JOAO MONLEVADE";"Velocidade incompatível";"Colisão frontal";"Com Vítimas Feridas";"Plena noite";"Decrescente";"Chuva";"Simples";"Curva";"Rural";6;0;3;0;3;0;3;2
83516269;"16/08/16";"Terça";"05:30:00";"MA";402;"13,5";"ROSARIO";"Outras";"Colisão frontal";"Sem Vítimas";"Amanhecer";"Crescente";"Ceu Claro";"Simples";"Curva";"Rural";2;0;0;0;1;1;0;2
83516271;"12/11/16";"Sábado";"08:50:00";"MG";40;"735";"SANTOS DUMONT";"Velocidade incompatível";"Colisão frontal";"Sem Vítimas";"Pleno dia";"Decrescente";"Nublado";"Simples";"Curva";"Rural";7;0;0;0;7;0;0;2
83516272;"12/11/16";"Sábado";"14:33:00";"RJ";101;"242";"SILVA JARDIM";"Outras";"Colisão com objeto fixo";"Sem Vítimas";"Pleno dia";"Decrescente";"Chuva";"Dupla";"Reta";"Rural";1;0;0;0;1;0;0;1
83516273;"13/11/16";"Domingo";"06:10:00";"MG";381;"484,2";"BETIM";"Velocidade incompatível";"Capotamento";"Sem Vítimas";"Amanhecer";"Decrescente";"Chuva";"Múltipla";"Curva";"Urbano";1;0;0;0;1;0;0;1
83516274;"12/11/16";"Sábado";"07:30:00";"MG";381;"332";"NOVA ERA";"Velocidade incompatível";"Colisão Transversal";"Com Vítimas Feridas";"Pleno dia";"Crescente";"Nublado";"Dupla";"Curva";"Urbano";2;0;1;0;1;0;1;2
83516275;"16/11/16";"Quarta";"08:50:00";"RS";153;"44,4";"ERECHIM";"Velocidade incompatível";"Derramamento de Carga";"Sem Vítimas";"Pleno dia";"Crescente";"Nublado";"Simples";"Cruzamento";"Urbano";1;0;0;0;1;0;0;1
83516276;"16/11/16";"Quarta";"08:03:00";"MG";40;"783,2";"JUIZ DE FORA";"Defeito mecânico em veículo";"Colisão com objeto móvel";"Sem Vítimas";"Pleno dia";"Decrescente";"Ignorada";"Dupla";"Reta";"Urbano";2;0;0;0;1;1;0;2
83516277;"16/11/16";"Quarta";"08:30:00";"MG";116;"403";"GOVERNADOR VALADARES";"Falta de atenção";"Colisão traseira";"Com Vítimas Feridas";"Pleno dia";"Crescente";"Nublado";"Simples";"Reta";"Rural";2;0;0;1;1;0;1;2
83516278;"16/11/16";"Quarta";"09:35:00";"SP";153;"69,2";"SAO JOSE DO RIO PRETO";"Outras";"Queda de motocicleta / bicicleta / veículo";"Com Vítimas Feridas";"Pleno dia";"Crescente";"Ceu Claro";"Simples";"Cruzamento";"Urbano";1;0;1;0;0;0;1;1
83516279;"12/11/16";"Sábado";"11:50:00";"RJ";116;"144";"DUQUE DE CAXIAS";"Defeito mecânico em veículo";"Colisão com objeto fixo";"Sem Vítimas";"Pleno dia";"Crescente";"Ceu Claro";"Dupla";"Reta";"Urbano";1;0;0;0;1;0;0;1
83516280;"23/10/16";"Domingo";"18:40:00";"CE";20;"419,7";"MARACANAU";"Outras";"Colisão com bicicleta";"Com Vítimas Feridas";"Plena noite";"Crescente";"Ceu Claro";"Simples";"Reta";"Urbano";3;0;0;1;1;1;1;3
83516281;"16/11/16";"Quarta";"08:30:00";"MG";381;"305";"ANTONIO DIAS";"Outras";"Capotamento";"Com Vítimas Feridas";"Pleno dia";"Crescente";"Chuva";"Simples";"Reta";"Urbano";1;0;0;1;0;0;1;1
83516282;"13/11/16";"Domingo";"07:00:00";"SP";116;"269";"TABOAO DA SERRA";"Ingestão de álcool";"Colisão traseira";"Sem Vítimas";"Amanhecer";"Decrescente";"Chuva";"Dupla";"Reta";"Urbano";3;0;0;0;3;0;0;3
83516283;"13/11/16";"Domingo";"07:40:00";"MG";135;"602,9";"CURVELO";"Velocidade incompatível";"Colisão com objeto fixo";"Sem Vítimas";"Pleno dia";"Crescente";"Chuva";"Simples";"Reta";"Rural";1;0;0;0;1;0;0;1
83516284;"13/11/16";"Domingo";"07:30:00";"RJ";116;"285";"BARRA MANSA";"Outras";"Colisão com objeto fixo";"Sem Vítimas";"Amanhecer";"Crescente";"Chuva";"Simples";"Curva";"Rural";1;0;0;0;1;0;0;1
83516285;"12/11/16";"Sábado";"12:00:00";"GO";70;"397";"MONTES CLAROS DE GOIAS";"Velocidade incompatível";"Saída de Pista";"Com Vítimas Feridas";"Pleno dia";"Crescente";"Chuva";"Simples";"Reta";"Rural";2;0;2;0;0;0;2;1
83516286;"15/11/16";"Terça";"08:30:00";"MG";381;"299";"ANTONIO DIAS";"Velocidade incompatível";"Saída de Pista";"Com Vítimas Feridas";"Pleno dia";"Decrescente";"Chuva";"Simples";"Curva";"Rural";2;0;1;0;1;0;1;1
83516287;"13/11/16";"Domingo";"01:00:00";"AM";174;"903";"MANAUS";"Falta de atenção";"Atropelamento de pessoa";"Com Vítimas Fatais";"Plena noite";"Decrescente";"Nevoeiro/neblina";"Simples";"Reta";"Rural";2;1;0;0;0;1;0;1
83516288;"16/11/16";"Quarta";"03:50:00";"PB";230;"378,9";"CONDADO";"Ingestão de álcool";"Colisão Transversal";"Com Vítimas Feridas";"Plena noite";"Decrescente";"Ceu Claro";"Simples";"Reta";"Rural";8;0;0;1;7;0;1;2
83516290;"12/11/16";"Sábado";"18:30:00";"PI";343;"209";"CAPITAO DE CAMPOS";"Animais na Pista";"Atropelamento de animal";"Sem Vítimas";"Plena noite";"Crescente";"Ceu Claro";"Simples";"Reta";"Rural";2;0;0;0;2;0;0;1
83516291;"16/11/16";"Quarta";"08:00:00";"RS";392;"1,8";"RIO GRANDE";"Falta de atenção";"Saída de Pista";"Com Vítimas Feridas";"Pleno dia";"Crescente";"Ignorada";"Simples";"Curva";"Rural";1;0;1;0;0;0;1;1
83516292;"16/11/16";"Quarta";"09:30:00";"SC";470;"262,3";"CURITIBANOS";"Velocidade incompatível";"Saída de Pista";"Sem Vítimas";"Pleno dia";"Crescente";"Chuva";"Simples";"Curva";"Rural";1;0;0;0;1;0;0;1
83516293;"16/11/16";"Quarta";"08:30:00";"MS";60;"229,7";"BANDEIRANTES";"Falta de atenção";"Capotamento";"Sem Vítimas";"Pleno dia";"Decrescente";"Ceu Claro";"Simples";"Reta";"Rural";1;0;0;0;1;0;0;1
83516294;"16/11/16";"Quarta";"05:20:00";"MT";364;"56,4";"ALTO GARCAS";"Falta de atenção";"Tombamento";"Sem Vítimas";"Amanhecer";"Crescente";"Nublado";"Simples";"Reta";"Urbano";1;0;0;0;1;0;0;1
83516295;"16/11/16";"Quarta";"06:00:00";"MG";135;"463";"JOAQUIM FELICIO";"Velocidade incompatível";"Saída de Pista";"Com Vítimas Feridas";"Amanhecer";"Decrescente";"Chuva";"Simples";"Curva";"Rural";1;0;1;0;0;0;1;1
83516296;"16/11/16";"Quarta";"10:50:00";"SP";153;"161,3";"PROMISSAO";"Falta de atenção";"Colisão traseira";"Sem Vítimas";"Pleno dia";"Crescente";"Sol";"Simples";"Reta";"Rural";2;0;0;0;2;0;0;2
83516297;"16/11/16";"Quarta";"07:10:00";"RS";116;"67,1";"CAMPESTRE DA SERRA";"Outras";"Saída de Pista";"Sem Vítimas";"Pleno dia";"Decrescente";"Chuva";"Simples";"Reta";"Rural";1;0;0;0;1;0;0;1
83516298;"16/11/16";"Quarta";"12:10:00";"MG";381;"499";"BETIM";"Falta de atenção";"Colisão traseira";"Sem Vítimas";"Pleno dia";"Crescente";"Nublado";"Dupla";"Reta";"Urbano";2;0;0;0;2;0;0;2
83516299;"13/11/16";"Domingo";"00:30:00";"MG";262;"405";"PARA DE MINAS";"Velocidade incompatível";"Capotamento";"Sem Vítimas";"Plena noite";"Crescente";"Chuva";"Dupla";"Curva";"Rural";1;0;0;0;1;0;0;1
83516300;"16/11/16";"Quarta";"07:25:00";"SC";101;"206";"SAO JOSE";"Falta de atenção";"Colisão traseira";"Com Vítimas Feridas";"Pleno dia";"Decrescente";"Nublado";"Dupla";"Reta";"Urbano";3;0;1;0;2;0;1;2
83516301;"16/11/16";"Quarta";"08:00:00";"SC";101;"136";"BALNEARIO CAMBORIU";"Outras";"Colisão lateral";"Com Vítimas Feridas";"Pleno dia";"Decrescente";"Sol";"Dupla";"Reta";"Urbano";2;0;1;0;0;1;1;2
83516302;"16/11/16";"Quarta";"07:15:00";"PB";230;"21";"JOAO PESSOA";"Não guardar distância de segurança";"Colisão traseira";"Com Vítimas Feridas";"Pleno dia";"Decrescente";"Ceu Claro";"Dupla";"Reta";"Urbano";3;0;2;0;1;0;2;3
83516303;"16/11/16";"Quarta";"09:15:00";"RS";116;"49,7";"VACARIA";"Falta de atenção";"Saída de Pista";"Com Vítimas Feridas";"Pleno dia";"Decrescente";"Nublado";"Simples";"Curva";"Rural";1;0;1;0;0;0;1;1
83516304;"16/11/16";"Quarta";"10:54:00";"GO";60;"13";"SANTO ANTONIO DO DESCOBERTO";"Falta de atenção";"Saída de Pista";"Sem Vítimas";"Pleno dia";"Decrescente";"Chuva";"Dupla";"Reta";"Rural";1;0;0;0;1;0;0;1
83516305;"16/11/16";"Quarta";"11:55:00";"SP";153;"58,8";"SAO JOSE DO RIO PRETO";"Falta de atenção";"Colisão Transversal";"Sem Vítimas";"Pleno dia";"Crescente";"Sol";"Simples";"Reta";"Urbano";2;0;0;0;2;0;0;2
83516306;"16/11/16";"Quarta";"07:13:00";"PE";101;"76,7";"RECIFE";"Outras";"Colisão traseira";"Com Vítimas Feridas";"Pleno dia";"Decrescente";"Ceu Claro";"Dupla";"Reta";"Urbano";2;0;1;0;1;0;1;2
83516307;"16/11/16";"Quarta";"11:00:00";"GO";40;"11,3";"LUZIANIA";"Falta de atenção";"Colisão traseira";"Com Vítimas Feridas";"Pleno dia";"Decrescente";"Chuva";"Dupla";"Reta";"Urbano";5;0;3;0;2;0;3;2
83516308;"11/11/16";"Sexta";"19:09:00";"SP";116;"144";"SAO JOSE DOS CAMPOS";"Falta de atenção";"Colisão traseira";"Com Vítimas Feridas";"Plena noite";"Crescente";"Chuva";"Simples";"Reta";"Urbano";4;0;2;0;2;0;2;3
83516309;"16/11/16";"Quarta";"11:30:00";"RJ";40;"55";"PETROPOLIS";"Velocidade incompatível";"Queda de motocicleta / bicicleta / veículo";"Com Vítimas Feridas";"Pleno dia";"Decrescente";"Ceu Claro";"Simples";"Reta";"Urbano";2;0;2;0;0;0;2;1
83516310;"13/11/16";"Domingo";"15:25:00";"AL";316;"270,9";"SATUBA";"Ultrapassagem indevida";"Colisão frontal";"Com Vítimas Fatais";"Pleno dia";"Crescente";"Ceu Claro";"Simples";"Reta";"Rural";3;1;0;0;2;0;0;3
83516311;"16/11/16";"Quarta";"11:30:00";"MG";50;"61";"UBERLANDIA";"Ingestão de álcool";"Capotamento";"Com Vítimas Feridas";"Pleno dia";"Decrescente";"Nublado";"Dupla";"Reta";"Rural";2;0;2;0;0;0;2;1
83516312;"16/11/16";"Quarta";"09:15:00";"MG";40;"546,1";"NOVA LIMA";"Não guardar distância de segurança";"Colisão traseira";"Com Vítimas Feridas";"Pleno dia";"Decrescente";"Chuva";"Dupla";"Curva";"Rural";6;0;1;0;4;1;1;5
83516313;"16/11/16";"Quarta";"10:45:00";"PI";343;"12";"PARNAIBA";"Falta de atenção";"Colisão lateral";"Com Vítimas Feridas";"Pleno dia";"Crescente";"Ceu Claro";"Dupla";"Reta";"Urbano";2;0;0;1;1;0;1;2
83516314;"16/11/16";"Quarta";"10:00:00";"ES";101;"106";"SOORETAMA";"Falta de atenção";"Colisão traseira";"Sem Vítimas";"Pleno dia";"Decrescente";"Nublado";"Simples";"Reta";"Rural";10;0;0;0;10;0;0;6
83516315;"31/10/16";"Segunda";"12:00:00";"RS";392;"352,3";"SANTA MARIA";"Falta de atenção";"Colisão traseira";"Sem Vítimas";"Pleno dia";"Crescente";"Sol";"Simples";"Reta";"Urbano";5;0;0;0;5;0;0;5
83516316;"13/11/16";"Domingo";"07:45:00";"SP";116;"70,1";"APARECIDA";"Velocidade incompatível";"Colisão com objeto fixo";"Com Vítimas Feridas";"Pleno dia";"Decrescente";"Chuva";"Dupla";"Curva";"Urbano";1;0;1;0;0;0;1;1
83516317;"13/11/16";"Domingo";"14:30:00";"SP";381;"75";"SAO PAULO";"Velocidade incompatível";"Capotamento";"Sem Vítimas";"Pleno dia";"Decrescente";"Chuva";"Múltipla";"Curva";"Rural";1;0;0;0;1;0;0;1
83516318;"16/11/16";"Quarta";"11:30:00";"RJ";101;"397";"ITAGUAI";"Outras";"Danos Eventuais";"Com Vítimas Feridas";"Pleno dia";"Crescente";"Sol";"Dupla";"Reta";"Urbano";2;0;1;0;1;0;1;1
83516319;"16/11/16";"Quarta";"08:00:00";"RS";285;"568";"SAO LUIZ GONZAGA";"Falta de atenção";"Colisão Transversal";"Sem Vítimas";"Pleno dia";"Decrescente";"Ceu Claro";"Simples";"Cruzamento";"Urbano";2;0;0;0;2;0;0;2
83516320;"07/10/16";"Sexta";"20:00:00";"SP";116;"228";"SAO PAULO";"Não guardar distância de segurança";"Colisão traseira";"Com Vítimas Feridas";"Plena noite";"Decrescente";"Nublado";"Simples";"Reta";"Urbano";2;0;0;1;1;0;1;2
83516321;"16/11/16";"Quarta";"10:50:00";"ES";101;"270,8";"SERRA";"Outras";"Queda de motocicleta / bicicleta / veículo";"Com Vítimas Feridas";"Pleno dia";"Decrescente";"Nublado";"Dupla";"Curva";"Urbano";1;0;1;0;0;0;1;1
83516322;"13/11/16";"Domingo";"19:30:00";"SP";381;"68";"MAIRIPORA";"Velocidade incompatível";"Tombamento";"Com Vítimas Feridas";"Anoitecer";"Decrescente";"Chuva";"Múltipla";"Curva";"Rural";3;0;2;0;1;0;2;1
83516323;"16/11/16";"Quarta";"09:40:00";"MA";10;"248,2";"IMPERATRIZ";"Ultrapassagem indevida";"Colisão frontal";"Com Vítimas Feridas";"Pleno dia";"Decrescente";"Nublado";"Simples";"Reta";"Urbano";2;0;0;1;1;0;1;2
83516324;"15/11/16";"Terça";"19:00:00";"MG";116;"318";"ITAMBACURI";"Defeito na via";"Queda de motocicleta / bicicleta / veículo";"Com Vítimas Feridas";"Plena noite";"Decrescente";"Nublado";"Simples";"Reta";"Rural";2;0;2;0;0;0;2;1
83516325;"16/11/16";"Quarta";"07:30:00";"MG";365;"673,2";"MONTE ALEGRE DE MINAS";"Defeito mecânico em veículo";"Saída de Pista";"Sem Vítimas";"Pleno dia";"Decrescente";"Ceu Claro";"Simples";"Curva";"Rural";2;0;0;0;2;0;0;1
83516326;"14/11/16";"Segunda";"00:50:00";"RO";364;"612";"CANDEIAS DO JAMARI";"Animais na Pista";"Atropelamento de animal";"Com Vítimas Feridas";"Plena noite";"Crescente";"Chuva";"Simples";"Reta";"Rural";5;0;1;0;4;0;1;1
83516327;"16/11/16";"Quarta";"09:12:00";"PR";376;"174,8";"MARINGA";"Falta de atenção";"Colisão Transversal";"Com Vítimas Feridas";"Pleno dia";"Decrescente";"Ceu Claro";"Dupla";"Reta";"Urbano";2;0;1;0;1;0;1;2
83516328;"12/11/16";"Sábado";"15:00:00";"MG";262;"467";"BOM DESPACHO";"Outras";"Colisão frontal";"Com Vítimas Fatais";"Pleno dia";"Crescente";"Chuva";"Simples";"Curva";"Rural";8;2;0;5;1;0;5;2
83516329;"13/11/16";"Domingo";"21:15:00";"GO";153;"509";"APARECIDA DE GOIANIA";"Outras";"Atropelamento de pessoa";"Com Vítimas Feridas";"Plena noite";"Decrescente";"Ceu Claro";"Dupla";"Reta";"Urbano";2;0;1;0;1;0;1;1
83516330;"16/11/16";"Quarta";"11:50:00";"SC";153;"62";"IRANI";"Falta de atenção";"Colisão Transversal";"Com Vítimas Feridas";"Pleno dia";"Crescente";"Chuva";"Simples";"Cruzamento";"Rural";2;0;1;0;1;0;1;2
83516331;"14/11/16";"Segunda";"08:30:00";"MG";381;"673,5";"PERDOES";"Velocidade incompatível";"Saída de Pista";"Com Vítimas Feridas";"Pleno dia";"Crescente";"Chuva";"Dupla";"Reta";"Rural";1;0;0;1;0;0;1;1
83516332;"16/11/16";"Quarta";"12:00:00";"PB";230;"117,7";"INGA";"Defeito mecânico em veículo";"Capotamento";"Sem Vítimas";"Pleno dia";"Crescente";"Ceu Claro";"Dupla";"Reta";"Rural";1;0;0;0;1;0;0;1
83516333;"16/11/16";"Quarta";"07:30:00";"SC";101;"223,3";"PALHOCA";"Desobediência à sinalização";"Colisão Transversal";"Com Vítimas Feridas";"Pleno dia";"Decrescente";"Nublado";"Dupla";"Cruzamento";"Urbano";2;0;0;1;1;0;1;2
83516334;"16/11/16";"Quarta";"13:30:00";"SP";153;"71,2";"SAO JOSE DO RIO PRETO";"Outras";"Queda de motocicleta / bicicleta / veículo";"Com Vítimas Feridas";"Pleno dia";"Decrescente";"Ceu Claro";"Simples";"Cruzamento";"Urbano";1;0;1;0;0;0;1;1
83516335;"12/11/16";"Sábado";"19:50:00";"ES";101;"162,2";"LINHARES";"Ingestão de álcool";"Colisão Transversal";"Com Vítimas Feridas";"Plena noite";"Crescente";"Nublado";"Simples";"Reta";"Rural";3;0;1;0;2;0;1;2
83516336;"08/11/16";"Terça";"14:00:00";"MG";40;"712";"BARBACENA";"Falta de atenção";"Colisão Transversal";"Sem Vítimas";"Pleno dia";"Decrescente";"Ceu Claro";"Dupla";"Curva";"Rural";2;0;0;0;2;0;0;2
83516337;"16/11/16";"Quarta";"09:30:00";"PE";423;"98";"GARANHUNS";"Falta de atenção";"Colisão Transversal";"Com Vítimas Feridas";"Pleno dia";"Decrescente";"Ceu Claro";"Simples";"Reta";"Urbano";2;0;0;1;1;0;1;2
83516338;"16/11/16";"Quarta";"13:20:00";"PE";232;"5,7";"RECIFE";"Outras";"Colisão lateral";"Com Vítimas Feridas";"Pleno dia";"Decrescente";"Sol";"Dupla";"Reta";"Urbano";2;0;1;0;0;1;1;2
83516339;"16/11/16";"Quarta";"10:30:00";"RO";364;"338,3";"JI-PARANA";"Falta de atenção";"Colisão lateral";"Com Vítimas Feridas";"Pleno dia";"Decrescente";"Ceu Claro";"Simples";"Reta";"Urbano";2;0;1;0;1;0;1;2
83516340;"13/11/16";"Domingo";"00:20:00";"SP";116;"66";"GUARATINGUETA";"Falta de atenção";"Colisão com objeto fixo";"Com Vítimas Feridas";"Plena noite";"Crescente";"Chuva";"Dupla";"Curva";"Rural";1;0;1;0;0;0;1;1
83516341;"16/11/16";"Quarta";"09:30:00";"BA";116;"2";"ABARE";"Falta de atenção";"Colisão traseira";"Com Vítimas Feridas";"Pleno dia";"Crescente";"Ceu Claro";"Simples";"Reta";"Rural";4;0;1;0;3;0;1;3
83516342;"16/11/16";"Quarta";"12:00:00";"PE";101;"53";"PAULISTA";"Outras";"Colisão frontal";"Com Vítimas Fatais";"Pleno dia";"Decrescente";"Ceu Claro";"Múltipla";"Reta";"Urbano";2;1;0;1;0;0;1;2
83516343;"13/11/16";"Domingo";"04:45:00";"MG";50;"164,9";"UBERABA";"Ingestão de álcool";"Colisão com objeto fixo";"Sem Vítimas";"Plena noite";"Decrescente";"Chuva";"Dupla";"Reta";"Rural";1;0;0;0;1;0;0;1
83516344;"13/11/16";"Domingo";"05:00:00";"MG";381;"505";"BETIM";"Falta de atenção";"Colisão lateral";"Com Vítimas Feridas";"Plena noite";"Crescente";"Chuva";"Dupla";"Reta";"Rural";2;0;1;0;1;0;1;2
83516345;"12/11/16";"Sábado";"22:00:00";"PE";428;"185";"PETROLINA";"Outras";"Colisão Transversal";"Com Vítimas Feridas";"Plena noite";"Crescente";"Nublado";"Simples";"Reta";"Urbano";3;0;1;1;0;1;2;2
83516346;"16/11/16";"Quarta";"12:30:00";"RJ";101;"118";"CAMPOS DOS GOYTACAZES";"Outras";"Colisão com objeto fixo";"Sem Vítimas";"Pleno dia";"Crescente";"Ceu Claro";"Simples";"Reta";"Rural";1;0;0;0;1;0;0;1
83516347;"14/11/16";"Segunda";"09:14:00";"PA";230;"121,3";"MARABA";"Falta de atenção";"Colisão lateral";"Sem Vítimas";"Pleno dia";"Crescente";"Nublado";"Dupla";"Reta";"Urbano";2;0;0;0;2;0;0;2