"id";"data_inversa";"dia_semana";"horario";"uf";"br";"km";"municipio";"causa_acidente";"tipo_acidente";"classificacao_acidente";"fase_dia";"sentido_via";"condicao_metereologica";"tipo_pista";"tracado_via";"uso_solo";"pessoas";"mortos";"feridos_leves";"feridos_graves";"ilesos";"ignorados";"feridos";"veiculos"
83516461;"16/11/16";"Quarta";"10:50:00";"GO";60;"26";"ALEXANIA";"Velocidade incompatível";"Saída de Pista";"Sem Vítimas";"Pleno dia";"Crescente";"Chuva";"Dupla";"Curva";"Rural";1;0;0;0;1;0;0;1
83516462;"12/11/16";"Sábado";"20:15:00";"RN";101;"70,8";"EXTREMOZ";"Outras";"Colisão Transversal";"Com Vítimas Feridas";"Plena noite";"Crescente";"Ceu Claro";"Simples";"Reta";"Rural";3;0;1;1;1;0;2;2
83516463;"16/11/16";"Quarta";"20:40:00";"SC";101;"31";"JOINVILLE";"Outras";"Saída de Pista";"Sem Vítimas";"Plena noite";"Decrescente";"Nublado";"Dupla";"Reta";"Rural";1;0;0;0;1;0;0;1
83516464;"16/11/16";"Quarta";"20:45:00";"SC";101;"117";"ITAJAI";"Desobediência à sinalização";"Colisão Transversal";"Com Vítimas Feridas";"Plena noite";"Crescente";"Nublado";"Dupla";"Cruzamento";"Urbano";2;0;1;0;1;0;1;2
83516465;"15/11/16";"Terça";"20:20:00";"RN";226;"173,7";"CURRAIS NOVOS";"Ultrapassagem indevida";"Colisão Transversal";"Com Vítimas Feridas";"Plena noite";"Decrescente";"Ceu Claro";"Simples";"Reta";"Urbano";3;0;1;1;1;0;2;2
83516466;"16/11/16";"Quarta";"18:30:00";"MA";316;"256";"SANTA INES";"Animais na Pista";"Atropelamento de animal";"Com Vítimas Fatais";"Plena noite";"Crescente";"Ceu Claro";"Simples";"Reta";"Rural";2;1;0;1;0;0;1;2
83516467;"16/11/16";"Quarta";"20:00:00";"PE";408;"89,7";"SAO LOURENCO DA MATA";"Animais na Pista";"Atropelamento de animal";"Sem Vítimas";"Plena noite";"Crescente";"Ceu Claro";"Dupla";"Reta";"Urbano";1;0;0;0;1;0;0;1
83516468;"16/11/16";"Quarta";"19:07:00";"PR";369;"482";"CORBELIA";"Velocidade incompatível";"Colisão traseira";"Com Vítimas Feridas";"Pleno dia";"Decrescente";"Ceu Claro";"Simples";"Reta";"Rural";5;0;1;0;4;0;1;2
83516469;"16/11/16";"Quarta";"16:30:00";"RS";116;"220,9";"DOIS IRMAOS";"Falta de atenção";"Colisão Transversal";"Com Vítimas Feridas";"Pleno dia";"Crescente";"Nublado";"Dupla";"Reta";"Rural";3;0;0;1;2;0;1;2
83516470;"16/11/16";"Quarta";"19:20:00";"RJ";116;"315";"ITATIAIA";"Outras";"Colisão lateral";"Com Vítimas Feridas";"Plena noite";"Crescente";"Ceu Claro";"Dupla";"Reta";"Rural";3;0;1;0;2;0;1;2
83516471;"13/11/16";"Domingo";"18:50:00";"ES";101;"301,6";"VIANA";"Ingestão de álcool";"Colisão traseira";"Com Vítimas Feridas";"Anoitecer";"Decrescente";"Chuva";"Dupla";"Cruzamento";"Urbano";4;0;3;0;1;0;3;2
83516472;"16/11/16";"Quarta";"18:40:00";"MS";163;"485,4";"CAMPO GRANDE";"Defeito na via";"Queda de motocicleta / bicicleta / veículo";"Com Vítimas Feridas";"Plena noite";"Crescente";"Ceu Claro";"Simples";"Reta";"Urbano";1;0;1;0;0;0;1;1
83516473;"16/11/16";"Quarta";"18:40:00";"BA";116;"644,2";"JAGUAQUARA";"Ultrapassagem indevida";"Tombamento";"Sem Vítimas";"Plena noite";"Crescente";"Chuva";"Simples";"Curva";"Rural";1;0;0;0;1;0;0;1
83516474;"16/11/16";"Quarta";"14:00:00";"PI";343;"532,1";"AMARANTE";"Falta de atenção";"Colisão com objeto fixo";"Com Vítimas Feridas";"Pleno dia";"Decrescente";"Nublado";"Simples";"Reta";"Rural";2;0;2;0;0;0;2;1
83516475;"31/08/16";"Quarta";"17:00:00";"MG";267;"71,2";"BICAS";"Velocidade incompatível";"Colisão frontal";"Com Vítimas Feridas";"Anoitecer";"Crescente";"Chuva";"Simples";"Curva";"Rural";4;0;1;1;2;0;2;3
83516476;"31/08/16";"Quarta";"17:00:00";"MG";267;"71,2";"BICAS";"Velocidade incompatível";"Colisão frontal";"Com Vítimas Feridas";"Anoitecer";"Crescente";"Chuva";"Simples";"Curva";"Rural";4;0;1;1;2;0;2;3
83516477;"16/11/16";"Quarta";"18:20:00";"AL";424;"100,5";"SATUBA";"Falta de atenção";"Colisão lateral";"Com Vítimas Feridas";"Plena noite";"Crescente";"Ceu Claro";"Simples";"Reta";"Rural";2;0;1;0;1;0;1;2
83516478;"16/11/16";"Quarta";"19:30:00";"PR";376;"232";"APUCARANA";"Falta de atenção";"Colisão com bicicleta";"Com Vítimas Feridas";"Pleno dia";"Decrescente";"Sol";"Dupla";"Curva";"Rural";3;0;2;0;0;1;2;3
83516479;"16/11/16";"Quarta";"17:40:00";"PR";158;"515";"PATO BRANCO";"Ultrapassagem indevida";"Colisão lateral";"Com Vítimas Feridas";"Pleno dia";"Crescente";"Ceu Claro";"Simples";"Reta";"Urbano";2;0;1;0;1;0;1;2
83516480;"16/11/16";"Quarta";"10:30:00";"SC";101;"250,3";"PAULO LOPES";"Defeito na via";"Colisão com bicicleta";"Com Vítimas Feridas";"Plena noite";"Crescente";"Nublado";"Dupla";"Reta";"Urbano";2;0;0;1;1;0;1;2
83516481;"16/11/16";"Quarta";"23:30:00";"SC";101;"100,5";"PICARRAS";"Outras";"Queda de motocicleta / bicicleta / veículo";"Com Vítimas Feridas";"Plena noite";"Decrescente";"Chuva";"Múltipla";"Reta";"Urbano";1;0;1;0;0;0;1;1
83516482;"12/11/16";"Sábado";"23:19:00";"RJ";101;"169";"MACAE";"Falta de atenção";"Colisão com objeto fixo";"Sem Vítimas";"Plena noite";"Decrescente";"Chuva";"Simples";"Reta";"Rural";1;0;0;0;1;0;0;1
83516483;"16/11/16";"Quarta";"20:30:00";"MS";262;"8";"TRES LAGOAS";"Falta de atenção";"Colisão Transversal";"Com Vítimas Feridas";"Plena noite";"Decrescente";"Ceu Claro";"Dupla";"Reta";"Urbano";3;0;0;1;2;0;1;2
83516484;"16/11/16";"Quarta";"19:00:00";"MT";364;"469";"VARZEA GRANDE";"Velocidade incompatível";"Saída de Pista";"Sem Vítimas";"Plena noite";"Decrescente";"Chuva";"Simples";"Reta";"Rural";1;0;0;0;1;0;0;1
83516485;"16/11/16";"Quarta";"17:40:00";"MG";381;"484";"BETIM";"Falta de atenção";"Colisão lateral";"Com Vítimas Feridas";"Pleno dia";"Decrescente";"Nublado";"Múltipla";"Reta";"Urbano";2;0;1;0;1;0;1;2
83516486;"13/11/16";"Domingo";"03:38:00";"RJ";101;"177";"MACAE";"Outras";"Colisão com objeto fixo";"Sem Vítimas";"Plena noite";"Decrescente";"Chuva";"Simples";"Reta";"Rural";1;0;0;0;1;0;0;1
83516487;"12/11/16";"Sábado";"16:35:00";"RJ";101;"300";"ITABORAI";"Outras";"Queda de motocicleta / bicicleta / veículo";"Com Vítimas Feridas";"Pleno dia";"Crescente";"Nublado";"Dupla";"Reta";"Rural";2;0;1;0;1;0;1;2
83516488;"16/11/16";"Quarta";"18:41:00";"GO";60;"94,3";"ANAPOLIS";"Não guardar distância de segurança";"Colisão traseira";"Sem Vítimas";"Anoitecer";"Crescente";"Nublado";"Dupla";"Reta";"Urbano";2;0;0;0;2;0;0;2
83516489;"15/11/16";"Terça";"19:00:00";"MA";135;"30";"SAO LUIS";"Ingestão de álcool";"Colisão frontal";"Sem Vítimas";"Plena noite";"Decrescente";"Ceu Claro";"Simples";"Reta";"Rural";3;0;0;0;3;0;0;3
83516490;"16/11/16";"Quarta";"11:20:00";"SC";280;"35,8";"ARAQUARI";"Desobediência à sinalização";"Colisão Transversal";"Com Vítimas Fatais";"Pleno dia";"Crescente";"Nublado";"Simples";"Curva";"Rural";3;1;0;1;1;0;1;2
83516491;"16/11/16";"Quarta";"17:00:00";"MA";10;"254";"IMPERATRIZ";"Falta de atenção";"Colisão frontal";"Sem Vítimas";"Pleno dia";"Crescente";"Nublado";"Simples";"Reta";"Urbano";2;0;0;0;2;0;0;2
83516492;"16/11/16";"Quarta";"22:00:00";"MG";262;"586";"CAMPOS ALTOS";"Falta de atenção";"Colisão traseira";"Com Vítimas Feridas";"Plena noite";"Decrescente";"Ceu Claro";"Múltipla";"Reta";"Rural";2;0;1;1;0;0;2;2
83516493;"16/11/16";"Quarta";"21:48:00";"MT";70;"0,2";"BARRA DO GARCAS";"Desobediência à sinalização";"Colisão lateral";"Com Vítimas Feridas";"Plena noite";"Decrescente";"Ceu Claro";"Simples";"Cruzamento";"Urbano";2;0;1;0;0;1;1;2
83516494;"16/11/16";"Quarta";"20:00:00";"MT";364;"485";"JANGADA";"Velocidade incompatível";"Saída de Pista";"Sem Vítimas";"Plena noite";"Decrescente";"Chuva";"Simples";"Reta";"Rural";1;0;0;0;1;0;0;1
83516495;"16/11/16";"Quarta";"17:10:00";"PA";316;"13";"MARITUBA";"Dormindo";"Colisão traseira";"Sem Vítimas";"Pleno dia";"Decrescente";"Nublado";"Dupla";"Reta";"Urbano";4;0;0;0;4;0;0;3
83516496;"12/11/16";"Sábado";"20:15:00";"MG";40;"779,8";"JUIZ DE FORA";"Não guardar distância de segurança";"Colisão traseira";"Sem Vítimas";"Plena noite";"Decrescente";"Chuva";"Dupla";"Curva";"Rural";3;0;0;0;3;0;0;2
83516497;"16/11/16";"Quarta";"20:40:00";"PR";116;"89";"PIRAQUARA";"Falta de atenção";"Colisão traseira";"Com Vítimas Feridas";"Plena noite";"Crescente";"Chuva";"Dupla";"Reta";"Rural";3;0;3;0;0;0;3;2
83516498;"16/11/16";"Quarta";"23:50:00";"PR";376;"624";"SAO JOSE DOS PINHAIS";"Velocidade incompatível";"Capotamento";"Ignorado";"Plena noite";"Crescente";"Chuva";"Dupla";"Reta";"Rural";1;0;0;0;0;1;0;1
83516499;"16/11/16";"Quarta";"17:10:00";"RS";116;"257";"ESTEIO";"Outras";"Colisão lateral";"Sem Vítimas";"Plena noite";"Decrescente";"Nublado";"Múltipla";"Reta";"Urbano";2;0;0;0;2;0;0;2
83516500;"16/11/16";"Quarta";"18:15:00";"PR";163;"147,7";"CAPITAO LEONIDAS MARQUES";"Ultrapassagem indevida";"Colisão traseira";"Com Vítimas Feridas";"Pleno dia";"Decrescente";"Sol";"Simples";"Reta";"Rural";3;0;1;0;2;0;1;3
83516501;"12/11/16";"Sábado";"16:00:00";"MG";40;"491";"SETE LAGOAS";"Outras";"Colisão com objeto fixo";"Com Vítimas Feridas";"Pleno dia";"Crescente";"Chuva";"Dupla";"Reta";"Rural";2;0;2;0;0;0;2;1
83516502;"17/11/16";"Quinta";"00:50:00";"MS";163;"516,7";"JARAGUARI";"Outras";"Incêndio";"Ignorado";"Plena noite";"Decrescente";"Ceu Claro";"Dupla";"Reta";"Rural";1;0;0;0;0;1;0;1
83516503;"14/11/16";"Segunda";"08:00:00";"ES";259;"27,7";"COLATINA";"Outras";"Capotamento";"Com Vítimas Feridas";"Pleno dia";"Crescente";"Nublado";"Simples";"Curva";"Rural";1;0;1;0;0;0;1;1
83516504;"17/11/16";"Quinta";"01:55:00";"MG";116;"115,6";"ITAOBIM";"Animais na Pista";"Colisão com objeto fixo";"Sem Vítimas";"Plena noite";"Crescente";"Nublado";"Múltipla";"Reta";"Urbano";2;0;0;0;2;0;0;2
83516505;"16/11/16";"Quarta";"21:40:00";"ES";101;"270,5";"SERRA";"Falta de atenção";"Colisão com bicicleta";"Com Vítimas Feridas";"Plena noite";"Crescente";"Nublado";"Múltipla";"Cruzamento";"Urbano";2;0;0;1;1;0;1;2
83516506;"17/11/16";"Quinta";"01:40:00";"MG";40;"625,8";"CONSELHEIRO LAFAIETE";"Animais na Pista";"Atropelamento de animal";"Sem Vítimas";"Plena noite";"Crescente";"Ceu Claro";"Simples";"Reta";"Urbano";3;0;0;0;3;0;0;1
83516507;"12/11/16";"Sábado";"18:50:00";"PR";376;"350,9";"ORTIGUEIRA";"Falta de atenção";"Colisão traseira";"Com Vítimas Feridas";"Pleno dia";"Decrescente";"Nublado";"Simples";"Reta";"Urbano";2;0;0;1;1;0;1;2
83516508;"13/11/16";"Domingo";"06:00:00";"MG";135;"598,4";"CURVELO";"Falta de atenção";"Incêndio";"Sem Vítimas";"Amanhecer";"Decrescente";"Chuva";"Simples";"Reta";"Rural";1;0;0;0;1;0;0;1
83516509;"16/11/16";"Quarta";"16:30:00";"PR";277;"132";"BALSA NOVA";"Falta de atenção";"Colisão com objeto fixo";"Sem Vítimas";"Pleno dia";"Decrescente";"Sol";"Dupla";"Reta";"Rural";2;0;0;0;2;0;0;2
83516510;"11/11/16";"Sexta";"20:00:00";"GO";50;"98,7";"CRISTALINA";"Outras";"Colisão frontal";"Com Vítimas Fatais";"Plena noite";"Crescente";"Ceu Claro";"Simples";"Reta";"Urbano";2;1;0;0;1;0;0;2
83516511;"16/11/16";"Quarta";"23:55:00";"MG";381;"636";"SANTO ANTONIO DO AMPARO";"Dormindo";"Colisão traseira";"Sem Vítimas";"Plena noite";"Decrescente";"Ceu Claro";"Dupla";"Reta";"Rural";2;0;0;0;1;1;0;2
83516513;"17/11/16";"Quinta";"04:27:00";"RJ";101;"81";"CAMPOS DOS GOYTACAZES";"Falta de atenção";"Danos Eventuais";"Sem Vítimas";"Plena noite";"Crescente";"Nublado";"Simples";"Curva";"Urbano";1;0;0;0;1;0;0;1
83516514;"16/11/16";"Quarta";"21:50:00";"PR";376;"182,7";"SARANDI";"Desobediência à sinalização";"Colisão Transversal";"Com Vítimas Feridas";"Plena noite";"Crescente";"Ceu Claro";"Dupla";"Cruzamento";"Urbano";4;0;1;0;3;0;1;2
83516515;"16/11/16";"Quarta";"17:30:00";"PR";467;"90,8";"CASCAVEL";"Falta de atenção";"Saída de Pista";"Com Vítimas Feridas";"Pleno dia";"Crescente";"Ceu Claro";"Dupla";"Curva";"Rural";2;0;1;0;1;0;1;1
83516516;"16/11/16";"Quarta";"17:20:00";"SC";101;"30";"JOINVILLE";"Falta de atenção";"Colisão lateral";"Sem Vítimas";"Pleno dia";"Crescente";"Nublado";"Dupla";"Reta";"Urbano";2;0;0;0;2;0;0;2
83516517;"16/11/16";"Quarta";"20:00:00";"ES";101;"126";"SOORETAMA";"Desobediência à sinalização";"Colisão Transversal";"Com Vítimas Feridas";"Plena noite";"Decrescente";"Nublado";"Simples";"Reta";"Urbano";2;0;0;1;1;0;1;2
83516518;"12/11/16";"Sábado";"11:45:00";"BA";324;"581";"CANDEIAS";"Dormindo";"Capotamento";"Com Vítimas Feridas";"Pleno dia";"Crescente";"Nublado";"Dupla";"Reta";"Rural";2;0;2;0;0;0;2;1
83516519;"16/11/16";"Quarta";"15:10:00";"ES";262;"151";"IBATIBA";"Velocidade incompatível";"Tombamento";"Com Vítimas Fatais";"Pleno dia";"Crescente";"Nublado";"Simples";"Curva";"Rural";1;1;0;0;0;0;0;1
83516520;"16/11/16";"Quarta";"20:00:00";"MG";116;"415,7";"GOVERNADOR VALADARES";"Falta de atenção";"Colisão traseira";"Com Vítimas Feridas";"Plena noite";"Decrescente";"Ceu Claro";"Simples";"Cruzamento";"Urbano";2;0;1;0;1;0;1;2
83516521;"16/11/16";"Quarta";"10:30:00";"PR";277;"293,5";"PRUDENTOPOLIS";"Velocidade incompatível";"Saída de Pista";"Com Vítimas Feridas";"Pleno dia";"Crescente";"Chuva";"Simples";"Curva";"Rural";1;0;1;0;0;0;1;1
83516522;"17/11/16";"Quinta";"06:30:00";"PR";277;"119";"CAMPO LARGO";"Dormindo";"Saída de Pista";"Sem Vítimas";"Amanhecer";"Decrescente";"Nevoeiro/neblina";"Dupla";"Curva";"Rural";1;0;0;0;1;0;0;1
83516523;"13/11/16";"Domingo";"03:50:00";"DF";60;"1,5";"BRASILIA";"Outras";"Colisão com objeto fixo";"Ignorado";"Plena noite";"Decrescente";"Chuva";"Dupla";"Reta";"Rural";3;0;0;0;0;3;0;1
83516524;"30/09/16";"Sexta";"21:30:00";"MG";116;"530";"CARATINGA";"Falta de atenção";"Colisão lateral";"Com Vítimas Feridas";"Plena noite";"Crescente";"Ceu Claro";"Simples";"Reta";"Urbano";2;0;0;1;0;1;1;2
83516525;"16/11/16";"Quarta";"19:00:00";"MT";364;"438";"VARZEA GRANDE";"Outras";"Colisão lateral";"Com Vítimas Feridas";"Plena noite";"Decrescente";"Chuva";"Dupla";"Reta";"Urbano";2;0;1;0;1;0;1;2
83516526;"16/11/16";"Quarta";"12:24:00";"PR";277;"588";"CASCAVEL";"Falta de atenção";"Colisão Transversal";"Sem Vítimas";"Pleno dia";"Decrescente";"Ceu Claro";"Simples";"Reta";"Urbano";2;0;0;0;2;0;0;2
83516527;"17/11/16";"Quinta";"05:30:00";"RJ";116;"176";"NOVA IGUACU";"Outras";"Colisão com objeto fixo";"Sem Vítimas";"Amanhecer";"Decrescente";"Ceu Claro";"Múltipla";"Reta";"Urbano";2;0;0;0;2;0;0;1
83516528;"13/11/16";"Domingo";"16:30:00";"ES";101;"265";"SERRA";"Velocidade incompatível";"Colisão traseira";"Com Vítimas Feridas";"Pleno dia";"Decrescente";"Chuva";"Múltipla";"Curva";"Urbano";4;0;1;0;1;2;1;3
83516529;"13/11/16";"Domingo";"23:30:00";"MG";381;"510,9";"IGARAPE";"Velocidade incompatível";"Capotamento";"Com Vítimas Feridas";"Plena noite";"Crescente";"Nublado";"Múltipla";"Curva";"Urbano";4;0;4;0;0;0;4;1
83516530;"12/11/16";"Sábado";"09:05:00";"PR";116;"100";"SAO JOSE DOS PINHAIS";"Não guardar distância de segurança";"Colisão traseira";"Sem Vítimas";"Pleno dia";"Crescente";"Nublado";"Dupla";"Reta";"Urbano";2;0;0;0;2;0;0;2
83516531;"09/11/16";"Quarta";"19:40:00";"MG";251;"432";"GRAO MOGOL";"Outras";"Tombamento";"Com Vítimas Feridas";"Plena noite";"Decrescente";"Ceu Claro";"Simples";"Reta";"Rural";1;0;1;0;0;0;1;1
83516532;"13/11/16";"Domingo";"05:30:00";"GO";40;"6,5";"VALPARAISO DE GOIAS";"Outras";"Colisão com objeto fixo";"Ignorado";"Amanhecer";"Crescente";"Chuva";"Dupla";"Reta";"Rural";1;0;0;0;0;1;0;1
83516533;"16/11/16";"Quarta";"17:20:00";"BA";324;"539";"AMELIA RODRIGUES";"Velocidade incompatível";"Colisão com objeto fixo";"Sem Vítimas";"Anoitecer";"Crescente";"Nublado";"Dupla";"Reta";"Rural";2;0;0;0;2;0;0;1
83516534;"14/11/16";"Segunda";"06:15:00";"SP";116;"230,5";"SAO PAULO";"Falta de atenção";"Colisão lateral";"Com Vítimas Feridas";"Amanhecer";"Crescente";"Chuva";"Múltipla";"Reta";"Urbano";2;0;1;0;1;0;1;2
83516535;"17/11/16";"Quinta";"02:40:00";"MG";381;"719,6";"CARMO DA CACHOEIRA";"Velocidade incompatível";"Tombamento";"Sem Vítimas";"Plena noite";"Crescente";"Chuva";"Dupla";"Curva";"Rural";1;0;0;0;1;0;0;1
83516536;"14/11/16";"Segunda";"02:45:00";"ES";101;"348,6";"GUARAPARI";"Outras";"Derramamento de Carga";"Sem Vítimas";"Plena noite";"Crescente";"Chuva";"Simples";"Reta";"Rural";1;0;0;0;1;0;0;1
83516537;"13/11/16";"Domingo";"10:55:00";"SC";101;"132,8";"BALNEARIO CAMBORIU";"Falta de atenção";"Colisão traseira";"Com Vítimas Feridas";"Pleno dia";"Crescente";"Nublado";"Dupla";"Reta";"Urbano";2;0;0;1;1;0;1;2
83516538;"13/11/16";"Domingo";"05:00:00";"DF";70;"4";"BRASILIA";"Ingestão de álcool";"Colisão traseira";"Com Vítimas Feridas";"Plena noite";"Crescente";"Ceu Claro";"Dupla";"Reta";"Urbano";5;0;2;0;2;1;2;2
83516539;"17/11/16";"Quinta";"07:35:00";"PR";116;"80";"SAO JOSE DOS PINHAIS";"Outras";"Capotamento";"Com Vítimas Feridas";"Pleno dia";"Crescente";"Ceu Claro";"Dupla";"Curva";"Rural";2;0;1;1;0;0;2;1
83516540;"09/11/16";"Quarta";"20:10:00";"PE";101;"70";"RECIFE";"Defeito na via";"Colisão traseira";"Com Vítimas Feridas";"Plena noite";"Crescente";"Ceu Claro";"Dupla";"Curva";"Urbano";2;0;1;0;1;0;1;2
83516542;"13/11/16";"Domingo";"03:00:00";"AL";316;"257,5";"PILAR";"Falta de atenção";"Colisão Transversal";"Com Vítimas Feridas";"Plena noite";"Crescente";"Ceu Claro";"Simples";"Reta";"Rural";4;0;3;0;1;0;3;2
83516544;"09/11/16";"Quarta";"19:00:00";"PE";232;"15";"JABOATAO DOS GUARARAPES";"Outras";"Incêndio";"Ignorado";"Plena noite";"Crescente";"Ceu Claro";"Dupla";"Curva";"Rural";1;0;0;0;0;1;0;1
83516545;"17/11/16";"Quinta";"06:30:00";"PE";101;"64";"RECIFE";"Desobediência à sinalização";"Colisão lateral";"Com Vítimas Feridas";"Pleno dia";"Crescente";"Sol";"Dupla";"Reta";"Urbano";2;0;1;0;1;0;1;2
83516546;"12/11/16";"Sábado";"20:40:00";"BA";116;"424";"FEIRA DE SANTANA";"Ultrapassagem indevida";"Colisão frontal";"Com Vítimas Feridas";"Plena noite";"Decrescente";"Nublado";"Simples";"Reta";"Urbano";3;0;0;3;0;0;3;2
83516547;"17/11/16";"Quinta";"07:55:00";"PR";376;"4,1";"APUCARANA";"Não guardar distância de segurança";"Colisão traseira";"Com Vítimas Feridas";"Pleno dia";"Crescente";"Sol";"Simples";"Reta";"Urbano";2;0;1;0;1;0;1;2
83516548;"13/11/16";"Domingo";"05:30:00";"MG";251;"241";"SANTA CRUZ DE SALINAS";"Dormindo";"Tombamento";"Sem Vítimas";"Amanhecer";"Decrescente";"Nublado";"Simples";"Curva";"Rural";1;0;0;0;1;0;0;1
83516549;"12/11/16";"Sábado";"01:55:00";"PB";361;"109";"ITAPORANGA";"Ingestão de álcool";"Colisão frontal";"Com Vítimas Feridas";"Plena noite";"Decrescente";"Ceu Claro";"Simples";"Reta";"Rural";2;0;0;1;1;0;1;2
83516550;"17/11/16";"Quinta";"07:55:00";"PA";163;"998";"SANTAREM";"Falta de atenção";"Colisão Transversal";"Com Vítimas Feridas";"Pleno dia";"Crescente";"Ceu Claro";"Simples";"Reta";"Urbano";3;0;1;0;2;0;1;2
83516551;"17/11/16";"Quinta";"08:15:00";"RS";153;"52";"ERECHIM";"Falta de atenção";"Atropelamento de pessoa";"Com Vítimas Feridas";"Pleno dia";"Decrescente";"Nublado";"Simples";"Reta";"Urbano";2;0;1;0;1;0;1;1
83516552;"17/11/16";"Quinta";"07:00:00";"RS";153;"601";"BAGE";"Outras";"Saída de Pista";"Com Vítimas Feridas";"Amanhecer";"Decrescente";"Chuva";"Simples";"Reta";"Rural";2;0;2;0;0;0;2;1
83516553;"17/11/16";"Quinta";"06:30:00";"MG";381;"408";"NOVA UNIAO";"Dormindo";"Colisão frontal";"Com Vítimas Feridas";"Amanhecer";"Decrescente";"Chuva";"Simples";"Curva";"Rural";2;0;1;0;1;0;1;2
83516554;"14/11/16";"Segunda";"07:30:00";"SP";116;"173,8";"JACAREI";"Ingestão de álcool";"Colisão lateral";"Sem Vítimas";"Pleno dia";"Crescente";"Chuva";"Dupla";"Reta";"Urbano";2;0;0;0;1;1;0;2
83516556;"12/11/16";"Sábado";"05:30:00";"PE";104;"74,5";"CARUARU";"Ingestão de álcool";"Capotamento";"Com Vítimas Feridas";"Amanhecer";"Crescente";"Ceu Claro";"Simples";"Curva";"Rural";2;0;2;0;0;0;2;1
83516558;"08/11/16";"Terça";"05:00:00";"SC";101;"81";"BARRA VELHA";"Falta de atenção";"Colisão lateral";"Sem Vítimas";"Pleno dia";"Crescente";"Nublado";"Dupla";"Reta";"Rural";2;0;0;0;2;0;0;2
83516559;"13/11/16";"Domingo";"16:30:00";"MG";381;"908";"CAMBUI";"Velocidade incompatível";"Colisão com objeto fixo";"Com Vítimas Feridas";"Pleno dia";"Decrescente";"Chuva";"Dupla";"Curva";"Rural";1;0;1;0;0;0;1;1
83516560;"13/11/16";"Domingo";"10:00:00";"MG";381;"440";"SABARA";"Outras";"Colisão Transversal";"Com Vítimas Feridas";"Pleno dia";"Crescente";"Chuva";"Simples";"Curva";"Urbano";3;0;3;0;0;0;3;2
83516561;"13/11/16";"Domingo";"09:00:00";"MG";381;"304";"ANTONIO DIAS";"Outras";"Saída de Pista";"Sem Vítimas";"Pleno dia";"Crescente";"Chuva";"Simples";"Curva";"Rural";1;0;0;0;1;0;0;1
83516562;"13/11/16";"Domingo";"10:40:00";"MG";40;"516";"RIBEIRAO DAS NEVES";"Outras";"Colisão com objeto fixo";"Com Vítimas Feridas";"Pleno dia";"Crescente";"Chuva";"Dupla";"Reta";"Urbano";9;0;6;2;1;0;8;1
83516563;"17/11/16";"Quinta";"07:50:00";"PR";116;"104,9";"SAO JOSE DOS PINHAIS";"Falta de atenção";"Colisão traseira";"Com Vítimas Feridas";"Amanhecer";"Crescente";"Nublado";"Dupla";"Reta";"Rural";3;0;1;0;2;0;1;2
83516564;"05/11/16";"Sábado";"15:10:00";"SC";101;"134";"BALNEARIO CAMBORIU";"Não guardar distância de segurança";"Queda de motocicleta / bicicleta / veículo";"Com Vítimas Feridas";"Pleno dia";"Crescente";"Ignorada";"Simples";"Reta";"Urbano";1;0;1;0;0;0;1;1
83516565;"13/11/16";"Domingo";"13:45:00";"MG";381;"908,4";"CAMBUI";"Velocidade incompatível";"Capotamento";"Sem Vítimas";"Pleno dia";"Crescente";"Chuva";"Múltipla";"Curva";"Rural";1;0;0;0;1;0;0;1
83516567;"10/11/16";"Quinta";"01:00:00";"RJ";393;"288,5";"VOLTA REDONDA";"Outras";"Colisão com objeto fixo";"Com Vítimas Feridas";"Plena noite";"Crescente";"Ceu Claro";"Dupla";"Reta";"Urbano";1;0;0;1;0;0;1;1
83516568;"17/11/16";"Quinta";"06:15:00";"GO";40;"1,5";"VALPARAISO DE GOIAS";"Desobediência à sinalização";"Colisão traseira";"Com Vítimas Feridas";"Pleno dia";"Decrescente";"Sol";"Dupla";"Reta";"Urbano";2;0;1;0;1;0;1;2
83516569;"13/11/16";"Domingo";"18:00:00";"SP";116;"444";"REGISTRO";"Ingestão de álcool";"Queda de motocicleta / bicicleta / veículo";"Sem Vítimas";"Pleno dia";"Decrescente";"Chuva";"Múltipla";"Reta";"Urbano";1;0;0;0;1;0;0;1
83516570;"14/11/16";"Segunda";"18:00:00";"MT";70;"191";"GENERAL CARNEIRO";"Não guardar distância de segurança";"Colisão traseira";"Sem Vítimas";"Pleno dia";"Decrescente";"Ceu Claro";"Simples";"Reta";"Rural";3;0;0;0;3;0;0;3
83516571;"17/11/16";"Quinta";"08:35:00";"MG";381;"511,5";"IGARAPE";"Falta de atenção";"Colisão traseira";"Com Vítimas Feridas";"Pleno dia";"Crescente";"Nublado";"Dupla";"Reta";"Urbano";2;0;1;0;1;0;1;2
83516572;"14/11/16";"Segunda";"07:00:00";"MG";50;"58";"ARAGUARI";"Falta de atenção";"Saída de Pista";"Sem Vítimas";"Pleno dia";"Decrescente";"Chuva";"Dupla";"Reta";"Rural";1;0;0;0;1;0;0;1
83516574;"13/11/16";"Domingo";"19:30:00";"SP";381;"75,7";"SAO PAULO";"Outras";"Colisão com objeto fixo";"Sem Vítimas";"Anoitecer";"Decrescente";"Chuva";"Dupla";"Reta";"Urbano";1;0;0;0;1;0;0;1