"id";"data_inversa";"dia_semana";"horario";"uf";"br";"km";"municipio";"causa_acidente";"tipo_acidente";"classificacao_acidente";"fase_dia";"sentido_via";"condicao_metereologica";"tipo_pista";"tracado_via";"uso_solo";"pessoas";"mortos";"feridos_leves";"feridos_graves";"ilesos";"ignorados";"feridos";"veiculos"
83516575;"17/11/16";"Quinta";"08:25:00";"SP";116;"113,7";"TAUBATE";"Outras";"Queda de motocicleta / bicicleta / veículo";"Com Vítimas Feridas";"Pleno dia";"Crescente";"Ceu Claro";"Dupla";"Reta";"Urbano";2;0;2;0;0;0;2;1
83516576;"14/11/16";"Segunda";"04:30:00";"SP";116;"545";"BARRA DO TURVO";"Velocidade incompatível";"Saída de Pista";"Sem Vítimas";"Plena noite";"Decrescente";"Nublado";"Dupla";"Reta";"Rural";1;0;0;0;1;0;0;1
83516577;"16/08/16";"Terça";"07:30:00";"PR";467;"96";"CASCAVEL";"Outras";"Capotamento";"Com Vítimas Feridas";"Pleno dia";"Crescente";"Ceu Claro";"Dupla";"Curva";"Rural";3;0;1;0;1;1;1;3
83516578;"06/11/16";"Domingo";"11:40:00";"PR";467;"117";"CASCAVEL";"Velocidade incompatível";"Capotamento";"Sem Vítimas";"Pleno dia";"Crescente";"Ceu Claro";"Dupla";"Curva";"Rural";2;0;0;0;2;0;0;1
83516579;"13/11/16";"Domingo";"22:40:00";"MG";40;"509";"RIBEIRAO DAS NEVES";"Outras";"Capotamento";"Ignorado";"Plena noite";"Crescente";"Chuva";"Dupla";"Reta";"Urbano";1;0;0;0;0;1;0;1
83516580;"13/11/16";"Domingo";"05:45:00";"GO";50;"111";"CRISTALINA";"Outras";"Saída de Pista";"Com Vítimas Feridas";"Plena noite";"Decrescente";"Chuva";"Simples";"Reta";"Rural";2;0;1;1;0;0;2;1
83516581;"17/11/16";"Quinta";"08:50:00";"CE";116;"15";"FORTALEZA";"Falta de atenção";"Colisão traseira";"Com Vítimas Feridas";"Pleno dia";"Decrescente";"Nublado";"Dupla";"Reta";"Urbano";2;0;1;0;1;0;1;2
83516582;"17/11/16";"Quinta";"07:00:00";"RJ";116;"220";"PARACAMBI";"Falta de atenção";"Derramamento de Carga";"Sem Vítimas";"Pleno dia";"Crescente";"Nublado";"Simples";"Curva";"Rural";1;0;0;0;1;0;0;1
83516583;"13/11/16";"Domingo";"07:00:00";"CE";20;"419,1";"MARACANAU";"Outras";"Colisão com bicicleta";"Com Vítimas Feridas";"Pleno dia";"Crescente";"Ceu Claro";"Dupla";"Curva";"Urbano";2;0;2;0;0;0;2;2
83516584;"17/11/16";"Quinta";"07:10:00";"MG";262;"436";"NOVA SERRANA";"Defeito mecânico em veículo";"Tombamento";"Com Vítimas Feridas";"Pleno dia";"Crescente";"Ceu Claro";"Dupla";"Reta";"Rural";2;0;2;0;0;0;2;1
83516585;"17/11/16";"Quinta";"10:30:00";"GO";60;"118";"TEREZOPOLIS DE GOIAS";"Falta de atenção";"Colisão Transversal";"Com Vítimas Feridas";"Pleno dia";"Decrescente";"Ceu Claro";"Dupla";"Reta";"Urbano";2;0;1;0;1;0;1;2
83516586;"16/11/16";"Quarta";"07:00:00";"MG";40;"300";"TRES MARIAS";"Velocidade incompatível";"Capotamento";"Sem Vítimas";"Amanhecer";"Decrescente";"Chuva";"Simples";"Curva";"Rural";1;0;0;0;1;0;0;1
83516587;"31/10/16";"Segunda";"07:00:00";"RO";364;"978";"PORTO VELHO";"Falta de atenção";"Colisão traseira";"Com Vítimas Fatais";"Amanhecer";"Decrescente";"Ignorada";"Simples";"Reta";"Rural";4;2;0;0;1;1;0;3
83516588;"17/11/16";"Quinta";"08:25:00";"PR";376;"614,5";"SAO JOSE DOS PINHAIS";"Falta de atenção";"Colisão traseira";"Com Vítimas Feridas";"Pleno dia";"Decrescente";"Nublado";"Dupla";"Reta";"Urbano";2;0;1;0;1;0;1;2
83516589;"17/11/16";"Quinta";"11:00:00";"SC";470;"146,7";"RIO DO SUL";"Falta de atenção";"Colisão Transversal";"Com Vítimas Feridas";"Pleno dia";"Decrescente";"Ceu Claro";"Simples";"Reta";"Urbano";3;0;2;0;1;0;2;2
83516590;"17/11/16";"Quinta";"06:30:00";"RJ";116;"26";"TERESOPOLIS";"Outras";"Tombamento";"Sem Vítimas";"Amanhecer";"Crescente";"Chuva";"Simples";"Curva";"Rural";1;0;0;0;1;0;0;1
83516591;"17/11/16";"Quinta";"10:00:00";"RS";470;"191";"VERANOPOLIS";"Defeito mecânico em veículo";"Colisão traseira";"Sem Vítimas";"Pleno dia";"Crescente";"Nublado";"Simples";"Reta";"Rural";3;0;0;0;3;0;0;3
83516592;"10/11/16";"Quinta";"07:10:00";"PA";316;"185";"SANTA LUZIA DO PARA";"Dormindo";"Saída de Pista";"Sem Vítimas";"Pleno dia";"Crescente";"Ceu Claro";"Dupla";"Reta";"Rural";1;0;0;0;1;0;0;1
83516594;"12/11/16";"Sábado";"18:30:00";"MG";267;"61";"BICAS";"Velocidade incompatível";"Queda de motocicleta / bicicleta / veículo";"Com Vítimas Feridas";"Anoitecer";"Decrescente";"Chuva";"Simples";"Curva";"Rural";1;0;1;0;0;0;1;1
83516595;"13/11/16";"Domingo";"22:40:00";"BA";101;"360";"WENCESLAU GUIMARAES";"Animais na Pista";"Atropelamento de animal";"Com Vítimas Fatais";"Plena noite";"Decrescente";"Ceu Claro";"Simples";"Reta";"Rural";1;1;0;0;0;0;0;1
83516596;"14/11/16";"Segunda";"17:45:00";"AM";174;"986";"PRESIDENTE FIGUEIREDO";"Falta de atenção";"Colisão traseira";"Com Vítimas Feridas";"Anoitecer";"Decrescente";"Ceu Claro";"Simples";"Reta";"Rural";4;0;0;2;2;0;2;2
83516597;"13/11/16";"Domingo";"23:50:00";"ES";262;"23,9";"VIANA";"Velocidade incompatível";"Saída de Pista";"Sem Vítimas";"Plena noite";"Crescente";"Chuva";"Simples";"Curva";"Rural";1;0;0;0;1;0;0;1
83516598;"12/11/16";"Sábado";"19:30:00";"PE";232;"119";"CARUARU";"Outras";"Colisão com objeto fixo";"Sem Vítimas";"Plena noite";"Crescente";"Vento";"Dupla";"Reta";"Rural";2;0;0;0;2;0;0;1
83516599;"17/11/16";"Quinta";"11:00:00";"PR";369;"368";"CAMPO MOURAO";"Defeito mecânico em veículo";"Queda de motocicleta / bicicleta / veículo";"Com Vítimas Feridas";"Pleno dia";"Decrescente";"Ceu Claro";"Simples";"Curva";"Rural";2;0;1;1;0;0;2;1
83516600;"16/11/16";"Quarta";"07:50:00";"PB";101;"84,6";"BAYEUX";"Não guardar distância de segurança";"Colisão traseira";"Sem Vítimas";"Pleno dia";"Crescente";"Sol";"Dupla";"Reta";"Urbano";5;0;0;0;5;0;0;5
83516601;"14/11/16";"Segunda";"08:00:00";"SC";116;"234,9";"CORREIA PINTO";"Velocidade incompatível";"Saída de Pista";"Sem Vítimas";"Pleno dia";"Decrescente";"Ceu Claro";"Simples";"Curva";"Rural";1;0;0;0;1;0;0;1
83516602;"17/11/16";"Quinta";"09:00:00";"PR";116;"60";"CAMPINA GRANDE DO SUL";"Velocidade incompatível";"Colisão traseira";"Com Vítimas Feridas";"Pleno dia";"Decrescente";"Nublado";"Dupla";"Reta";"Rural";5;0;1;0;4;0;1;4
83516603;"13/11/16";"Domingo";"05:50:00";"ES";101;"58,4";"SAO MATEUS";"Ingestão de álcool";"Colisão frontal";"Com Vítimas Feridas";"Amanhecer";"Crescente";"Nublado";"Simples";"Reta";"Rural";4;0;3;0;1;0;3;2
83516604;"31/10/16";"Segunda";"09:05:00";"MG";40;"530";"BELO HORIZONTE";"Não guardar distância de segurança";"Colisão traseira";"Com Vítimas Feridas";"Pleno dia";"Decrescente";"Ceu Claro";"Dupla";"Reta";"Urbano";3;0;1;0;2;0;1;3
83516605;"17/10/16";"Segunda";"07:50:00";"PR";369;"155";"LONDRINA";"Outras";"Colisão traseira";"Com Vítimas Feridas";"Pleno dia";"Decrescente";"Ignorada";"Dupla";"Reta";"Urbano";3;0;1;0;0;2;1;2
83516606;"17/11/16";"Quinta";"11:30:00";"SP";116;"165";"JACAREI";"Falta de atenção";"Colisão lateral";"Com Vítimas Feridas";"Pleno dia";"Crescente";"Sol";"Múltipla";"Reta";"Urbano";3;0;1;0;2;0;1;3
83516607;"17/11/16";"Quinta";"11:30:00";"PR";277;"725";"FOZ DO IGUACU";"Desobediência à sinalização";"Colisão Transversal";"Sem Vítimas";"Pleno dia";"Decrescente";"Ceu Claro";"Dupla";"Reta";"Rural";3;0;0;0;3;0;0;2
83516608;"17/11/16";"Quinta";"11:00:00";"RS";285;"458,7";"IJUI";"Falta de atenção";"Colisão Transversal";"Com Vítimas Feridas";"Pleno dia";"Crescente";"Nublado";"Simples";"Cruzamento";"Urbano";2;0;1;0;1;0;1;2
83516609;"17/11/16";"Quinta";"10:35:00";"MG";116;"762";"LEOPOLDINA";"Ultrapassagem indevida";"Colisão lateral";"Com Vítimas Feridas";"Pleno dia";"Decrescente";"Sol";"Simples";"Reta";"Urbano";2;0;1;0;1;0;1;2
83516610;"17/11/16";"Quinta";"08:00:00";"PE";101;"8";"RECIFE";"Não guardar distância de segurança";"Colisão lateral";"Sem Vítimas";"Pleno dia";"Decrescente";"Sol";"Dupla";"Reta";"Urbano";2;0;0;0;2;0;0;2
83516611;"13/11/16";"Domingo";"21:30:00";"ES";101;"293";"CARIACICA";"Desobediência à sinalização";"Colisão Transversal";"Sem Vítimas";"Plena noite";"Decrescente";"Chuva";"Múltipla";"Curva";"Urbano";2;0;0;0;1;1;0;2
83516612;"17/11/16";"Quinta";"08:45:00";"MG";381;"363";"SAO GONCALO DO RIO ABAIXO";"Velocidade incompatível";"Colisão frontal";"Com Vítimas Feridas";"Pleno dia";"Crescente";"Chuva";"Simples";"Curva";"Rural";4;0;2;0;2;0;2;2
83516613;"11/11/16";"Sexta";"14:10:00";"BA";367;"58,5";"PORTO SEGURO";"Velocidade incompatível";"Saída de Pista";"Sem Vítimas";"Pleno dia";"Decrescente";"Sol";"Dupla";"Reta";"Rural";1;0;0;0;1;0;0;1
83516614;"15/07/16";"Sexta";"06:50:00";"AL";101;"155,2";"JEQUIA DA PRAIA";"Dormindo";"Colisão frontal";"Com Vítimas Fatais";"Pleno dia";"Crescente";"Nublado";"Simples";"Reta";"Rural";8;2;3;1;0;2;4;2
83516615;"17/11/16";"Quinta";"08:50:00";"MG";381;"343";"BELA VISTA DE MINAS";"Velocidade incompatível";"Colisão frontal";"Sem Vítimas";"Pleno dia";"Crescente";"Chuva";"Simples";"Curva";"Rural";2;0;0;0;2;0;0;2
83516616;"13/11/16";"Domingo";"07:00:00";"SC";101;"138,7";"BALNEARIO CAMBORIU";"Velocidade incompatível";"Tombamento";"Sem Vítimas";"Amanhecer";"Crescente";"Sol";"Dupla";"Curva";"Urbano";2;0;0;0;2;0;0;2
83516617;"17/11/16";"Quinta";"12:05:00";"PE";101;"38,5";"IGARASSU";"Falta de atenção";"Colisão traseira";"Com Vítimas Feridas";"Pleno dia";"Decrescente";"Ceu Claro";"Dupla";"Reta";"Urbano";2;0;0;1;1;0;1;2
83516618;"28/10/16";"Sexta";"20:48:00";"RO";364;"715,5";"PORTO VELHO";"Falta de atenção";"Tombamento";"Sem Vítimas";"Plena noite";"Decrescente";"Ceu Claro";"Dupla";"Reta";"Urbano";1;0;0;0;1;0;0;1
83516619;"13/11/16";"Domingo";"13:00:00";"SP";381;"69,5";"MAIRIPORA";"Velocidade incompatível";"Colisão com objeto fixo";"Com Vítimas Feridas";"Pleno dia";"Crescente";"Chuva";"Dupla";"Curva";"Urbano";1;0;1;0;0;0;1;1
83516620;"15/11/16";"Terça";"17:30:00";"GO";40;"7,6";"LUZIANIA";"Falta de atenção";"Colisão traseira";"Com Vítimas Feridas";"Pleno dia";"Decrescente";"Chuva";"Dupla";"Reta";"Urbano";5;0;1;0;4;0;1;4
83516621;"17/11/16";"Quinta";"09:40:00";"SC";101;"213,7";"PALHOCA";"Falta de atenção";"Colisão Transversal";"Com Vítimas Feridas";"Pleno dia";"Crescente";"Nublado";"Dupla";"Cruzamento";"Urbano";2;0;1;0;1;0;1;2
83516622;"13/11/16";"Domingo";"21:20:00";"PR";376;"178";"MARINGA";"Falta de atenção";"Colisão lateral";"Com Vítimas Feridas";"Plena noite";"Decrescente";"Ceu Claro";"Dupla";"Reta";"Urbano";2;0;0;1;1;0;1;2
83516623;"16/11/16";"Quarta";"18:00:00";"CE";222;"208";"FORQUILHA";"Ingestão de álcool";"Colisão frontal";"Sem Vítimas";"Anoitecer";"Crescente";"Ceu Claro";"Simples";"Curva";"Rural";2;0;0;0;2;0;0;2
83516624;"17/11/16";"Quinta";"07:50:00";"PB";230;"22,4";"JOAO PESSOA";"Não guardar distância de segurança";"Colisão lateral";"Com Vítimas Feridas";"Pleno dia";"Decrescente";"Ceu Claro";"Dupla";"Reta";"Urbano";3;0;2;0;1;0;2;2
83516625;"14/11/16";"Segunda";"01:00:00";"MG";381;"908,3";"CAMBUI";"Velocidade incompatível";"Tombamento";"Com Vítimas Feridas";"Plena noite";"Decrescente";"Chuva";"Dupla";"Curva";"Rural";2;0;2;0;0;0;2;1
83516626;"12/11/16";"Sábado";"15:50:00";"MG";40;"464";"SETE LAGOAS";"Velocidade incompatível";"Saída de Pista";"Sem Vítimas";"Pleno dia";"Crescente";"Chuva";"Dupla";"Reta";"Rural";1;0;0;0;1;0;0;1
83516627;"17/11/16";"Quinta";"09:30:00";"MS";262;"350";"CAMPO GRANDE";"Defeito mecânico em veículo";"Queda de motocicleta / bicicleta / veículo";"Com Vítimas Feridas";"Pleno dia";"Crescente";"Sol";"Dupla";"Curva";"Rural";2;0;0;2;0;0;2;1
83516628;"17/11/16";"Quinta";"12:30:00";"RS";290;"13";"SANTO ANTONIO DA PATRULHA";"Defeito mecânico em veículo";"Capotamento";"Com Vítimas Feridas";"Pleno dia";"Crescente";"Chuva";"Dupla";"Curva";"Rural";3;0;2;0;1;0;2;1
83516629;"17/11/16";"Quinta";"09:15:00";"PB";230;"16,2";"JOAO PESSOA";"Não guardar distância de segurança";"Colisão traseira";"Sem Vítimas";"Pleno dia";"Crescente";"Ceu Claro";"Dupla";"Reta";"Urbano";2;0;0;0;2;0;0;2
83516630;"17/11/16";"Quinta";"12:15:00";"SP";153;"64";"SAO JOSE DO RIO PRETO";"Outras";"Capotamento";"Com Vítimas Feridas";"Pleno dia";"Decrescente";"Ceu Claro";"Dupla";"Reta";"Urbano";1;0;1;0;0;0;1;1
83516631;"12/11/16";"Sábado";"12:00:00";"PA";155;"284";"MARABA";"Falta de atenção";"Colisão com bicicleta";"Com Vítimas Feridas";"Pleno dia";"Crescente";"Ceu Claro";"Simples";"Reta";"Rural";2;0;1;0;0;1;1;2
83516632;"12/10/16";"Quarta";"21:00:00";"SP";381;"81";"SAO PAULO";"Falta de atenção";"Colisão traseira";"Com Vítimas Feridas";"Plena noite";"Crescente";"Ignorada";"Dupla";"Reta";"Urbano";2;0;1;0;1;0;1;2
83516633;"14/11/16";"Segunda";"05:50:00";"PR";277;"234";"FERNANDES PINHEIRO";"Falta de atenção";"Colisão Transversal";"Com Vítimas Fatais";"Amanhecer";"Decrescente";"Ceu Claro";"Simples";"Reta";"Rural";2;1;0;1;0;0;1;2
83516634;"17/11/16";"Quinta";"12:20:00";"CE";304;"53";"ARACATI";"Falta de atenção";"Colisão Transversal";"Sem Vítimas";"Pleno dia";"Crescente";"Sol";"Simples";"Reta";"Rural";2;0;0;0;2;0;0;2
83516635;"14/11/16";"Segunda";"00:50:00";"SP";116;"147,5";"SAO JOSE DOS CAMPOS";"Outras";"Colisão com objeto fixo";"Sem Vítimas";"Plena noite";"Crescente";"Chuva";"Múltipla";"Reta";"Urbano";1;0;0;0;1;0;0;1
83516636;"17/11/16";"Quinta";"11:30:00";"SC";470;"15,6";"ITAJAI";"Desobediência à sinalização";"Colisão lateral";"Com Vítimas Feridas";"Pleno dia";"Decrescente";"Ceu Claro";"Simples";"Reta";"Rural";2;0;1;0;1;0;1;2
83516637;"13/11/16";"Domingo";"13:00:00";"SP";116;"226";"GUARULHOS";"Outras";"Colisão com objeto fixo";"Sem Vítimas";"Pleno dia";"Decrescente";"Chuva";"Múltipla";"Reta";"Urbano";2;0;0;0;2;0;0;2
83516638;"12/11/16";"Sábado";"16:40:00";"MG";40;"471,4";"SETE LAGOAS";"Velocidade incompatível";"Capotamento";"Com Vítimas Feridas";"Pleno dia";"Decrescente";"Chuva";"Dupla";"Reta";"Urbano";1;0;0;1;0;0;1;1
83516639;"17/11/16";"Quinta";"07:00:00";"DF";20;"13";"BRASILIA";"Falta de atenção";"Colisão lateral";"Com Vítimas Feridas";"Pleno dia";"Decrescente";"Nublado";"Dupla";"Reta";"Rural";2;0;1;0;1;0;1;2
83516640;"17/11/16";"Quinta";"12:45:00";"RS";290;"377,8";"VILA NOVA DO SUL";"Defeito mecânico em veículo";"Saída de Pista";"Com Vítimas Feridas";"Pleno dia";"Decrescente";"Nublado";"Simples";"Reta";"Rural";1;0;1;0;0;0;1;1
83516641;"13/11/16";"Domingo";"22:45:00";"RJ";393;"177";"PARAIBA DO SUL";"Falta de atenção";"Colisão com objeto fixo";"Com Vítimas Feridas";"Plena noite";"Crescente";"Chuva";"Simples";"Reta";"Urbano";1;0;1;0;0;0;1;1
83516642;"01/10/16";"Sábado";"11:00:00";"PE";232;"16,2";"JABOATAO DOS GUARARAPES";"Outras";"Colisão traseira";"Com Vítimas Fatais";"Pleno dia";"Decrescente";"Ceu Claro";"Dupla";"Reta";"Rural";17;1;5;1;8;2;6;12
83516643;"09/11/16";"Quarta";"15:05:00";"RN";304;"295";"MACAIBA";"Falta de atenção";"Colisão Transversal";"Com Vítimas Feridas";"Pleno dia";"Crescente";"Sol";"Simples";"Reta";"Urbano";2;0;0;1;1;0;1;2
83516644;"17/11/16";"Quinta";"13:00:00";"RS";285;"494,5";"ENTRE IJUIS";"Falta de atenção";"Saída de Pista";"Sem Vítimas";"Pleno dia";"Crescente";"Ceu Claro";"Simples";"Reta";"Rural";1;0;0;0;1;0;0;1
83516645;"17/11/16";"Quinta";"11:50:00";"RS";287;"334,8";"SAO VICENTE DO SUL";"Outras";"Saída de Pista";"Sem Vítimas";"Pleno dia";"Crescente";"Chuva";"Simples";"Curva";"Rural";1;0;0;0;1;0;0;1
83516646;"09/11/16";"Quarta";"06:00:00";"PR";277;"701";"SAO MIGUEL DO IGUACU";"Dormindo";"Capotamento";"Com Vítimas Feridas";"Amanhecer";"Crescente";"Ceu Claro";"Dupla";"Reta";"Rural";1;0;1;0;0;0;1;1
83516647;"17/11/16";"Quinta";"10:52:00";"RO";364;"711";"PORTO VELHO";"Falta de atenção";"Colisão lateral";"Sem Vítimas";"Pleno dia";"Decrescente";"Ceu Claro";"Dupla";"Reta";"Urbano";3;0;0;0;3;0;0;2
83516648;"17/11/16";"Quinta";"13:45:00";"MG";262;"96";"ABRE CAMPO";"Falta de atenção";"Colisão Transversal";"Sem Vítimas";"Pleno dia";"Decrescente";"Nublado";"Simples";"Reta";"Urbano";2;0;0;0;2;0;0;2
83516649;"12/11/16";"Sábado";"05:00:00";"PB";230;"326,2";"QUIXABA";"Ultrapassagem indevida";"Colisão frontal";"Com Vítimas Feridas";"Amanhecer";"Crescente";"Ceu Claro";"Simples";"Reta";"Rural";6;0;0;6;0;0;6;2
83516650;"17/11/16";"Quinta";"12:30:00";"ES";101;"277";"SERRA";"Falta de atenção";"Colisão com objeto fixo";"Sem Vítimas";"Pleno dia";"Crescente";"Nublado";"Simples";"Reta";"Rural";1;0;0;0;1;0;0;1
83516651;"01/10/16";"Sábado";"05:30:00";"PR";369;"173,7";"ROLANDIA";"Desobediência à sinalização";"Colisão frontal";"Com Vítimas Feridas";"Amanhecer";"Crescente";"Ceu Claro";"Simples";"Reta";"Urbano";2;0;1;0;1;0;1;2
83516652;"13/10/16";"Quinta";"01:30:00";"MG";251;"212";"CACHOEIRA DE PAJEU";"Ultrapassagem indevida";"Colisão frontal";"Com Vítimas Feridas";"Plena noite";"Crescente";"Chuva";"Simples";"Curva";"Rural";4;0;1;3;0;0;4;3
83516653;"17/11/16";"Quinta";"08:00:00";"BA";407;"8";"JUAZEIRO";"Falta de atenção";"Colisão Transversal";"Com Vítimas Feridas";"Pleno dia";"Crescente";"Ceu Claro";"Simples";"Reta";"Rural";2;0;1;0;1;0;1;2
83516654;"17/11/16";"Quinta";"12:25:00";"MG";381;"499,9";"BETIM";"Falta de atenção";"Colisão traseira";"Sem Vítimas";"Pleno dia";"Crescente";"Chuva";"Múltipla";"Reta";"Rural";3;0;0;0;3;0;0;3
83516655;"15/11/16";"Terça";"16:00:00";"SC";470;"58";"BLUMENAU";"Velocidade incompatível";"Colisão traseira";"Com Vítimas Feridas";"Pleno dia";"Crescente";"Chuva";"Simples";"Reta";"Urbano";2;0;0;1;1;0;1;2
83516656;"17/11/16";"Quinta";"14:45:00";"RS";101;"74,5";"OSORIO";"Outras";"Queda de motocicleta / bicicleta / veículo";"Com Vítimas Feridas";"Pleno dia";"Crescente";"Chuva";"Dupla";"Cruzamento";"Rural";1;0;1;0;0;0;1;1
83516657;"17/11/16";"Quinta";"12:30:00";"SP";116;"280";"EMBU";"Defeito mecânico em veículo";"Derramamento de Carga";"Sem Vítimas";"Pleno dia";"Decrescente";"Ceu Claro";"Múltipla";"Reta";"Urbano";1;0;0;0;1;0;0;1
83516658;"13/11/16";"Domingo";"19:18:00";"MS";262;"9";"TRES LAGOAS";"Outras";"Atropelamento de pessoa";"Com Vítimas Feridas";"Plena noite";"Decrescente";"Chuva";"Simples";"Reta";"Urbano";3;0;0;1;2;0;1;1
83516659;"15/11/16";"Terça";"20:15:00";"RN";226;"44,3";"MACAIBA";"Outras";"Saída de Pista";"Com Vítimas Feridas";"Plena noite";"Decrescente";"Ceu Claro";"Simples";"Reta";"Rural";2;0;2;0;0;0;2;1
83516660;"17/11/16";"Quinta";"15:45:00";"SC";116;"308,7";"LAGES";"Outras";"Saída de Pista";"Sem Vítimas";"Pleno dia";"Decrescente";"Nublado";"Simples";"Curva";"Rural";1;0;0;0;1;0;0;1
83516661;"11/11/16";"Sexta";"11:30:00";"ES";262;"155";"IBATIBA";"Falta de atenção";"Colisão Transversal";"Com Vítimas Feridas";"Pleno dia";"Crescente";"Nublado";"Simples";"Reta";"Urbano";3;0;2;0;0;1;2;2
83516662;"17/11/16";"Quinta";"13:00:00";"AL";316;"229";"ATALAIA";"Falta de atenção";"Colisão Transversal";"Sem Vítimas";"Pleno dia";"Decrescente";"Ceu Claro";"Simples";"Reta";"Rural";2;0;0;0;2;0;0;2
83516663;"13/11/16";"Domingo";"09:20:00";"PI";135;"177";"MANOEL EMIDIO";"Velocidade incompatível";"Colisão traseira";"Sem Vítimas";"Amanhecer";"Decrescente";"Ceu Claro";"Simples";"Reta";"Rural";2;0;0;0;1;1;0;2
83516664;"15/11/16";"Terça";"19:40:00";"ES";262;"71";"MARECHAL FLORIANO";"Falta de atenção";"Colisão Transversal";"Com Vítimas Feridas";"Plena noite";"Crescente";"Chuva";"Simples";"Cruzamento";"Rural";7;0;4;0;2;1;4;2
83516665;"17/11/16";"Quinta";"11:30:00";"RS";116;"269,7";"CANOAS";"Ingestão de álcool";"Colisão com objeto fixo";"Com Vítimas Feridas";"Pleno dia";"Crescente";"Nublado";"Múltipla";"Reta";"Urbano";1;0;0;1;0;0;1;1
83516667;"20/04/16";"Quarta";"11:50:00";"BA";101;"722,8";"EUNAPOLIS";"Falta de atenção";"Colisão traseira";"Sem Vítimas";"Pleno dia";"Decrescente";"Sol";"Simples";"Reta";"Rural";3;0;0;0;3;0;0;3
83516668;"17/11/16";"Quinta";"06:30:00";"MT";163;"642";"NOVA MUTUM";"Dormindo";"Colisão frontal";"Com Vítimas Fatais";"Amanhecer";"Crescente";"Nublado";"Simples";"Reta";"Rural";7;5;0;0;2;0;0;3
83516669;"17/11/16";"Quinta";"13:16:00";"RS";116;"264";"CANOAS";"Falta de atenção";"Colisão lateral";"Sem Vítimas";"Pleno dia";"Decrescente";"Chuva";"Múltipla";"Reta";"Urbano";2;0;0;0;2;0;0;2
83516670;"17/11/16";"Quinta";"12:30:00";"SC";163;"91,2";"GUARACIABA";"Ultrapassagem indevida";"Saída de Pista";"Sem Vítimas";"Pleno dia";"Decrescente";"Sol";"Simples";"Reta";"Rural";2;0;0;0;2;0;0;1
83516671;"15/11/16";"Terça";"06:30:00";"MG";381;"841,5";"SAO SEBASTIAO DA BELA VISTA";"Dormindo";"Saída de Pista";"Com Vítimas Feridas";"Amanhecer";"Crescente";"Ignorada";"Dupla";"Reta";"Rural";5;0;2;1;2;0;3;2
83516672;"17/11/16";"Quinta";"13:00:00";"PE";407;"124";"PETROLINA";"Falta de atenção";"Colisão Transversal";"Com Vítimas Feridas";"Pleno dia";"Decrescente";"Sol";"Dupla";"Cruzamento";"Urbano";2;0;1;0;1;0;1;2
83516673;"17/11/16";"Quinta";"12:15:00";"PR";376;"303,7";"MAUA DA SERRA";"Defeito mecânico em veículo";"Tombamento";"Com Vítimas Feridas";"Pleno dia";"Crescente";"Ceu Claro";"Dupla";"Curva";"Rural";2;0;2;0;0;0;2;1
83516674;"17/11/16";"Quinta";"05:10:00";"MG";381;"691,3";"LAVRAS";"Dormindo";"Colisão traseira";"Sem Vítimas";"Plena noite";"Decrescente";"Ignorada";"Dupla";"Curva";"Rural";2;0;0;0;2;0;0;2
83516675;"17/11/16";"Quinta";"13:00:00";"GO";153;"578,1";"PROFESSOR JAMIL";"Outras";"Saída de Pista";"Sem Vítimas";"Pleno dia";"Crescente";"Chuva";"Dupla";"Reta";"Rural";1;0;0;0;1;0;0;1
83516676;"17/11/16";"Quinta";"16:20:00";"ES";262;"36";"DOMINGOS MARTINS";"Velocidade incompatível";"Queda de motocicleta / bicicleta / veículo";"Com Vítimas Feridas";"Pleno dia";"Decrescente";"Chuva";"Simples";"Curva";"Rural";1;0;1;0;0;0;1;1
83516677;"17/11/16";"Quinta";"12:00:00";"MG";50;"174";"UBERABA";"Velocidade incompatível";"Queda de motocicleta / bicicleta / veículo";"Com Vítimas Feridas";"Pleno dia";"Crescente";"Ceu Claro";"Dupla";"Curva";"Urbano";1;0;1;0;0;0;1;1
83516678;"17/11/16";"Quinta";"13:42:00";"RS";116;"264";"CANOAS";"Não guardar distância de segurança";"Colisão traseira";"Sem Vítimas";"Pleno dia";"Decrescente";"Chuva";"Simples";"Reta";"Urbano";4;0;0;0;4;0;0;3
83516679;"13/11/16";"Domingo";"20:00:00";"MG";267;"85,6";"JUIZ DE FORA";"Não guardar distância de segurança";"Colisão traseira";"Sem Vítimas";"Plena noite";"Crescente";"Chuva";"Simples";"Reta";"Rural";2;0;0;0;2;0;0;2
83516680;"17/11/16";"Quinta";"15:30:00";"SP";153;"94,4";"JACI";"Outras";"Colisão lateral";"Sem Vítimas";"Pleno dia";"Crescente";"Chuva";"Simples";"Reta";"Rural";2;0;0;0;1;1;0;2
83516681;"13/11/16";"Domingo";"15:10:00";"MG";40;"717,1";"BARBACENA";"Velocidade incompatível";"Saída de Pista";"Sem Vítimas";"Pleno dia";"Crescente";"Chuva";"Dupla";"Curva";"Rural";1;0;0;0;1;0;0;1
83516682;"17/11/16";"Quinta";"07:00:00";"ES";101;"17,7";"PEDRO CANARIO";"Defeito mecânico em veículo";"Derramamento de Carga";"Sem Vítimas";"Pleno dia";"Crescente";"Nublado";"Simples";"Reta";"Rural";1;0;0;0;1;0;0;1
83516683;"17/11/16";"Quinta";"12:30:00";"MT";364;"93,7";"ALTO GARCAS";"Outras";"Colisão traseira";"Sem Vítimas";"Pleno dia";"Crescente";"Sol";"Simples";"Reta";"Rural";2;0;0;0;2;0;0;2