"id";"data_inversa";"dia_semana";"horario";"uf";"br";"km";"municipio";"causa_acidente";"tipo_acidente";"classificacao_acidente";"fase_dia";"sentido_via";"condicao_metereologica";"tipo_pista";"tracado_via";"uso_solo";"pessoas";"mortos";"feridos_leves";"feridos_graves";"ilesos";"ignorados";"feridos";"veiculos"
83516684;"17/11/16";"Quinta";"12:00:00";"SP";381;"51,7";"ATIBAIA";"Velocidade incompatível";"Colisão traseira";"Sem Vítimas";"Pleno dia";"Decrescente";"Ceu Claro";"Dupla";"Reta";"Rural";4;0;0;0;4;0;0;4
83516685;"17/11/16";"Quinta";"08:55:00";"MT";70;"704";"CACERES";"Falta de atenção";"Queda de motocicleta / bicicleta / veículo";"Com Vítimas Feridas";"Pleno dia";"Decrescente";"Nublado";"Simples";"Reta";"Rural";1;0;1;0;0;0;1;1
83516686;"17/11/16";"Quinta";"11:20:00";"PB";230;"4,5";"CABEDELO";"Não guardar distância de segurança";"Colisão Transversal";"Com Vítimas Feridas";"Pleno dia";"Decrescente";"Sol";"Dupla";"Reta";"Urbano";2;0;1;0;1;0;1;2
83516687;"17/11/16";"Quinta";"12:40:00";"SP";116;"39,5";"CACHOEIRA PAULISTA";"Defeito mecânico em veículo";"Queda de motocicleta / bicicleta / veículo";"Com Vítimas Feridas";"Pleno dia";"Decrescente";"Sol";"Dupla";"Reta";"Rural";2;0;2;0;0;0;2;1
83516688;"17/11/16";"Quinta";"13:15:00";"GO";153;"607,2";"MORRINHOS";"Velocidade incompatível";"Saída de Pista";"Ignorado";"Pleno dia";"Decrescente";"Chuva";"Dupla";"Reta";"Rural";1;0;0;0;0;1;0;1
83516689;"17/11/16";"Quinta";"15:10:00";"AP";210;"2,6";"MACAPA";"Falta de atenção";"Colisão frontal";"Com Vítimas Feridas";"Pleno dia";"Decrescente";"Ceu Claro";"Simples";"Reta";"Urbano";4;0;2;0;2;0;2;3
83516690;"17/11/16";"Quinta";"11:45:00";"RS";386;"61";"SEBERI";"Desobediência à sinalização";"Colisão frontal";"Com Vítimas Feridas";"Pleno dia";"Decrescente";"Sol";"Simples";"Reta";"Rural";2;0;1;0;1;0;1;2
83516691;"16/11/16";"Quarta";"06:30:00";"GO";60;"166";"GOIANIA";"Defeito mecânico em veículo";"Colisão traseira";"Com Vítimas Feridas";"Amanhecer";"Decrescente";"Chuva";"Dupla";"Reta";"Urbano";2;0;0;1;1;0;1;2
83516692;"17/11/16";"Quinta";"14:00:00";"GO";40;"2,5";"VALPARAISO DE GOIAS";"Não guardar distância de segurança";"Colisão traseira";"Com Vítimas Feridas";"Pleno dia";"Crescente";"Ceu Claro";"Dupla";"Reta";"Urbano";3;0;2;0;1;0;2;2
83516693;"17/11/16";"Quinta";"06:30:00";"PR";116;"92";"SAO JOSE DOS PINHAIS";"Velocidade incompatível";"Tombamento";"Com Vítimas Feridas";"Amanhecer";"Crescente";"Nublado";"Dupla";"Reta";"Urbano";1;0;1;0;0;0;1;1
83516694;"17/11/16";"Quinta";"17:50:00";"SP";381;"40";"ATIBAIA";"Falta de atenção";"Queda de motocicleta / bicicleta / veículo";"Com Vítimas Feridas";"Pleno dia";"Crescente";"Nublado";"Dupla";"Reta";"Rural";1;0;1;0;0;0;1;1
83516695;"16/11/16";"Quarta";"01:30:00";"PB";101;"107,9";"ALHANDRA";"Falta de atenção";"Colisão com objeto fixo";"Sem Vítimas";"Plena noite";"Decrescente";"Ceu Claro";"Dupla";"Reta";"Rural";1;0;0;0;1;0;0;1
83516697;"13/11/16";"Domingo";"11:30:00";"MG";135;"606";"CURVELO";"Outras";"Saída de Pista";"Ignorado";"Pleno dia";"Decrescente";"Chuva";"Simples";"Reta";"Rural";1;0;0;0;0;1;0;1
83516698;"13/11/16";"Domingo";"21:45:00";"RJ";40;"13";"TRES RIOS";"Velocidade incompatível";"Capotamento";"Sem Vítimas";"Plena noite";"Crescente";"Chuva";"Dupla";"Curva";"Rural";1;0;0;0;1;0;0;1
83516699;"17/11/16";"Quinta";"15:30:00";"MG";381;"360";"JOAO MONLEVADE";"Falta de atenção";"Saída de Pista";"Sem Vítimas";"Pleno dia";"Decrescente";"Ceu Claro";"Simples";"Curva";"Urbano";1;0;0;0;1;0;0;1
83516700;"17/11/16";"Quinta";"17:55:00";"PA";163;"996";"SANTAREM";"Falta de atenção";"Colisão Transversal";"Com Vítimas Feridas";"Pleno dia";"Crescente";"Sol";"Simples";"Reta";"Urbano";3;0;2;0;1;0;2;2
83516701;"17/11/16";"Quinta";"17:30:00";"MT";364;"255,8";"JUSCIMEIRA";"Falta de atenção";"Colisão lateral";"Com Vítimas Feridas";"Pleno dia";"Decrescente";"Ceu Claro";"Simples";"Reta";"Rural";2;0;1;0;1;0;1;2
83516702;"17/11/16";"Quinta";"16:40:00";"RS";470;"156";"NOVA PRATA";"Falta de atenção";"Colisão com objeto fixo";"Com Vítimas Feridas";"Pleno dia";"Decrescente";"Chuva";"Simples";"Reta";"Rural";2;0;1;0;1;0;1;2
83516703;"11/11/16";"Sexta";"23:20:00";"BA";101;"507";"ITABUNA";"Outras";"Tombamento";"Ignorado";"Plena noite";"Crescente";"Nublado";"Simples";"Reta";"Urbano";1;0;0;0;0;1;0;1
83516704;"17/11/16";"Quinta";"16:40:00";"AM";230;"612";"HUMAITA";"Falta de atenção";"Colisão lateral";"Com Vítimas Feridas";"Pleno dia";"Decrescente";"Nublado";"Simples";"Reta";"Urbano";2;0;1;1;0;0;2;2
83516706;"07/11/16";"Segunda";"19:45:00";"PE";407;"128";"PETROLINA";"Falta de atenção";"Colisão Transversal";"Com Vítimas Feridas";"Plena noite";"Decrescente";"Ignorada";"Simples";"Cruzamento";"Urbano";3;0;1;0;2;0;1;2
83516707;"17/11/16";"Quinta";"16:24:00";"SP";116;"135,9";"SAO JOSE DOS CAMPOS";"Outras";"Queda de motocicleta / bicicleta / veículo";"Com Vítimas Feridas";"Pleno dia";"Crescente";"Ceu Claro";"Dupla";"Reta";"Urbano";2;0;1;0;1;0;1;2
83516708;"17/11/16";"Quinta";"06:40:00";"MA";222;"272";"ARARI";"Falta de atenção";"Colisão lateral";"Com Vítimas Feridas";"Amanhecer";"Crescente";"Ceu Claro";"Simples";"Curva";"Rural";2;0;0;1;1;0;1;2
83516709;"17/11/16";"Quinta";"18:00:00";"PR";476;"139";"CURITIBA";"Outras";"Colisão traseira";"Com Vítimas Feridas";"Anoitecer";"Decrescente";"Ceu Claro";"Múltipla";"Reta";"Urbano";2;0;1;0;1;0;1;2
83516710;"17/11/16";"Quinta";"16:20:00";"RS";470;"154";"NOVA PRATA";"Outras";"Saída de Pista";"Com Vítimas Feridas";"Pleno dia";"Crescente";"Chuva";"Simples";"Reta";"Urbano";1;0;1;0;0;0;1;1
83516711;"17/11/16";"Quinta";"13:10:00";"RS";116;"526";"PELOTAS";"Outras";"Tombamento";"Ignorado";"Pleno dia";"Decrescente";"Ceu Claro";"Simples";"Curva";"Rural";1;0;0;0;0;1;0;1
83516712;"17/11/16";"Quinta";"17:50:00";"SC";101;"206,4";"SAO JOSE";"Não guardar distância de segurança";"Colisão lateral";"Com Vítimas Feridas";"Pleno dia";"Crescente";"Nublado";"Múltipla";"Reta";"Urbano";3;0;2;0;0;1;2;2
83516713;"17/11/16";"Quinta";"14:30:00";"AL";104;"58,9";"MURICI";"Outras";"Atropelamento de pessoa";"Com Vítimas Fatais";"Pleno dia";"Crescente";"Ceu Claro";"Simples";"Reta";"Urbano";2;1;0;0;0;1;0;1
83516714;"16/11/16";"Quarta";"16:15:00";"MG";381;"730";"CARMO DA CACHOEIRA";"Velocidade incompatível";"Saída de Pista";"Sem Vítimas";"Pleno dia";"Decrescente";"Chuva";"Dupla";"Curva";"Rural";1;0;0;0;1;0;0;1
83516715;"17/11/16";"Quinta";"18:50:00";"PA";316;"59";"CASTANHAL";"Outras";"Queda de motocicleta / bicicleta / veículo";"Com Vítimas Feridas";"Plena noite";"Crescente";"Nublado";"Dupla";"Reta";"Urbano";3;0;1;0;2;0;1;2
83516716;"17/11/16";"Quinta";"13:45:00";"MG";116;"705";"MURIAE";"Falta de atenção";"Colisão traseira";"Com Vítimas Feridas";"Pleno dia";"Crescente";"Ceu Claro";"Simples";"Reta";"Urbano";2;0;1;0;1;0;1;2
83516717;"13/11/16";"Domingo";"10:00:00";"RJ";116;"269";"BARRA MANSA";"Falta de atenção";"Saída de Pista";"Com Vítimas Feridas";"Pleno dia";"Decrescente";"Chuva";"Dupla";"Curva";"Urbano";1;0;0;1;0;0;1;1
83516718;"12/11/16";"Sábado";"05:30:00";"RS";472;"119,6";"BOA VISTA DO BURICA";"Outras";"Capotamento";"Ignorado";"Amanhecer";"Decrescente";"Ceu Claro";"Simples";"Reta";"Rural";1;0;0;0;0;1;0;1
83516719;"17/11/16";"Quinta";"12:00:00";"RJ";393;"103";"SAPUCAIA";"Falta de atenção";"Colisão lateral";"Com Vítimas Feridas";"Pleno dia";"Decrescente";"Nublado";"Simples";"Reta";"Urbano";2;0;1;0;1;0;1;2
83516720;"17/11/16";"Quinta";"13:10:00";"PR";369;"164";"CAMBE";"Não guardar distância de segurança";"Colisão traseira";"Com Vítimas Feridas";"Pleno dia";"Crescente";"Ceu Claro";"Dupla";"Reta";"Rural";2;0;1;0;1;0;1;2
83516721;"17/11/16";"Quinta";"19:20:00";"SP";101;"15,6";"UBATUBA";"Outras";"Saída de Pista";"Sem Vítimas";"Anoitecer";"Crescente";"Chuva";"Simples";"Reta";"Rural";1;0;0;0;1;0;0;1
83516722;"24/06/16";"Sexta";"09:45:00";"RS";392;"59";"RIO GRANDE";"Não guardar distância de segurança";"Colisão lateral";"Sem Vítimas";"Pleno dia";"Crescente";"Nublado";"Dupla";"Reta";"Rural";2;0;0;0;2;0;0;2
83516723;"17/11/16";"Quinta";"15:30:00";"AC";364;"139,9";"RIO BRANCO";"Falta de atenção";"Queda de motocicleta / bicicleta / veículo";"Com Vítimas Feridas";"Pleno dia";"Decrescente";"Nublado";"Simples";"Curva";"Urbano";3;0;1;0;2;0;1;2
83516724;"17/11/16";"Quinta";"18:45:00";"GO";40;"1,7";"VALPARAISO DE GOIAS";"Não guardar distância de segurança";"Colisão traseira";"Sem Vítimas";"Anoitecer";"Crescente";"Ceu Claro";"Dupla";"Reta";"Urbano";2;0;0;0;2;0;0;2
83516725;"17/11/16";"Quinta";"19:00:00";"RJ";101;"483";"ANGRA DOS REIS";"Velocidade incompatível";"Colisão com objeto fixo";"Com Vítimas Feridas";"Plena noite";"Decrescente";"Chuva";"Simples";"Curva";"Urbano";2;0;2;0;0;0;2;1
83516726;"17/11/16";"Quinta";"17:40:00";"MT";70;"3,6";"BARRA DO GARCAS";"Defeito mecânico em veículo";"Colisão traseira";"Sem Vítimas";"Pleno dia";"Decrescente";"Nublado";"Dupla";"Reta";"Urbano";2;0;0;0;2;0;0;2
83516727;"13/11/16";"Domingo";"21:00:00";"RJ";116;"310";"ITATIAIA";"Falta de atenção";"Colisão traseira";"Com Vítimas Feridas";"Plena noite";"Decrescente";"Chuva";"Dupla";"Reta";"Urbano";3;0;1;0;2;0;1;2
83516728;"17/11/16";"Quinta";"13:10:00";"SC";116;"221";"CORREIA PINTO";"Falta de atenção";"Colisão lateral";"Sem Vítimas";"Pleno dia";"Decrescente";"Sol";"Simples";"Reta";"Urbano";2;0;0;0;2;0;0;2
83516730;"13/11/16";"Domingo";"16:30:00";"MG";135;"538";"AUGUSTO DE LIMA";"Defeito mecânico em veículo";"Colisão com objeto móvel";"Com Vítimas Feridas";"Pleno dia";"Crescente";"Chuva";"Simples";"Reta";"Rural";4;0;1;2;1;0;3;2
83516731;"17/11/16";"Quinta";"20:00:00";"PR";376;"251,7";"APUCARANA";"Defeito mecânico em veículo";"Queda de motocicleta / bicicleta / veículo";"Com Vítimas Feridas";"Plena noite";"Crescente";"Ceu Claro";"Simples";"Reta";"Urbano";2;0;1;1;0;0;2;1
83516732;"17/11/16";"Quinta";"20:15:00";"SC";101;"160,5";"TIJUCAS";"Outras";"Saída de Pista";"Com Vítimas Fatais";"Plena noite";"Decrescente";"Nublado";"Dupla";"Reta";"Rural";1;1;0;0;0;0;0;1
83516733;"17/11/16";"Quinta";"19:40:00";"PI";343;"578";"FLORIANO";"Animais na Pista";"Atropelamento de animal";"Sem Vítimas";"Plena noite";"Crescente";"Ceu Claro";"Simples";"Reta";"Rural";1;0;0;0;1;0;0;1
83516734;"13/11/16";"Domingo";"19:30:00";"MG";381;"934,5";"EXTREMA";"Velocidade incompatível";"Capotamento";"Com Vítimas Feridas";"Anoitecer";"Decrescente";"Chuva";"Dupla";"Curva";"Rural";2;0;1;0;1;0;1;1
83516735;"17/11/16";"Quinta";"16:30:00";"BA";324;"574";"SAO SEBASTIAO DO PASSE";"Outras";"Tombamento";"Sem Vítimas";"Pleno dia";"Crescente";"Chuva";"Dupla";"Reta";"Rural";1;0;0;0;1;0;0;1
83516736;"02/11/16";"Quarta";"01:30:00";"MG";381;"511,4";"IGARAPE";"Outras";"Colisão com objeto fixo";"Ignorado";"Plena noite";"Crescente";"Ceu Claro";"Múltipla";"Reta";"Urbano";1;0;0;0;0;1;0;1
83516737;"17/11/16";"Quinta";"19:20:00";"SC";101;"338";"TUBARAO";"Outras";"Colisão com objeto móvel";"Com Vítimas Feridas";"Anoitecer";"Decrescente";"Chuva";"Dupla";"Reta";"Urbano";1;0;1;0;0;0;1;1
83516738;"17/11/16";"Quinta";"11:40:00";"PB";230;"27,3";"JOAO PESSOA";"Falta de atenção";"Colisão lateral";"Com Vítimas Feridas";"Pleno dia";"Crescente";"Ceu Claro";"Dupla";"Reta";"Urbano";2;0;0;1;1;0;1;2
83516739;"13/11/16";"Domingo";"17:26:00";"MG";40;"824,9";"SIMAO PEREIRA";"Velocidade incompatível";"Colisão traseira";"Sem Vítimas";"Pleno dia";"Crescente";"Chuva";"Dupla";"Curva";"Rural";2;0;0;0;2;0;0;2
83516740;"17/11/16";"Quinta";"12:40:00";"MG";153;"4";"ARAPORA";"Outras";"Colisão lateral";"Sem Vítimas";"Pleno dia";"Crescente";"Sol";"Dupla";"Reta";"Rural";2;0;0;0;1;1;0;2
83516741;"17/11/16";"Quinta";"12:30:00";"RJ";101;"59";"CAMPOS DOS GOYTACAZES";"Falta de atenção";"Colisão traseira";"Com Vítimas Feridas";"Pleno dia";"Crescente";"Ceu Claro";"Simples";"Reta";"Urbano";3;0;1;0;2;0;1;2
83516742;"17/11/16";"Quinta";"20:30:00";"SC";280;"22";"ARAQUARI";"Falta de atenção";"Colisão frontal";"Com Vítimas Feridas";"Plena noite";"Crescente";"Chuva";"Simples";"Reta";"Urbano";2;0;0;1;1;0;1;2
83516743;"17/11/16";"Quinta";"21:00:00";"RO";364;"715";"PORTO VELHO";"Defeito na via";"Queda de motocicleta / bicicleta / veículo";"Com Vítimas Feridas";"Plena noite";"Decrescente";"Chuva";"Dupla";"Reta";"Urbano";1;0;1;0;0;0;1;1
83516744;"17/11/16";"Quinta";"17:50:00";"ES";101;"262";"SERRA";"Outras";"Colisão traseira";"Com Vítimas Feridas";"Pleno dia";"Decrescente";"Ceu Claro";"Dupla";"Reta";"Urbano";2;0;0;1;1;0;1;2
83516745;"17/11/16";"Quinta";"17:45:00";"RO";364;"375";"OURO PRETO DO OESTE";"Falta de atenção";"Colisão traseira";"Sem Vítimas";"Anoitecer";"Decrescente";"Chuva";"Simples";"Reta";"Rural";2;0;0;0;2;0;0;2
83516746;"17/11/16";"Quinta";"19:45:00";"GO";60;"268";"INDIARA";"Outras";"Capotamento";"Sem Vítimas";"Plena noite";"Decrescente";"Chuva";"Dupla";"Curva";"Rural";1;0;0;0;1;0;0;1
83516747;"17/11/16";"Quinta";"22:45:00";"RS";386;"353,8";"ESTRELA";"Falta de atenção";"Colisão Transversal";"Com Vítimas Feridas";"Plena noite";"Crescente";"Nublado";"Simples";"Curva";"Rural";2;0;0;1;1;0;1;2
83516748;"17/11/16";"Quinta";"11:20:00";"RN";101;"95,5";"NATAL";"Falta de atenção";"Colisão lateral";"Com Vítimas Feridas";"Pleno dia";"Decrescente";"Sol";"Dupla";"Reta";"Urbano";2;0;1;0;1;0;1;2
83516749;"17/11/16";"Quinta";"21:30:00";"MG";146;"507,6";"POCOS DE CALDAS";"Outras";"Saída de Pista";"Sem Vítimas";"Plena noite";"Decrescente";"Chuva";"Simples";"Curva";"Rural";1;0;0;0;1;0;0;1
83516751;"17/11/16";"Quinta";"21:40:00";"MG";381;"662,2";"SANTO ANTONIO DO AMPARO";"Dormindo";"Tombamento";"Com Vítimas Feridas";"Plena noite";"Crescente";"Ignorada";"Dupla";"Reta";"Rural";1;0;1;0;0;0;1;1
83516752;"17/11/16";"Quinta";"15:40:00";"ES";101;"258";"SERRA";"Velocidade incompatível";"Colisão traseira";"Sem Vítimas";"Pleno dia";"Crescente";"Ceu Claro";"Dupla";"Curva";"Urbano";2;0;0;0;2;0;0;2
83516753;"17/11/16";"Quinta";"20:40:00";"RS";290;"285,6";"CACHOEIRA DO SUL";"Outras";"Saída de Pista";"Com Vítimas Feridas";"Plena noite";"Crescente";"Chuva";"Simples";"Reta";"Rural";3;0;3;0;0;0;3;1
83516754;"17/11/16";"Quinta";"23:30:00";"RJ";101;"409";"ITAGUAI";"Velocidade incompatível";"Capotamento";"Ignorado";"Plena noite";"Crescente";"Chuva";"Dupla";"Reta";"Rural";1;0;0;0;0;1;0;1
83516755;"17/11/16";"Quinta";"18:20:00";"PB";230;"77";"SOBRADO";"Falta de atenção";"Colisão lateral";"Sem Vítimas";"Plena noite";"Crescente";"Ceu Claro";"Dupla";"Reta";"Rural";4;0;0;0;4;0;0;2
83516756;"17/11/16";"Quinta";"10:00:00";"MG";153;"75,2";"MONTE ALEGRE DE MINAS";"Outras";"Saída de Pista";"Sem Vítimas";"Pleno dia";"Decrescente";"Sol";"Simples";"Reta";"Rural";1;0;0;0;1;0;0;1
83516757;"17/11/16";"Quinta";"09:00:00";"PR";277;"4,1";"PARANAGUA";"Outras";"Queda de motocicleta / bicicleta / veículo";"Com Vítimas Feridas";"Pleno dia";"Decrescente";"Sol";"Simples";"Reta";"Urbano";2;0;0;1;1;0;1;2
83516758;"17/11/16";"Quinta";"19:30:00";"PE";408;"91";"SAO LOURENCO DA MATA";"Animais na Pista";"Atropelamento de animal";"Com Vítimas Fatais";"Plena noite";"Decrescente";"Ceu Claro";"Dupla";"Reta";"Rural";2;1;0;1;0;0;1;1
83516759;"17/11/16";"Quinta";"10:45:00";"SP";116;"224";"GUARULHOS";"Falta de atenção";"Capotamento";"Com Vítimas Feridas";"Pleno dia";"Decrescente";"Ceu Claro";"Múltipla";"Reta";"Urbano";4;0;1;0;3;0;1;3
83516760;"17/11/16";"Quinta";"23:15:00";"RS";285;"207,2";"LAGOA VERMELHA";"Falta de atenção";"Colisão lateral";"Com Vítimas Feridas";"Plena noite";"Crescente";"Nevoeiro/neblina";"Simples";"Reta";"Rural";2;0;1;0;1;0;1;2
83516762;"17/11/16";"Quinta";"16:00:00";"RS";470;"222,6";"GARIBALDI";"Falta de atenção";"Colisão traseira";"Com Vítimas Feridas";"Pleno dia";"Decrescente";"Chuva";"Simples";"Cruzamento";"Rural";4;0;2;0;2;0;2;3
83516763;"17/11/16";"Quinta";"08:00:00";"SC";101;"216,5";"PALHOCA";"Falta de atenção";"Colisão Transversal";"Sem Vítimas";"Pleno dia";"Crescente";"Nublado";"Simples";"Cruzamento";"Urbano";2;0;0;0;2;0;0;2
83516764;"17/11/16";"Quinta";"07:30:00";"MG";40;"465,8";"SETE LAGOAS";"Velocidade incompatível";"Saída de Pista";"Sem Vítimas";"Pleno dia";"Decrescente";"Chuva";"Dupla";"Reta";"Rural";1;0;0;0;1;0;0;1
83516765;"17/11/16";"Quinta";"22:40:00";"SC";101;"201";"SAO JOSE";"Animais na Pista";"Atropelamento de animal";"Com Vítimas Feridas";"Plena noite";"Decrescente";"Nublado";"Múltipla";"Reta";"Urbano";1;0;1;0;0;0;1;1
83516766;"17/11/16";"Quinta";"17:00:00";"SC";280;"5";"SAO FRANCISCO DO SUL";"Falta de atenção";"Colisão lateral";"Com Vítimas Feridas";"Pleno dia";"Decrescente";"Ceu Claro";"Simples";"Reta";"Urbano";2;0;1;0;1;0;1;2
83516767;"17/11/16";"Quinta";"22:50:00";"PR";116;"45,1";"CAMPINA GRANDE DO SUL";"Velocidade incompatível";"Colisão traseira";"Com Vítimas Feridas";"Plena noite";"Decrescente";"Nublado";"Dupla";"Reta";"Rural";2;0;0;1;1;0;1;2
83516768;"17/11/16";"Quinta";"18:00:00";"ES";101;"269,8";"SERRA";"Não guardar distância de segurança";"Colisão traseira";"Com Vítimas Feridas";"Anoitecer";"Crescente";"Ceu Claro";"Múltipla";"Reta";"Urbano";3;0;0;1;2;0;1;3
83516769;"13/11/16";"Domingo";"17:30:00";"MG";381;"369";"SAO GONCALO DO RIO ABAIXO";"Outras";"Saída de Pista";"Com Vítimas Feridas";"Pleno dia";"Crescente";"Chuva";"Simples";"Curva";"Rural";3;0;3;0;0;0;3;1
83516770;"17/11/16";"Quinta";"16:30:00";"SC";101;"427,4";"SOMBRIO";"Falta de atenção";"Colisão com objeto fixo";"Com Vítimas Feridas";"Pleno dia";"Crescente";"Chuva";"Dupla";"Reta";"Urbano";1;0;1;0;0;0;1;1
83516771;"17/11/16";"Quinta";"17:30:00";"AC";364;"123";"RIO BRANCO";"Falta de atenção";"Colisão Transversal";"Com Vítimas Feridas";"Anoitecer";"Decrescente";"Nublado";"Dupla";"Reta";"Urbano";2;0;1;0;1;0;1;2
83516772;"18/11/16";"Sexta";"01:35:00";"MG";381;"493,6";"BETIM";"Velocidade incompatível";"Saída de Pista";"Ignorado";"Plena noite";"Crescente";"Ceu Claro";"Dupla";"Curva";"Urbano";1;0;0;0;0;1;0;1
83516773;"18/11/16";"Sexta";"01:20:00";"RS";116;"253";"SAPUCAIA DO SUL";"Velocidade incompatível";"Colisão com objeto fixo";"Ignorado";"Plena noite";"Crescente";"Chuva";"Dupla";"Reta";"Urbano";1;0;0;0;0;1;0;1
83516774;"18/11/16";"Sexta";"02:15:00";"RS";290;"1,9";"OSORIO";"Velocidade incompatível";"Saída de Pista";"Com Vítimas Feridas";"Plena noite";"Decrescente";"Chuva";"Múltipla";"Reta";"Rural";2;0;1;0;1;0;1;1
83516775;"18/11/16";"Sexta";"02:35:00";"GO";153;"685";"ITUMBIARA";"Velocidade incompatível";"Colisão com objeto fixo";"Sem Vítimas";"Plena noite";"Crescente";"Chuva";"Múltipla";"Reta";"Rural";1;0;0;0;1;0;0;1
83516776;"17/11/16";"Quinta";"22:40:00";"PR";277;"99";"CURITIBA";"Velocidade incompatível";"Atropelamento de pessoa";"Com Vítimas Feridas";"Plena noite";"Decrescente";"Nublado";"Dupla";"Reta";"Urbano";2;0;0;1;0;1;1;1
83516777;"17/11/16";"Quinta";"16:40:00";"GO";60;"227";"CEZARINA";"Outras";"Saída de Pista";"Sem Vítimas";"Pleno dia";"Crescente";"Chuva";"Dupla";"Reta";"Rural";4;0;0;0;4;0;0;1
83516778;"18/11/16";"Sexta";"00:05:00";"BA";116;"379,2";"SANTA BARBARA";"Ultrapassagem indevida";"Saída de Pista";"Sem Vítimas";"Plena noite";"Crescente";"Ceu Claro";"Simples";"Reta";"Rural";1;0;0;0;1;0;0;1
83516779;"14/11/16";"Segunda";"06:20:00";"MG";262;"384,9";"MATEUS LEME";"Velocidade incompatível";"Saída de Pista";"Com Vítimas Feridas";"Pleno dia";"Crescente";"Chuva";"Dupla";"Curva";"Rural";1;0;1;0;0;0;1;1
83516780;"17/11/16";"Quinta";"20:00:00";"AL";101;"8,4";"NOVO LINO";"Falta de atenção";"Atropelamento de pessoa";"Com Vítimas Fatais";"Plena noite";"Crescente";"Ceu Claro";"Dupla";"Curva";"Rural";2;1;0;0;0;1;0;1
83516781;"17/11/16";"Quinta";"22:00:00";"RJ";101;"268";"RIO BONITO";"Velocidade incompatível";"Capotamento";"Ignorado";"Plena noite";"Decrescente";"Chuva";"Dupla";"Reta";"Rural";1;0;0;0;0;1;0;1
83516782;"17/11/16";"Quinta";"09:00:00";"MG";40;"455,4";"CAETANOPOLIS";"Velocidade incompatível";"Saída de Pista";"Sem Vítimas";"Pleno dia";"Decrescente";"Chuva";"Dupla";"Reta";"Rural";1;0;0;0;1;0;0;1
83516783;"13/11/16";"Domingo";"12:50:00";"PB";230;"34,3";"BAYEUX";"Ingestão de álcool";"Colisão lateral";"Sem Vítimas";"Pleno dia";"Decrescente";"Sol";"Dupla";"Reta";"Urbano";2;0;0;0;2;0;0;2
83516784;"17/11/16";"Quinta";"21:00:00";"SC";101;"243";"PALHOCA";"Outras";"Colisão traseira";"Com Vítimas Feridas";"Plena noite";"Decrescente";"Nublado";"Múltipla";"Reta";"Urbano";3;0;2;0;1;0;2;2
83516785;"13/11/16";"Domingo";"05:55:00";"CE";116;"21,8";"ITAITINGA";"Outras";"Capotamento";"Com Vítimas Feridas";"Pleno dia";"Crescente";"Ceu Claro";"Dupla";"Reta";"Urbano";2;0;1;1;0;0;2;1
83516786;"17/11/16";"Quinta";"13:15:00";"AL";104;"87,6";"RIO LARGO";"Falta de atenção";"Colisão Transversal";"Sem Vítimas";"Pleno dia";"Decrescente";"Sol";"Dupla";"Reta";"Urbano";2;0;0;0;2;0;0;2
83516787;"17/11/16";"Quinta";"15:45:00";"MG";40;"694";"ALFREDO VASCONCELOS";"Falta de atenção";"Colisão traseira";"Com Vítimas Fatais";"Pleno dia";"Decrescente";"Nublado";"Simples";"Reta";"Urbano";13;1;7;4;1;0;11;2
83516788;"18/11/16";"Sexta";"00:05:00";"MG";262;"525";"LUZ";"Dormindo";"Colisão frontal";"Com Vítimas Feridas";"Plena noite";"Crescente";"Nublado";"Simples";"Reta";"Rural";3;0;1;0;2;0;1;2
83516789;"10/11/16";"Quinta";"06:45:00";"MG";381;"436";"SABARA";"Velocidade incompatível";"Capotamento";"Sem Vítimas";"Pleno dia";"Crescente";"Ceu Claro";"Simples";"Curva";"Urbano";1;0;0;0;1;0;0;1
83516790;"17/11/16";"Quinta";"22:40:00";"PR";277;"99";"CURITIBA";"Não guardar distância de segurança";"Colisão traseira";"Sem Vítimas";"Plena noite";"Decrescente";"Ceu Claro";"Dupla";"Reta";"Urbano";2;0;0;0;2;0;0;2
83516791;"17/11/16";"Quinta";"16:40:00";"MG";116;"276,9";"TEOFILO OTONI";"Outras";"Queda de motocicleta / bicicleta / veículo";"Com Vítimas Feridas";"Pleno dia";"Decrescente";"Nublado";"Simples";"Reta";"Urbano";1;0;1;0;0;0;1;1
83516792;"17/11/16";"Quinta";"18:40:00";"ES";262;"4";"CARIACICA";"Ingestão de álcool";"Atropelamento de pessoa";"Com Vítimas Feridas";"Anoitecer";"Crescente";"Nublado";"Múltipla";"Reta";"Urbano";2;0;1;0;1;0;1;1
83516793;"18/11/16";"Sexta";"05:30:00";"RJ";40;"123";"DUQUE DE CAXIAS";"Outras";"Colisão lateral";"Com Vítimas Feridas";"Amanhecer";"Crescente";"Nublado";"Múltipla";"Reta";"Urbano";2;0;1;0;1;0;1;2
83516794;"17/11/16";"Quinta";"21:00:00";"SC";280;"66";"JARAGUA DO SUL";"Ingestão de álcool";"Colisão lateral";"Com Vítimas Feridas";"Plena noite";"Crescente";"Chuva";"Simples";"Reta";"Urbano";3;0;0;1;2;0;1;2
83516795;"17/11/16";"Quinta";"18:15:00";"RN";427;"101,1";"CAICO";"Falta de atenção";"Colisão lateral";"Com Vítimas Feridas";"Plena noite";"Crescente";"Ceu Claro";"Simples";"Reta";"Urbano";2;0;0;2;0;0;2;2