"id";"data_inversa";"dia_semana";"horario";"uf";"br";"km";"municipio";"causa_acidente";"tipo_acidente";"classificacao_acidente";"fase_dia";"sentido_via";"condicao_metereologica";"tipo_pista";"tracado_via";"uso_solo";"pessoas";"mortos";"feridos_leves";"feridos_graves";"ilesos";"ignorados";"feridos";"veiculos"
83517023;"19/11/16";"Sábado";"01:00:00";"SP";116;"301";"SAO LOURENCO DA SERRA";"Velocidade incompatível";"Colisão traseira";"Sem Vítimas";"Plena noite";"Decrescente";"Nublado";"Dupla";"Reta";"Rural";2;0;0;0;1;1;0;2
83517024;"18/11/16";"Sexta";"20:40:00";"BA";324;"517,5";"FEIRA DE SANTANA";"Falta de atenção";"Colisão Transversal";"Com Vítimas Feridas";"Plena noite";"Decrescente";"Ceu Claro";"Simples";"Reta";"Urbano";2;0;1;0;0;1;1;2
83517025;"18/11/16";"Sexta";"19:30:00";"RS";290;"711";"URUGUAIANA";"Falta de atenção";"Colisão frontal";"Com Vítimas Feridas";"Pleno dia";"Crescente";"Ceu Claro";"Simples";"Reta";"Rural";7;0;7;0;0;0;7;2
83517027;"18/11/16";"Sexta";"16:30:00";"GO";40;"93";"CRISTALINA";"Outras";"Colisão com objeto fixo";"Sem Vítimas";"Pleno dia";"Decrescente";"Ceu Claro";"Simples";"Reta";"Urbano";1;0;0;0;1;0;0;1
83517028;"03/11/16";"Quinta";"10:40:00";"ES";393;"1,4";"CACHOEIRO DE ITAPEMIRIM";"Ultrapassagem indevida";"Colisão Transversal";"Com Vítimas Feridas";"Pleno dia";"Decrescente";"Ceu Claro";"Simples";"Reta";"Urbano";2;0;1;0;1;0;1;2
83517029;"18/11/16";"Sexta";"20:40:00";"MT";163;"539";"DIAMANTINO";"Outras";"Capotamento";"Sem Vítimas";"Plena noite";"Crescente";"Ceu Claro";"Simples";"Curva";"Rural";1;0;0;0;1;0;0;1
83517030;"19/11/16";"Sábado";"03:00:00";"MG";381;"358";"JOAO MONLEVADE";"Desobediência à sinalização";"Colisão Transversal";"Com Vítimas Feridas";"Plena noite";"Decrescente";"Nublado";"Simples";"Cruzamento";"Urbano";3;0;2;0;1;0;2;2
83517031;"18/11/16";"Sexta";"22:20:00";"BA";242;"246";"BOA VISTA DO TUPIM";"Dormindo";"Saída de Pista";"Com Vítimas Feridas";"Plena noite";"Decrescente";"Nublado";"Simples";"Reta";"Rural";1;0;1;0;0;0;1;1
83517032;"18/11/16";"Sexta";"14:30:00";"RS";386;"418,2";"MONTENEGRO";"Outras";"Saída de Pista";"Sem Vítimas";"Pleno dia";"Decrescente";"Sol";"Dupla";"Reta";"Rural";1;0;0;0;1;0;0;1
83517033;"18/11/16";"Sexta";"20:40:00";"GO";452;"166";"ITUMBIARA";"Outras";"Capotamento";"Com Vítimas Feridas";"Plena noite";"Crescente";"Ignorada";"Simples";"Reta";"Rural";1;0;1;0;0;0;1;1
83517034;"18/11/16";"Sexta";"19:00:00";"BA";116;"806";"VITORIA DA CONQUISTA";"Outras";"Saída de Pista";"Com Vítimas Feridas";"Plena noite";"Decrescente";"Chuva";"Simples";"Reta";"Rural";2;0;1;1;0;0;2;1
83517035;"18/11/16";"Sexta";"09:30:00";"TO";153;"290";"BRASILANDIA DO TOCANTINS";"Falta de atenção";"Colisão lateral";"Sem Vítimas";"Pleno dia";"Decrescente";"Chuva";"Simples";"Reta";"Urbano";2;0;0;0;2;0;0;2
83517036;"18/11/16";"Sexta";"21:00:00";"PE";232;"305";"SERTANIA";"Outras";"Colisão lateral";"Sem Vítimas";"Plena noite";"Decrescente";"Nublado";"Simples";"Reta";"Rural";2;0;0;0;2;0;0;2
83517037;"18/11/16";"Sexta";"20:15:00";"MG";40;"565";"NOVA LIMA";"Outras";"Capotamento";"Com Vítimas Feridas";"Plena noite";"Decrescente";"Chuva";"Simples";"Reta";"Urbano";1;0;1;0;0;0;1;1
83517038;"18/11/16";"Sexta";"23:40:00";"PE";428;"122,8";"LAGOA GRANDE";"Animais na Pista";"Capotamento";"Sem Vítimas";"Plena noite";"Crescente";"Ceu Claro";"Simples";"Reta";"Rural";1;0;0;0;1;0;0;1
83517039;"19/11/16";"Sábado";"03:00:00";"RS";386;"348,2";"ESTRELA";"Dormindo";"Colisão com objeto fixo";"Com Vítimas Fatais";"Plena noite";"Decrescente";"Ceu Claro";"Dupla";"Curva";"Rural";2;1;0;1;0;0;1;1
83517040;"18/11/16";"Sexta";"10:20:00";"BA";101;"194,3";"CONCEICAO DA FEIRA";"Outras";"Saída de Pista";"Com Vítimas Feridas";"Pleno dia";"Crescente";"Ceu Claro";"Simples";"Reta";"Rural";2;0;1;0;1;0;1;1
83517041;"21/06/16";"Terça";"07:25:00";"PB";230;"21";"JOAO PESSOA";"Não guardar distância de segurança";"Colisão traseira";"Com Vítimas Feridas";"Pleno dia";"Decrescente";"Ceu Claro";"Dupla";"Reta";"Urbano";3;0;0;2;1;0;2;2
83517042;"19/11/16";"Sábado";"01:40:00";"SP";116;"279,2";"EMBU";"Ingestão de álcool";"Colisão com objeto fixo";"Sem Vítimas";"Plena noite";"Crescente";"Chuva";"Dupla";"Reta";"Urbano";1;0;0;0;1;0;0;1
83517043;"19/11/16";"Sábado";"04:00:00";"SC";101;"129,5";"BALNEARIO CAMBORIU";"Falta de atenção";"Colisão com objeto fixo";"Sem Vítimas";"Amanhecer";"Crescente";"Ceu Claro";"Dupla";"Reta";"Rural";1;0;0;0;1;0;0;1
83517044;"12/11/16";"Sábado";"03:10:00";"SE";101;"93,7";"NOSSA SENHORA DO SOCORRO";"Velocidade incompatível";"Tombamento";"Com Vítimas Feridas";"Plena noite";"Decrescente";"Ceu Claro";"Dupla";"Reta";"Urbano";1;0;1;0;0;0;1;1
83517045;"19/11/16";"Sábado";"05:10:00";"GO";60;"181";"ABADIA DE GOIAS";"Defeito mecânico em veículo";"Queda de motocicleta / bicicleta / veículo";"Com Vítimas Feridas";"Plena noite";"Crescente";"Nublado";"Dupla";"Reta";"Rural";2;0;1;1;0;0;2;1
83517046;"19/11/16";"Sábado";"04:30:00";"SE";235;"42";"AREIA BRANCA";"Outras";"Colisão com objeto fixo";"Com Vítimas Feridas";"Plena noite";"Crescente";"Ceu Claro";"Simples";"Reta";"Rural";3;0;3;0;0;0;3;1
83517047;"19/11/16";"Sábado";"03:45:00";"RS";116;"249,8";"SAO LEOPOLDO";"Dormindo";"Colisão com objeto fixo";"Com Vítimas Feridas";"Plena noite";"Decrescente";"Ceu Claro";"Dupla";"Reta";"Urbano";1;0;1;0;0;0;1;1
83517048;"28/10/16";"Sexta";"19:20:00";"MA";135;"195";"ALTO ALEGRE DO MARANHAO";"Outras";"Colisão lateral";"Com Vítimas Feridas";"Plena noite";"Crescente";"Ceu Claro";"Simples";"Reta";"Urbano";2;0;0;1;1;0;1;2
83517049;"15/11/16";"Terça";"17:40:00";"PB";230;"25,9";"JOAO PESSOA";"Ingestão de álcool";"Colisão com objeto fixo";"Com Vítimas Feridas";"Pleno dia";"Decrescente";"Ceu Claro";"Múltipla";"Curva";"Urbano";1;0;0;1;0;0;1;1
83517050;"18/11/16";"Sexta";"21:30:00";"RS";468;"105";"TRES PASSOS";"Falta de atenção";"Atropelamento de pessoa";"Com Vítimas Feridas";"Plena noite";"Crescente";"Ceu Claro";"Simples";"Reta";"Urbano";3;0;0;1;2;0;1;1
83517051;"18/11/16";"Sexta";"09:00:00";"MG";40;"656,3";"CRISTIANO OTONI";"Velocidade incompatível";"Colisão com objeto fixo";"Com Vítimas Feridas";"Pleno dia";"Decrescente";"Chuva";"Dupla";"Curva";"Rural";2;0;1;0;1;0;1;1
83517052;"19/11/16";"Sábado";"02:25:00";"PR";373;"242,2";"GUAMIRANGA";"Outras";"Saída de Pista";"Ignorado";"Plena noite";"Crescente";"Nublado";"Simples";"Reta";"Rural";1;0;0;0;0;1;0;1
83517053;"15/11/16";"Terça";"09:00:00";"PI";230;"261";"NAZARE DO PIAUI";"Outras";"Capotamento";"Sem Vítimas";"Pleno dia";"Crescente";"Chuva";"Simples";"Curva";"Rural";1;0;0;0;1;0;0;1
83517054;"18/11/16";"Sexta";"15:30:00";"MG";262;"547,4";"LUZ";"Velocidade incompatível";"Capotamento";"Sem Vítimas";"Pleno dia";"Crescente";"Chuva";"Simples";"Curva";"Rural";2;0;0;0;2;0;0;1
83517055;"19/11/16";"Sábado";"03:30:00";"PI";343;"211,6";"CAPITAO DE CAMPOS";"Ingestão de álcool";"Colisão frontal";"Com Vítimas Fatais";"Plena noite";"Crescente";"Nublado";"Simples";"Reta";"Urbano";2;1;0;0;1;0;0;2
83517056;"15/11/16";"Terça";"17:15:00";"PR";277;"47";"MORRETES";"Ingestão de álcool";"Colisão lateral";"Sem Vítimas";"Pleno dia";"Crescente";"Chuva";"Dupla";"Curva";"Rural";3;0;0;0;3;0;0;3
83517057;"18/11/16";"Sexta";"18:30:00";"MG";381;"533,6";"ITATIAIUCU";"Velocidade incompatível";"Capotamento";"Sem Vítimas";"Pleno dia";"Decrescente";"Chuva";"Dupla";"Curva";"Rural";1;0;0;0;1;0;0;1
83517058;"19/11/16";"Sábado";"06:00:00";"PR";153;"26";"JACAREZINHO";"Ingestão de álcool";"Colisão traseira";"Sem Vítimas";"Amanhecer";"Decrescente";"Ceu Claro";"Simples";"Reta";"Rural";2;0;0;0;2;0;0;2
83517059;"16/11/16";"Quarta";"02:00:00";"MG";40;"446";"PARAOPEBA";"Outras";"Saída de Pista";"Sem Vítimas";"Plena noite";"Crescente";"Chuva";"Dupla";"Curva";"Rural";2;0;0;0;2;0;0;1
83517060;"14/11/16";"Segunda";"11:30:00";"MG";381;"299";"ANTONIO DIAS";"Velocidade incompatível";"Saída de Pista";"Com Vítimas Feridas";"Pleno dia";"Crescente";"Chuva";"Simples";"Curva";"Rural";5;0;2;0;3;0;2;1
83517061;"18/07/16";"Segunda";"21:30:00";"TO";226;"69";"WANDERLANDIA";"Desobediência à sinalização";"Colisão Transversal";"Sem Vítimas";"Plena noite";"Crescente";"Nublado";"Simples";"Cruzamento";"Rural";3;0;0;0;3;0;0;2
83517062;"18/11/16";"Sexta";"18:40:00";"MG";262;"426,8";"CONCEICAO DO PARA";"Velocidade incompatível";"Saída de Pista";"Sem Vítimas";"Anoitecer";"Crescente";"Chuva";"Dupla";"Reta";"Rural";1;0;0;0;1;0;0;1
83517063;"15/11/16";"Terça";"19:15:00";"SC";470;"71";"INDAIAL";"Falta de atenção";"Colisão traseira";"Com Vítimas Feridas";"Plena noite";"Crescente";"Nublado";"Simples";"Reta";"Urbano";3;0;3;0;0;0;3;3
83517064;"14/11/16";"Segunda";"20:30:00";"BA";116;"395";"SANTA BARBARA";"Ultrapassagem indevida";"Colisão Transversal";"Com Vítimas Fatais";"Plena noite";"Crescente";"Ceu Claro";"Simples";"Reta";"Rural";4;1;0;0;2;1;0;3
83517066;"15/11/16";"Terça";"07:45:00";"MG";381;"299";"ANTONIO DIAS";"Velocidade incompatível";"Saída de Pista";"Com Vítimas Feridas";"Pleno dia";"Crescente";"Chuva";"Simples";"Curva";"Rural";4;0;1;0;3;0;1;1
83517067;"18/11/16";"Sexta";"15:10:00";"RJ";40;"72";"PETROPOLIS";"Falta de atenção";"Atropelamento de pessoa";"Com Vítimas Feridas";"Pleno dia";"Crescente";"Chuva";"Simples";"Reta";"Urbano";3;0;3;0;0;0;3;2
83517068;"18/11/16";"Sexta";"20:00:00";"MA";135;"124,4";"MIRANDA DO NORTE";"Animais na Pista";"Atropelamento de animal";"Sem Vítimas";"Plena noite";"Decrescente";"Ignorada";"Simples";"Reta";"Rural";1;0;0;0;1;0;0;1
83517069;"10/10/16";"Segunda";"18:00:00";"ES";101;"151,7";"LINHARES";"Falta de atenção";"Colisão Transversal";"Com Vítimas Feridas";"Plena noite";"Crescente";"Chuva";"Simples";"Curva";"Rural";6;0;1;2;3;0;3;2
83517070;"18/11/16";"Sexta";"18:55:00";"AL";316;"103,5";"DOIS RIACHOS";"Animais na Pista";"Atropelamento de animal";"Sem Vítimas";"Plena noite";"Decrescente";"Ceu Claro";"Simples";"Reta";"Urbano";1;0;0;0;1;0;0;1
83517071;"16/11/16";"Quarta";"07:20:00";"SC";282;"4";"SAO JOSE";"Falta de atenção";"Colisão lateral";"Com Vítimas Feridas";"Pleno dia";"Decrescente";"Nublado";"Dupla";"Reta";"Urbano";2;0;1;0;1;0;1;2
83517072;"15/11/16";"Terça";"18:00:00";"PR";369;"511";"CASCAVEL";"Defeito mecânico em veículo";"Queda de motocicleta / bicicleta / veículo";"Com Vítimas Feridas";"Pleno dia";"Crescente";"Sol";"Simples";"Curva";"Rural";2;0;2;0;0;0;2;1
83517073;"16/11/16";"Quarta";"06:00:00";"SC";101;"259,9";"PAULO LOPES";"Falta de atenção";"Capotamento";"Com Vítimas Feridas";"Plena noite";"Crescente";"Nublado";"Dupla";"Reta";"Rural";1;0;0;1;0;0;1;1
83517074;"18/11/16";"Sexta";"22:40:00";"RJ";40;"104";"DUQUE DE CAXIAS";"Velocidade incompatível";"Colisão com objeto fixo";"Sem Vítimas";"Plena noite";"Decrescente";"Chuva";"Dupla";"Curva";"Urbano";1;0;0;0;1;0;0;1
83517075;"19/11/16";"Sábado";"04:45:00";"RS";285;"323";"CARAZINHO";"Velocidade incompatível";"Saída de Pista";"Com Vítimas Feridas";"Plena noite";"Crescente";"Ceu Claro";"Simples";"Curva";"Rural";3;0;3;0;0;0;3;1
83517076;"14/11/16";"Segunda";"19:50:00";"TO";153;"501,7";"PARAISO DO TOCANTINS";"Defeito na via";"Queda de motocicleta / bicicleta / veículo";"Com Vítimas Feridas";"Plena noite";"Crescente";"Ceu Claro";"Simples";"Reta";"Rural";1;0;1;0;0;0;1;1
83517079;"11/11/16";"Sexta";"08:50:00";"MT";70;"284,9";"PRIMAVERA DO LESTE";"Falta de atenção";"Saída de Pista";"Sem Vítimas";"Pleno dia";"Crescente";"Sol";"Simples";"Reta";"Rural";1;0;0;0;1;0;0;1
83517080;"19/11/16";"Sábado";"07:50:00";"PR";369;"148,3";"LONDRINA";"Não guardar distância de segurança";"Colisão traseira";"Sem Vítimas";"Pleno dia";"Crescente";"Ceu Claro";"Dupla";"Reta";"Urbano";3;0;0;0;3;0;0;3
83517081;"19/11/16";"Sábado";"07:35:00";"PI";316;"10";"TERESINA";"Não guardar distância de segurança";"Colisão lateral";"Com Vítimas Feridas";"Pleno dia";"Decrescente";"Nublado";"Simples";"Reta";"Urbano";2;0;1;0;0;1;1;2
83517082;"15/11/16";"Terça";"17:30:00";"SP";116;"282";"EMBU";"Falta de atenção";"Saída de Pista";"Com Vítimas Feridas";"Pleno dia";"Decrescente";"Nublado";"Dupla";"Curva";"Urbano";1;0;0;1;0;0;1;1
83517083;"15/11/16";"Terça";"22:20:00";"PR";369;"37,5";"ANDIRA";"Outras";"Queda de motocicleta / bicicleta / veículo";"Com Vítimas Feridas";"Plena noite";"Crescente";"Ceu Claro";"Simples";"Reta";"Urbano";1;0;0;1;0;0;1;1
83517084;"18/10/16";"Terça";"11:30:00";"RS";470;"268,5";"SAO JOSE DO SUL";"Velocidade incompatível";"Colisão lateral";"Sem Vítimas";"Pleno dia";"Crescente";"Chuva";"Simples";"Curva";"Rural";2;0;0;0;2;0;0;2
83517085;"16/11/16";"Quarta";"07:00:00";"MG";381;"486";"BETIM";"Falta de atenção";"Colisão lateral";"Sem Vítimas";"Amanhecer";"Crescente";"Nublado";"Dupla";"Reta";"Urbano";2;0;0;0;2;0;0;2
83517086;"17/11/16";"Quinta";"23:00:00";"BA";110;"102";"ANTAS";"Defeito na via";"Capotamento";"Com Vítimas Feridas";"Plena noite";"Crescente";"Ceu Claro";"Simples";"Reta";"Rural";1;0;1;0;0;0;1;1
83517087;"19/11/16";"Sábado";"10:05:00";"RS";386;"343,2";"LAJEADO";"Falta de atenção";"Colisão Transversal";"Com Vítimas Feridas";"Pleno dia";"Crescente";"Sol";"Simples";"Reta";"Urbano";3;0;2;0;1;0;2;2
83517088;"19/11/16";"Sábado";"07:35:00";"ES";101;"53,2";"SAO MATEUS";"Defeito mecânico em veículo";"Colisão com objeto móvel";"Com Vítimas Feridas";"Pleno dia";"Crescente";"Nublado";"Simples";"Reta";"Rural";3;0;0;1;1;1;1;2
83517089;"19/11/16";"Sábado";"08:30:00";"PR";116;"142";"MANDIRITUBA";"Falta de atenção";"Colisão lateral";"Sem Vítimas";"Pleno dia";"Decrescente";"Nublado";"Dupla";"Reta";"Urbano";2;0;0;0;2;0;0;2
83517090;"15/11/16";"Terça";"23:50:00";"MG";40;"550";"NOVA LIMA";"Outras";"Saída de Pista";"Com Vítimas Feridas";"Plena noite";"Decrescente";"Chuva";"Dupla";"Curva";"Urbano";2;0;0;2;0;0;2;1
83517091;"18/11/16";"Sexta";"05:40:00";"BA";101;"508";"ITABUNA";"Falta de atenção";"Colisão Transversal";"Com Vítimas Feridas";"Pleno dia";"Decrescente";"Ceu Claro";"Simples";"Reta";"Urbano";3;0;1;0;2;0;1;2
83517092;"19/11/16";"Sábado";"09:40:00";"SC";101;"257";"PAULO LOPES";"Falta de atenção";"Colisão lateral";"Sem Vítimas";"Pleno dia";"Crescente";"Ceu Claro";"Dupla";"Reta";"Urbano";2;0;0;0;2;0;0;2
83517093;"13/11/16";"Domingo";"06:50:00";"SC";101;"94,8";"BARRA VELHA";"Outras";"Saída de Pista";"Com Vítimas Feridas";"Amanhecer";"Crescente";"Nublado";"Dupla";"Reta";"Rural";1;0;1;0;0;0;1;1
83517094;"11/11/16";"Sexta";"17:00:00";"PR";376;"374";"ORTIGUEIRA";"Velocidade incompatível";"Saída de Pista";"Sem Vítimas";"Pleno dia";"Decrescente";"Chuva";"Dupla";"Curva";"Rural";1;0;0;0;1;0;0;1
83517096;"19/11/16";"Sábado";"08:40:00";"MA";135;"10,5";"SAO LUIS";"Desobediência à sinalização";"Colisão traseira";"Sem Vítimas";"Pleno dia";"Decrescente";"Sol";"Dupla";"Reta";"Urbano";2;0;0;0;2;0;0;2
83517097;"19/11/16";"Sábado";"10:10:00";"PR";376;"178,9";"MARINGA";"Falta de atenção";"Colisão Transversal";"Com Vítimas Feridas";"Pleno dia";"Decrescente";"Sol";"Dupla";"Reta";"Urbano";2;0;0;1;1;0;1;2
83517098;"19/11/16";"Sábado";"08:10:00";"SE";235;"32";"AREIA BRANCA";"Falta de atenção";"Colisão traseira";"Sem Vítimas";"Pleno dia";"Crescente";"Sol";"Simples";"Reta";"Rural";2;0;0;0;2;0;0;2
83517099;"16/11/16";"Quarta";"05:50:00";"GO";20;"217";"POSSE";"Defeito mecânico em veículo";"Incêndio";"Sem Vítimas";"Amanhecer";"Crescente";"Nublado";"Simples";"Curva";"Rural";1;0;0;0;1;0;0;1
83517100;"16/11/16";"Quarta";"10:30:00";"BA";101;"744";"ITABELA";"Velocidade incompatível";"Colisão Transversal";"Sem Vítimas";"Pleno dia";"Decrescente";"Chuva";"Dupla";"Curva";"Rural";2;0;0;0;2;0;0;2
83517101;"15/11/16";"Terça";"21:55:00";"PB";230;"97";"GURINHEM";"Animais na Pista";"Atropelamento de animal";"Sem Vítimas";"Plena noite";"Decrescente";"Ceu Claro";"Dupla";"Reta";"Rural";2;0;0;0;2;0;0;2
83517102;"16/11/16";"Quarta";"07:30:00";"RJ";393;"281";"VOLTA REDONDA";"Falta de atenção";"Colisão Transversal";"Com Vítimas Feridas";"Pleno dia";"Decrescente";"Ceu Claro";"Simples";"Reta";"Urbano";3;0;2;0;1;0;2;2
83517103;"19/11/16";"Sábado";"04:30:00";"PI";343;"348,4";"TERESINA";"Ingestão de álcool";"Colisão Transversal";"Com Vítimas Feridas";"Plena noite";"Decrescente";"Ceu Claro";"Dupla";"Reta";"Urbano";2;0;0;1;1;0;1;2
83517105;"19/11/16";"Sábado";"10:40:00";"SP";381;"47,3";"ATIBAIA";"Falta de atenção";"Colisão traseira";"Sem Vítimas";"Pleno dia";"Crescente";"Ceu Claro";"Dupla";"Reta";"Urbano";3;0;0;0;2;1;0;3
83517106;"19/11/16";"Sábado";"08:20:00";"MS";267;"127,1";"NOVA ANDRADINA";"Defeito na via";"Saída de Pista";"Com Vítimas Feridas";"Pleno dia";"Decrescente";"Ceu Claro";"Simples";"Reta";"Rural";2;0;1;0;1;0;1;1
83517107;"07/11/16";"Segunda";"06:30:00";"PE";232;"76,5";"GRAVATA";"Falta de atenção";"Colisão traseira";"Sem Vítimas";"Pleno dia";"Decrescente";"Ceu Claro";"Simples";"Reta";"Urbano";3;0;0;0;3;0;0;3
83517108;"17/11/16";"Quinta";"00:15:00";"SP";116;"216,8";"GUARULHOS";"Falta de atenção";"Colisão com objeto fixo";"Sem Vítimas";"Plena noite";"Decrescente";"Chuva";"Múltipla";"Reta";"Urbano";1;0;0;0;1;0;0;1
83517109;"19/11/16";"Sábado";"09:10:00";"RJ";393;"105";"SAPUCAIA";"Defeito mecânico em veículo";"Incêndio";"Sem Vítimas";"Pleno dia";"Decrescente";"Sol";"Simples";"Reta";"Urbano";1;0;0;0;1;0;0;1
83517110;"19/11/16";"Sábado";"12:50:00";"RJ";101;"478";"ANGRA DOS REIS";"Outras";"Saída de Pista";"Com Vítimas Feridas";"Pleno dia";"Crescente";"Ceu Claro";"Simples";"Curva";"Urbano";1;0;1;0;0;0;1;1
83517111;"19/11/16";"Sábado";"11:10:00";"PE";101;"82,5";"JABOATAO DOS GUARARAPES";"Falta de atenção";"Colisão lateral";"Com Vítimas Feridas";"Pleno dia";"Decrescente";"Ceu Claro";"Dupla";"Reta";"Urbano";2;0;1;0;1;0;1;2
83517112;"19/11/16";"Sábado";"08:40:00";"RR";174;"458";"MUCAJAI";"Outras";"Tombamento";"Sem Vítimas";"Pleno dia";"Decrescente";"Ceu Claro";"Simples";"Reta";"Rural";2;0;0;0;2;0;0;1
83517113;"19/11/16";"Sábado";"08:40:00";"RS";290;"130";"ELDORADO DO SUL";"Falta de atenção";"Colisão Transversal";"Sem Vítimas";"Pleno dia";"Crescente";"Ceu Claro";"Simples";"Reta";"Rural";2;0;0;0;2;0;0;2
83517114;"19/11/16";"Sábado";"11:33:00";"PR";369;"139";"IBIPORA";"Falta de atenção";"Colisão Transversal";"Com Vítimas Fatais";"Pleno dia";"Decrescente";"Ceu Claro";"Simples";"Reta";"Urbano";3;1;0;0;1;1;0;2
83517115;"19/11/16";"Sábado";"11:30:00";"SP";116;"204";"ARUJA";"Outras";"Colisão com objeto fixo";"Sem Vítimas";"Pleno dia";"Crescente";"Nublado";"Dupla";"Reta";"Urbano";1;0;0;0;1;0;0;1
83517116;"19/11/16";"Sábado";"12:30:00";"SP";116;"230";"SAO PAULO";"Animais na Pista";"Queda de motocicleta / bicicleta / veículo";"Com Vítimas Feridas";"Pleno dia";"Crescente";"Nublado";"Dupla";"Reta";"Urbano";1;0;1;0;0;0;1;1
83517117;"19/11/16";"Sábado";"10:00:00";"RS";116;"401";"CAMAQUA";"Falta de atenção";"Colisão Transversal";"Com Vítimas Feridas";"Pleno dia";"Decrescente";"Ceu Claro";"Simples";"Reta";"Urbano";3;0;1;0;2;0;1;2
83517118;"19/11/16";"Sábado";"13:20:00";"SC";101;"89,2";"BARRA VELHA";"Ultrapassagem indevida";"Colisão lateral";"Com Vítimas Feridas";"Pleno dia";"Decrescente";"Ceu Claro";"Simples";"Reta";"Rural";3;0;2;0;1;0;2;2
83517119;"19/11/16";"Sábado";"10:15:00";"SC";470;"65,9";"INDAIAL";"Falta de atenção";"Saída de Pista";"Com Vítimas Feridas";"Pleno dia";"Crescente";"Sol";"Simples";"Curva";"Urbano";2;0;2;0;0;0;2;1
83517120;"15/11/16";"Terça";"12:00:00";"ES";101;"399,7";"RIO NOVO DO SUL";"Velocidade incompatível";"Colisão lateral";"Sem Vítimas";"Pleno dia";"Decrescente";"Sol";"Simples";"Reta";"Rural";2;0;0;0;1;1;0;2
83517121;"15/11/16";"Terça";"06:00:00";"CE";116;"48,2";"HORIZONTE";"Outras";"Capotamento";"Sem Vítimas";"Pleno dia";"Decrescente";"Ceu Claro";"Dupla";"Curva";"Rural";1;0;0;0;1;0;0;1
83517122;"19/11/16";"Sábado";"11:50:00";"RJ";116;"269,8";"BARRA MANSA";"Outras";"Queda de motocicleta / bicicleta / veículo";"Com Vítimas Feridas";"Pleno dia";"Decrescente";"Ceu Claro";"Dupla";"Curva";"Urbano";1;0;1;0;0;0;1;1
83517123;"19/11/16";"Sábado";"12:45:00";"RS";116;"389,9";"CAMAQUA";"Velocidade incompatível";"Colisão traseira";"Sem Vítimas";"Pleno dia";"Decrescente";"Ceu Claro";"Simples";"Reta";"Urbano";2;0;0;0;2;0;0;2
83517124;"19/11/16";"Sábado";"12:30:00";"SC";282;"4";"SAO JOSE";"Outras";"Queda de motocicleta / bicicleta / veículo";"Com Vítimas Feridas";"Pleno dia";"Crescente";"Ceu Claro";"Dupla";"Reta";"Urbano";2;0;1;0;1;0;1;2
83517125;"19/11/16";"Sábado";"08:20:00";"PI";316;"248";"INHUMA";"Defeito na via";"Saída de Pista";"Com Vítimas Feridas";"Pleno dia";"Decrescente";"Nublado";"Simples";"Reta";"Rural";3;0;3;0;0;0;3;1
83517126;"16/11/16";"Quarta";"04:15:00";"GO";60;"42";"ALEXANIA";"Animais na Pista";"Atropelamento de animal";"Sem Vítimas";"Pleno dia";"Decrescente";"Ceu Claro";"Dupla";"Curva";"Rural";2;0;0;0;2;0;0;2
83517127;"12/11/16";"Sábado";"08:00:00";"PR";376;"666";"GUARATUBA";"Velocidade incompatível";"Saída de Pista";"Sem Vítimas";"Pleno dia";"Crescente";"Chuva";"Dupla";"Curva";"Rural";1;0;0;0;1;0;0;1
83517128;"19/11/16";"Sábado";"10:00:00";"GO";60;"91,2";"ANAPOLIS";"Outras";"Capotamento";"Sem Vítimas";"Pleno dia";"Crescente";"Ceu Claro";"Dupla";"Reta";"Urbano";1;0;0;0;1;0;0;1
83517129;"19/11/16";"Sábado";"10:00:00";"PE";232;"125";"CARUARU";"Outras";"Saída de Pista";"Sem Vítimas";"Pleno dia";"Decrescente";"Ceu Claro";"Dupla";"Reta";"Rural";1;0;0;0;1;0;0;1
83517131;"11/10/16";"Terça";"03:10:00";"BA";116;"865";"VITORIA DA CONQUISTA";"Outras";"Atropelamento de pessoa";"Com Vítimas Fatais";"Plena noite";"Crescente";"Chuva";"Simples";"Reta";"Rural";3;2;0;0;1;0;0;1
83517132;"13/11/16";"Domingo";"01:30:00";"PE";101;"90";"CABO DE SANTO AGOSTINHO";"Outras";"Colisão traseira";"Sem Vítimas";"Plena noite";"Decrescente";"Ceu Claro";"Simples";"Reta";"Urbano";2;0;0;0;1;1;0;2
83517133;"15/11/16";"Terça";"16:15:00";"PE";232;"233,3";"PESQUEIRA";"Falta de atenção";"Colisão traseira";"Sem Vítimas";"Pleno dia";"Decrescente";"Sol";"Simples";"Reta";"Rural";2;0;0;0;2;0;0;2
83517134;"15/11/16";"Terça";"18:15:00";"PB";230;"36";"SANTA RITA";"Ingestão de álcool";"Atropelamento de pessoa";"Com Vítimas Feridas";"Anoitecer";"Decrescente";"Ceu Claro";"Dupla";"Curva";"Urbano";2;0;1;0;0;1;1;1
83517135;"19/11/16";"Sábado";"14:00:00";"PR";277;"654,9";"MATELANDIA";"Outras";"Saída de Pista";"Sem Vítimas";"Pleno dia";"Decrescente";"Ceu Claro";"Simples";"Curva";"Rural";2;0;0;0;2;0;0;1
83517136;"19/11/16";"Sábado";"14:45:00";"PR";277;"683,3";"SAO MIGUEL DO IGUACU";"Defeito mecânico em veículo";"Colisão com objeto fixo";"Sem Vítimas";"Pleno dia";"Crescente";"Sol";"Dupla";"Curva";"Rural";1;0;0;0;1;0;0;1