"id";"data_inversa";"dia_semana";"horario";"uf";"br";"km";"municipio";"causa_acidente";"tipo_acidente";"classificacao_acidente";"fase_dia";"sentido_via";"condicao_metereologica";"tipo_pista";"tracado_via";"uso_solo";"pessoas";"mortos";"feridos_leves";"feridos_graves";"ilesos";"ignorados";"feridos";"veiculos"
83517416;"20/11/16";"Domingo";"02:34:00";"RN";101;"101,5";"PARNAMIRIM";"Ingestão de álcool";"Colisão com objeto fixo";"Sem Vítimas";"Plena noite";"Crescente";"Ceu Claro";"Dupla";"Reta";"Urbano";1;0;0;0;1;0;0;1
83517417;"20/11/16";"Domingo";"04:15:00";"ES";101;"120";"SOORETAMA";"Dormindo";"Saída de Pista";"Com Vítimas Feridas";"Amanhecer";"Crescente";"Ceu Claro";"Simples";"Reta";"Rural";7;0;0;7;0;0;7;1
83517418;"19/11/16";"Sábado";"16:50:00";"RJ";40;"31,5";"TRES RIOS";"Velocidade incompatível";"Capotamento";"Com Vítimas Feridas";"Pleno dia";"Decrescente";"Ceu Claro";"Dupla";"Curva";"Rural";2;0;2;0;0;0;2;1
83517419;"19/11/16";"Sábado";"18:30:00";"MG";262;"132,8";"RIO CASCA";"Falta de atenção";"Colisão Transversal";"Sem Vítimas";"Pleno dia";"Decrescente";"Ceu Claro";"Simples";"Reta";"Rural";6;0;0;0;6;0;0;2
83517420;"19/11/16";"Sábado";"21:50:00";"SC";470;"248,6";"CURITIBANOS";"Falta de atenção";"Capotamento";"Sem Vítimas";"Plena noite";"Decrescente";"Ceu Claro";"Simples";"Reta";"Urbano";2;0;0;0;1;1;0;1
83517421;"20/11/16";"Domingo";"05:00:00";"MS";163;"336";"RIO BRILHANTE";"Outras";"Saída de Pista";"Sem Vítimas";"Amanhecer";"Decrescente";"Ceu Claro";"Simples";"Reta";"Rural";1;0;0;0;1;0;0;1
83517422;"19/11/16";"Sábado";"20:30:00";"SP";116;"311";"SAO LOURENCO DA SERRA";"Outras";"Saída de Pista";"Sem Vítimas";"Plena noite";"Decrescente";"Ceu Claro";"Dupla";"Reta";"Rural";1;0;0;0;1;0;0;1
83517423;"19/11/16";"Sábado";"01:15:00";"PR";369;"3,7";"APUCARANA";"Ingestão de álcool";"Colisão traseira";"Com Vítimas Feridas";"Plena noite";"Decrescente";"Ceu Claro";"Simples";"Reta";"Urbano";3;0;0;1;2;0;1;2
83517424;"19/11/16";"Sábado";"21:40:00";"MG";262;"443";"NOVA SERRANA";"Ingestão de álcool";"Colisão lateral";"Com Vítimas Feridas";"Plena noite";"Crescente";"Ceu Claro";"Dupla";"Curva";"Urbano";7;0;4;1;2;0;5;4
83517425;"20/11/16";"Domingo";"05:40:00";"PR";116;"74";"QUATRO BARRAS";"Dormindo";"Saída de Pista";"Sem Vítimas";"Amanhecer";"Decrescente";"Ceu Claro";"Dupla";"Reta";"Rural";5;0;0;0;5;0;0;1
83517426;"19/11/16";"Sábado";"21:00:00";"AL";416;"33";"COLONIA LEOPOLDINA";"Velocidade incompatível";"Saída de Pista";"Com Vítimas Fatais";"Plena noite";"Crescente";"Ceu Claro";"Simples";"Curva";"Rural";2;2;0;0;0;0;0;1
83517427;"20/11/16";"Domingo";"05:50:00";"PR";376;"176,3";"MARINGA";"Ingestão de álcool";"Colisão traseira";"Com Vítimas Feridas";"Amanhecer";"Decrescente";"Ceu Claro";"Dupla";"Cruzamento";"Urbano";2;0;1;0;1;0;1;2
83517428;"19/11/16";"Sábado";"16:15:00";"PR";116;"112,7";"CURITIBA";"Defeito mecânico em veículo";"Queda de motocicleta / bicicleta / veículo";"Com Vítimas Feridas";"Pleno dia";"Decrescente";"Ceu Claro";"Dupla";"Reta";"Urbano";2;0;2;0;0;0;2;1
83517429;"19/11/16";"Sábado";"21:00:00";"PB";101;"96,3";"ALHANDRA";"Velocidade incompatível";"Capotamento";"Ignorado";"Plena noite";"Crescente";"Ceu Claro";"Dupla";"Reta";"Rural";1;0;0;0;0;1;0;1
83517430;"19/11/16";"Sábado";"20:45:00";"MG";381;"450";"SABARA";"Ingestão de álcool";"Queda de motocicleta / bicicleta / veículo";"Com Vítimas Feridas";"Plena noite";"Decrescente";"Ceu Claro";"Simples";"Reta";"Urbano";1;0;0;1;0;0;1;1
83517431;"20/11/16";"Domingo";"05:20:00";"GO";452;"9";"RIO VERDE";"Ingestão de álcool";"Colisão frontal";"Com Vítimas Feridas";"Plena noite";"Crescente";"Ceu Claro";"Simples";"Reta";"Rural";5;0;2;0;3;0;2;2
83517432;"20/11/16";"Domingo";"05:30:00";"BA";110;"1";"PAULO AFONSO";"Outras";"Capotamento";"Com Vítimas Feridas";"Amanhecer";"Decrescente";"Nublado";"Simples";"Cruzamento";"Urbano";2;0;1;1;0;0;2;1
83517433;"20/11/16";"Domingo";"06:00:00";"SC";163;"110,1";"GUARUJA DO SUL";"Dormindo";"Colisão lateral";"Sem Vítimas";"Amanhecer";"Decrescente";"Ceu Claro";"Simples";"Curva";"Urbano";2;0;0;0;2;0;0;2
83517434;"16/11/16";"Quarta";"17:30:00";"SC";282;"21";"SANTO AMARO DA IMPERATRIZ";"Falta de atenção";"Colisão lateral";"Com Vítimas Feridas";"Pleno dia";"Crescente";"Chuva";"Simples";"Curva";"Urbano";2;0;1;0;1;0;1;2
83517435;"20/11/16";"Domingo";"04:15:00";"RJ";40;"113";"DUQUE DE CAXIAS";"Outras";"Capotamento";"Sem Vítimas";"Plena noite";"Decrescente";"Nublado";"Múltipla";"Reta";"Urbano";1;0;0;0;1;0;0;1
83517436;"19/11/16";"Sábado";"23:10:00";"PR";376;"644";"TIJUCAS DO SUL";"Outras";"Queda de motocicleta / bicicleta / veículo";"Com Vítimas Feridas";"Plena noite";"Decrescente";"Ceu Claro";"Dupla";"Reta";"Rural";1;0;1;0;0;0;1;1
83517437;"18/11/16";"Sexta";"18:00:00";"GO";364;"235,5";"JATAI";"Outras";"Tombamento";"Com Vítimas Feridas";"Anoitecer";"Decrescente";"Ceu Claro";"Dupla";"Reta";"Rural";4;0;3;1;0;0;4;1
83517438;"16/11/16";"Quarta";"17:10:00";"SC";282;"50";"AGUAS MORNAS";"Velocidade incompatível";"Capotamento";"Com Vítimas Feridas";"Pleno dia";"Crescente";"Chuva";"Simples";"Curva";"Rural";2;0;2;0;0;0;2;1
83517439;"20/11/16";"Domingo";"06:30:00";"PR";277;"347,2";"GUARAPUAVA";"Ultrapassagem indevida";"Capotamento";"Ignorado";"Amanhecer";"Decrescente";"Ceu Claro";"Simples";"Reta";"Rural";1;0;0;0;0;1;0;1
83517440;"20/11/16";"Domingo";"01:30:00";"SP";116;"275,8";"TABOAO DA SERRA";"Velocidade incompatível";"Atropelamento de pessoa";"Com Vítimas Fatais";"Plena noite";"Decrescente";"Ceu Claro";"Dupla";"Curva";"Rural";2;2;0;0;0;0;0;1
83517441;"20/11/16";"Domingo";"05:20:00";"PE";424;"93";"GARANHUNS";"Ingestão de álcool";"Colisão Transversal";"Com Vítimas Fatais";"Pleno dia";"Decrescente";"Ceu Claro";"Simples";"Cruzamento";"Urbano";2;1;0;0;1;0;0;2
83517442;"20/11/16";"Domingo";"07:10:00";"PR";277;"588";"CASCAVEL";"Falta de atenção";"Colisão Transversal";"Sem Vítimas";"Pleno dia";"Crescente";"Sol";"Simples";"Reta";"Urbano";3;0;0;0;3;0;0;2
83517443;"18/11/16";"Sexta";"23:20:00";"GO";364;"386,9";"SANTA RITA DO ARAGUAIA";"Falta de atenção";"Colisão Transversal";"Com Vítimas Feridas";"Plena noite";"Crescente";"Ceu Claro";"Dupla";"Reta";"Urbano";2;0;0;1;1;0;1;2
83517444;"12/11/16";"Sábado";"22:05:00";"PR";476;"140,8";"CURITIBA";"Falta de atenção";"Atropelamento de pessoa";"Sem Vítimas";"Plena noite";"Crescente";"Ceu Claro";"Dupla";"Reta";"Rural";2;0;0;0;1;1;0;1
83517445;"15/11/16";"Terça";"10:30:00";"SP";116;"402";"MIRACATU";"Outras";"Tombamento";"Com Vítimas Feridas";"Pleno dia";"Crescente";"Ceu Claro";"Dupla";"Reta";"Rural";1;0;1;0;0;0;1;1
83517446;"18/11/16";"Sexta";"21:00:00";"MG";354;"732";"POUSO ALTO";"Velocidade incompatível";"Saída de Pista";"Sem Vítimas";"Plena noite";"Crescente";"Nublado";"Simples";"Curva";"Rural";1;0;0;0;1;0;0;1
83517447;"16/11/16";"Quarta";"17:10:00";"SC";163;"67,7";"SAO MIGUEL DOESTE";"Não guardar distância de segurança";"Colisão lateral";"Sem Vítimas";"Pleno dia";"Crescente";"Ceu Claro";"Dupla";"Reta";"Urbano";2;0;0;0;2;0;0;2
83517448;"17/11/16";"Quinta";"00:02:00";"MG";381;"510";"SAO JOAQUIM DE BICAS";"Defeito mecânico em veículo";"Colisão com objeto fixo";"Sem Vítimas";"Plena noite";"Crescente";"Nublado";"Dupla";"Reta";"Urbano";2;0;0;0;1;1;0;2
83517449;"18/10/16";"Terça";"18:45:00";"CE";20;"431,2";"FORTALEZA";"Falta de atenção";"Colisão lateral";"Sem Vítimas";"Plena noite";"Decrescente";"Ceu Claro";"Dupla";"Reta";"Rural";2;0;0;0;1;1;0;2
83517450;"08/11/16";"Terça";"07:30:00";"CE";116;"451,2";"BARRO";"Ultrapassagem indevida";"Colisão lateral";"Com Vítimas Feridas";"Pleno dia";"Decrescente";"Ceu Claro";"Simples";"Reta";"Rural";2;0;2;0;0;0;2;2
83517452;"16/11/16";"Quarta";"18:15:00";"PR";277;"587";"CASCAVEL";"Desobediência à sinalização";"Colisão lateral";"Com Vítimas Feridas";"Anoitecer";"Crescente";"Ceu Claro";"Simples";"Reta";"Urbano";3;0;1;0;2;0;1;2
83517453;"19/11/16";"Sábado";"02:00:00";"PR";476;"299,8";"SAO MATEUS DO SUL";"Dormindo";"Saída de Pista";"Sem Vítimas";"Plena noite";"Crescente";"Ceu Claro";"Simples";"Reta";"Rural";2;0;0;0;2;0;0;1
83517454;"20/11/16";"Domingo";"04:40:00";"BA";242;"535";"OLIVEIRA DOS BREJINHOS";"Defeito mecânico em veículo";"Saída de Pista";"Sem Vítimas";"Amanhecer";"Crescente";"Nublado";"Simples";"Reta";"Rural";4;0;0;0;4;0;0;3
83517455;"15/11/16";"Terça";"21:50:00";"DF";70;"19,8";"BRASILIA";"Outras";"Capotamento";"Com Vítimas Feridas";"Plena noite";"Crescente";"Nublado";"Dupla";"Reta";"Rural";1;0;1;0;0;0;1;1
83517456;"17/11/16";"Quinta";"06:30:00";"RJ";101;"407,5";"ITAGUAI";"Falta de atenção";"Colisão Transversal";"Com Vítimas Fatais";"Amanhecer";"Decrescente";"Chuva";"Dupla";"Reta";"Urbano";3;1;0;1;1;0;1;2
83517457;"12/11/16";"Sábado";"23:45:00";"SC";101;"370";"ICARA";"Ingestão de álcool";"Capotamento";"Com Vítimas Feridas";"Plena noite";"Decrescente";"Ceu Claro";"Dupla";"Reta";"Urbano";1;0;1;0;0;0;1;1
83517458;"20/11/16";"Domingo";"05:40:00";"CE";222;"2,7";"FORTALEZA";"Falta de atenção";"Colisão lateral";"Sem Vítimas";"Pleno dia";"Crescente";"Sol";"Múltipla";"Reta";"Urbano";2;0;0;0;2;0;0;2
83517459;"20/11/16";"Domingo";"08:38:00";"RS";392;"257";"CACAPAVA DO SUL";"Velocidade incompatível";"Saída de Pista";"Com Vítimas Feridas";"Pleno dia";"Decrescente";"Sol";"Simples";"Curva";"Urbano";6;0;3;1;2;0;4;1
83517460;"16/11/16";"Quarta";"14:30:00";"RJ";116;"229,6";"PIRAI";"Outras";"Capotamento";"Sem Vítimas";"Pleno dia";"Decrescente";"Chuva";"Dupla";"Curva";"Rural";1;0;0;0;1;0;0;1
83517461;"18/11/16";"Sexta";"05:00:00";"MS";163;"437,5";"CAMPO GRANDE";"Falta de atenção";"Atropelamento de pessoa";"Com Vítimas Feridas";"Amanhecer";"Crescente";"Ceu Claro";"Simples";"Reta";"Rural";2;0;1;0;0;1;1;1
83517462;"20/11/16";"Domingo";"05:00:00";"PB";230;"45,3";"SANTA RITA";"Outras";"Saída de Pista";"Ignorado";"Amanhecer";"Decrescente";"Ceu Claro";"Dupla";"Reta";"Rural";1;0;0;0;0;1;0;1
83517463;"15/11/16";"Terça";"15:00:00";"MS";60;"480,8";"MARACAJU";"Falta de atenção";"Saída de Pista";"Com Vítimas Feridas";"Pleno dia";"Decrescente";"Ceu Claro";"Simples";"Curva";"Rural";4;0;4;0;0;0;4;1
83517464;"17/09/16";"Sábado";"03:00:00";"BA";116;"46";"CHORROCHO";"Outras";"Saída de Pista";"Ignorado";"Plena noite";"Crescente";"Ceu Claro";"Simples";"Reta";"Rural";1;0;0;0;0;1;0;1
83517465;"20/11/16";"Domingo";"09:35:00";"RS";285;"429,1";"PANAMBI";"Falta de atenção";"Colisão Transversal";"Sem Vítimas";"Pleno dia";"Decrescente";"Sol";"Simples";"Reta";"Rural";2;0;0;0;2;0;0;2
83517466;"12/11/16";"Sábado";"17:45:00";"MG";40;"468,5";"SETE LAGOAS";"Outras";"Tombamento";"Sem Vítimas";"Pleno dia";"Decrescente";"Chuva";"Dupla";"Reta";"Rural";1;0;0;0;1;0;0;1
83517467;"17/11/16";"Quinta";"01:40:00";"MG";381;"497";"BETIM";"Falta de atenção";"Capotamento";"Sem Vítimas";"Plena noite";"Crescente";"Chuva";"Simples";"Curva";"Urbano";1;0;0;0;1;0;0;1
83517468;"13/11/16";"Domingo";"23:00:00";"CE";403;"23";"ACARAU";"Ingestão de álcool";"Colisão frontal";"Com Vítimas Feridas";"Plena noite";"Decrescente";"Ceu Claro";"Simples";"Reta";"Urbano";4;0;1;0;3;0;1;2
83517469;"17/11/16";"Quinta";"08:30:00";"RJ";116;"138,9";"DUQUE DE CAXIAS";"Outras";"Colisão traseira";"Com Vítimas Feridas";"Pleno dia";"Crescente";"Ceu Claro";"Dupla";"Reta";"Urbano";2;0;1;0;1;0;1;2
83517470;"17/11/16";"Quinta";"07:20:00";"SC";163;"68";"SAO MIGUEL DOESTE";"Desobediência à sinalização";"Colisão Transversal";"Com Vítimas Feridas";"Pleno dia";"Decrescente";"Ceu Claro";"Simples";"Reta";"Urbano";5;0;1;1;3;0;2;2
83517471;"15/11/16";"Terça";"13:20:00";"GO";60;"74,7";"ANAPOLIS";"Ingestão de álcool";"Saída de Pista";"Com Vítimas Feridas";"Pleno dia";"Crescente";"Ceu Claro";"Dupla";"Reta";"Rural";2;0;2;0;0;0;2;1
83517472;"20/11/16";"Domingo";"08:30:00";"RJ";393;"170,6";"SAPUCAIA";"Dormindo";"Capotamento";"Com Vítimas Feridas";"Pleno dia";"Decrescente";"Sol";"Simples";"Curva";"Rural";3;0;3;0;0;0;3;1
83517473;"09/09/16";"Sexta";"15:30:00";"PA";230;"643";"ALTAMIRA";"Outras";"Saída de Pista";"Com Vítimas Fatais";"Pleno dia";"Decrescente";"Ceu Claro";"Simples";"Curva";"Rural";1;1;0;0;0;0;0;1
83517474;"16/11/16";"Quarta";"19:05:00";"RS";116;"408";"CAMAQUA";"Defeito mecânico em veículo";"Saída de Pista";"Com Vítimas Feridas";"Pleno dia";"Crescente";"Chuva";"Simples";"Reta";"Rural";2;0;1;1;0;0;2;1
83517475;"07/08/16";"Domingo";"18:50:00";"BA";101;"507";"ITABUNA";"Outras";"Colisão com objeto móvel";"Com Vítimas Feridas";"Plena noite";"Decrescente";"Ceu Claro";"Simples";"Reta";"Urbano";2;0;0;1;0;1;1;1
83517476;"13/11/16";"Domingo";"02:30:00";"PE";232;"104,8";"BEZERROS";"Dormindo";"Saída de Pista";"Com Vítimas Feridas";"Amanhecer";"Decrescente";"Nublado";"Dupla";"Reta";"Rural";1;0;1;0;0;0;1;1
83517477;"16/11/16";"Quarta";"18:35:00";"ES";101;"270,8";"SERRA";"Falta de atenção";"Colisão lateral";"Com Vítimas Feridas";"Anoitecer";"Crescente";"Ignorada";"Múltipla";"Cruzamento";"Urbano";2;0;1;0;1;0;1;2
83517479;"20/11/16";"Domingo";"05:40:00";"ES";259;"101,1";"BAIXO GUANDU";"Falta de atenção";"Colisão com objeto fixo";"Ignorado";"Amanhecer";"Decrescente";"Ceu Claro";"Simples";"Reta";"Urbano";1;0;0;0;0;1;0;1
83517480;"20/11/16";"Domingo";"04:30:00";"SP";116;"195,4";"ARUJA";"Velocidade incompatível";"Colisão traseira";"Com Vítimas Fatais";"Plena noite";"Crescente";"Nublado";"Dupla";"Reta";"Urbano";8;1;3;0;4;0;3;2
83517481;"12/11/16";"Sábado";"13:30:00";"TO";153;"380";"RIO DOS BOIS";"Outras";"Saída de Pista";"Com Vítimas Feridas";"Pleno dia";"Crescente";"Chuva";"Simples";"Reta";"Rural";1;0;1;0;0;0;1;1
83517482;"20/11/16";"Domingo";"10:10:00";"MG";381;"521";"BRUMADINHO";"Falta de atenção";"Saída de Pista";"Sem Vítimas";"Pleno dia";"Crescente";"Ceu Claro";"Dupla";"Curva";"Rural";1;0;0;0;1;0;0;1
83517483;"20/11/16";"Domingo";"06:20:00";"PE";232;"320";"SERTANIA";"Dormindo";"Colisão lateral";"Com Vítimas Fatais";"Pleno dia";"Crescente";"Ceu Claro";"Simples";"Reta";"Rural";2;1;0;0;1;0;0;2
83517484;"20/11/16";"Domingo";"08:40:00";"MA";222;"656";"ACAILANDIA";"Velocidade incompatível";"Saída de Pista";"Com Vítimas Feridas";"Pleno dia";"Decrescente";"Nublado";"Simples";"Reta";"Urbano";5;0;5;0;0;0;5;1
83517485;"16/11/16";"Quarta";"09:00:00";"MG";262;"462,6";"ARAUJOS";"Falta de atenção";"Colisão Transversal";"Com Vítimas Feridas";"Pleno dia";"Decrescente";"Sol";"Simples";"Reta";"Rural";5;0;2;1;2;0;3;2
83517486;"20/11/16";"Domingo";"07:30:00";"SC";158;"147,1";"PALMITOS";"Ingestão de álcool";"Colisão com objeto fixo";"Com Vítimas Fatais";"Pleno dia";"Decrescente";"Ceu Claro";"Simples";"Reta";"Rural";1;1;0;0;0;0;0;1
83517487;"20/11/16";"Domingo";"07:30:00";"PR";376;"153";"MANDAGUACU";"Falta de atenção";"Saída de Pista";"Com Vítimas Feridas";"Amanhecer";"Crescente";"Ceu Claro";"Dupla";"Reta";"Rural";3;0;3;0;0;0;3;1
83517488;"20/11/16";"Domingo";"07:00:00";"BA";101;"935";"MUCURI";"Falta de atenção";"Colisão Transversal";"Com Vítimas Feridas";"Pleno dia";"Crescente";"Nublado";"Simples";"Reta";"Urbano";2;0;0;1;1;0;1;2
83517489;"04/11/16";"Sexta";"22:50:00";"PR";277;"584";"CASCAVEL";"Desobediência à sinalização";"Colisão lateral";"Com Vítimas Feridas";"Plena noite";"Crescente";"Ceu Claro";"Múltipla";"Reta";"Urbano";2;0;1;0;1;0;1;2
83517490;"16/11/16";"Quarta";"07:40:00";"ES";262;"5,5";"CARIACICA";"Desobediência à sinalização";"Colisão Transversal";"Com Vítimas Feridas";"Pleno dia";"Decrescente";"Ceu Claro";"Dupla";"Reta";"Urbano";3;0;2;0;0;1;2;2
83517491;"17/11/16";"Quinta";"01:10:00";"ES";101;"288";"CARIACICA";"Outras";"Atropelamento de pessoa";"Com Vítimas Feridas";"Plena noite";"Decrescente";"Ceu Claro";"Dupla";"Reta";"Urbano";2;0;0;1;0;1;1;1
83517492;"20/11/16";"Domingo";"07:50:00";"RS";290;"720";"URUGUAIANA";"Falta de atenção";"Saída de Pista";"Ignorado";"Pleno dia";"Decrescente";"Nublado";"Simples";"Curva";"Urbano";1;0;0;0;0;1;0;1
83517493;"20/11/16";"Domingo";"08:15:00";"PR";376;"386";"IMBAU";"Defeito mecânico em veículo";"Queda de motocicleta / bicicleta / veículo";"Com Vítimas Feridas";"Pleno dia";"Decrescente";"Ceu Claro";"Simples";"Reta";"Rural";2;0;0;1;1;0;1;1
83517494;"18/11/16";"Sexta";"20:10:00";"RS";116;"52,8";"VACARIA";"Falta de atenção";"Colisão lateral";"Sem Vítimas";"Plena noite";"Crescente";"Ignorada";"Simples";"Reta";"Rural";2;0;0;0;2;0;0;2
83517495;"20/11/16";"Domingo";"08:10:00";"MT";70;"514";"VARZEA GRANDE";"Falta de atenção";"Colisão Transversal";"Com Vítimas Feridas";"Pleno dia";"Crescente";"Ceu Claro";"Simples";"Reta";"Urbano";5;0;0;2;3;0;2;2
83517496;"20/11/16";"Domingo";"08:40:00";"PR";476;"218";"LAPA";"Outras";"Tombamento";"Sem Vítimas";"Pleno dia";"Decrescente";"Ceu Claro";"Simples";"Curva";"Rural";1;0;0;0;1;0;0;1
83517497;"18/11/16";"Sexta";"21:00:00";"MT";163;"797";"SINOP";"Defeito mecânico em veículo";"Saída de Pista";"Sem Vítimas";"Plena noite";"Crescente";"Ceu Claro";"Simples";"Reta";"Rural";5;0;0;0;5;0;0;1
83517498;"16/04/16";"Sábado";"15:00:00";"SC";470;"149,5";"AGRONOMICA";"Falta de atenção";"Colisão lateral";"Com Vítimas Feridas";"Pleno dia";"Decrescente";"Sol";"Simples";"Reta";"Urbano";2;0;1;0;0;1;1;2
83517499;"20/11/16";"Domingo";"07:30:00";"BA";116;"902";"CANDIDO SALES";"Não guardar distância de segurança";"Colisão traseira";"Sem Vítimas";"Pleno dia";"Crescente";"Nublado";"Simples";"Reta";"Rural";2;0;0;0;2;0;0;2
83517500;"20/11/16";"Domingo";"13:05:00";"PR";376;"667";"GUARATUBA";"Velocidade incompatível";"Saída de Pista";"Com Vítimas Feridas";"Pleno dia";"Decrescente";"Ceu Claro";"Dupla";"Curva";"Rural";2;0;0;2;0;0;2;1
83517501;"20/11/16";"Domingo";"11:00:00";"PE";101;"10,3";"CABO DE SANTO AGOSTINHO";"Falta de atenção";"Atropelamento de pessoa";"Com Vítimas Feridas";"Pleno dia";"Decrescente";"Ceu Claro";"Simples";"Reta";"Urbano";2;0;1;0;1;0;1;1
83517502;"17/11/16";"Quinta";"18:20:00";"PB";230;"21,3";"JOAO PESSOA";"Falta de atenção";"Colisão traseira";"Sem Vítimas";"Plena noite";"Decrescente";"Ceu Claro";"Simples";"Reta";"Urbano";4;0;0;0;4;0;0;4
83517503;"20/11/16";"Domingo";"13:15:00";"MG";356;"271,4";"MURIAE";"Não guardar distância de segurança";"Colisão traseira";"Com Vítimas Feridas";"Pleno dia";"Decrescente";"Sol";"Simples";"Curva";"Rural";4;0;2;0;1;1;2;3
83517504;"04/11/16";"Sexta";"13:00:00";"ES";262;"104,2";"VENDA NOVA DO IMIGRANTE";"Falta de atenção";"Colisão com bicicleta";"Com Vítimas Feridas";"Pleno dia";"Crescente";"Sol";"Simples";"Reta";"Urbano";2;0;0;1;1;0;1;2
83517505;"17/11/16";"Quinta";"07:00:00";"RJ";116;"220";"PIRAI";"Outras";"Tombamento";"Sem Vítimas";"Amanhecer";"Crescente";"Nublado";"Simples";"Curva";"Rural";1;0;0;0;1;0;0;1
83517506;"20/11/16";"Domingo";"12:00:00";"PR";476;"129";"CURITIBA";"Falta de atenção";"Colisão traseira";"Sem Vítimas";"Pleno dia";"Crescente";"Ceu Claro";"Múltipla";"Reta";"Urbano";4;0;0;0;4;0;0;4
83517507;"20/11/16";"Domingo";"08:00:00";"PE";116;"32,5";"SALGUEIRO";"Ingestão de álcool";"Saída de Pista";"Ignorado";"Pleno dia";"Decrescente";"Sol";"Simples";"Reta";"Rural";1;0;0;0;0;1;0;1
83517508;"20/11/16";"Domingo";"10:45:00";"SC";280;"131";"RIO NEGRINHO";"Falta de atenção";"Colisão Transversal";"Sem Vítimas";"Pleno dia";"Crescente";"Sol";"Simples";"Reta";"Urbano";2;0;0;0;2;0;0;2
83517509;"20/11/16";"Domingo";"11:00:00";"MS";163;"520,2";"JARAGUARI";"Outras";"Saída de Pista";"Com Vítimas Feridas";"Pleno dia";"Decrescente";"Ceu Claro";"Simples";"Reta";"Rural";2;0;1;0;1;0;1;1
83517510;"14/05/16";"Sábado";"13:00:00";"ES";101;"377";"ICONHA";"Ultrapassagem indevida";"Colisão frontal";"Com Vítimas Feridas";"Pleno dia";"Crescente";"Ceu Claro";"Simples";"Curva";"Urbano";3;0;0;1;2;0;1;2
83517511;"20/11/16";"Domingo";"10:00:00";"MG";381;"934";"EXTREMA";"Velocidade incompatível";"Tombamento";"Com Vítimas Feridas";"Pleno dia";"Decrescente";"Sol";"Dupla";"Curva";"Rural";1;0;1;0;0;0;1;1
83517512;"16/11/16";"Quarta";"04:15:00";"ES";101;"448";"MIMOSO DO SUL";"Outras";"Saída de Pista";"Sem Vítimas";"Plena noite";"Decrescente";"Chuva";"Simples";"Curva";"Rural";1;0;0;0;1;0;0;1
83517513;"12/11/16";"Sábado";"11:00:00";"RO";319;"58,3";"PORTO VELHO";"Falta de atenção";"Colisão traseira";"Sem Vítimas";"Pleno dia";"Decrescente";"Ceu Claro";"Dupla";"Reta";"Urbano";3;0;0;0;3;0;0;3
83517514;"16/11/16";"Quarta";"18:30:00";"GO";40;"16";"LUZIANIA";"Falta de atenção";"Queda de motocicleta / bicicleta / veículo";"Com Vítimas Feridas";"Anoitecer";"Crescente";"Ceu Claro";"Dupla";"Reta";"Urbano";1;0;1;0;0;0;1;1
83517515;"20/11/16";"Domingo";"15:10:00";"RJ";40;"103";"DUQUE DE CAXIAS";"Outras";"Capotamento";"Ignorado";"Pleno dia";"Decrescente";"Ceu Claro";"Múltipla";"Reta";"Urbano";1;0;0;0;0;1;0;1
83517516;"20/11/16";"Domingo";"12:50:00";"ES";101;"142,8";"LINHARES";"Falta de atenção";"Colisão lateral";"Sem Vítimas";"Pleno dia";"Crescente";"Sol";"Dupla";"Reta";"Urbano";7;0;0;0;7;0;0;2
83517517;"31/10/16";"Segunda";"09:40:00";"AL";104;"3";"SAO JOSE DA LAJE";"Outras";"Saída de Pista";"Ignorado";"Pleno dia";"Crescente";"Sol";"Simples";"Reta";"Rural";1;0;0;0;0;1;0;1
83517518;"20/11/16";"Domingo";"10:40:00";"RJ";116;"220";"PIRAI";"Outras";"Tombamento";"Com Vítimas Feridas";"Pleno dia";"Decrescente";"Ceu Claro";"Simples";"Curva";"Rural";4;0;4;0;0;0;4;1
83517519;"20/11/16";"Domingo";"06:59:00";"GO";60;"246";"INDIARA";"Outras";"Colisão com objeto fixo";"Sem Vítimas";"Pleno dia";"Decrescente";"Ceu Claro";"Dupla";"Reta";"Rural";1;0;0;0;1;0;0;1
83517520;"20/11/16";"Domingo";"09:20:00";"SC";101;"328";"CAPIVARI DE BAIXO";"Velocidade incompatível";"Capotamento";"Com Vítimas Feridas";"Pleno dia";"Crescente";"Ceu Claro";"Dupla";"Reta";"Urbano";2;0;1;1;0;0;2;1
83517521;"20/11/16";"Domingo";"11:00:00";"MT";163;"1033";"MATUPA";"Ingestão de álcool";"Saída de Pista";"Sem Vítimas";"Pleno dia";"Decrescente";"Sol";"Simples";"Reta";"Urbano";1;0;0;0;1;0;0;1
83517522;"20/11/16";"Domingo";"09:50:00";"SC";101;"328,3";"CAPIVARI DE BAIXO";"Não guardar distância de segurança";"Colisão traseira";"Sem Vítimas";"Pleno dia";"Crescente";"Ceu Claro";"Dupla";"Reta";"Rural";3;0;0;0;3;0;0;3
83517523;"16/11/16";"Quarta";"11:45:00";"ES";101;"376,5";"ICONHA";"Desobediência à sinalização";"Colisão Transversal";"Com Vítimas Feridas";"Pleno dia";"Crescente";"Ceu Claro";"Simples";"Curva";"Urbano";2;0;1;0;1;0;1;2
83517524;"20/11/16";"Domingo";"14:00:00";"GO";153;"500,5";"GOIANIA";"Outras";"Queda de motocicleta / bicicleta / veículo";"Com Vítimas Feridas";"Pleno dia";"Crescente";"Nublado";"Dupla";"Reta";"Urbano";2;0;0;1;0;1;1;1
83517525;"20/11/16";"Domingo";"10:25:00";"RO";421;"2,8";"ARIQUEMES";"Falta de atenção";"Colisão Transversal";"Com Vítimas Feridas";"Pleno dia";"Decrescente";"Sol";"Simples";"Reta";"Urbano";2;0;1;0;1;0;1;2