"id";"data_inversa";"dia_semana";"horario";"uf";"br";"km";"municipio";"causa_acidente";"tipo_acidente";"classificacao_acidente";"fase_dia";"sentido_via";"condicao_metereologica";"tipo_pista";"tracado_via";"uso_solo";"pessoas";"mortos";"feridos_leves";"feridos_graves";"ilesos";"ignorados";"feridos";"veiculos"
83517634;"21/11/16";"Segunda";"00:35:00";"AL";104;"34,1";"UNIAO DOS PALMARES";"Não guardar distância de segurança";"Colisão traseira";"Sem Vítimas";"Plena noite";"Crescente";"Ceu Claro";"Simples";"Curva";"Urbano";2;0;0;0;1;1;0;2
83517635;"20/11/16";"Domingo";"20:00:00";"BA";242;"708";"CRISTOPOLIS";"Falta de atenção";"Colisão frontal";"Com Vítimas Fatais";"Plena noite";"Crescente";"Nublado";"Simples";"Reta";"Rural";3;2;0;0;0;1;0;2
83517636;"21/11/16";"Segunda";"02:45:00";"SP";116;"509,7";"CAJATI";"Velocidade incompatível";"Colisão com objeto fixo";"Com Vítimas Feridas";"Plena noite";"Decrescente";"Ceu Claro";"Simples";"Curva";"Rural";1;0;0;1;0;0;1;1
83517637;"20/11/16";"Domingo";"22:10:00";"RR";401;"3";"BOA VISTA";"Ingestão de álcool";"Saída de Pista";"Com Vítimas Feridas";"Plena noite";"Crescente";"Ceu Claro";"Simples";"Reta";"Rural";1;0;1;0;0;0;1;1
83517638;"20/11/16";"Domingo";"21:00:00";"MA";222;"674";"ACAILANDIA";"Falta de atenção";"Colisão frontal";"Com Vítimas Feridas";"Plena noite";"Decrescente";"Chuva";"Simples";"Cruzamento";"Urbano";2;0;0;1;1;0;1;2
83517639;"20/11/16";"Domingo";"16:20:00";"RO";364;"499";"ARIQUEMES";"Desobediência à sinalização";"Colisão lateral";"Sem Vítimas";"Pleno dia";"Decrescente";"Ceu Claro";"Simples";"Reta";"Rural";3;0;0;0;3;0;0;3
83517640;"21/11/16";"Segunda";"03:10:00";"SC";282;"1,5";"FLORIANOPOLIS";"Ingestão de álcool";"Colisão frontal";"Com Vítimas Feridas";"Plena noite";"Crescente";"Ceu Claro";"Dupla";"Reta";"Urbano";2;0;1;0;1;0;1;2
83517641;"20/11/16";"Domingo";"15:30:00";"GO";60;"456";"JATAI";"Defeito mecânico em veículo";"Saída de Pista";"Com Vítimas Feridas";"Pleno dia";"Decrescente";"Ceu Claro";"Dupla";"Reta";"Rural";2;0;2;0;0;0;2;1
83517642;"20/11/16";"Domingo";"14:00:00";"DF";60;"28";"BRASILIA";"Outras";"Saída de Pista";"Com Vítimas Feridas";"Pleno dia";"Crescente";"Chuva";"Dupla";"Curva";"Rural";2;0;2;0;0;0;2;1
83517644;"21/11/16";"Segunda";"00:05:00";"RS";116;"259";"CANOAS";"Animais na Pista";"Saída de Pista";"Sem Vítimas";"Plena noite";"Crescente";"Ceu Claro";"Dupla";"Reta";"Urbano";1;0;0;0;1;0;0;1
83517645;"20/11/16";"Domingo";"15:00:00";"BA";324;"592";"CANDEIAS";"Defeito mecânico em veículo";"Queda de motocicleta / bicicleta / veículo";"Com Vítimas Feridas";"Pleno dia";"Crescente";"Chuva";"Dupla";"Reta";"Urbano";2;0;1;0;1;0;1;1
83517646;"20/11/16";"Domingo";"19:10:00";"AP";210;"5";"MACAPA";"Outras";"Colisão com objeto fixo";"Com Vítimas Feridas";"Plena noite";"Decrescente";"Ceu Claro";"Dupla";"Reta";"Rural";2;0;2;0;0;0;2;1
83517647;"21/11/16";"Segunda";"04:15:00";"SC";280;"75,3";"CORUPA";"Outras";"Capotamento";"Sem Vítimas";"Amanhecer";"Decrescente";"Ceu Claro";"Simples";"Curva";"Urbano";1;0;0;0;1;0;0;1
83517648;"21/11/16";"Segunda";"04:50:00";"SC";280;"56,6";"GUARAMIRIM";"Outras";"Colisão Transversal";"Com Vítimas Feridas";"Amanhecer";"Crescente";"Ceu Claro";"Simples";"Reta";"Urbano";2;0;1;0;1;0;1;2
83517649;"20/11/16";"Domingo";"20:30:00";"MG";262;"442,8";"NOVA SERRANA";"Velocidade incompatível";"Colisão com objeto fixo";"Com Vítimas Feridas";"Plena noite";"Crescente";"Vento";"Dupla";"Curva";"Urbano";1;0;0;1;0;0;1;1
83517650;"16/11/16";"Quarta";"14:50:00";"RJ";40;"74";"PETROPOLIS";"Velocidade incompatível";"Capotamento";"Com Vítimas Feridas";"Pleno dia";"Decrescente";"Chuva";"Simples";"Curva";"Urbano";3;0;2;0;1;0;2;1
83517651;"16/11/16";"Quarta";"11:50:00";"RJ";101;"185";"CASIMIRO DE ABREU";"Dormindo";"Colisão traseira";"Sem Vítimas";"Pleno dia";"Crescente";"Nublado";"Simples";"Reta";"Rural";2;0;0;0;2;0;0;2
83517652;"20/11/16";"Domingo";"20:45:00";"SC";282;"522,2";"XAXIM";"Outras";"Queda de motocicleta / bicicleta / veículo";"Com Vítimas Feridas";"Plena noite";"Crescente";"Ceu Claro";"Simples";"Curva";"Urbano";1;0;1;0;0;0;1;1
83517653;"20/11/16";"Domingo";"20:50:00";"SP";116;"185,7";"SANTA ISABEL";"Falta de atenção";"Capotamento";"Com Vítimas Feridas";"Plena noite";"Crescente";"Ceu Claro";"Dupla";"Reta";"Rural";3;0;2;0;1;0;2;1
83517654;"07/11/16";"Segunda";"22:30:00";"SC";101;"195";"BIGUACU";"Ingestão de álcool";"Queda de motocicleta / bicicleta / veículo";"Com Vítimas Feridas";"Plena noite";"Decrescente";"Ignorada";"Dupla";"Reta";"Urbano";1;0;1;0;0;0;1;1
83517655;"20/11/16";"Domingo";"19:40:00";"PR";476;"283";"SAO MATEUS DO SUL";"Outras";"Capotamento";"Com Vítimas Feridas";"Anoitecer";"Decrescente";"Nublado";"Simples";"Reta";"Urbano";1;0;1;0;0;0;1;1
83517656;"19/11/16";"Sábado";"05:00:00";"MG";40;"487";"CAPIM BRANCO";"Dormindo";"Saída de Pista";"Sem Vítimas";"Amanhecer";"Decrescente";"Nublado";"Simples";"Reta";"Rural";1;0;0;0;1;0;0;1
83517657;"20/11/16";"Domingo";"20:30:00";"AL";101;"193,5";"SAO SEBASTIAO";"Defeito na via";"Capotamento";"Sem Vítimas";"Plena noite";"Decrescente";"Ceu Claro";"Dupla";"Curva";"Rural";1;0;0;0;1;0;0;1
83517658;"21/11/16";"Segunda";"06:20:00";"PR";153;"18,8";"JACAREZINHO";"Defeito na via";"Queda de motocicleta / bicicleta / veículo";"Com Vítimas Feridas";"Amanhecer";"Decrescente";"Ceu Claro";"Simples";"Reta";"Urbano";1;0;1;0;0;0;1;1
83517659;"17/11/16";"Quinta";"03:00:00";"MG";381;"718,3";"CARMO DA CACHOEIRA";"Outras";"Capotamento";"Com Vítimas Feridas";"Plena noite";"Decrescente";"Nublado";"Dupla";"Reta";"Rural";1;0;1;0;0;0;1;1
83517660;"18/11/16";"Sexta";"17:30:00";"GO";153;"543,1";"HIDROLANDIA";"Outras";"Saída de Pista";"Sem Vítimas";"Pleno dia";"Decrescente";"Chuva";"Dupla";"Reta";"Rural";1;0;0;0;1;0;0;1
83517661;"14/11/16";"Segunda";"17:40:00";"MG";116;"686,2";"MURIAE";"Velocidade incompatível";"Saída de Pista";"Sem Vítimas";"Pleno dia";"Decrescente";"Chuva";"Simples";"Curva";"Rural";1;0;0;0;1;0;0;1
83517662;"21/11/16";"Segunda";"02:00:00";"MT";163;"636";"NOVA MUTUM";"Defeito mecânico em veículo";"Saída de Pista";"Sem Vítimas";"Plena noite";"Crescente";"Chuva";"Simples";"Reta";"Rural";1;0;0;0;1;0;0;1
83517663;"12/11/16";"Sábado";"15:15:00";"MG";365;"63,5";"JEQUITAI";"Velocidade incompatível";"Saída de Pista";"Sem Vítimas";"Pleno dia";"Crescente";"Chuva";"Simples";"Curva";"Rural";1;0;0;0;1;0;0;1
83517664;"21/11/16";"Segunda";"04:40:00";"MS";163;"455,4";"CAMPO GRANDE";"Falta de atenção";"Colisão lateral";"Com Vítimas Feridas";"Amanhecer";"Crescente";"Ceu Claro";"Simples";"Reta";"Rural";5;0;2;1;2;0;3;4
83517665;"18/11/16";"Sexta";"20:00:00";"GO";153;"510";"APARECIDA DE GOIANIA";"Desobediência à sinalização";"Colisão lateral";"Com Vítimas Fatais";"Plena noite";"Crescente";"Chuva";"Dupla";"Reta";"Urbano";3;1;0;0;2;0;0;2
83517666;"19/11/16";"Sábado";"01:20:00";"MG";135;"440,6";"ENGENHEIRO NAVARRO";"Velocidade incompatível";"Saída de Pista";"Com Vítimas Feridas";"Plena noite";"Decrescente";"Chuva";"Simples";"Reta";"Rural";2;0;1;0;1;0;1;1
83517667;"17/11/16";"Quinta";"02:00:00";"SP";116;"167";"JACAREI";"Outras";"Colisão lateral";"Sem Vítimas";"Plena noite";"Decrescente";"Chuva";"Dupla";"Reta";"Rural";2;0;0;0;2;0;0;2
83517668;"21/11/16";"Segunda";"08:30:00";"PR";277;"729";"FOZ DO IGUACU";"Falta de atenção";"Atropelamento de pessoa";"Com Vítimas Feridas";"Pleno dia";"Decrescente";"Ceu Claro";"Dupla";"Reta";"Urbano";2;0;1;0;1;0;1;1
83517669;"19/11/16";"Sábado";"11:10:00";"MA";316;"303";"PIO XII";"Outras";"Colisão com objeto fixo";"Sem Vítimas";"Plena noite";"Decrescente";"Ceu Claro";"Dupla";"Reta";"Urbano";1;0;0;0;1;0;0;1
83517670;"16/11/16";"Quarta";"13:30:00";"PR";476;"117,5";"COLOMBO";"Desobediência à sinalização";"Capotamento";"Sem Vítimas";"Pleno dia";"Crescente";"Nublado";"Dupla";"Reta";"Urbano";4;0;0;0;4;0;0;4
83517671;"18/11/16";"Sexta";"15:30:00";"MG";381;"477";"CONTAGEM";"Falta de atenção";"Colisão frontal";"Sem Vítimas";"Pleno dia";"Crescente";"Ceu Claro";"Simples";"Cruzamento";"Urbano";2;0;0;0;2;0;0;2
83517672;"17/11/16";"Quinta";"23:00:00";"MS";158;"132";"APARECIDA DO TABOADO";"Outras";"Saída de Pista";"Ignorado";"Plena noite";"Decrescente";"Chuva";"Simples";"Reta";"Rural";1;0;0;0;0;1;0;1
83517673;"03/09/16";"Sábado";"15:59:00";"PR";376;"624";"SAO JOSE DOS PINHAIS";"Outras";"Colisão lateral";"Com Vítimas Feridas";"Pleno dia";"Decrescente";"Ceu Claro";"Dupla";"Reta";"Urbano";2;0;1;0;0;1;1;2
83517674;"21/11/16";"Segunda";"07:05:00";"PR";369;"159,4";"CAMBE";"Velocidade incompatível";"Colisão traseira";"Com Vítimas Feridas";"Pleno dia";"Decrescente";"Ceu Claro";"Dupla";"Reta";"Urbano";3;0;2;0;1;0;2;3
83517675;"19/11/16";"Sábado";"22:21:00";"SC";101;"201";"SAO JOSE";"Outras";"Queda de motocicleta / bicicleta / veículo";"Sem Vítimas";"Plena noite";"Crescente";"Ceu Claro";"Dupla";"Reta";"Urbano";1;0;0;0;1;0;0;1
83517676;"18/11/16";"Sexta";"06:20:00";"AL";101;"133";"SAO MIGUEL DOS CAMPOS";"Outras";"Colisão traseira";"Com Vítimas Feridas";"Pleno dia";"Decrescente";"Ceu Claro";"Dupla";"Reta";"Rural";5;0;4;0;1;0;4;2
83517677;"17/11/16";"Quinta";"10:50:00";"MG";116;"546,5";"SANTA BARBARA DO LESTE";"Dormindo";"Colisão com objeto fixo";"Com Vítimas Feridas";"Pleno dia";"Crescente";"Nublado";"Simples";"Curva";"Rural";2;0;0;2;0;0;2;1
83517678;"18/11/16";"Sexta";"06:15:00";"RS";471;"144,5";"SANTA CRUZ DO SUL";"Dormindo";"Saída de Pista";"Com Vítimas Feridas";"Amanhecer";"Crescente";"Nublado";"Simples";"Reta";"Urbano";1;0;1;0;0;0;1;1
83517679;"21/11/16";"Segunda";"09:18:00";"PR";277;"14,3";"PARANAGUA";"Defeito mecânico em veículo";"Queda de motocicleta / bicicleta / veículo";"Com Vítimas Feridas";"Pleno dia";"Decrescente";"Sol";"Dupla";"Reta";"Rural";1;0;1;0;0;0;1;1
83517680;"18/11/16";"Sexta";"20:50:00";"SC";282;"493,5";"XANXERE";"Ultrapassagem indevida";"Colisão frontal";"Com Vítimas Fatais";"Plena noite";"Decrescente";"Ceu Claro";"Simples";"Reta";"Rural";4;1;3;0;0;0;3;3
83517681;"21/11/16";"Segunda";"08:20:00";"MG";381;"491,8";"BETIM";"Velocidade incompatível";"Colisão lateral";"Com Vítimas Feridas";"Pleno dia";"Crescente";"Nublado";"Múltipla";"Reta";"Urbano";2;0;1;0;1;0;1;2
83517682;"21/11/16";"Segunda";"07:10:00";"GO";60;"6";"SANTO ANTONIO DE GOIAS";"Outras";"Capotamento";"Sem Vítimas";"Pleno dia";"Decrescente";"Chuva";"Dupla";"Curva";"Rural";1;0;0;0;1;0;0;1
83517683;"17/11/16";"Quinta";"21:00:00";"GO";364;"130";"APARECIDA DO RIO DOCE";"Ingestão de álcool";"Colisão traseira";"Com Vítimas Feridas";"Plena noite";"Crescente";"Nublado";"Simples";"Reta";"Rural";5;0;2;2;1;0;4;2
83517684;"13/11/16";"Domingo";"09:20:00";"MG";153;"25,8";"CENTRALINA";"Outras";"Saída de Pista";"Com Vítimas Feridas";"Pleno dia";"Decrescente";"Chuva";"Dupla";"Reta";"Rural";4;0;4;0;0;0;4;1
83517685;"17/11/16";"Quinta";"23:00:00";"MG";381;"842,2";"SAO SEBASTIAO DA BELA VISTA";"Dormindo";"Saída de Pista";"Com Vítimas Feridas";"Plena noite";"Decrescente";"Chuva";"Dupla";"Reta";"Urbano";2;0;0;1;1;0;1;1
83517686;"21/11/16";"Segunda";"07:30:00";"MG";381;"492,5";"BETIM";"Desobediência à sinalização";"Colisão traseira";"Com Vítimas Feridas";"Pleno dia";"Decrescente";"Nublado";"Dupla";"Reta";"Urbano";2;0;1;0;1;0;1;2
83517687;"18/11/16";"Sexta";"01:00:00";"RJ";101;"10,5";"CAMPOS DOS GOYTACAZES";"Dormindo";"Saída de Pista";"Sem Vítimas";"Plena noite";"Crescente";"Vento";"Simples";"Reta";"Rural";2;0;0;0;2;0;0;1
83517688;"18/11/16";"Sexta";"00:00:00";"PA";316;"5";"ANANINDEUA";"Falta de atenção";"Atropelamento de pessoa";"Com Vítimas Fatais";"Plena noite";"Decrescente";"Ignorada";"Dupla";"Reta";"Urbano";2;1;0;0;1;0;0;1
83517689;"18/11/16";"Sexta";"06:30:00";"RJ";116;"181";"NOVA IGUACU";"Falta de atenção";"Colisão traseira";"Sem Vítimas";"Amanhecer";"Decrescente";"Ceu Claro";"Múltipla";"Reta";"Urbano";6;0;0;0;6;0;0;6
83517690;"24/09/16";"Sábado";"19:52:00";"SC";280;"59";"GUARAMIRIM";"Falta de atenção";"Atropelamento de pessoa";"Com Vítimas Feridas";"Plena noite";"Crescente";"Chuva";"Simples";"Reta";"Urbano";2;0;0;1;1;0;1;1
83517691;"09/07/16";"Sábado";"03:30:00";"MG";116;"189";"CATUJI";"Outras";"Saída de Pista";"Sem Vítimas";"Plena noite";"Decrescente";"Ceu Claro";"Simples";"Curva";"Rural";1;0;0;0;1;0;0;1
83517692;"18/11/16";"Sexta";"06:15:00";"RO";364;"402";"JARU";"Dormindo";"Colisão frontal";"Com Vítimas Feridas";"Amanhecer";"Decrescente";"Nublado";"Simples";"Reta";"Rural";4;0;2;1;1;0;3;2
83517693;"21/11/16";"Segunda";"07:30:00";"PR";376;"178";"MARINGA";"Falta de atenção";"Colisão lateral";"Com Vítimas Feridas";"Pleno dia";"Decrescente";"Sol";"Dupla";"Reta";"Urbano";2;0;0;1;1;0;1;2
83517694;"17/11/16";"Quinta";"12:00:00";"RO";364;"227";"CACOAL";"Falta de atenção";"Saída de Pista";"Com Vítimas Feridas";"Pleno dia";"Crescente";"Nublado";"Simples";"Reta";"Rural";1;0;0;1;0;0;1;1
83517695;"21/11/16";"Segunda";"07:40:00";"SC";282;"619,5";"IRACEMINHA";"Defeito na via";"Colisão traseira";"Sem Vítimas";"Pleno dia";"Decrescente";"Ceu Claro";"Simples";"Reta";"Rural";2;0;0;0;2;0;0;2
83517696;"18/11/16";"Sexta";"03:50:00";"PA";230;"111";"MARABA";"Ingestão de álcool";"Colisão frontal";"Com Vítimas Feridas";"Plena noite";"Decrescente";"Ceu Claro";"Simples";"Reta";"Rural";2;0;1;0;1;0;1;2
83517697;"18/11/16";"Sexta";"04:00:00";"RJ";101;"320";"NITEROI";"Velocidade incompatível";"Colisão com objeto fixo";"Com Vítimas Fatais";"Plena noite";"Decrescente";"Chuva";"Dupla";"Reta";"Urbano";5;1;1;2;1;0;3;2
83517698;"21/11/16";"Segunda";"07:00:00";"PI";316;"26";"DEMERVAL LOBAO";"Falta de atenção";"Colisão Transversal";"Com Vítimas Feridas";"Pleno dia";"Decrescente";"Ceu Claro";"Simples";"Reta";"Rural";2;0;0;1;1;0;1;2
83517699;"21/11/16";"Segunda";"09:20:00";"PE";101;"67";"RECIFE";"Falta de atenção";"Colisão traseira";"Sem Vítimas";"Pleno dia";"Crescente";"Sol";"Dupla";"Reta";"Urbano";2;0;0;0;2;0;0;2
83517700;"19/08/16";"Sexta";"09:30:00";"MG";381;"867,1";"POUSO ALEGRE";"Outras";"Capotamento";"Com Vítimas Feridas";"Pleno dia";"Crescente";"Sol";"Dupla";"Reta";"Rural";2;0;1;1;0;0;2;1
83517701;"21/11/16";"Segunda";"09:15:00";"RJ";393;"287";"VOLTA REDONDA";"Outras";"Atropelamento de pessoa";"Com Vítimas Feridas";"Pleno dia";"Decrescente";"Ceu Claro";"Dupla";"Reta";"Urbano";2;0;1;0;1;0;1;1
83517702;"21/11/16";"Segunda";"08:10:00";"MG";146;"547";"POCOS DE CALDAS";"Outras";"Saída de Pista";"Sem Vítimas";"Pleno dia";"Decrescente";"Ceu Claro";"Simples";"Curva";"Rural";1;0;0;0;1;0;0;1
83517703;"28/08/16";"Domingo";"22:45:00";"SC";282;"24,4";"SANTO AMARO DA IMPERATRIZ";"Ingestão de álcool";"Colisão frontal";"Com Vítimas Fatais";"Plena noite";"Decrescente";"Ceu Claro";"Simples";"Reta";"Urbano";8;1;3;2;2;0;5;2
83517704;"13/11/16";"Domingo";"05:50:00";"MG";381;"361";"JOAO MONLEVADE";"Outras";"Saída de Pista";"Sem Vítimas";"Amanhecer";"Decrescente";"Chuva";"Simples";"Curva";"Rural";1;0;0;0;1;0;0;1
83517705;"21/11/16";"Segunda";"10:30:00";"RJ";40;"124";"DUQUE DE CAXIAS";"Outras";"Queda de motocicleta / bicicleta / veículo";"Com Vítimas Feridas";"Pleno dia";"Crescente";"Sol";"Dupla";"Reta";"Urbano";3;0;1;0;0;2;1;3
83517706;"21/11/16";"Segunda";"11:00:00";"RS";290;"103,4";"ELDORADO DO SUL";"Outras";"Colisão traseira";"Com Vítimas Feridas";"Pleno dia";"Decrescente";"Sol";"Dupla";"Reta";"Urbano";4;0;1;0;3;0;1;4
83517707;"17/11/16";"Quinta";"06:15:00";"RN";427;"53";"JARDIM DO SERIDO";"Falta de atenção";"Atropelamento de pessoa";"Com Vítimas Feridas";"Pleno dia";"Crescente";"Ceu Claro";"Simples";"Reta";"Rural";2;0;0;1;0;1;1;1
83517708;"19/11/16";"Sábado";"16:00:00";"MT";163;"667";"LUCAS DO RIO VERDE";"Dormindo";"Saída de Pista";"Com Vítimas Feridas";"Pleno dia";"Crescente";"Ceu Claro";"Simples";"Reta";"Rural";4;0;2;0;2;0;2;1
83517709;"17/11/16";"Quinta";"17:50:00";"SP";116;"196";"ARUJA";"Velocidade incompatível";"Colisão traseira";"Com Vítimas Feridas";"Pleno dia";"Decrescente";"Nublado";"Dupla";"Reta";"Rural";7;0;0;2;5;0;2;6
83517710;"24/10/16";"Segunda";"12:25:00";"MS";60;"169";"CAMAPUA";"Dormindo";"Saída de Pista";"Com Vítimas Feridas";"Pleno dia";"Crescente";"Ignorada";"Simples";"Reta";"Rural";1;0;1;0;0;0;1;1
83517711;"21/11/16";"Segunda";"05:30:00";"MT";364;"486";"JANGADA";"Outras";"Saída de Pista";"Sem Vítimas";"Amanhecer";"Crescente";"Chuva";"Simples";"Curva";"Rural";1;0;0;0;1;0;0;1
83517712;"21/11/16";"Segunda";"09:00:00";"SP";116;"467,9";"JACUPIRANGA";"Falta de atenção";"Capotamento";"Com Vítimas Feridas";"Pleno dia";"Decrescente";"Sol";"Dupla";"Reta";"Rural";1;0;1;0;0;0;1;1
83517713;"21/11/16";"Segunda";"08:45:00";"MG";40;"681,5";"RESSAQUINHA";"Falta de atenção";"Saída de Pista";"Sem Vítimas";"Pleno dia";"Decrescente";"Nublado";"Simples";"Curva";"Urbano";1;0;0;0;1;0;0;1
83517714;"21/11/16";"Segunda";"08:00:00";"CE";222;"3,2";"FORTALEZA";"Falta de atenção";"Colisão traseira";"Sem Vítimas";"Pleno dia";"Crescente";"Sol";"Múltipla";"Reta";"Urbano";2;0;0;0;2;0;0;2
83517715;"18/11/16";"Sexta";"05:35:00";"TO";153;"334";"GUARAI";"Falta de atenção";"Saída de Pista";"Com Vítimas Feridas";"Amanhecer";"Crescente";"Chuva";"Simples";"Reta";"Rural";2;0;2;0;0;0;2;1
83517716;"21/11/16";"Segunda";"07:00:00";"ES";101;"271,5";"SERRA";"Outras";"Colisão traseira";"Com Vítimas Feridas";"Pleno dia";"Decrescente";"Sol";"Múltipla";"Reta";"Urbano";2;0;0;1;1;0;1;2
83517717;"18/11/16";"Sexta";"06:20:00";"SP";116;"431,9";"REGISTRO";"Outras";"Colisão com objeto fixo";"Sem Vítimas";"Amanhecer";"Decrescente";"Chuva";"Dupla";"Reta";"Rural";3;0;0;0;3;0;0;2
83517718;"21/11/16";"Segunda";"11:15:00";"SC";101;"186";"BIGUACU";"Falta de atenção";"Capotamento";"Com Vítimas Feridas";"Pleno dia";"Decrescente";"Sol";"Dupla";"Curva";"Urbano";2;0;2;0;0;0;2;1
83517719;"21/11/16";"Segunda";"11:15:00";"SC";101;"228,3";"PALHOCA";"Falta de atenção";"Colisão com objeto fixo";"Com Vítimas Feridas";"Pleno dia";"Decrescente";"Ceu Claro";"Múltipla";"Reta";"Urbano";3;0;3;0;0;0;3;1
83517720;"21/11/16";"Segunda";"09:35:00";"PE";101;"84";"JABOATAO DOS GUARARAPES";"Não guardar distância de segurança";"Colisão traseira";"Sem Vítimas";"Pleno dia";"Crescente";"Sol";"Simples";"Reta";"Urbano";3;0;0;0;3;0;0;3
83517721;"17/11/16";"Quinta";"13:40:00";"ES";101;"264,2";"SERRA";"Velocidade incompatível";"Colisão traseira";"Com Vítimas Feridas";"Pleno dia";"Crescente";"Ceu Claro";"Múltipla";"Reta";"Urbano";2;0;1;0;1;0;1;2
83517722;"20/11/16";"Domingo";"01:35:00";"RR";174;"502";"BOA VISTA";"Ingestão de álcool";"Queda de motocicleta / bicicleta / veículo";"Com Vítimas Feridas";"Plena noite";"Crescente";"Ceu Claro";"Dupla";"Reta";"Urbano";1;0;1;0;0;0;1;1
83517723;"05/11/16";"Sábado";"00:30:00";"MG";135;"640";"CURVELO";"Outras";"Saída de Pista";"Com Vítimas Feridas";"Plena noite";"Decrescente";"Nublado";"Simples";"Reta";"Rural";2;0;0;2;0;0;2;1
83517724;"13/11/16";"Domingo";"15:15:00";"SP";116;"544,9";"BARRA DO TURVO";"Velocidade incompatível";"Tombamento";"Com Vítimas Feridas";"Pleno dia";"Decrescente";"Chuva";"Simples";"Curva";"Rural";1;0;1;0;0;0;1;1
83517725;"21/11/16";"Segunda";"11:20:00";"MG";40;"55";"PARACATU";"Dormindo";"Saída de Pista";"Sem Vítimas";"Pleno dia";"Decrescente";"Chuva";"Simples";"Reta";"Rural";2;0;0;0;2;0;0;1
83517726;"21/11/16";"Segunda";"11:05:00";"PR";277;"237,1";"IRATI";"Outras";"Capotamento";"Com Vítimas Feridas";"Pleno dia";"Crescente";"Sol";"Simples";"Reta";"Urbano";1;0;0;1;0;0;1;1
83517727;"20/11/16";"Domingo";"03:30:00";"RO";364;"570";"ALTO PARAISO";"Velocidade incompatível";"Saída de Pista";"Sem Vítimas";"Plena noite";"Decrescente";"Ceu Claro";"Simples";"Curva";"Rural";2;0;0;0;2;0;0;1
83517728;"07/11/16";"Segunda";"01:00:00";"GO";60;"88,4";"ANAPOLIS";"Ingestão de álcool";"Colisão traseira";"Sem Vítimas";"Plena noite";"Crescente";"Nublado";"Dupla";"Cruzamento";"Urbano";3;0;0;0;3;0;0;2
83517729;"21/11/16";"Segunda";"10:00:00";"PR";376;"599";"CURITIBA";"Falta de atenção";"Colisão lateral";"Com Vítimas Feridas";"Pleno dia";"Decrescente";"Sol";"Dupla";"Reta";"Rural";2;0;2;0;0;0;2;2
83517730;"21/11/16";"Segunda";"00:40:00";"RS";116;"270";"PORTO ALEGRE";"Ingestão de álcool";"Saída de Pista";"Sem Vítimas";"Plena noite";"Crescente";"Ceu Claro";"Simples";"Reta";"Urbano";1;0;0;0;1;0;0;1
83517731;"21/11/16";"Segunda";"09:10:00";"SC";101;"347,7";"TREZE DE MAIO";"Falta de atenção";"Colisão traseira";"Sem Vítimas";"Pleno dia";"Crescente";"Sol";"Dupla";"Reta";"Rural";4;0;0;0;4;0;0;4
83517732;"21/11/16";"Segunda";"11:35:00";"BA";116;"838,9";"VITORIA DA CONQUISTA";"Outras";"Colisão traseira";"Sem Vítimas";"Pleno dia";"Decrescente";"Nublado";"Simples";"Reta";"Rural";2;0;0;0;2;0;0;2
83517733;"06/05/16";"Sexta";"01:00:00";"RJ";493;"21";"MAGE";"Outras";"Saída de Pista";"Com Vítimas Feridas";"Plena noite";"Decrescente";"Ceu Claro";"Simples";"Reta";"Rural";7;0;6;0;1;0;6;1
83517734;"17/11/16";"Quinta";"23:20:00";"SP";116;"144,4";"SAO JOSE DOS CAMPOS";"Outras";"Colisão com objeto fixo";"Com Vítimas Feridas";"Plena noite";"Decrescente";"Nublado";"Dupla";"Reta";"Urbano";1;0;1;0;0;0;1;1
83517735;"13/11/16";"Domingo";"02:15:00";"MG";135;"571,8";"CORINTO";"Outras";"Colisão frontal";"Com Vítimas Feridas";"Plena noite";"Decrescente";"Chuva";"Simples";"Reta";"Rural";2;0;1;0;0;1;1;2
83517737;"03/04/16";"Domingo";"12:00:00";"BA";330;"759,5";"JITAUNA";"Dormindo";"Capotamento";"Com Vítimas Feridas";"Pleno dia";"Crescente";"Ceu Claro";"Simples";"Reta";"Rural";2;0;1;1;0;0;2;1
83517738;"18/01/16";"Segunda";"03:10:00";"CE";116;"165,2";"RUSSAS";"Dormindo";"Saída de Pista";"Sem Vítimas";"Plena noite";"Crescente";"Ceu Claro";"Simples";"Reta";"Rural";2;0;0;0;2;0;0;1
83517739;"20/11/16";"Domingo";"05:30:00";"PR";153;"310";"IMBITUVA";"Outras";"Saída de Pista";"Com Vítimas Feridas";"Amanhecer";"Crescente";"Sol";"Simples";"Reta";"Rural";4;0;1;0;0;3;1;1
83517740;"21/11/16";"Segunda";"06:00:00";"MG";365;"51";"CLARO DOS POCOES";"Velocidade incompatível";"Saída de Pista";"Com Vítimas Feridas";"Amanhecer";"Crescente";"Chuva";"Simples";"Reta";"Rural";1;0;0;1;0;0;1;1
83517741;"21/11/16";"Segunda";"09:25:00";"GO";153;"509,1";"APARECIDA DE GOIANIA";"Outras";"Queda de motocicleta / bicicleta / veículo";"Com Vítimas Feridas";"Pleno dia";"Crescente";"Chuva";"Dupla";"Reta";"Urbano";1;0;0;1;0;0;1;1
83517742;"21/11/16";"Segunda";"11:40:00";"RS";116;"519,9";"PELOTAS";"Outras";"Atropelamento de pessoa";"Com Vítimas Feridas";"Pleno dia";"Crescente";"Nublado";"Dupla";"Cruzamento";"Urbano";2;0;0;1;1;0;1;1
83517743;"21/11/16";"Segunda";"10:40:00";"PR";163;"57";"PEROLA DOESTE";"Falta de atenção";"Colisão lateral";"Com Vítimas Feridas";"Pleno dia";"Decrescente";"Ceu Claro";"Simples";"Reta";"Rural";3;0;2;0;1;0;2;2