"id";"data_inversa";"dia_semana";"horario";"uf";"br";"km";"municipio";"causa_acidente";"tipo_acidente";"classificacao_acidente";"fase_dia";"sentido_via";"condicao_metereologica";"tipo_pista";"tracado_via";"uso_solo";"pessoas";"mortos";"feridos_leves";"feridos_graves";"ilesos";"ignorados";"feridos";"veiculos"
83517745;"21/10/16";"Sexta";"10:40:00";"SP";381;"46";"ATIBAIA";"Velocidade incompatível";"Colisão traseira";"Com Vítimas Feridas";"Pleno dia";"Crescente";"Sol";"Dupla";"Reta";"Rural";3;0;2;0;1;0;2;2
83517746;"19/11/16";"Sábado";"10:55:00";"MG";262;"37,5";"MANHUACU";"Ultrapassagem indevida";"Colisão lateral";"Com Vítimas Feridas";"Pleno dia";"Crescente";"Sol";"Simples";"Reta";"Urbano";2;0;1;0;1;0;1;2
83517747;"21/11/16";"Segunda";"10:30:00";"SC";470;"67";"INDAIAL";"Não guardar distância de segurança";"Colisão traseira";"Sem Vítimas";"Pleno dia";"Decrescente";"Ceu Claro";"Simples";"Reta";"Urbano";3;0;0;0;3;0;0;3
83517748;"21/11/16";"Segunda";"09:07:00";"MT";364;"452,6";"VARZEA GRANDE";"Ultrapassagem indevida";"Colisão lateral";"Sem Vítimas";"Pleno dia";"Crescente";"Chuva";"Simples";"Reta";"Rural";4;0;0;0;4;0;0;2
83517749;"21/11/16";"Segunda";"13:40:00";"DF";20;"42";"BRASILIA";"Dormindo";"Capotamento";"Sem Vítimas";"Pleno dia";"Crescente";"Nublado";"Dupla";"Reta";"Rural";1;0;0;0;1;0;0;1
83517750;"21/11/16";"Segunda";"11:30:00";"PE";101;"16,5";"GOIANA";"Falta de atenção";"Colisão lateral";"Sem Vítimas";"Pleno dia";"Decrescente";"Sol";"Dupla";"Reta";"Rural";2;0;0;0;2;0;0;2
83517751;"21/11/16";"Segunda";"11:15:00";"PR";476;"119";"COLOMBO";"Ingestão de álcool";"Colisão traseira";"Sem Vítimas";"Pleno dia";"Crescente";"Ceu Claro";"Dupla";"Reta";"Urbano";2;0;0;0;2;0;0;2
83517752;"21/11/16";"Segunda";"08:55:00";"RS";386;"425,6";"MONTENEGRO";"Velocidade incompatível";"Capotamento";"Sem Vítimas";"Pleno dia";"Crescente";"Ceu Claro";"Simples";"Reta";"Rural";1;0;0;0;1;0;0;1
83517753;"19/11/16";"Sábado";"18:16:00";"ES";262;"150";"IBATIBA";"Animais na Pista";"Capotamento";"Com Vítimas Feridas";"Anoitecer";"Crescente";"Nublado";"Simples";"Curva";"Rural";1;0;1;0;0;0;1;1
83517754;"21/11/16";"Segunda";"14:35:00";"RS";386;"434";"NOVA SANTA RITA";"Falta de atenção";"Colisão Transversal";"Sem Vítimas";"Pleno dia";"Crescente";"Ceu Claro";"Simples";"Cruzamento";"Urbano";2;0;0;0;2;0;0;2
83517755;"21/11/16";"Segunda";"12:30:00";"GO";50;"110,8";"CRISTALINA";"Desobediência à sinalização";"Tombamento";"Sem Vítimas";"Pleno dia";"Crescente";"Nublado";"Simples";"Curva";"Rural";1;0;0;0;1;0;0;1
83517756;"19/11/16";"Sábado";"10:51:00";"MT";163;"906";"ITAUBA";"Falta de atenção";"Colisão lateral";"Com Vítimas Feridas";"Pleno dia";"Crescente";"Sol";"Simples";"Reta";"Urbano";3;0;1;0;2;0;1;2
83517757;"19/11/16";"Sábado";"03:00:00";"MT";163;"755";"SORRISO";"Velocidade incompatível";"Colisão com objeto fixo";"Sem Vítimas";"Plena noite";"Decrescente";"Nublado";"Dupla";"Reta";"Rural";1;0;0;0;1;0;0;1
83517758;"21/11/16";"Segunda";"07:00:00";"BA";324;"478";"TANQUINHO";"Outras";"Tombamento";"Sem Vítimas";"Pleno dia";"Crescente";"Nublado";"Simples";"Curva";"Rural";1;0;0;0;1;0;0;1
83517759;"21/11/16";"Segunda";"11:40:00";"SC";470;"67";"INDAIAL";"Defeito mecânico em veículo";"Saída de Pista";"Com Vítimas Feridas";"Plena noite";"Crescente";"Ceu Claro";"Simples";"Reta";"Rural";1;0;1;0;0;0;1;1
83517760;"21/11/16";"Segunda";"09:30:00";"RO";364;"406,5";"JARU";"Desobediência à sinalização";"Colisão traseira";"Com Vítimas Feridas";"Pleno dia";"Crescente";"Sol";"Simples";"Reta";"Rural";4;0;1;0;2;1;1;4
83517762;"18/11/16";"Sexta";"16:10:00";"BA";324;"626";"SALVADOR";"Falta de atenção";"Colisão com bicicleta";"Com Vítimas Feridas";"Pleno dia";"Crescente";"Sol";"Dupla";"Curva";"Urbano";2;0;1;1;0;0;2;2
83517763;"21/11/16";"Segunda";"09:20:00";"BA";116;"839,5";"VITORIA DA CONQUISTA";"Não guardar distância de segurança";"Colisão traseira";"Sem Vítimas";"Pleno dia";"Decrescente";"Ceu Claro";"Simples";"Reta";"Rural";2;0;0;0;2;0;0;2
83517764;"19/11/16";"Sábado";"12:56:00";"ES";262;"65";"MARECHAL FLORIANO";"Outras";"Capotamento";"Com Vítimas Feridas";"Pleno dia";"Decrescente";"Nublado";"Simples";"Curva";"Rural";1;0;0;1;0;0;1;1
83517765;"20/11/16";"Domingo";"08:45:00";"RJ";116;"179";"NOVA IGUACU";"Outras";"Colisão com objeto fixo";"Com Vítimas Feridas";"Pleno dia";"Crescente";"Nublado";"Dupla";"Curva";"Urbano";1;0;1;0;0;0;1;1
83517766;"05/10/16";"Quarta";"12:00:00";"BA";116;"248";"QUIJINGUE";"Dormindo";"Saída de Pista";"Sem Vítimas";"Pleno dia";"Decrescente";"Ceu Claro";"Simples";"Reta";"Rural";2;0;0;0;2;0;0;1
83517767;"17/11/16";"Quinta";"09:10:00";"RS";470;"282";"MONTENEGRO";"Não guardar distância de segurança";"Colisão traseira";"Sem Vítimas";"Pleno dia";"Crescente";"Nublado";"Simples";"Reta";"Rural";2;0;0;0;2;0;0;2
83517768;"21/11/16";"Segunda";"10:20:00";"RJ";116;"273";"BARRA MANSA";"Defeito na via";"Colisão com objeto móvel";"Sem Vítimas";"Pleno dia";"Decrescente";"Ceu Claro";"Simples";"Curva";"Urbano";1;0;0;0;1;0;0;1
83517769;"21/11/16";"Segunda";"14:00:00";"PR";376;"275,9";"MARILANDIA DO SUL";"Defeito mecânico em veículo";"Colisão Transversal";"Com Vítimas Feridas";"Pleno dia";"Decrescente";"Ceu Claro";"Simples";"Reta";"Rural";2;0;1;1;0;0;2;2
83517770;"21/11/16";"Segunda";"12:25:00";"MA";222;"675";"ACAILANDIA";"Outras";"Colisão lateral";"Com Vítimas Fatais";"Pleno dia";"Crescente";"Sol";"Simples";"Reta";"Urbano";2;1;0;0;1;0;0;2
83517771;"21/11/16";"Segunda";"12:33:00";"MT";364;"485";"JANGADA";"Falta de atenção";"Colisão lateral";"Sem Vítimas";"Pleno dia";"Crescente";"Chuva";"Simples";"Reta";"Rural";2;0;0;0;2;0;0;2
83517772;"19/11/16";"Sábado";"14:30:00";"AP";210;"104";"PORTO GRANDE";"Ingestão de álcool";"Colisão traseira";"Sem Vítimas";"Pleno dia";"Decrescente";"Ceu Claro";"Simples";"Reta";"Urbano";2;0;0;0;2;0;0;2
83517774;"17/11/16";"Quinta";"12:30:00";"MG";50;"29";"ARAGUARI";"Defeito mecânico em veículo";"Saída de Pista";"Sem Vítimas";"Pleno dia";"Crescente";"Ceu Claro";"Dupla";"Curva";"Rural";1;0;0;0;1;0;0;1
83517775;"21/11/16";"Segunda";"15:20:00";"MS";158;"279";"TRES LAGOAS";"Defeito mecânico em veículo";"Tombamento";"Sem Vítimas";"Pleno dia";"Decrescente";"Sol";"Simples";"Cruzamento";"Urbano";2;0;0;0;2;0;0;1
83517776;"20/11/16";"Domingo";"19:00:00";"PB";104;"113";"LAGOA SECA";"Outras";"Colisão traseira";"Com Vítimas Feridas";"Plena noite";"Decrescente";"Ceu Claro";"Simples";"Reta";"Urbano";3;0;2;0;0;1;2;2
83517777;"21/11/16";"Segunda";"15:40:00";"MS";163;"263,5";"DOURADOS";"Defeito mecânico em veículo";"Queda de motocicleta / bicicleta / veículo";"Com Vítimas Feridas";"Pleno dia";"Crescente";"Sol";"Dupla";"Reta";"Urbano";2;0;2;0;0;0;2;1
83517778;"21/11/16";"Segunda";"11:20:00";"RJ";116;"129";"MAGE";"Outras";"Capotamento";"Com Vítimas Feridas";"Pleno dia";"Crescente";"Ceu Claro";"Dupla";"Reta";"Rural";2;0;2;0;0;0;2;1
83517779;"21/11/16";"Segunda";"11:10:00";"MG";40;"435,4";"PARAOPEBA";"Falta de atenção";"Saída de Pista";"Sem Vítimas";"Plena noite";"Crescente";"Nublado";"Dupla";"Reta";"Urbano";1;0;0;0;1;0;0;1
83517780;"21/11/16";"Segunda";"16:10:00";"SP";116;"65,2";"GUARATINGUETA";"Falta de atenção";"Colisão Transversal";"Sem Vítimas";"Pleno dia";"Crescente";"Ceu Claro";"Dupla";"Curva";"Rural";3;0;0;0;3;0;0;2
83517781;"21/11/16";"Segunda";"10:30:00";"SC";101;"198";"BIGUACU";"Ultrapassagem indevida";"Colisão traseira";"Com Vítimas Feridas";"Pleno dia";"Crescente";"Sol";"Dupla";"Reta";"Urbano";3;0;1;0;2;0;1;3
83517782;"21/11/16";"Segunda";"16:10:00";"ES";101;"372,3";"ICONHA";"Defeito mecânico em veículo";"Queda de motocicleta / bicicleta / veículo";"Com Vítimas Feridas";"Pleno dia";"Crescente";"Ceu Claro";"Simples";"Curva";"Rural";1;0;0;1;0;0;1;1
83517783;"21/11/16";"Segunda";"17:10:00";"RS";116;"235,1";"NOVO HAMBURGO";"Velocidade incompatível";"Saída de Pista";"Com Vítimas Feridas";"Pleno dia";"Decrescente";"Sol";"Dupla";"Reta";"Urbano";1;0;1;0;0;0;1;1
83517784;"21/11/16";"Segunda";"09:30:00";"RO";364;"95,6";"VILHENA";"Falta de atenção";"Colisão traseira";"Com Vítimas Feridas";"Pleno dia";"Decrescente";"Chuva";"Simples";"Reta";"Rural";2;0;1;0;1;0;1;2
83517785;"21/11/16";"Segunda";"17:10:00";"PA";316;"6";"ANANINDEUA";"Falta de atenção";"Colisão lateral";"Com Vítimas Feridas";"Pleno dia";"Crescente";"Ceu Claro";"Dupla";"Reta";"Urbano";2;0;1;0;0;1;1;2
83517786;"21/11/16";"Segunda";"12:30:00";"SC";280;"57";"GUARAMIRIM";"Falta de atenção";"Colisão frontal";"Com Vítimas Feridas";"Pleno dia";"Crescente";"Ceu Claro";"Simples";"Reta";"Urbano";2;0;1;0;1;0;1;2
83517787;"21/11/16";"Segunda";"16:30:00";"MG";381;"712,8";"CARMO DA CACHOEIRA";"Falta de atenção";"Saída de Pista";"Com Vítimas Feridas";"Pleno dia";"Crescente";"Ceu Claro";"Dupla";"Curva";"Rural";3;0;1;0;2;0;1;2
83517788;"21/11/16";"Segunda";"13:00:00";"PE";232;"371,8";"FLORES";"Outras";"Capotamento";"Com Vítimas Feridas";"Pleno dia";"Crescente";"Sol";"Simples";"Reta";"Rural";2;0;2;0;0;0;2;1
83517789;"13/11/16";"Domingo";"14:00:00";"ES";262;"78,5";"DOMINGOS MARTINS";"Falta de atenção";"Capotamento";"Sem Vítimas";"Pleno dia";"Decrescente";"Chuva";"Simples";"Curva";"Rural";1;0;0;0;1;0;0;1
83517790;"21/11/16";"Segunda";"14:20:00";"PR";376;"209,2";"MANDAGUARI";"Falta de atenção";"Colisão Transversal";"Com Vítimas Feridas";"Pleno dia";"Decrescente";"Ceu Claro";"Simples";"Cruzamento";"Urbano";2;0;0;1;1;0;1;2
83517791;"21/11/16";"Segunda";"13:00:00";"RJ";101;"484";"ANGRA DOS REIS";"Outras";"Colisão lateral";"Com Vítimas Feridas";"Pleno dia";"Crescente";"Ceu Claro";"Simples";"Reta";"Urbano";2;0;1;0;1;0;1;2
83517792;"21/11/16";"Segunda";"12:30:00";"BA";20;"140";"SAO DESIDERIO";"Ingestão de álcool";"Colisão traseira";"Sem Vítimas";"Pleno dia";"Decrescente";"Ceu Claro";"Simples";"Reta";"Urbano";4;0;0;0;4;0;0;2
83517793;"13/11/16";"Domingo";"15:50:00";"MG";381;"361";"JOAO MONLEVADE";"Outras";"Saída de Pista";"Com Vítimas Feridas";"Pleno dia";"Crescente";"Chuva";"Simples";"Curva";"Rural";5;0;5;0;0;0;5;1
83517794;"05/11/16";"Sábado";"18:20:00";"PR";277;"112";"CAMPO LARGO";"Não guardar distância de segurança";"Queda de motocicleta / bicicleta / veículo";"Com Vítimas Feridas";"Anoitecer";"Decrescente";"Ceu Claro";"Dupla";"Curva";"Rural";2;0;1;0;0;1;1;1
83517795;"21/11/16";"Segunda";"16:40:00";"GO";153;"494,9";"GOIANIA";"Outras";"Queda de motocicleta / bicicleta / veículo";"Com Vítimas Feridas";"Pleno dia";"Crescente";"Ceu Claro";"Dupla";"Reta";"Urbano";1;0;0;1;0;0;1;1
83517796;"20/11/16";"Domingo";"23:00:00";"RO";319;"60,9";"PORTO VELHO";"Ingestão de álcool";"Colisão com objeto fixo";"Com Vítimas Feridas";"Plena noite";"Decrescente";"Ceu Claro";"Simples";"Reta";"Urbano";1;0;1;0;0;0;1;1
83517797;"21/11/16";"Segunda";"18:30:00";"PR";277;"122";"CAMPO LARGO";"Outras";"Colisão com objeto fixo";"Sem Vítimas";"Pleno dia";"Crescente";"Ceu Claro";"Dupla";"Reta";"Rural";1;0;0;0;1;0;0;1
83517798;"21/11/16";"Segunda";"18:00:00";"PB";104;"92";"ESPERANCA";"Não guardar distância de segurança";"Colisão traseira";"Sem Vítimas";"Anoitecer";"Decrescente";"Ceu Claro";"Simples";"Reta";"Rural";2;0;0;0;2;0;0;2
83517799;"21/11/16";"Segunda";"14:35:00";"MS";163;"375,8";"NOVA ALVORADA DO SUL";"Dormindo";"Capotamento";"Sem Vítimas";"Pleno dia";"Decrescente";"Ceu Claro";"Simples";"Reta";"Rural";1;0;0;0;1;0;0;1
83517800;"21/11/16";"Segunda";"14:40:00";"BA";324;"614";"SALVADOR";"Outras";"Queda de motocicleta / bicicleta / veículo";"Com Vítimas Feridas";"Pleno dia";"Crescente";"Nublado";"Dupla";"Reta";"Urbano";1;0;1;0;0;0;1;1
83517801;"13/11/16";"Domingo";"16:00:00";"ES";262;"72";"MARECHAL FLORIANO";"Velocidade incompatível";"Colisão frontal";"Com Vítimas Feridas";"Pleno dia";"Decrescente";"Ceu Claro";"Simples";"Reta";"Rural";2;0;1;1;0;0;2;2
83517802;"21/11/16";"Segunda";"06:30:00";"BA";324;"590";"CANDEIAS";"Outras";"Queda de motocicleta / bicicleta / veículo";"Com Vítimas Feridas";"Pleno dia";"Crescente";"Chuva";"Dupla";"Reta";"Rural";1;0;1;0;0;0;1;1
83517803;"18/11/16";"Sexta";"18:00:00";"PR";153;"342";"IRATI";"Falta de atenção";"Colisão lateral";"Com Vítimas Feridas";"Pleno dia";"Crescente";"Sol";"Simples";"Reta";"Rural";2;0;1;0;1;0;1;2
83517804;"21/11/16";"Segunda";"06:20:00";"GO";70;"464";"ARAGARCAS";"Desobediência à sinalização";"Colisão Transversal";"Com Vítimas Fatais";"Amanhecer";"Decrescente";"Ceu Claro";"Simples";"Reta";"Rural";2;1;0;0;1;0;0;2
83517805;"21/11/16";"Segunda";"13:40:00";"PA";316;"12";"MARITUBA";"Falta de atenção";"Colisão lateral";"Com Vítimas Feridas";"Pleno dia";"Decrescente";"Ceu Claro";"Dupla";"Reta";"Urbano";3;0;3;0;0;0;3;2
83517806;"21/11/16";"Segunda";"13:30:00";"SC";158;"141,8";"PALMITOS";"Outras";"Saída de Pista";"Com Vítimas Fatais";"Pleno dia";"Crescente";"Sol";"Simples";"Curva";"Rural";1;1;0;0;0;0;0;1
83517807;"21/11/16";"Segunda";"14:10:00";"PR";277;"36";"MORRETES";"Defeito mecânico em veículo";"Colisão com objeto fixo";"Sem Vítimas";"Pleno dia";"Decrescente";"Ceu Claro";"Dupla";"Reta";"Rural";1;0;0;0;1;0;0;1
83517808;"19/11/16";"Sábado";"17:40:00";"MT";364;"579";"NOBRES";"Outras";"Colisão traseira";"Sem Vítimas";"Pleno dia";"Decrescente";"Ceu Claro";"Múltipla";"Reta";"Rural";2;0;0;0;2;0;0;2
83517809;"21/11/16";"Segunda";"10:20:00";"RO";319;"63";"PORTO VELHO";"Falta de atenção";"Colisão lateral";"Com Vítimas Feridas";"Pleno dia";"Decrescente";"Sol";"Dupla";"Reta";"Urbano";2;0;1;0;1;0;1;2
83517811;"21/11/16";"Segunda";"12:15:00";"RO";319;"64,1";"PORTO VELHO";"Falta de atenção";"Colisão lateral";"Com Vítimas Feridas";"Pleno dia";"Crescente";"Ceu Claro";"Dupla";"Reta";"Urbano";3;0;1;0;2;0;1;2
83517812;"21/11/16";"Segunda";"14:10:00";"SC";116;"34";"ITAIOPOLIS";"Falta de atenção";"Colisão traseira";"Sem Vítimas";"Pleno dia";"Decrescente";"Ceu Claro";"Simples";"Reta";"Rural";3;0;0;0;3;0;0;3
83517813;"18/11/16";"Sexta";"04:30:00";"MG";153;"74";"MONTE ALEGRE DE MINAS";"Dormindo";"Saída de Pista";"Com Vítimas Feridas";"Plena noite";"Crescente";"Chuva";"Simples";"Curva";"Rural";3;0;3;0;0;0;3;1
83517814;"21/11/16";"Segunda";"19:10:00";"PR";277;"74";"CURITIBA";"Falta de atenção";"Colisão com bicicleta";"Com Vítimas Feridas";"Anoitecer";"Crescente";"Ceu Claro";"Dupla";"Reta";"Rural";2;0;1;1;0;0;2;2
83517815;"21/11/16";"Segunda";"17:10:00";"SC";101;"53";"JOINVILLE";"Falta de atenção";"Colisão lateral";"Sem Vítimas";"Pleno dia";"Crescente";"Ceu Claro";"Dupla";"Reta";"Rural";2;0;0;0;2;0;0;2
83517816;"21/11/16";"Segunda";"18:30:00";"MS";163;"610";"SAO GABRIEL DO OESTE";"Velocidade incompatível";"Colisão traseira";"Com Vítimas Feridas";"Anoitecer";"Crescente";"Ceu Claro";"Simples";"Reta";"Rural";10;0;2;0;8;0;2;3
83517817;"21/11/16";"Segunda";"18:00:00";"PB";230;"516";"BOM JESUS";"Animais na Pista";"Atropelamento de animal";"Sem Vítimas";"Anoitecer";"Crescente";"Ceu Claro";"Simples";"Reta";"Rural";3;0;0;0;3;0;0;1
83517818;"13/11/16";"Domingo";"10:30:00";"RJ";116;"220";"PIRAI";"Outras";"Derramamento de Carga";"Sem Vítimas";"Pleno dia";"Crescente";"Chuva";"Dupla";"Curva";"Rural";1;0;0;0;1;0;0;1
83517819;"21/11/16";"Segunda";"17:00:00";"GO";40;"5";"VALPARAISO DE GOIAS";"Falta de atenção";"Colisão lateral";"Sem Vítimas";"Pleno dia";"Crescente";"Nublado";"Dupla";"Reta";"Urbano";2;0;0;0;2;0;0;2
83517820;"21/11/16";"Segunda";"18:00:00";"SC";280;"20";"ARAQUARI";"Outras";"Colisão traseira";"Com Vítimas Feridas";"Plena noite";"Crescente";"Ceu Claro";"Simples";"Reta";"Urbano";2;0;1;0;1;0;1;2
83517821;"17/11/16";"Quinta";"19:30:00";"ES";262;"94";"DOMINGOS MARTINS";"Falta de atenção";"Colisão Transversal";"Com Vítimas Feridas";"Plena noite";"Decrescente";"Ceu Claro";"Simples";"Reta";"Rural";2;0;1;1;0;0;2;2
83517822;"21/11/16";"Segunda";"18:30:00";"RS";386;"426";"MONTENEGRO";"Falta de atenção";"Colisão traseira";"Com Vítimas Feridas";"Pleno dia";"Crescente";"Ceu Claro";"Simples";"Reta";"Rural";3;0;2;0;1;0;2;2
83517823;"21/11/16";"Segunda";"19:30:00";"SC";470;"163";"TROMBUDO CENTRAL";"Falta de atenção";"Saída de Pista";"Com Vítimas Feridas";"Anoitecer";"Crescente";"Ceu Claro";"Simples";"Curva";"Urbano";3;0;3;0;0;0;3;1
83517824;"18/11/16";"Sexta";"05:50:00";"MS";262;"233,9";"RIBAS DO RIO PARDO";"Não guardar distância de segurança";"Colisão traseira";"Com Vítimas Fatais";"Amanhecer";"Decrescente";"Sol";"Simples";"Reta";"Rural";2;1;0;0;1;0;0;2
83517825;"21/11/16";"Segunda";"14:40:00";"SC";282;"4,5";"SAO JOSE";"Não guardar distância de segurança";"Colisão traseira";"Com Vítimas Feridas";"Pleno dia";"Decrescente";"Ceu Claro";"Dupla";"Reta";"Urbano";2;0;0;1;1;0;1;2
83517826;"21/11/16";"Segunda";"13:35:00";"MG";381;"869";"POUSO ALEGRE";"Não guardar distância de segurança";"Tombamento";"Sem Vítimas";"Pleno dia";"Decrescente";"Ceu Claro";"Dupla";"Reta";"Rural";5;0;0;0;5;0;0;1
83517827;"30/05/16";"Segunda";"06:50:00";"RJ";393;"254";"BARRA DO PIRAI";"Defeito mecânico em veículo";"Capotamento";"Com Vítimas Feridas";"Pleno dia";"Decrescente";"Ceu Claro";"Simples";"Curva";"Urbano";5;0;1;0;2;2;1;5
83517828;"17/11/16";"Quinta";"18:45:00";"MG";381;"923";"CAMANDUCAIA";"Velocidade incompatível";"Derramamento de Carga";"Sem Vítimas";"Anoitecer";"Decrescente";"Chuva";"Dupla";"Reta";"Rural";1;0;0;0;1;0;0;1
83517829;"21/11/16";"Segunda";"19:30:00";"PR";376;"672";"GUARATUBA";"Defeito mecânico em veículo";"Incêndio";"Sem Vítimas";"Pleno dia";"Decrescente";"Ceu Claro";"Dupla";"Reta";"Rural";1;0;0;0;1;0;0;1
83517830;"21/11/16";"Segunda";"14:30:00";"RS";285;"406,8";"PANAMBI";"Defeito mecânico em veículo";"Incêndio";"Sem Vítimas";"Pleno dia";"Crescente";"Ceu Claro";"Simples";"Reta";"Rural";2;0;0;0;2;0;0;1
83517831;"27/08/16";"Sábado";"01:20:00";"SP";381;"87";"SAO PAULO";"Outras";"Colisão com objeto fixo";"Com Vítimas Feridas";"Plena noite";"Decrescente";"Ceu Claro";"Dupla";"Reta";"Urbano";7;0;6;1;0;0;7;1
83517832;"21/11/16";"Segunda";"18:00:00";"ES";262;"109,2";"VENDA NOVA DO IMIGRANTE";"Desobediência à sinalização";"Colisão frontal";"Com Vítimas Feridas";"Anoitecer";"Decrescente";"Nublado";"Simples";"Reta";"Urbano";2;0;1;0;1;0;1;2
83517833;"21/11/16";"Segunda";"08:00:00";"MT";70;"183";"GENERAL CARNEIRO";"Defeito na via";"Tombamento";"Sem Vítimas";"Pleno dia";"Crescente";"Ceu Claro";"Simples";"Reta";"Rural";1;0;0;0;1;0;0;1
83517834;"20/11/16";"Domingo";"18:40:00";"AL";101;"166";"TEOTONIO VILELA";"Falta de atenção";"Colisão Transversal";"Com Vítimas Fatais";"Plena noite";"Crescente";"Ceu Claro";"Simples";"Reta";"Rural";8;3;0;3;2;0;3;2
83517835;"19/11/16";"Sábado";"19:40:00";"PR";369;"488,1";"CORBELIA";"Outras";"Colisão lateral";"Com Vítimas Fatais";"Anoitecer";"Crescente";"Ceu Claro";"Simples";"Curva";"Rural";3;1;0;0;2;0;0;2
83517836;"21/11/16";"Segunda";"19:30:00";"TO";153;"494";"PARAISO DO TOCANTINS";"Desobediência à sinalização";"Colisão Transversal";"Com Vítimas Feridas";"Plena noite";"Decrescente";"Ignorada";"Simples";"Reta";"Urbano";3;0;2;0;1;0;2;2
83517837;"21/11/16";"Segunda";"19:20:00";"RS";287;"238,1";"SANTA MARIA";"Ingestão de álcool";"Colisão Transversal";"Sem Vítimas";"Pleno dia";"Crescente";"Sol";"Simples";"Reta";"Urbano";2;0;0;0;2;0;0;2
83517838;"21/11/16";"Segunda";"18:55:00";"MS";267;"481,1";"JARDIM";"Falta de atenção";"Colisão frontal";"Sem Vítimas";"Anoitecer";"Decrescente";"Ceu Claro";"Simples";"Reta";"Urbano";2;0;0;0;2;0;0;2
83517839;"21/11/16";"Segunda";"19:15:00";"SC";153;"11,5";"AGUA DOCE";"Defeito mecânico em veículo";"Saída de Pista";"Sem Vítimas";"Anoitecer";"Crescente";"Ceu Claro";"Simples";"Reta";"Rural";1;0;0;0;1;0;0;1
83517840;"17/11/16";"Quinta";"20:30:00";"MG";365;"445";"GUIMARANIA";"Falta de atenção";"Colisão com bicicleta";"Com Vítimas Feridas";"Plena noite";"Crescente";"Ceu Claro";"Simples";"Reta";"Rural";2;0;1;0;1;0;1;2
83517841;"13/11/16";"Domingo";"21:04:00";"CE";20;"410,5";"CAUCAIA";"Falta de atenção";"Saída de Pista";"Com Vítimas Feridas";"Plena noite";"Crescente";"Ceu Claro";"Simples";"Reta";"Urbano";2;0;0;1;1;0;1;1
83517842;"21/11/16";"Segunda";"18:40:00";"MG";381;"184";"PERIQUITO";"Falta de atenção";"Colisão traseira";"Com Vítimas Feridas";"Anoitecer";"Crescente";"Nublado";"Simples";"Reta";"Rural";2;0;0;1;1;0;1;2
83517843;"21/11/16";"Segunda";"11:20:00";"RO";364;"244,2";"CACOAL";"Outras";"Colisão lateral";"Com Vítimas Feridas";"Pleno dia";"Crescente";"Sol";"Simples";"Reta";"Rural";5;0;1;0;4;0;1;2
83517844;"21/11/16";"Segunda";"10:20:00";"MG";381;"199,8";"PERIQUITO";"Falta de atenção";"Colisão com bicicleta";"Com Vítimas Feridas";"Pleno dia";"Crescente";"Nublado";"Simples";"Reta";"Rural";2;0;0;1;1;0;1;2
83517845;"21/11/16";"Segunda";"20:00:00";"MG";262;"798";"UBERABA";"Outras";"Atropelamento de pessoa";"Com Vítimas Feridas";"Plena noite";"Decrescente";"Ceu Claro";"Simples";"Reta";"Rural";2;0;0;1;0;1;1;1
83517847;"18/11/16";"Sexta";"16:11:00";"TO";153;"410";"MIRANORTE";"Desobediência à sinalização";"Colisão Transversal";"Com Vítimas Feridas";"Pleno dia";"Crescente";"Ceu Claro";"Simples";"Reta";"Urbano";2;0;1;1;0;0;2;2
83517848;"21/11/16";"Segunda";"17:00:00";"BA";420;"256";"MUTUIPE";"Outras";"Queda de motocicleta / bicicleta / veículo";"Com Vítimas Feridas";"Anoitecer";"Crescente";"Ceu Claro";"Simples";"Reta";"Urbano";2;0;2;0;0;0;2;1
83517849;"13/11/16";"Domingo";"12:30:00";"BA";101;"111";"ALAGOINHAS";"Falta de atenção";"Colisão Transversal";"Sem Vítimas";"Pleno dia";"Crescente";"Ceu Claro";"Simples";"Reta";"Rural";2;0;0;0;2;0;0;2
83517850;"21/11/16";"Segunda";"14:20:00";"ES";101;"149";"LINHARES";"Falta de atenção";"Colisão Transversal";"Com Vítimas Feridas";"Pleno dia";"Decrescente";"Ceu Claro";"Dupla";"Reta";"Urbano";7;0;2;0;5;0;2;2
83517853;"21/11/16";"Segunda";"18:30:00";"BA";116;"425";"FEIRA DE SANTANA";"Falta de atenção";"Colisão Transversal";"Com Vítimas Feridas";"Plena noite";"Crescente";"Ceu Claro";"Simples";"Reta";"Urbano";2;0;0;1;0;1;1;2
83517854;"21/11/16";"Segunda";"11:30:00";"PR";476;"63,7";"TUNAS DO PARANA";"Defeito mecânico em veículo";"Capotamento";"Com Vítimas Feridas";"Pleno dia";"Decrescente";"Ceu Claro";"Simples";"Curva";"Rural";1;0;1;0;0;0;1;1
83517855;"21/11/16";"Segunda";"19:00:00";"RS";386;"31,4";"FREDERICO WESTPHALEN";"Defeito mecânico em veículo";"Colisão traseira";"Sem Vítimas";"Anoitecer";"Crescente";"Ceu Claro";"Simples";"Reta";"Rural";2;0;0;0;2;0;0;2
83517856;"21/11/16";"Segunda";"13:25:00";"MA";222;"675";"ACAILANDIA";"Outras";"Colisão Transversal";"Com Vítimas Feridas";"Pleno dia";"Crescente";"Sol";"Simples";"Reta";"Urbano";3;0;1;0;2;0;1;2