"id";"data_inversa";"dia_semana";"horario";"uf";"br";"km";"municipio";"causa_acidente";"tipo_acidente";"classificacao_acidente";"fase_dia";"sentido_via";"condicao_metereologica";"tipo_pista";"tracado_via";"uso_solo";"pessoas";"mortos";"feridos_leves";"feridos_graves";"ilesos";"ignorados";"feridos";"veiculos"
83517857;"21/11/16";"Segunda";"20:20:00";"PR";277;"698";"SAO MIGUEL DO IGUACU";"Falta de atenção";"Colisão traseira";"Com Vítimas Fatais";"Anoitecer";"Crescente";"Ceu Claro";"Dupla";"Reta";"Rural";3;1;0;1;1;0;1;2
83517858;"17/11/16";"Quinta";"15:00:00";"SE";101;"73,6";"MARUIM";"Ultrapassagem indevida";"Colisão frontal";"Com Vítimas Fatais";"Pleno dia";"Crescente";"Sol";"Simples";"Reta";"Rural";6;5;1;0;0;0;1;2
83517859;"21/11/16";"Segunda";"19:30:00";"PE";428;"153,5";"PETROLINA";"Outras";"Colisão frontal";"Com Vítimas Fatais";"Plena noite";"Crescente";"Ceu Claro";"Simples";"Reta";"Rural";2;1;0;0;0;1;0;2
83517860;"15/11/16";"Terça";"17:28:00";"SE";235;"63";"ITABAIANA";"Ultrapassagem indevida";"Colisão frontal";"Com Vítimas Fatais";"Plena noite";"Crescente";"Nublado";"Simples";"Curva";"Rural";2;1;1;0;0;0;1;2
83517861;"21/11/16";"Segunda";"09:00:00";"PB";230;"16";"JOAO PESSOA";"Outras";"Derramamento de Carga";"Com Vítimas Feridas";"Pleno dia";"Decrescente";"Sol";"Dupla";"Reta";"Urbano";4;0;1;0;3;0;1;4
83517862;"21/11/16";"Segunda";"23:00:00";"RS";116;"302";"GUAIBA";"Outras";"Saída de Pista";"Com Vítimas Feridas";"Plena noite";"Decrescente";"Ceu Claro";"Dupla";"Curva";"Urbano";2;0;1;0;0;1;1;1
83517863;"21/11/16";"Segunda";"09:00:00";"RS";470;"193,3";"BENTO GONCALVES";"Velocidade incompatível";"Colisão frontal";"Com Vítimas Feridas";"Pleno dia";"Decrescente";"Ceu Claro";"Simples";"Curva";"Rural";2;0;1;0;1;0;1;2
83517864;"21/11/16";"Segunda";"22:30:00";"BA";242;"782";"BARREIRAS";"Ultrapassagem indevida";"Colisão lateral";"Com Vítimas Feridas";"Plena noite";"Decrescente";"Ceu Claro";"Simples";"Curva";"Rural";3;0;0;2;0;1;2;2
83517865;"21/11/16";"Segunda";"20:32:00";"GO";414;"208,1";"NIQUELANDIA";"Falta de atenção";"Colisão traseira";"Com Vítimas Feridas";"Plena noite";"Decrescente";"Ceu Claro";"Simples";"Curva";"Rural";3;0;1;2;0;0;3;2
83517866;"21/11/16";"Segunda";"21:20:00";"SP";153;"57,7";"SAO JOSE DO RIO PRETO";"Outras";"Tombamento";"Ignorado";"Plena noite";"Decrescente";"Ceu Claro";"Simples";"Curva";"Urbano";1;0;0;0;0;1;0;1
83517867;"21/11/16";"Segunda";"19:55:00";"SP";116;"270";"TABOAO DA SERRA";"Outras";"Colisão lateral";"Com Vítimas Feridas";"Plena noite";"Crescente";"Ceu Claro";"Dupla";"Reta";"Urbano";3;0;1;1;1;0;2;3
83517868;"21/11/16";"Segunda";"09:35:00";"ES";101;"92,7";"JAGUARE";"Outras";"Colisão lateral";"Sem Vítimas";"Pleno dia";"Crescente";"Sol";"Simples";"Reta";"Rural";2;0;0;0;1;1;0;2
83517869;"20/11/16";"Domingo";"21:30:00";"CE";116;"269,5";"JAGUARIBARA";"Ingestão de álcool";"Queda de motocicleta / bicicleta / veículo";"Com Vítimas Feridas";"Plena noite";"Crescente";"Ceu Claro";"Simples";"Reta";"Rural";1;0;1;0;0;0;1;1
83517870;"21/11/16";"Segunda";"22:00:00";"PA";316;"65";"CASTANHAL";"Desobediência à sinalização";"Colisão Transversal";"Com Vítimas Feridas";"Plena noite";"Decrescente";"Ceu Claro";"Dupla";"Reta";"Urbano";2;0;1;0;1;0;1;2
83517872;"21/11/16";"Segunda";"22:00:00";"PR";116;"4";"CAMPINA GRANDE DO SUL";"Falta de atenção";"Colisão traseira";"Sem Vítimas";"Plena noite";"Decrescente";"Ceu Claro";"Dupla";"Reta";"Rural";3;0;0;0;3;0;0;3
83517873;"17/11/16";"Quinta";"18:00:00";"SP";116;"13";"QUELUZ";"Outras";"Colisão com objeto fixo";"Sem Vítimas";"Pleno dia";"Crescente";"Sol";"Simples";"Curva";"Urbano";1;0;0;0;1;0;0;1
83517874;"21/11/16";"Segunda";"15:20:00";"ES";262;"4";"CARIACICA";"Ingestão de álcool";"Colisão traseira";"Com Vítimas Feridas";"Pleno dia";"Crescente";"Sol";"Múltipla";"Reta";"Urbano";2;0;1;0;1;0;1;2
83517875;"21/11/16";"Segunda";"12:10:00";"MA";10;"252,5";"IMPERATRIZ";"Defeito mecânico em veículo";"Colisão lateral";"Com Vítimas Feridas";"Pleno dia";"Crescente";"Sol";"Simples";"Reta";"Urbano";4;0;1;0;3;0;1;4
83517876;"21/11/16";"Segunda";"13:40:00";"ES";101;"147,9";"LINHARES";"Não guardar distância de segurança";"Colisão traseira";"Com Vítimas Feridas";"Pleno dia";"Crescente";"Nublado";"Dupla";"Curva";"Urbano";3;0;1;0;2;0;1;3
83517877;"21/11/16";"Segunda";"21:30:00";"SE";101;"74,8";"MARUIM";"Defeito mecânico em veículo";"Queda de motocicleta / bicicleta / veículo";"Com Vítimas Feridas";"Plena noite";"Decrescente";"Ceu Claro";"Simples";"Reta";"Rural";2;0;1;0;1;0;1;1
83517878;"21/11/16";"Segunda";"12:00:00";"MA";135;"1";"SAO LUIS";"Não guardar distância de segurança";"Colisão traseira";"Com Vítimas Feridas";"Pleno dia";"Crescente";"Sol";"Dupla";"Reta";"Urbano";3;0;0;2;1;0;2;2
83517879;"21/11/16";"Segunda";"17:55:00";"PE";104;"32";"CARUARU";"Desobediência à sinalização";"Colisão Transversal";"Com Vítimas Feridas";"Plena noite";"Crescente";"Ceu Claro";"Simples";"Reta";"Urbano";2;0;1;0;0;1;1;2
83517880;"20/11/16";"Domingo";"13:30:00";"PI";135;"345";"BOM JESUS";"Ingestão de álcool";"Queda de motocicleta / bicicleta / veículo";"Com Vítimas Feridas";"Pleno dia";"Crescente";"Sol";"Simples";"Reta";"Rural";1;0;1;0;0;0;1;1
83517881;"22/11/16";"Terça";"04:00:00";"PB";230;"67,1";"SAO MIGUEL DE TAIPU";"Animais na Pista";"Atropelamento de animal";"Com Vítimas Feridas";"Plena noite";"Crescente";"Nublado";"Dupla";"Reta";"Rural";1;0;1;0;0;0;1;1
83517882;"19/11/16";"Sábado";"17:40:00";"PI";135;"236";"COLONIA DO GURGUEIA";"Outras";"Capotamento";"Sem Vítimas";"Pleno dia";"Crescente";"Ceu Claro";"Simples";"Reta";"Rural";1;0;0;0;1;0;0;1
83517883;"21/11/16";"Segunda";"17:15:00";"RO";364;"198,4";"PIMENTA BUENO";"Falta de atenção";"Colisão Transversal";"Com Vítimas Feridas";"Anoitecer";"Crescente";"Nublado";"Simples";"Reta";"Urbano";3;0;1;0;2;0;1;2
83517884;"19/11/16";"Sábado";"02:30:00";"PR";369;"163";"CAMBE";"Velocidade incompatível";"Capotamento";"Ignorado";"Plena noite";"Decrescente";"Ceu Claro";"Dupla";"Reta";"Rural";1;0;0;0;0;1;0;1
83517885;"18/11/16";"Sexta";"11:30:00";"PR";277;"84";"CURITIBA";"Não guardar distância de segurança";"Colisão traseira";"Sem Vítimas";"Pleno dia";"Decrescente";"Ceu Claro";"Dupla";"Reta";"Urbano";2;0;0;0;2;0;0;2
83517886;"19/11/16";"Sábado";"03:10:00";"PR";116;"117";"CURITIBA";"Outras";"Saída de Pista";"Sem Vítimas";"Plena noite";"Crescente";"Ceu Claro";"Dupla";"Reta";"Urbano";1;0;0;0;1;0;0;1
83517887;"21/11/16";"Segunda";"08:30:00";"MG";262;"447";"NOVA SERRANA";"Outras";"Queda de motocicleta / bicicleta / veículo";"Com Vítimas Feridas";"Pleno dia";"Decrescente";"Ceu Claro";"Simples";"Reta";"Urbano";1;0;0;1;0;0;1;1
83517888;"16/11/16";"Quarta";"23:15:00";"PR";376;"2";"SAO JOSE DOS PINHAIS";"Outras";"Colisão com objeto fixo";"Ignorado";"Plena noite";"Decrescente";"Ceu Claro";"Dupla";"Reta";"Urbano";1;0;0;0;0;1;0;1
83517889;"21/11/16";"Segunda";"13:10:00";"MG";40;"732";"SANTOS DUMONT";"Velocidade incompatível";"Saída de Pista";"Com Vítimas Feridas";"Pleno dia";"Decrescente";"Sol";"Dupla";"Curva";"Rural";3;0;2;0;1;0;2;1
83517890;"22/11/16";"Terça";"05:20:00";"RN";101;"78,8";"SAO GONCALO DO AMARANTE";"Outras";"Queda de motocicleta / bicicleta / veículo";"Ignorado";"Amanhecer";"Crescente";"Ceu Claro";"Dupla";"Reta";"Urbano";2;0;0;0;0;2;0;2
83517891;"21/11/16";"Segunda";"08:00:00";"MA";316;"545,8";"CAXIAS";"Desobediência à sinalização";"Colisão Transversal";"Com Vítimas Feridas";"Pleno dia";"Decrescente";"Ceu Claro";"Simples";"Reta";"Rural";2;0;0;1;1;0;1;2
83517892;"22/11/16";"Terça";"01:00:00";"RJ";465;"21";"RIO DE JANEIRO";"Falta de atenção";"Colisão traseira";"Com Vítimas Feridas";"Plena noite";"Decrescente";"Nublado";"Simples";"Reta";"Urbano";3;0;3;0;0;0;3;2
83517893;"18/11/16";"Sexta";"22:50:00";"CE";20;"407";"CAUCAIA";"Dormindo";"Capotamento";"Sem Vítimas";"Plena noite";"Crescente";"Ceu Claro";"Dupla";"Reta";"Urbano";1;0;0;0;1;0;0;1
83517894;"22/11/16";"Terça";"06:50:00";"RJ";101;"321";"SAO GONCALO";"Outras";"Colisão lateral";"Com Vítimas Feridas";"Pleno dia";"Crescente";"Nublado";"Dupla";"Reta";"Urbano";2;0;1;0;1;0;1;2
83517895;"22/11/16";"Terça";"07:15:00";"SC";101;"112";"ITAJAI";"Falta de atenção";"Colisão lateral";"Com Vítimas Feridas";"Pleno dia";"Crescente";"Ceu Claro";"Simples";"Reta";"Urbano";4;0;0;2;2;0;2;3
83517896;"20/11/16";"Domingo";"20:15:00";"PR";476;"358";"UNIAO DA VITORIA";"Outras";"Saída de Pista";"Com Vítimas Feridas";"Plena noite";"Crescente";"Ceu Claro";"Simples";"Reta";"Urbano";2;0;1;0;1;0;1;1
83517897;"18/11/16";"Sexta";"09:30:00";"MG";381;"393,9";"BOM JESUS DO AMPARO";"Outras";"Colisão traseira";"Com Vítimas Feridas";"Pleno dia";"Decrescente";"Ceu Claro";"Simples";"Reta";"Rural";5;0;0;1;3;1;1;5
83517898;"11/11/16";"Sexta";"05:00:00";"RJ";101;"175";"MACAE";"Falta de atenção";"Colisão lateral";"Com Vítimas Feridas";"Amanhecer";"Crescente";"Ceu Claro";"Simples";"Curva";"Rural";3;0;1;0;2;0;1;2
83517899;"19/11/16";"Sábado";"06:05:00";"MG";381;"786,5";"SAO GONCALO DO SAPUCAI";"Velocidade incompatível";"Capotamento";"Sem Vítimas";"Amanhecer";"Decrescente";"Ceu Claro";"Dupla";"Curva";"Rural";1;0;0;0;1;0;0;1
83517963;"19/11/16";"Sábado";"07:28:00";"SP";101;"50,5";"UBATUBA";"Ultrapassagem indevida";"Colisão frontal";"Com Vítimas Feridas";"Pleno dia";"Decrescente";"Ceu Claro";"Simples";"Reta";"Urbano";3;0;1;0;2;0;1;2
83517964;"26/08/16";"Sexta";"14:30:00";"MG";153;"1";"ARAPORA";"Falta de atenção";"Colisão lateral";"Com Vítimas Feridas";"Pleno dia";"Crescente";"Ceu Claro";"Dupla";"Reta";"Urbano";2;0;1;1;0;0;2;2
83517965;"20/11/16";"Domingo";"20:32:00";"SP";116;"146";"SAO JOSE DOS CAMPOS";"Outras";"Colisão lateral";"Sem Vítimas";"Plena noite";"Crescente";"Nublado";"Dupla";"Reta";"Rural";2;0;0;0;1;1;0;2
83517966;"19/11/16";"Sábado";"19:00:00";"RR";174;"584";"AMAJARI";"Ingestão de álcool";"Colisão traseira";"Com Vítimas Feridas";"Plena noite";"Crescente";"Ceu Claro";"Simples";"Reta";"Rural";2;0;0;1;1;0;1;2
83517967;"18/11/16";"Sexta";"21:50:00";"PR";369;"412";"JURANDA";"Falta de atenção";"Colisão traseira";"Com Vítimas Feridas";"Plena noite";"Crescente";"Ceu Claro";"Simples";"Reta";"Urbano";5;0;4;0;0;1;4;2
83517968;"19/11/16";"Sábado";"04:20:00";"MG";50;"142,5";"UBERABA";"Ingestão de álcool";"Colisão traseira";"Sem Vítimas";"Plena noite";"Crescente";"Ceu Claro";"Dupla";"Reta";"Rural";2;0;0;0;2;0;0;2
83517969;"18/11/16";"Sexta";"15:10:00";"PR";280;"310";"BARRACAO";"Falta de atenção";"Colisão Transversal";"Com Vítimas Feridas";"Pleno dia";"Crescente";"Sol";"Simples";"Reta";"Rural";3;0;1;0;2;0;1;3
83517970;"15/11/16";"Terça";"22:00:00";"BA";101;"63";"ENTRE RIOS";"Outras";"Saída de Pista";"Com Vítimas Feridas";"Plena noite";"Decrescente";"Ignorada";"Simples";"Reta";"Rural";1;0;1;0;0;0;1;1
83517971;"18/11/16";"Sexta";"13:50:00";"MG";262;"358,4";"BETIM";"Defeito mecânico em veículo";"Tombamento";"Com Vítimas Feridas";"Pleno dia";"Crescente";"Ceu Claro";"Dupla";"Reta";"Urbano";1;0;0;1;0;0;1;1
83517972;"18/11/16";"Sexta";"14:05:00";"RJ";101;"523";"ANGRA DOS REIS";"Outras";"Colisão lateral";"Sem Vítimas";"Pleno dia";"Decrescente";"Chuva";"Simples";"Curva";"Urbano";2;0;0;0;2;0;0;2
83517973;"22/11/16";"Terça";"08:30:00";"SC";101;"212,9";"PALHOCA";"Desobediência à sinalização";"Colisão lateral";"Com Vítimas Feridas";"Pleno dia";"Decrescente";"Ceu Claro";"Múltipla";"Reta";"Urbano";2;0;1;0;1;0;1;2
83517974;"19/11/16";"Sábado";"00:30:00";"PE";101;"81";"JABOATAO DOS GUARARAPES";"Outras";"Saída de Pista";"Com Vítimas Feridas";"Plena noite";"Decrescente";"Nublado";"Dupla";"Reta";"Urbano";2;0;0;2;0;0;2;1
83517976;"17/10/16";"Segunda";"21:00:00";"MT";364;"299";"JACIARA";"Outras";"Colisão com objeto fixo";"Sem Vítimas";"Plena noite";"Decrescente";"Ceu Claro";"Simples";"Reta";"Rural";1;0;0;0;1;0;0;1
83517977;"31/10/16";"Segunda";"07:47:00";"SP";116;"229";"SAO PAULO";"Outras";"Colisão lateral";"Com Vítimas Feridas";"Pleno dia";"Crescente";"Ceu Claro";"Múltipla";"Reta";"Urbano";2;0;1;0;0;1;1;2
83517978;"20/11/16";"Domingo";"03:00:00";"CE";304;"80";"ARACATI";"Animais na Pista";"Saída de Pista";"Com Vítimas Feridas";"Plena noite";"Decrescente";"Ceu Claro";"Simples";"Reta";"Rural";1;0;1;0;0;0;1;1
83517979;"22/11/16";"Terça";"07:50:00";"PR";116;"112";"CURITIBA";"Não guardar distância de segurança";"Colisão traseira";"Com Vítimas Feridas";"Pleno dia";"Crescente";"Nublado";"Simples";"Reta";"Rural";3;0;2;0;1;0;2;2
83517980;"22/11/16";"Terça";"08:30:00";"GO";60;"181,9";"ABADIA DE GOIAS";"Velocidade incompatível";"Capotamento";"Com Vítimas Feridas";"Pleno dia";"Crescente";"Chuva";"Dupla";"Reta";"Rural";2;0;2;0;0;0;2;1
83517981;"20/11/16";"Domingo";"17:20:00";"MG";381;"676,8";"PERDOES";"Outras";"Derramamento de Carga";"Sem Vítimas";"Pleno dia";"Crescente";"Ceu Claro";"Dupla";"Curva";"Urbano";1;0;0;0;1;0;0;1
83517983;"06/10/16";"Quinta";"18:00:00";"MG";364;"7";"PLANURA";"Outras";"Saída de Pista";"Sem Vítimas";"Anoitecer";"Decrescente";"Ceu Claro";"Simples";"Reta";"Urbano";2;0;0;0;2;0;0;1
83517984;"22/11/16";"Terça";"07:05:00";"RS";116;"148,4";"CAXIAS DO SUL";"Outras";"Colisão com objeto fixo";"Sem Vítimas";"Pleno dia";"Decrescente";"Nublado";"Dupla";"Curva";"Urbano";1;0;0;0;1;0;0;1
83517985;"18/11/16";"Sexta";"20:30:00";"PE";101;"53";"PAULISTA";"Velocidade incompatível";"Saída de Pista";"Ignorado";"Plena noite";"Crescente";"Ceu Claro";"Múltipla";"Reta";"Urbano";1;0;0;0;0;1;0;1
83517986;"22/11/16";"Terça";"09:46:00";"PR";277;"432,3";"VIRMOND";"Não guardar distância de segurança";"Colisão traseira";"Sem Vítimas";"Pleno dia";"Decrescente";"Ceu Claro";"Simples";"Curva";"Rural";2;0;0;0;2;0;0;2
83517987;"21/11/16";"Segunda";"12:53:00";"RJ";101;"186";"CASIMIRO DE ABREU";"Defeito mecânico em veículo";"Saída de Pista";"Sem Vítimas";"Pleno dia";"Crescente";"Ceu Claro";"Dupla";"Reta";"Rural";1;0;0;0;1;0;0;1
83517988;"18/11/16";"Sexta";"20:30:00";"GO";60;"88,4";"ANAPOLIS";"Ingestão de álcool";"Colisão lateral";"Com Vítimas Feridas";"Plena noite";"Decrescente";"Chuva";"Dupla";"Reta";"Urbano";3;0;2;1;0;0;3;2
83517989;"18/11/16";"Sexta";"16:44:00";"MG";135;"628";"CURVELO";"Outras";"Colisão lateral";"Sem Vítimas";"Pleno dia";"Crescente";"Chuva";"Simples";"Curva";"Rural";2;0;0;0;2;0;0;2
83517990;"22/11/16";"Terça";"09:10:00";"PE";232;"14,3";"JABOATAO DOS GUARARAPES";"Velocidade incompatível";"Saída de Pista";"Com Vítimas Feridas";"Pleno dia";"Decrescente";"Sol";"Dupla";"Curva";"Urbano";1;0;0;1;0;0;1;1
83517991;"14/11/16";"Segunda";"22:30:00";"SC";280;"118,3";"SAO BENTO DO SUL";"Velocidade incompatível";"Capotamento";"Com Vítimas Feridas";"Plena noite";"Crescente";"Ceu Claro";"Simples";"Curva";"Rural";2;0;0;2;0;0;2;1
83517992;"22/11/16";"Terça";"07:00:00";"MT";364;"127";"PEDRA PRETA";"Outras";"Danos Eventuais";"Sem Vítimas";"Pleno dia";"Crescente";"Ceu Claro";"Simples";"Reta";"Rural";1;0;0;0;1;0;0;1
83517994;"19/11/16";"Sábado";"02:50:00";"ES";101;"293";"CARIACICA";"Defeito na via";"Colisão com objeto fixo";"Sem Vítimas";"Plena noite";"Crescente";"Chuva";"Múltipla";"Reta";"Urbano";1;0;0;0;1;0;0;1
83517995;"20/11/16";"Domingo";"21:30:00";"PR";373;"182,7";"PONTA GROSSA";"Ingestão de álcool";"Atropelamento de pessoa";"Com Vítimas Fatais";"Plena noite";"Decrescente";"Nublado";"Múltipla";"Reta";"Urbano";2;1;0;0;0;1;0;1
83517996;"18/11/16";"Sexta";"18:45:00";"MA";10;"220";"GOVERNADOR EDISON LOBAO";"Defeito mecânico em veículo";"Saída de Pista";"Sem Vítimas";"Plena noite";"Crescente";"Nublado";"Múltipla";"Reta";"Rural";1;0;0;0;1;0;0;1
83517997;"18/11/16";"Sexta";"21:45:00";"CE";20;"335,8";"CARIDADE";"Desobediência à sinalização";"Colisão frontal";"Sem Vítimas";"Plena noite";"Decrescente";"Ceu Claro";"Simples";"Curva";"Rural";2;0;0;0;2;0;0;2
83517998;"22/11/16";"Terça";"09:00:00";"PA";316;"11,2";"MARITUBA";"Não guardar distância de segurança";"Colisão traseira";"Sem Vítimas";"Pleno dia";"Crescente";"Ceu Claro";"Dupla";"Reta";"Urbano";3;0;0;0;3;0;0;3
83517999;"20/11/16";"Domingo";"18:00:00";"GO";414;"440,1";"ANAPOLIS";"Ingestão de álcool";"Colisão Transversal";"Com Vítimas Feridas";"Pleno dia";"Crescente";"Nublado";"Simples";"Curva";"Urbano";3;0;2;1;0;0;3;2
83518000;"22/11/16";"Terça";"10:30:00";"PA";316;"15";"MARITUBA";"Outras";"Colisão traseira";"Sem Vítimas";"Pleno dia";"Decrescente";"Ceu Claro";"Dupla";"Reta";"Rural";2;0;0;0;2;0;0;2
83518001;"19/11/16";"Sábado";"02:00:00";"BA";101;"359";"WENCESLAU GUIMARAES";"Outras";"Atropelamento de pessoa";"Com Vítimas Fatais";"Plena noite";"Decrescente";"Ceu Claro";"Simples";"Reta";"Urbano";2;1;0;0;0;1;0;1
83518002;"22/11/16";"Terça";"11:05:00";"ES";101;"261";"SERRA";"Outras";"Colisão lateral";"Sem Vítimas";"Pleno dia";"Crescente";"Ceu Claro";"Dupla";"Reta";"Urbano";2;0;0;0;2;0;0;2
83518003;"22/11/16";"Terça";"08:23:00";"MG";50;"93";"UBERLANDIA";"Velocidade incompatível";"Colisão traseira";"Com Vítimas Feridas";"Pleno dia";"Crescente";"Ceu Claro";"Dupla";"Reta";"Rural";2;0;1;0;1;0;1;2
83518004;"22/11/16";"Terça";"09:30:00";"RJ";493;"25";"MAGE";"Desobediência à sinalização";"Colisão frontal";"Com Vítimas Feridas";"Pleno dia";"Decrescente";"Sol";"Simples";"Reta";"Urbano";3;0;2;0;0;1;2;2
83518005;"22/11/16";"Terça";"09:30:00";"RJ";101;"304";"SAO GONCALO";"Outras";"Colisão com objeto fixo";"Sem Vítimas";"Pleno dia";"Crescente";"Ceu Claro";"Dupla";"Reta";"Urbano";1;0;0;0;1;0;0;1
83518006;"21/11/16";"Segunda";"19:18:00";"GO";40;"2";"VALPARAISO DE GOIAS";"Falta de atenção";"Atropelamento de pessoa";"Com Vítimas Feridas";"Anoitecer";"Crescente";"Nublado";"Dupla";"Reta";"Urbano";2;0;1;0;1;0;1;1
83518007;"22/11/16";"Terça";"11:45:00";"PR";376;"592,4";"CURITIBA";"Outras";"Capotamento";"Com Vítimas Feridas";"Pleno dia";"Crescente";"Nublado";"Dupla";"Reta";"Urbano";1;0;1;0;0;0;1;1
83518008;"18/11/16";"Sexta";"20:50:00";"MG";262;"814";"UBERABA";"Falta de atenção";"Colisão Transversal";"Com Vítimas Feridas";"Plena noite";"Decrescente";"Ceu Claro";"Dupla";"Reta";"Urbano";2;0;1;0;1;0;1;2
83518009;"22/11/16";"Terça";"11:00:00";"MS";163;"662,1";"RIO VERDE DE MATO GROSSO";"Velocidade incompatível";"Tombamento";"Com Vítimas Feridas";"Pleno dia";"Decrescente";"Ceu Claro";"Simples";"Reta";"Rural";1;0;1;0;0;0;1;1
83518010;"22/11/16";"Terça";"07:40:00";"RS";290;"676,7";"URUGUAIANA";"Ultrapassagem indevida";"Colisão lateral";"Com Vítimas Feridas";"Pleno dia";"Crescente";"Ceu Claro";"Simples";"Curva";"Rural";3;0;2;0;1;0;2;2
83518011;"22/11/16";"Terça";"12:00:00";"DF";60;"7";"BRASILIA";"Defeito mecânico em veículo";"Colisão com objeto fixo";"Ignorado";"Pleno dia";"Crescente";"Chuva";"Dupla";"Reta";"Urbano";2;0;0;0;0;2;0;1
83518012;"21/11/16";"Segunda";"01:30:00";"MG";381;"303,8";"ANTONIO DIAS";"Defeito mecânico em veículo";"Saída de Pista";"Com Vítimas Feridas";"Plena noite";"Decrescente";"Nublado";"Simples";"Curva";"Rural";1;0;1;0;0;0;1;1
83518013;"18/11/16";"Sexta";"14:00:00";"CE";20;"418";"MARACANAU";"Falta de atenção";"Colisão Transversal";"Com Vítimas Feridas";"Pleno dia";"Decrescente";"Sol";"Simples";"Reta";"Urbano";3;0;2;0;1;0;2;2
83518014;"14/11/16";"Segunda";"19:00:00";"MA";135;"21";"SAO LUIS";"Outras";"Colisão Transversal";"Com Vítimas Feridas";"Plena noite";"Crescente";"Ceu Claro";"Dupla";"Reta";"Urbano";2;0;1;0;1;0;1;2
83518015;"21/11/16";"Segunda";"01:45:00";"PI";343;"1,1";"TERESINA";"Outras";"Queda de motocicleta / bicicleta / veículo";"Com Vítimas Fatais";"Plena noite";"Decrescente";"Ceu Claro";"Dupla";"Reta";"Urbano";1;1;0;0;0;0;0;1
83518016;"19/11/16";"Sábado";"20:30:00";"CE";116;"22";"ITAITINGA";"Animais na Pista";"Colisão traseira";"Com Vítimas Feridas";"Plena noite";"Decrescente";"Ceu Claro";"Dupla";"Reta";"Urbano";2;0;2;0;0;0;2;2
83518017;"22/11/16";"Terça";"14:15:00";"RS";290;"91";"PORTO ALEGRE";"Falta de atenção";"Colisão lateral";"Sem Vítimas";"Pleno dia";"Decrescente";"Ceu Claro";"Simples";"Reta";"Urbano";2;0;0;0;2;0;0;2
83518018;"22/11/16";"Terça";"09:30:00";"PE";101;"44";"IGARASSU";"Outras";"Colisão lateral";"Sem Vítimas";"Pleno dia";"Decrescente";"Sol";"Dupla";"Reta";"Urbano";2;0;0;0;2;0;0;2
83518019;"22/11/16";"Terça";"09:30:00";"PE";408;"64";"CARPINA";"Falta de atenção";"Colisão Transversal";"Com Vítimas Feridas";"Pleno dia";"Crescente";"Ceu Claro";"Simples";"Cruzamento";"Urbano";2;0;1;0;1;0;1;2
83518020;"15/11/16";"Terça";"01:00:00";"MG";381;"551";"ITAGUARA";"Velocidade incompatível";"Capotamento";"Sem Vítimas";"Plena noite";"Decrescente";"Chuva";"Dupla";"Curva";"Rural";1;0;0;0;1;0;0;1
83518021;"22/11/16";"Terça";"11:00:00";"MS";262;"324";"CAMPO GRANDE";"Falta de atenção";"Colisão traseira";"Com Vítimas Feridas";"Pleno dia";"Crescente";"Ceu Claro";"Simples";"Reta";"Urbano";3;0;1;0;2;0;1;2
83518022;"22/11/16";"Terça";"13:16:00";"MS";262;"8";"TRES LAGOAS";"Falta de atenção";"Colisão com bicicleta";"Com Vítimas Feridas";"Pleno dia";"Crescente";"Ceu Claro";"Dupla";"Reta";"Urbano";2;0;1;0;1;0;1;2
83518023;"20/11/16";"Domingo";"01:29:00";"PR";116;"165";"QUITANDINHA";"Outras";"Saída de Pista";"Com Vítimas Feridas";"Plena noite";"Crescente";"Nublado";"Simples";"Reta";"Rural";1;0;0;1;0;0;1;1
83518024;"18/11/16";"Sexta";"04:30:00";"MA";135;"38";"BACABEIRA";"Dormindo";"Colisão lateral";"Com Vítimas Feridas";"Plena noite";"Crescente";"Ceu Claro";"Simples";"Reta";"Rural";2;0;1;0;1;0;1;2
83518025;"13/11/16";"Domingo";"22:00:00";"ES";262;"144";"MUNIZ FREIRE";"Desobediência à sinalização";"Colisão Transversal";"Com Vítimas Feridas";"Plena noite";"Crescente";"Chuva";"Simples";"Reta";"Rural";2;0;0;1;1;0;1;2
83518026;"19/11/16";"Sábado";"00:20:00";"MG";262;"50,1";"MANHUACU";"Animais na Pista";"Atropelamento de animal";"Sem Vítimas";"Plena noite";"Decrescente";"Chuva";"Simples";"Reta";"Urbano";1;0;0;0;1;0;0;1
83518027;"22/11/16";"Terça";"09:20:00";"SC";116;"52";"PAPANDUVA";"Outras";"Colisão traseira";"Com Vítimas Feridas";"Pleno dia";"Decrescente";"Ceu Claro";"Simples";"Reta";"Urbano";3;0;2;0;1;0;2;3
83518028;"20/11/16";"Domingo";"18:05:00";"TO";226;"64";"WANDERLANDIA";"Defeito mecânico em veículo";"Saída de Pista";"Sem Vítimas";"Anoitecer";"Crescente";"Nublado";"Simples";"Reta";"Rural";1;0;0;0;1;0;0;1
83518029;"20/11/16";"Domingo";"00:30:00";"PB";230;"2,1";"CABEDELO";"Velocidade incompatível";"Saída de Pista";"Com Vítimas Feridas";"Plena noite";"Crescente";"Ceu Claro";"Dupla";"Curva";"Urbano";2;0;0;1;0;1;1;1
83518030;"20/11/16";"Domingo";"19:30:00";"PB";104;"160";"BARRA DE SANTANA";"Desobediência à sinalização";"Colisão frontal";"Com Vítimas Feridas";"Plena noite";"Crescente";"Ceu Claro";"Simples";"Reta";"Rural";2;0;1;0;0;1;1;2
83518031;"22/11/16";"Terça";"08:55:00";"PE";101;"44,4";"IGARASSU";"Falta de atenção";"Colisão Transversal";"Com Vítimas Feridas";"Pleno dia";"Crescente";"Ceu Claro";"Múltipla";"Reta";"Urbano";2;0;0;1;1;0;1;2