"id";"data_inversa";"dia_semana";"horario";"uf";"br";"km";"municipio";"causa_acidente";"tipo_acidente";"classificacao_acidente";"fase_dia";"sentido_via";"condicao_metereologica";"tipo_pista";"tracado_via";"uso_solo";"pessoas";"mortos";"feridos_leves";"feridos_graves";"ilesos";"ignorados";"feridos";"veiculos"
83518032;"08/11/16";"Terça";"11:10:00";"SC";101;"37";"JOINVILLE";"Velocidade incompatível";"Colisão traseira";"Com Vítimas Feridas";"Pleno dia";"Decrescente";"Ceu Claro";"Dupla";"Curva";"Urbano";2;0;1;0;1;0;1;2
83518033;"22/11/16";"Terça";"14:15:00";"MG";116;"764";"LEOPOLDINA";"Falta de atenção";"Colisão Transversal";"Com Vítimas Feridas";"Pleno dia";"Crescente";"Nublado";"Simples";"Cruzamento";"Urbano";2;0;0;1;1;0;1;2
83518034;"20/11/16";"Domingo";"22:30:00";"MG";251;"319";"SALINAS";"Velocidade incompatível";"Saída de Pista";"Com Vítimas Feridas";"Plena noite";"Decrescente";"Nublado";"Simples";"Curva";"Rural";1;0;1;0;0;0;1;1
83518035;"22/11/16";"Terça";"14:20:00";"PR";116;"107";"SAO JOSE DOS PINHAIS";"Falta de atenção";"Colisão lateral";"Sem Vítimas";"Pleno dia";"Crescente";"Ceu Claro";"Dupla";"Reta";"Urbano";2;0;0;0;2;0;0;2
83518036;"22/11/16";"Terça";"10:30:00";"MA";135;"73,2";"SANTA RITA";"Outras";"Colisão traseira";"Sem Vítimas";"Pleno dia";"Decrescente";"Ceu Claro";"Simples";"Reta";"Rural";4;0;0;0;4;0;0;2
83518037;"22/11/16";"Terça";"13:10:00";"SC";101;"200";"SAO JOSE";"Outras";"Queda de motocicleta / bicicleta / veículo";"Com Vítimas Feridas";"Pleno dia";"Decrescente";"Ceu Claro";"Dupla";"Reta";"Urbano";1;0;0;1;0;0;1;1
83518038;"12/01/16";"Terça";"12:10:00";"BA";20;"165";"LUIS EDUARDO MAGALHAES";"Ultrapassagem indevida";"Saída de Pista";"Com Vítimas Feridas";"Pleno dia";"Crescente";"Nublado";"Simples";"Reta";"Rural";5;0;5;0;0;0;5;1
83518039;"29/10/16";"Sábado";"14:15:00";"MG";381;"405";"BOM JESUS DO AMPARO";"Outras";"Colisão Transversal";"Com Vítimas Feridas";"Pleno dia";"Decrescente";"Ceu Claro";"Simples";"Reta";"Rural";2;0;1;0;1;0;1;2
83518041;"22/11/16";"Terça";"12:06:00";"PA";155;"341,1";"MARABA";"Falta de atenção";"Colisão lateral";"Com Vítimas Feridas";"Pleno dia";"Crescente";"Ceu Claro";"Simples";"Reta";"Urbano";2;0;1;0;1;0;1;2
83518042;"14/11/16";"Segunda";"20:00:00";"ES";101;"206,1";"JOAO NEIVA";"Ingestão de álcool";"Colisão lateral";"Com Vítimas Feridas";"Plena noite";"Decrescente";"Chuva";"Simples";"Reta";"Urbano";3;0;1;0;2;0;1;3
83518043;"22/11/16";"Terça";"09:50:00";"MG";135;"490";"JOAQUIM FELICIO";"Dormindo";"Colisão traseira";"Sem Vítimas";"Pleno dia";"Decrescente";"Sol";"Simples";"Reta";"Rural";2;0;0;0;2;0;0;2
83518044;"22/11/16";"Terça";"11:30:00";"PR";158;"519";"PATO BRANCO";"Outras";"Colisão frontal";"Sem Vítimas";"Pleno dia";"Decrescente";"Sol";"Simples";"Reta";"Urbano";4;0;0;0;4;0;0;3
83518046;"22/11/16";"Terça";"12:40:00";"DF";60;"28";"BRASILIA";"Outras";"Capotamento";"Com Vítimas Feridas";"Pleno dia";"Decrescente";"Nublado";"Dupla";"Curva";"Rural";2;0;0;2;0;0;2;1
83518047;"22/11/16";"Terça";"06:45:00";"TO";153;"412";"MIRANORTE";"Falta de atenção";"Colisão lateral";"Com Vítimas Feridas";"Pleno dia";"Decrescente";"Sol";"Dupla";"Reta";"Urbano";3;0;2;0;1;0;2;2
83518048;"22/11/16";"Terça";"07:35:00";"MT";364;"290,3";"JACIARA";"Defeito na via";"Colisão frontal";"Sem Vítimas";"Pleno dia";"Crescente";"Nublado";"Dupla";"Reta";"Rural";2;0;0;0;2;0;0;2
83518049;"22/11/16";"Terça";"14:30:00";"RS";116;"572,3";"PEDRO OSORIO";"Outras";"Saída de Pista";"Com Vítimas Feridas";"Pleno dia";"Crescente";"Ceu Claro";"Simples";"Reta";"Rural";1;0;1;0;0;0;1;1
83518050;"22/11/16";"Terça";"08:00:00";"MG";50;"38,5";"ARAGUARI";"Outras";"Saída de Pista";"Sem Vítimas";"Pleno dia";"Crescente";"Nublado";"Dupla";"Reta";"Urbano";1;0;0;0;1;0;0;1
83518051;"22/11/16";"Terça";"13:40:00";"PE";407;"129";"PETROLINA";"Falta de atenção";"Colisão Transversal";"Com Vítimas Feridas";"Pleno dia";"Decrescente";"Sol";"Dupla";"Cruzamento";"Urbano";3;0;1;0;2;0;1;3
83518052;"06/11/16";"Domingo";"21:40:00";"MS";163;"708";"RIO VERDE DE MATO GROSSO";"Animais na Pista";"Atropelamento de animal";"Com Vítimas Feridas";"Plena noite";"Decrescente";"Chuva";"Simples";"Reta";"Rural";4;0;3;0;1;0;3;1
83518053;"22/11/16";"Terça";"14:15:00";"SC";153;"90,5";"CONCORDIA";"Falta de atenção";"Colisão lateral";"Com Vítimas Feridas";"Pleno dia";"Decrescente";"Sol";"Simples";"Reta";"Rural";2;0;1;0;1;0;1;2
83518054;"22/11/16";"Terça";"11:30:00";"RO";364;"477";"ARIQUEMES";"Dormindo";"Colisão traseira";"Sem Vítimas";"Pleno dia";"Decrescente";"Ceu Claro";"Simples";"Reta";"Rural";2;0;0;0;1;1;0;2
83518056;"22/11/16";"Terça";"14:30:00";"MG";381;"488,3";"BETIM";"Outras";"Capotamento";"Ignorado";"Pleno dia";"Decrescente";"Nublado";"Múltipla";"Reta";"Urbano";1;0;0;0;0;1;0;1
83518057;"22/11/16";"Terça";"16:00:00";"MG";40;"469,9";"SETE LAGOAS";"Velocidade incompatível";"Capotamento";"Com Vítimas Feridas";"Pleno dia";"Decrescente";"Chuva";"Dupla";"Reta";"Rural";2;0;2;0;0;0;2;1
83518058;"19/11/16";"Sábado";"22:55:00";"TO";153;"673";"GURUPI";"Falta de atenção";"Colisão traseira";"Sem Vítimas";"Plena noite";"Decrescente";"Nublado";"Simples";"Reta";"Urbano";3;0;0;0;2;1;0;2
83518059;"22/11/16";"Terça";"13:00:00";"ES";101;"310,9";"VIANA";"Ultrapassagem indevida";"Colisão Transversal";"Com Vítimas Feridas";"Pleno dia";"Crescente";"Nublado";"Simples";"Reta";"Rural";4;0;1;1;1;1;2;3
83518060;"22/11/16";"Terça";"16:40:00";"PR";376;"3,3";"APUCARANA";"Falta de atenção";"Colisão lateral";"Sem Vítimas";"Pleno dia";"Decrescente";"Ceu Claro";"Dupla";"Reta";"Urbano";2;0;0;0;2;0;0;2
83518061;"22/11/16";"Terça";"15:45:00";"MT";70;"516";"VARZEA GRANDE";"Falta de atenção";"Colisão Transversal";"Sem Vítimas";"Pleno dia";"Crescente";"Ceu Claro";"Simples";"Reta";"Urbano";5;0;0;0;5;0;0;2
83518062;"21/11/16";"Segunda";"11:30:00";"GO";364;"332";"PORTELANDIA";"Dormindo";"Colisão lateral";"Com Vítimas Feridas";"Pleno dia";"Decrescente";"Ceu Claro";"Simples";"Reta";"Rural";3;0;3;0;0;0;3;2
83518063;"20/11/16";"Domingo";"04:00:00";"MG";381;"486,4";"BETIM";"Falta de atenção";"Capotamento";"Com Vítimas Feridas";"Amanhecer";"Decrescente";"Ceu Claro";"Múltipla";"Reta";"Urbano";1;0;1;0;0;0;1;1
83518064;"22/11/16";"Terça";"13:30:00";"AM";319;"695";"HUMAITA";"Outras";"Queda de motocicleta / bicicleta / veículo";"Com Vítimas Feridas";"Pleno dia";"Decrescente";"Sol";"Simples";"Reta";"Rural";2;0;0;1;0;1;1;1
83518065;"10/02/16";"Quarta";"12:00:00";"RO";364;"502";"ARIQUEMES";"Outras";"Saída de Pista";"Com Vítimas Feridas";"Pleno dia";"Crescente";"Ceu Claro";"Simples";"Reta";"Rural";2;0;1;0;1;0;1;1
83518066;"22/11/16";"Terça";"14:15:00";"MG";40;"517";"RIBEIRAO DAS NEVES";"Velocidade incompatível";"Colisão frontal";"Com Vítimas Feridas";"Pleno dia";"Decrescente";"Chuva";"Dupla";"Reta";"Urbano";10;0;10;0;0;0;10;2
83518067;"22/11/16";"Terça";"11:00:00";"MT";70;"223";"POXOREO";"Velocidade incompatível";"Saída de Pista";"Com Vítimas Feridas";"Pleno dia";"Decrescente";"Ceu Claro";"Simples";"Reta";"Rural";1;0;0;1;0;0;1;1
83518068;"22/11/16";"Terça";"10:20:00";"MT";364;"348";"SANTO ANTONIO DO LEVERGER";"Falta de atenção";"Saída de Pista";"Com Vítimas Feridas";"Pleno dia";"Decrescente";"Ceu Claro";"Dupla";"Reta";"Rural";1;0;1;0;0;0;1;1
83518069;"22/11/16";"Terça";"14:30:00";"MG";40;"717,1";"BARBACENA";"Velocidade incompatível";"Colisão com objeto fixo";"Sem Vítimas";"Pleno dia";"Decrescente";"Chuva";"Dupla";"Curva";"Rural";1;0;0;0;1;0;0;1
83518070;"22/11/16";"Terça";"15:20:00";"PR";153;"411,5";"PAULO FRONTIN";"Falta de atenção";"Colisão Transversal";"Sem Vítimas";"Pleno dia";"Crescente";"Ceu Claro";"Simples";"Reta";"Urbano";2;0;0;0;1;1;0;2
83518071;"22/11/16";"Terça";"06:02:00";"MG";365;"630";"UBERLANDIA";"Falta de atenção";"Colisão com bicicleta";"Com Vítimas Feridas";"Amanhecer";"Decrescente";"Nublado";"Dupla";"Reta";"Urbano";2;0;0;1;0;1;1;2
83518072;"22/11/16";"Terça";"16:50:00";"RS";290;"45,5";"GLORINHA";"Dormindo";"Saída de Pista";"Com Vítimas Feridas";"Pleno dia";"Crescente";"Sol";"Dupla";"Reta";"Rural";2;0;2;0;0;0;2;1
83518073;"22/11/16";"Terça";"15:50:00";"MG";40;"754,8";"EWBANK DA CAMARA";"Velocidade incompatível";"Saída de Pista";"Sem Vítimas";"Pleno dia";"Decrescente";"Chuva";"Simples";"Curva";"Rural";1;0;0;0;1;0;0;1
83518074;"18/11/16";"Sexta";"06:15:00";"SP";153;"57,4";"SAO JOSE DO RIO PRETO";"Outras";"Queda de motocicleta / bicicleta / veículo";"Com Vítimas Feridas";"Pleno dia";"Crescente";"Ceu Claro";"Simples";"Reta";"Urbano";1;0;1;0;0;0;1;1
83518076;"22/11/16";"Terça";"09:00:00";"PB";230;"15,1";"JOAO PESSOA";"Falta de atenção";"Colisão lateral";"Com Vítimas Feridas";"Pleno dia";"Decrescente";"Ceu Claro";"Dupla";"Curva";"Urbano";2;0;0;1;1;0;1;2
83518077;"22/11/16";"Terça";"13:00:00";"PR";163;"154";"SANTA LUCIA";"Outras";"Tombamento";"Sem Vítimas";"Pleno dia";"Decrescente";"Ceu Claro";"Simples";"Curva";"Rural";1;0;0;0;1;0;0;1
83518078;"22/11/16";"Terça";"16:40:00";"MT";158;"558,1";"AGUA BOA";"Ultrapassagem indevida";"Colisão traseira";"Com Vítimas Feridas";"Pleno dia";"Crescente";"Chuva";"Simples";"Reta";"Rural";2;0;1;0;1;0;1;2
83518079;"22/11/16";"Terça";"06:30:00";"RS";116;"234,4";"NOVO HAMBURGO";"Outras";"Colisão Transversal";"Com Vítimas Feridas";"Pleno dia";"Decrescente";"Ceu Claro";"Simples";"Reta";"Urbano";2;0;1;0;1;0;1;2
83518080;"18/11/16";"Sexta";"20:50:00";"ES";101;"211";"IBIRACU";"Outras";"Capotamento";"Com Vítimas Feridas";"Plena noite";"Decrescente";"Chuva";"Dupla";"Reta";"Rural";2;0;2;0;0;0;2;1
83518081;"06/11/16";"Domingo";"18:50:00";"PR";467;"109,1";"CASCAVEL";"Outras";"Colisão lateral";"Com Vítimas Feridas";"Pleno dia";"Decrescente";"Sol";"Dupla";"Reta";"Urbano";2;0;0;1;1;0;1;2
83518082;"22/11/16";"Terça";"07:20:00";"GO";414;"368,3";"COCALZINHO DE GOIAS";"Desobediência à sinalização";"Colisão frontal";"Com Vítimas Feridas";"Pleno dia";"Decrescente";"Chuva";"Simples";"Curva";"Rural";2;0;0;1;1;0;1;2
83518083;"18/11/16";"Sexta";"18:10:00";"MG";262;"419,1";"PARA DE MINAS";"Outras";"Tombamento";"Com Vítimas Feridas";"Anoitecer";"Crescente";"Chuva";"Dupla";"Reta";"Rural";2;0;1;0;1;0;1;1
83518084;"22/11/16";"Terça";"16:40:00";"MG";381;"889";"CAMBUI";"Velocidade incompatível";"Capotamento";"Com Vítimas Feridas";"Pleno dia";"Crescente";"Chuva";"Dupla";"Curva";"Rural";7;0;2;2;3;0;4;3
83518085;"22/11/16";"Terça";"19:00:00";"RJ";116;"163";"RIO DE JANEIRO";"Outras";"Queda de motocicleta / bicicleta / veículo";"Com Vítimas Feridas";"Plena noite";"Crescente";"Ceu Claro";"Dupla";"Reta";"Urbano";2;0;2;0;0;0;2;1
83518086;"22/11/16";"Terça";"16:15:00";"RS";116;"322";"BARRA DO RIBEIRO";"Não guardar distância de segurança";"Colisão traseira";"Sem Vítimas";"Pleno dia";"Crescente";"Ceu Claro";"Simples";"Reta";"Rural";3;0;0;0;3;0;0;2
83518087;"22/11/16";"Terça";"16:05:00";"RO";364;"420";"JARU";"Falta de atenção";"Atropelamento de pessoa";"Com Vítimas Feridas";"Pleno dia";"Decrescente";"Ceu Claro";"Simples";"Reta";"Urbano";2;0;0;1;1;0;1;1
83518088;"22/11/16";"Terça";"18:20:00";"RJ";116;"164";"RIO DE JANEIRO";"Falta de atenção";"Colisão lateral";"Com Vítimas Feridas";"Anoitecer";"Crescente";"Ceu Claro";"Múltipla";"Reta";"Urbano";3;0;1;0;2;0;1;3
83518089;"22/11/16";"Terça";"09:15:00";"SC";470;"144,5";"RIO DO SUL";"Não guardar distância de segurança";"Colisão traseira";"Sem Vítimas";"Pleno dia";"Decrescente";"Nublado";"Simples";"Reta";"Urbano";2;0;0;0;2;0;0;2
83518090;"22/11/16";"Terça";"13:30:00";"SC";470;"71,3";"INDAIAL";"Falta de atenção";"Colisão lateral";"Com Vítimas Feridas";"Pleno dia";"Crescente";"Ceu Claro";"Simples";"Reta";"Urbano";2;0;0;1;1;0;1;2
83518091;"16/11/16";"Quarta";"06:30:00";"MG";135;"611";"CURVELO";"Outras";"Capotamento";"Sem Vítimas";"Pleno dia";"Decrescente";"Chuva";"Simples";"Reta";"Rural";1;0;0;0;1;0;0;1
83518092;"18/11/16";"Sexta";"17:00:00";"RJ";101;"209";"CASIMIRO DE ABREU";"Falta de atenção";"Colisão traseira";"Com Vítimas Feridas";"Pleno dia";"Crescente";"Nublado";"Simples";"Reta";"Rural";3;0;1;0;2;0;1;2
83518093;"22/11/16";"Terça";"09:30:00";"RJ";101;"255,9";"RIO BONITO";"Falta de atenção";"Colisão traseira";"Com Vítimas Feridas";"Pleno dia";"Decrescente";"Sol";"Simples";"Reta";"Rural";12;0;2;0;10;0;2;6
83518094;"22/11/16";"Terça";"11:00:00";"PE";101;"145";"RIBEIRAO";"Velocidade incompatível";"Colisão lateral";"Com Vítimas Feridas";"Pleno dia";"Decrescente";"Ceu Claro";"Dupla";"Reta";"Rural";2;0;1;0;0;1;1;2
83518095;"22/11/16";"Terça";"18:30:00";"MG";381;"367";"SAO GONCALO DO RIO ABAIXO";"Outras";"Saída de Pista";"Sem Vítimas";"Anoitecer";"Decrescente";"Chuva";"Simples";"Curva";"Rural";1;0;0;0;1;0;0;1
83518096;"20/11/16";"Domingo";"02:10:00";"RJ";101;"258";"RIO BONITO";"Animais na Pista";"Atropelamento de animal";"Ignorado";"Plena noite";"Decrescente";"Nublado";"Simples";"Reta";"Rural";1;0;0;0;0;1;0;1
83518097;"22/11/16";"Terça";"18:20:00";"PR";277;"679,4";"MEDIANEIRA";"Falta de atenção";"Queda de motocicleta / bicicleta / veículo";"Com Vítimas Feridas";"Pleno dia";"Decrescente";"Ceu Claro";"Dupla";"Reta";"Rural";1;0;1;0;0;0;1;1
83518098;"22/11/16";"Terça";"17:00:00";"PE";316;"281";"BELEM DE SAO FRANCISCO";"Outras";"Colisão Transversal";"Sem Vítimas";"Pleno dia";"Crescente";"Ceu Claro";"Simples";"Reta";"Rural";2;0;0;0;2;0;0;2
83518099;"22/11/16";"Terça";"18:40:00";"SP";101;"47,2";"UBATUBA";"Falta de atenção";"Queda de motocicleta / bicicleta / veículo";"Com Vítimas Feridas";"Anoitecer";"Crescente";"Nublado";"Simples";"Curva";"Urbano";2;0;1;0;1;0;1;1
83518100;"22/11/16";"Terça";"14:00:00";"BA";135;"148";"RIACHAO DAS NEVES";"Falta de atenção";"Colisão traseira";"Sem Vítimas";"Pleno dia";"Decrescente";"Ceu Claro";"Simples";"Curva";"Rural";3;0;0;0;3;0;0;2
83518101;"22/11/16";"Terça";"17:00:00";"MG";40;"638,2";"CONSELHEIRO LAFAIETE";"Outras";"Saída de Pista";"Com Vítimas Feridas";"Pleno dia";"Decrescente";"Chuva";"Simples";"Reta";"Rural";1;0;1;0;0;0;1;1
83518102;"17/11/16";"Quinta";"14:30:00";"AL";101;"112,3";"PILAR";"Outras";"Derramamento de Carga";"Sem Vítimas";"Pleno dia";"Crescente";"Ceu Claro";"Simples";"Curva";"Rural";2;0;0;0;2;0;0;2
83518103;"22/11/16";"Terça";"12:50:00";"BA";324;"561";"SAO SEBASTIAO DO PASSE";"Dormindo";"Colisão traseira";"Sem Vítimas";"Pleno dia";"Decrescente";"Ceu Claro";"Dupla";"Reta";"Rural";2;0;0;0;2;0;0;2
83518104;"22/11/16";"Terça";"17:00:00";"MG";40;"641,2";"CONSELHEIRO LAFAIETE";"Velocidade incompatível";"Saída de Pista";"Com Vítimas Feridas";"Pleno dia";"Crescente";"Chuva";"Simples";"Curva";"Rural";1;0;1;0;0;0;1;1
83518105;"20/11/16";"Domingo";"10:30:00";"SP";381;"65";"MAIRIPORA";"Outras";"Capotamento";"Sem Vítimas";"Pleno dia";"Decrescente";"Sol";"Dupla";"Reta";"Urbano";1;0;0;0;1;0;0;1
83518106;"22/11/16";"Terça";"19:05:00";"PR";376;"157,7";"MANDAGUACU";"Outras";"Queda de motocicleta / bicicleta / veículo";"Com Vítimas Feridas";"Pleno dia";"Decrescente";"Ceu Claro";"Múltipla";"Cruzamento";"Rural";1;0;1;0;0;0;1;1
83518107;"22/11/16";"Terça";"19:00:00";"SC";101;"138,6";"BALNEARIO CAMBORIU";"Falta de atenção";"Colisão com objeto fixo";"Com Vítimas Feridas";"Anoitecer";"Crescente";"Ceu Claro";"Dupla";"Curva";"Rural";2;0;1;0;1;0;1;1
83518108;"22/11/16";"Terça";"20:00:00";"SC";101;"131";"BALNEARIO CAMBORIU";"Defeito mecânico em veículo";"Colisão com objeto fixo";"Sem Vítimas";"Plena noite";"Decrescente";"Ceu Claro";"Dupla";"Reta";"Rural";1;0;0;0;1;0;0;1
83518109;"22/11/16";"Terça";"18:40:00";"GO";50;"246,1";"CATALAO";"Falta de atenção";"Saída de Pista";"Com Vítimas Feridas";"Anoitecer";"Decrescente";"Chuva";"Simples";"Curva";"Urbano";1;0;1;0;0;0;1;1
83518110;"22/11/16";"Terça";"11:00:00";"SE";101;"75";"MARUIM";"Não guardar distância de segurança";"Colisão traseira";"Com Vítimas Feridas";"Pleno dia";"Decrescente";"Ceu Claro";"Simples";"Reta";"Rural";4;0;2;0;2;0;2;2
83518111;"22/11/16";"Terça";"11:25:00";"SC";282;"0,1";"FLORIANOPOLIS";"Falta de atenção";"Colisão traseira";"Com Vítimas Feridas";"Pleno dia";"Decrescente";"Ceu Claro";"Dupla";"Reta";"Urbano";2;0;0;1;1;0;1;2
83518112;"22/11/16";"Terça";"20:00:00";"RS";290;"103";"PORTO ALEGRE";"Defeito mecânico em veículo";"Queda de motocicleta / bicicleta / veículo";"Com Vítimas Feridas";"Anoitecer";"Crescente";"Ceu Claro";"Dupla";"Reta";"Urbano";1;0;1;0;0;0;1;1
83518113;"22/11/16";"Terça";"15:40:00";"RS";290;"474,3";"ROSARIO DO SUL";"Falta de atenção";"Colisão frontal";"Com Vítimas Fatais";"Pleno dia";"Decrescente";"Ceu Claro";"Simples";"Reta";"Rural";3;2;0;0;1;0;0;2
83518114;"22/11/16";"Terça";"16:10:00";"MG";381;"876,5";"ESTIVA";"Velocidade incompatível";"Saída de Pista";"Sem Vítimas";"Pleno dia";"Decrescente";"Chuva";"Dupla";"Curva";"Rural";1;0;0;0;1;0;0;1
83518115;"22/11/16";"Terça";"11:30:00";"RS";116;"113,4";"SAO MARCOS";"Não guardar distância de segurança";"Colisão traseira";"Com Vítimas Feridas";"Pleno dia";"Crescente";"Sol";"Simples";"Reta";"Urbano";3;0;1;0;2;0;1;2
83518116;"22/11/16";"Terça";"14:25:00";"PA";316;"8";"ANANINDEUA";"Não guardar distância de segurança";"Colisão traseira";"Sem Vítimas";"Pleno dia";"Crescente";"Ceu Claro";"Dupla";"Reta";"Urbano";2;0;0;0;2;0;0;2
83518117;"22/11/16";"Terça";"01:10:00";"CE";20;"399";"CAUCAIA";"Dormindo";"Saída de Pista";"Com Vítimas Feridas";"Plena noite";"Crescente";"Ceu Claro";"Simples";"Reta";"Rural";3;0;2;1;0;0;3;1
83518118;"22/11/16";"Terça";"21:30:00";"PR";116;"142";"MANDIRITUBA";"Animais na Pista";"Colisão com objeto fixo";"Com Vítimas Feridas";"Plena noite";"Decrescente";"Ceu Claro";"Dupla";"Reta";"Urbano";1;0;1;0;0;0;1;1
83518119;"19/11/16";"Sábado";"05:25:00";"CE";20;"201,2";"BOA VIAGEM";"Outras";"Saída de Pista";"Com Vítimas Feridas";"Amanhecer";"Crescente";"Ceu Claro";"Simples";"Reta";"Rural";3;0;0;2;0;1;2;1
83518120;"22/11/16";"Terça";"12:30:00";"MG";365;"537";"MONTE CARMELO";"Não guardar distância de segurança";"Colisão traseira";"Com Vítimas Feridas";"Pleno dia";"Decrescente";"Chuva";"Simples";"Curva";"Rural";3;0;2;0;1;0;2;2
83518121;"22/11/16";"Terça";"10:40:00";"GO";60;"11,2";"APARECIDA DE GOIANIA";"Falta de atenção";"Colisão lateral";"Sem Vítimas";"Pleno dia";"Crescente";"Nublado";"Dupla";"Reta";"Urbano";2;0;0;0;1;1;0;2
83518123;"22/11/16";"Terça";"16:20:00";"MT";174;"44";"MIRASSOL DOESTE";"Defeito mecânico em veículo";"Colisão lateral";"Com Vítimas Feridas";"Pleno dia";"Decrescente";"Nublado";"Simples";"Reta";"Rural";3;0;1;2;0;0;3;2
83518124;"22/11/16";"Terça";"13:15:00";"MG";381;"482";"CONTAGEM";"Falta de atenção";"Queda de motocicleta / bicicleta / veículo";"Com Vítimas Feridas";"Pleno dia";"Decrescente";"Ceu Claro";"Dupla";"Reta";"Rural";1;0;1;0;0;0;1;1
83518125;"22/11/16";"Terça";"17:20:00";"SP";116;"134,2";"SAO JOSE DOS CAMPOS";"Falta de atenção";"Colisão traseira";"Sem Vítimas";"Pleno dia";"Crescente";"Ceu Claro";"Dupla";"Reta";"Rural";2;0;0;0;2;0;0;2
83518126;"22/11/16";"Terça";"18:10:00";"PI";343;"4,6";"TERESINA";"Falta de atenção";"Colisão lateral";"Com Vítimas Feridas";"Anoitecer";"Crescente";"Ceu Claro";"Múltipla";"Reta";"Urbano";2;0;1;0;1;0;1;2
83518127;"22/11/16";"Terça";"17:15:00";"SP";116;"219";"GUARULHOS";"Falta de atenção";"Colisão lateral";"Sem Vítimas";"Pleno dia";"Crescente";"Ceu Claro";"Múltipla";"Reta";"Urbano";2;0;0;0;1;1;0;2
83518128;"22/11/16";"Terça";"20:20:00";"RN";406;"148";"CEARA-MIRIM";"Animais na Pista";"Atropelamento de animal";"Com Vítimas Feridas";"Plena noite";"Crescente";"Ceu Claro";"Simples";"Reta";"Urbano";1;0;0;1;0;0;1;1
83518129;"22/11/16";"Terça";"18:40:00";"PE";232;"61";"POMBOS";"Ingestão de álcool";"Saída de Pista";"Ignorado";"Plena noite";"Crescente";"Ceu Claro";"Múltipla";"Reta";"Rural";1;0;0;0;0;1;0;1
83518130;"22/11/16";"Terça";"14:20:00";"RS";290;"51,3";"GLORINHA";"Falta de atenção";"Tombamento";"Com Vítimas Feridas";"Pleno dia";"Decrescente";"Sol";"Dupla";"Reta";"Rural";2;0;1;0;1;0;1;1
83518131;"14/11/16";"Segunda";"22:20:00";"RJ";116;"204,2";"SEROPEDICA";"Outras";"Colisão com objeto fixo";"Ignorado";"Plena noite";"Decrescente";"Chuva";"Dupla";"Reta";"Urbano";1;0;0;0;0;1;0;1
83518132;"22/11/16";"Terça";"13:45:00";"PB";230;"350";"PATOS";"Falta de atenção";"Saída de Pista";"Com Vítimas Feridas";"Pleno dia";"Decrescente";"Sol";"Simples";"Curva";"Rural";2;0;2;0;0;0;2;1
83518133;"22/11/16";"Terça";"18:30:00";"SC";101;"160,7";"TIJUCAS";"Outras";"Queda de motocicleta / bicicleta / veículo";"Com Vítimas Feridas";"Pleno dia";"Crescente";"Ceu Claro";"Dupla";"Reta";"Rural";1;0;1;0;0;0;1;1
83518134;"22/11/16";"Terça";"17:40:00";"TO";153;"234,9";"COLINAS DO TOCANTINS";"Velocidade incompatível";"Saída de Pista";"Com Vítimas Feridas";"Anoitecer";"Decrescente";"Chuva";"Simples";"Reta";"Rural";2;0;2;0;0;0;2;1
83518135;"22/11/16";"Terça";"19:30:00";"MG";40;"511";"RIBEIRAO DAS NEVES";"Não guardar distância de segurança";"Colisão traseira";"Com Vítimas Feridas";"Plena noite";"Decrescente";"Ceu Claro";"Dupla";"Reta";"Urbano";3;0;1;0;2;0;1;2
83518136;"22/11/16";"Terça";"17:45:00";"RS";290;"268,2";"CACHOEIRA DO SUL";"Falta de atenção";"Atropelamento de pessoa";"Com Vítimas Feridas";"Pleno dia";"Decrescente";"Sol";"Simples";"Reta";"Rural";2;0;0;1;1;0;1;1
83518137;"22/11/16";"Terça";"17:40:00";"MT";364;"604";"DIAMANTINO";"Defeito na via";"Saída de Pista";"Sem Vítimas";"Pleno dia";"Crescente";"Chuva";"Simples";"Curva";"Rural";1;0;0;0;1;0;0;1
83518138;"22/11/16";"Terça";"18:00:00";"MT";163;"539";"DIAMANTINO";"Defeito na via";"Saída de Pista";"Sem Vítimas";"Plena noite";"Decrescente";"Chuva";"Simples";"Reta";"Rural";1;0;0;0;1;0;0;1
83518139;"22/11/16";"Terça";"17:00:00";"GO";153;"703";"ITUMBIARA";"Falta de atenção";"Colisão traseira";"Sem Vítimas";"Pleno dia";"Decrescente";"Sol";"Dupla";"Reta";"Urbano";2;0;0;0;2;0;0;2
83518140;"22/11/16";"Terça";"21:15:00";"CE";116;"18";"EUSEBIO";"Falta de atenção";"Colisão traseira";"Com Vítimas Feridas";"Plena noite";"Decrescente";"Ceu Claro";"Dupla";"Reta";"Urbano";2;0;1;0;1;0;1;2
83518141;"22/11/16";"Terça";"18:40:00";"SC";101;"158,2";"PORTO BELO";"Outras";"Colisão com objeto móvel";"Sem Vítimas";"Pleno dia";"Decrescente";"Ceu Claro";"Dupla";"Reta";"Rural";2;0;0;0;1;1;0;2
83518142;"09/11/16";"Quarta";"14:10:00";"SP";116;"229";"SAO PAULO";"Não guardar distância de segurança";"Colisão traseira";"Com Vítimas Feridas";"Pleno dia";"Crescente";"Ceu Claro";"Múltipla";"Reta";"Urbano";2;0;1;0;1;0;1;2
83518143;"22/11/16";"Terça";"19:50:00";"RS";285;"392,9";"SANTA BARBARA DO SUL";"Dormindo";"Colisão lateral";"Com Vítimas Feridas";"Pleno dia";"Crescente";"Ceu Claro";"Simples";"Curva";"Rural";2;0;0;1;1;0;1;2