"id";"data_inversa";"dia_semana";"horario";"uf";"br";"km";"municipio";"causa_acidente";"tipo_acidente";"classificacao_acidente";"fase_dia";"sentido_via";"condicao_metereologica";"tipo_pista";"tracado_via";"uso_solo";"pessoas";"mortos";"feridos_leves";"feridos_graves";"ilesos";"ignorados";"feridos";"veiculos"
83518144;"22/11/16";"Terça";"14:30:00";"GO";60;"366,3";"RIO VERDE";"Outras";"Capotamento";"Sem Vítimas";"Pleno dia";"Crescente";"Chuva";"Dupla";"Reta";"Rural";1;0;0;0;1;0;0;1
83518145;"22/11/16";"Terça";"13:30:00";"MG";262;"408,3";"PARA DE MINAS";"Outras";"Capotamento";"Com Vítimas Feridas";"Pleno dia";"Crescente";"Chuva";"Dupla";"Reta";"Rural";3;0;3;0;0;0;3;1
83518146;"27/08/16";"Sábado";"17:00:00";"MG";381;"296";"ANTONIO DIAS";"Velocidade incompatível";"Saída de Pista";"Com Vítimas Feridas";"Pleno dia";"Crescente";"Ceu Claro";"Simples";"Curva";"Rural";1;0;0;1;0;0;1;1
83518147;"14/11/16";"Segunda";"12:30:00";"RJ";116;"208";"SEROPEDICA";"Outras";"Saída de Pista";"Sem Vítimas";"Pleno dia";"Decrescente";"Chuva";"Dupla";"Reta";"Urbano";1;0;0;0;1;0;0;1
83518148;"22/11/16";"Terça";"17:00:00";"CE";20;"414,9";"MARANGUAPE";"Não guardar distância de segurança";"Colisão traseira";"Com Vítimas Feridas";"Anoitecer";"Decrescente";"Ceu Claro";"Simples";"Reta";"Urbano";3;0;1;0;2;0;1;3
83518149;"18/11/16";"Sexta";"17:20:00";"RO";364;"437";"JARU";"Não guardar distância de segurança";"Colisão traseira";"Com Vítimas Fatais";"Pleno dia";"Decrescente";"Nublado";"Simples";"Reta";"Urbano";3;1;0;0;2;0;0;3
83518150;"22/11/16";"Terça";"09:30:00";"RJ";116;"199";"SEROPEDICA";"Outras";"Colisão lateral";"Com Vítimas Feridas";"Pleno dia";"Crescente";"Ceu Claro";"Dupla";"Reta";"Urbano";3;0;0;1;2;0;1;3
83518151;"22/11/16";"Terça";"16:40:00";"MG";116;"661";"SAO FRANCISCO DO GLORIA";"Velocidade incompatível";"Capotamento";"Com Vítimas Feridas";"Pleno dia";"Crescente";"Chuva";"Simples";"Curva";"Rural";2;0;1;0;1;0;1;1
83518152;"22/11/16";"Terça";"22:10:00";"MS";163;"366,5";"NOVA ALVORADA DO SUL";"Falta de atenção";"Colisão traseira";"Com Vítimas Feridas";"Plena noite";"Decrescente";"Ceu Claro";"Simples";"Reta";"Urbano";2;0;1;0;1;0;1;2
83518153;"22/11/16";"Terça";"21:47:00";"MG";365;"614";"UBERLANDIA";"Outras";"Colisão traseira";"Com Vítimas Feridas";"Plena noite";"Crescente";"Chuva";"Simples";"Reta";"Rural";2;0;1;1;0;0;2;2
83518154;"22/11/16";"Terça";"18:40:00";"MA";222;"208";"ITAPECURU MIRIM";"Outras";"Queda de motocicleta / bicicleta / veículo";"Com Vítimas Feridas";"Plena noite";"Decrescente";"Ceu Claro";"Simples";"Reta";"Urbano";2;0;2;0;0;0;2;1
83518155;"22/11/16";"Terça";"21:15:00";"RS";158;"3";"SANTANA DO LIVRAMENTO";"Animais na Pista";"Atropelamento de animal";"Com Vítimas Feridas";"Plena noite";"Crescente";"Ceu Claro";"Simples";"Reta";"Urbano";1;0;1;0;0;0;1;1
83518156;"22/11/16";"Terça";"12:50:00";"PB";101;"51,5";"MAMANGUAPE";"Falta de atenção";"Colisão lateral";"Sem Vítimas";"Pleno dia";"Decrescente";"Sol";"Dupla";"Curva";"Rural";2;0;0;0;2;0;0;2
83518157;"22/11/16";"Terça";"22:55:00";"CE";20;"400,1";"CAUCAIA";"Outras";"Colisão frontal";"Sem Vítimas";"Plena noite";"Decrescente";"Ceu Claro";"Simples";"Reta";"Rural";2;0;0;0;2;0;0;2
83518158;"23/11/16";"Quarta";"00:30:00";"SC";282;"3";"FLORIANOPOLIS";"Falta de atenção";"Colisão lateral";"Com Vítimas Feridas";"Plena noite";"Crescente";"Nublado";"Dupla";"Reta";"Urbano";2;0;1;0;1;0;1;2
83518159;"18/11/16";"Sexta";"19:45:00";"MG";116;"609";"SAO JOAO DO MANHUACU";"Falta de atenção";"Atropelamento de pessoa";"Com Vítimas Feridas";"Plena noite";"Crescente";"Ceu Claro";"Simples";"Reta";"Urbano";3;0;3;0;0;0;3;1
83518160;"22/11/16";"Terça";"21:00:00";"MA";316;"260";"SANTA INES";"Desobediência à sinalização";"Colisão lateral";"Com Vítimas Feridas";"Plena noite";"Crescente";"Ceu Claro";"Múltipla";"Reta";"Urbano";3;0;1;0;1;1;1;2
83518161;"22/11/16";"Terça";"17:50:00";"SP";459;"31,8";"LORENA";"Outras";"Incêndio";"Sem Vítimas";"Pleno dia";"Crescente";"Nublado";"Simples";"Cruzamento";"Urbano";1;0;0;0;1;0;0;1
83518162;"22/11/16";"Terça";"10:10:00";"AP";156;"801";"OIAPOQUE";"Falta de atenção";"Colisão Transversal";"Com Vítimas Feridas";"Pleno dia";"Decrescente";"Sol";"Simples";"Reta";"Urbano";3;0;3;0;0;0;3;2
83518163;"22/11/16";"Terça";"18:18:00";"SP";153;"107,9";"JOSE BONIFACIO";"Falta de atenção";"Colisão traseira";"Com Vítimas Feridas";"Pleno dia";"Crescente";"Nublado";"Simples";"Cruzamento";"Urbano";4;0;2;0;2;0;2;3
83518164;"23/11/16";"Quarta";"00:40:00";"PR";376;"158,3";"MANDAGUACU";"Ingestão de álcool";"Colisão traseira";"Com Vítimas Feridas";"Plena noite";"Decrescente";"Ceu Claro";"Dupla";"Reta";"Urbano";3;0;3;0;0;0;3;2
83518165;"22/11/16";"Terça";"19:15:00";"PB";230;"28,7";"JOAO PESSOA";"Defeito mecânico em veículo";"Danos Eventuais";"Com Vítimas Feridas";"Pleno dia";"Crescente";"Ceu Claro";"Dupla";"Reta";"Urbano";2;0;1;0;1;0;1;1
83518166;"22/11/16";"Terça";"11:10:00";"MG";116;"267,9";"TEOFILO OTONI";"Falta de atenção";"Colisão lateral";"Com Vítimas Feridas";"Pleno dia";"Decrescente";"Ceu Claro";"Simples";"Curva";"Rural";3;0;1;0;2;0;1;3
83518167;"22/11/16";"Terça";"14:10:00";"PR";376;"158,8";"MANDAGUACU";"Falta de atenção";"Saída de Pista";"Com Vítimas Feridas";"Pleno dia";"Decrescente";"Sol";"Dupla";"Reta";"Urbano";2;0;1;0;1;0;1;1
83518168;"23/11/16";"Quarta";"01:15:00";"CE";116;"338,8";"JAGUARIBE";"Dormindo";"Capotamento";"Sem Vítimas";"Plena noite";"Crescente";"Ceu Claro";"Simples";"Reta";"Rural";5;0;0;0;5;0;0;1
83518169;"22/11/16";"Terça";"23:30:00";"PA";316;"12";"MARITUBA";"Ingestão de álcool";"Colisão Transversal";"Com Vítimas Feridas";"Plena noite";"Crescente";"Nublado";"Dupla";"Reta";"Urbano";2;0;2;0;0;0;2;2
83518170;"22/11/16";"Terça";"18:00:00";"MG";381;"494,1";"BETIM";"Falta de atenção";"Queda de motocicleta / bicicleta / veículo";"Com Vítimas Feridas";"Pleno dia";"Decrescente";"Chuva";"Dupla";"Curva";"Urbano";1;0;1;0;0;0;1;1
83518171;"22/11/16";"Terça";"15:05:00";"PR";277;"592,8";"CASCAVEL";"Ingestão de álcool";"Colisão Transversal";"Com Vítimas Feridas";"Pleno dia";"Decrescente";"Sol";"Simples";"Reta";"Urbano";3;0;1;1;1;0;2;2
83518172;"22/11/16";"Terça";"16:45:00";"MG";381;"705,7";"LAVRAS";"Outras";"Colisão com objeto fixo";"Com Vítimas Feridas";"Pleno dia";"Crescente";"Chuva";"Dupla";"Curva";"Rural";1;0;1;0;0;0;1;1
83518173;"22/11/16";"Terça";"18:30:00";"CE";222;"225,2";"SOBRAL";"Falta de atenção";"Colisão Transversal";"Com Vítimas Fatais";"Plena noite";"Decrescente";"Ceu Claro";"Simples";"Reta";"Rural";2;1;0;0;1;0;0;2
83518174;"22/11/16";"Terça";"20:40:00";"SP";153;"163";"PROMISSAO";"Defeito mecânico em veículo";"Incêndio";"Sem Vítimas";"Plena noite";"Decrescente";"Ceu Claro";"Simples";"Reta";"Rural";2;0;0;0;2;0;0;1
83518175;"23/11/16";"Quarta";"00:20:00";"MG";381;"440";"SABARA";"Outras";"Queda de motocicleta / bicicleta / veículo";"Com Vítimas Feridas";"Plena noite";"Decrescente";"Chuva";"Simples";"Curva";"Rural";1;0;0;1;0;0;1;1
83518176;"22/11/16";"Terça";"07:40:00";"PR";277;"581";"CASCAVEL";"Falta de atenção";"Colisão Transversal";"Com Vítimas Feridas";"Pleno dia";"Decrescente";"Ceu Claro";"Simples";"Reta";"Urbano";2;0;1;0;1;0;1;2
83518177;"22/11/16";"Terça";"20:40:00";"PR";277;"592";"CASCAVEL";"Ingestão de álcool";"Colisão frontal";"Com Vítimas Feridas";"Plena noite";"Crescente";"Ceu Claro";"Simples";"Curva";"Urbano";2;0;0;1;1;0;1;2
83518178;"23/11/16";"Quarta";"03:30:00";"MG";40;"554";"NOVA LIMA";"Outras";"Saída de Pista";"Sem Vítimas";"Plena noite";"Crescente";"Chuva";"Dupla";"Reta";"Urbano";1;0;0;0;1;0;0;1
83518179;"22/11/16";"Terça";"21:30:00";"RO";364;"10";"VILHENA";"Ingestão de álcool";"Colisão frontal";"Com Vítimas Feridas";"Plena noite";"Decrescente";"Chuva";"Simples";"Reta";"Urbano";2;0;1;0;1;0;1;2
83518180;"23/11/16";"Quarta";"02:45:00";"PE";101;"70,3";"RECIFE";"Falta de atenção";"Colisão traseira";"Com Vítimas Feridas";"Plena noite";"Crescente";"Ceu Claro";"Múltipla";"Reta";"Urbano";3;0;2;0;1;0;2;2
83518181;"22/11/16";"Terça";"12:00:00";"RS";287;"240,5";"SANTA MARIA";"Não guardar distância de segurança";"Colisão traseira";"Com Vítimas Feridas";"Pleno dia";"Crescente";"Ceu Claro";"Simples";"Reta";"Urbano";6;0;2;0;4;0;2;4
83518182;"15/11/16";"Terça";"03:50:00";"ES";101;"266,2";"SERRA";"Outras";"Colisão com objeto fixo";"Com Vítimas Feridas";"Plena noite";"Decrescente";"Chuva";"Múltipla";"Cruzamento";"Urbano";1;0;1;0;0;0;1;1
83518183;"23/11/16";"Quarta";"04:10:00";"SP";116;"218,8";"GUARULHOS";"Não guardar distância de segurança";"Colisão com objeto móvel";"Sem Vítimas";"Plena noite";"Crescente";"Nublado";"Múltipla";"Reta";"Urbano";1;0;0;0;1;0;0;1
83518184;"22/11/16";"Terça";"17:40:00";"RN";101;"108";"PARNAMIRIM";"Falta de atenção";"Colisão traseira";"Com Vítimas Feridas";"Anoitecer";"Crescente";"Ceu Claro";"Dupla";"Reta";"Urbano";2;0;2;0;0;0;2;2
83518185;"18/11/16";"Sexta";"16:10:00";"ES";101;"266";"SERRA";"Outras";"Colisão lateral";"Sem Vítimas";"Pleno dia";"Decrescente";"Chuva";"Múltipla";"Reta";"Urbano";2;0;0;0;1;1;0;2
83518186;"22/11/16";"Terça";"10:45:00";"PB";101;"49,5";"MAMANGUAPE";"Outras";"Saída de Pista";"Sem Vítimas";"Pleno dia";"Decrescente";"Sol";"Dupla";"Reta";"Rural";1;0;0;0;1;0;0;1
83518187;"22/11/16";"Terça";"16:00:00";"MG";262;"479,3";"BOM DESPACHO";"Outras";"Saída de Pista";"Sem Vítimas";"Pleno dia";"Crescente";"Chuva";"Simples";"Reta";"Urbano";3;0;0;0;3;0;0;3
83518188;"19/11/16";"Sábado";"15:50:00";"SC";101;"203";"SAO JOSE";"Falta de atenção";"Colisão traseira";"Com Vítimas Feridas";"Amanhecer";"Crescente";"Ceu Claro";"Dupla";"Reta";"Urbano";2;0;1;0;1;0;1;2
83518189;"22/11/16";"Terça";"17:20:00";"PE";232;"408";"SERRA TALHADA";"Desobediência à sinalização";"Colisão Transversal";"Com Vítimas Feridas";"Pleno dia";"Crescente";"Sol";"Simples";"Reta";"Urbano";3;0;1;0;2;0;1;2
83518190;"23/11/16";"Quarta";"06:30:00";"RS";386;"434,4";"NOVA SANTA RITA";"Falta de atenção";"Colisão lateral";"Sem Vítimas";"Amanhecer";"Decrescente";"Ceu Claro";"Simples";"Reta";"Rural";2;0;0;0;2;0;0;2
83518191;"23/11/16";"Quarta";"02:45:00";"MS";163;"60,5";"ELDORADO";"Falta de atenção";"Capotamento";"Com Vítimas Feridas";"Plena noite";"Crescente";"Ceu Claro";"Simples";"Reta";"Rural";2;0;1;0;1;0;1;1
83518192;"23/11/16";"Quarta";"07:00:00";"RJ";116;"133";"DUQUE DE CAXIAS";"Defeito mecânico em veículo";"Colisão com objeto fixo";"Sem Vítimas";"Pleno dia";"Crescente";"Ceu Claro";"Dupla";"Reta";"Urbano";1;0;0;0;1;0;0;1
83518194;"12/11/16";"Sábado";"09:29:00";"BA";101;"222";"CRUZ DAS ALMAS";"Outras";"Queda de motocicleta / bicicleta / veículo";"Com Vítimas Feridas";"Pleno dia";"Crescente";"Ceu Claro";"Simples";"Reta";"Urbano";1;0;1;0;0;0;1;1
83518195;"18/11/16";"Sexta";"16:00:00";"SP";381;"63";"MAIRIPORA";"Dormindo";"Colisão traseira";"Com Vítimas Feridas";"Pleno dia";"Decrescente";"Sol";"Dupla";"Reta";"Rural";2;0;1;0;1;0;1;2
83518196;"23/11/16";"Quarta";"06:00:00";"MG";381;"503";"BETIM";"Desobediência à sinalização";"Colisão Transversal";"Com Vítimas Feridas";"Amanhecer";"Crescente";"Chuva";"Dupla";"Reta";"Rural";2;0;1;0;1;0;1;2
83518197;"19/11/16";"Sábado";"17:10:00";"GO";153;"500,8";"GOIANIA";"Falta de atenção";"Colisão lateral";"Sem Vítimas";"Pleno dia";"Crescente";"Sol";"Dupla";"Reta";"Urbano";4;0;0;0;4;0;0;2
83518198;"22/11/16";"Terça";"18:30:00";"RJ";493;"2";"ITABORAI";"Falta de atenção";"Colisão traseira";"Com Vítimas Feridas";"Anoitecer";"Decrescente";"Ceu Claro";"Simples";"Reta";"Urbano";3;0;1;0;2;0;1;2
83518199;"28/09/16";"Quarta";"13:00:00";"SP";488;"3";"APARECIDA";"Outras";"Colisão traseira";"Com Vítimas Feridas";"Pleno dia";"Crescente";"Ignorada";"Dupla";"Curva";"Urbano";2;0;1;0;0;1;1;2
83518200;"23/11/16";"Quarta";"01:00:00";"PR";277;"484,3";"NOVA LARANJEIRAS";"Velocidade incompatível";"Capotamento";"Sem Vítimas";"Plena noite";"Decrescente";"Ceu Claro";"Simples";"Curva";"Rural";1;0;0;0;1;0;0;1
83518201;"19/11/16";"Sábado";"22:30:00";"RS";116;"267,2";"CANOAS";"Falta de atenção";"Colisão Transversal";"Com Vítimas Feridas";"Plena noite";"Decrescente";"Sol";"Múltipla";"Reta";"Urbano";2;0;2;0;0;0;2;2
83518202;"23/11/16";"Quarta";"07:30:00";"RS";290;"98";"PORTO ALEGRE";"Falta de atenção";"Atropelamento de pessoa";"Com Vítimas Feridas";"Pleno dia";"Decrescente";"Ceu Claro";"Dupla";"Reta";"Urbano";2;0;1;0;1;0;1;1
83518203;"19/11/16";"Sábado";"22:10:00";"RN";304;"289,6";"MACAIBA";"Falta de atenção";"Tombamento";"Sem Vítimas";"Plena noite";"Crescente";"Ceu Claro";"Simples";"Reta";"Rural";2;0;0;0;2;0;0;2
83518204;"21/11/16";"Segunda";"02:00:00";"RJ";101;"70,5";"CAMPOS DOS GOYTACAZES";"Velocidade incompatível";"Colisão com objeto móvel";"Com Vítimas Fatais";"Plena noite";"Decrescente";"Ceu Claro";"Simples";"Reta";"Urbano";4;1;2;0;0;1;2;3
83518205;"23/11/16";"Quarta";"06:00:00";"MG";153;"209,5";"FRUTAL";"Outras";"Saída de Pista";"Sem Vítimas";"Amanhecer";"Crescente";"Chuva";"Simples";"Reta";"Rural";1;0;0;0;1;0;0;1
83518206;"23/11/16";"Quarta";"07:15:00";"PR";277;"37";"MORRETES";"Falta de atenção";"Saída de Pista";"Sem Vítimas";"Amanhecer";"Crescente";"Nublado";"Dupla";"Curva";"Rural";1;0;0;0;1;0;0;1
83518207;"20/11/16";"Domingo";"03:00:00";"MG";40;"510,5";"RIBEIRAO DAS NEVES";"Outras";"Colisão traseira";"Sem Vítimas";"Plena noite";"Decrescente";"Nublado";"Dupla";"Reta";"Urbano";2;0;0;0;1;1;0;2
83518208;"20/11/16";"Domingo";"03:20:00";"PI";316;"5";"TERESINA";"Outras";"Queda de motocicleta / bicicleta / veículo";"Com Vítimas Fatais";"Plena noite";"Decrescente";"Ceu Claro";"Múltipla";"Curva";"Urbano";1;1;0;0;0;0;0;1
83518209;"20/11/16";"Domingo";"03:20:00";"SC";470;"158,8";"TROMBUDO CENTRAL";"Ingestão de álcool";"Colisão frontal";"Com Vítimas Feridas";"Plena noite";"Decrescente";"Ceu Claro";"Simples";"Reta";"Urbano";5;0;2;3;0;0;5;2
83518210;"19/11/16";"Sábado";"13:30:00";"ES";262;"30";"DOMINGOS MARTINS";"Não guardar distância de segurança";"Colisão traseira";"Com Vítimas Feridas";"Pleno dia";"Crescente";"Sol";"Simples";"Reta";"Rural";2;0;0;1;1;0;1;2
83518211;"16/11/16";"Quarta";"12:15:00";"RS";101;"34,4";"TRES FORQUILHAS";"Falta de atenção";"Saída de Pista";"Sem Vítimas";"Pleno dia";"Decrescente";"Ceu Claro";"Dupla";"Curva";"Rural";1;0;0;0;1;0;0;1
83518212;"19/11/16";"Sábado";"09:00:00";"MG";262;"53,7";"MANHUACU";"Velocidade incompatível";"Atropelamento de pessoa";"Com Vítimas Fatais";"Pleno dia";"Decrescente";"Ceu Claro";"Simples";"Curva";"Rural";2;1;1;0;0;0;1;1
83518213;"18/11/16";"Sexta";"23:00:00";"MG";381;"656,5";"SANTO ANTONIO DO AMPARO";"Outras";"Saída de Pista";"Sem Vítimas";"Plena noite";"Decrescente";"Chuva";"Dupla";"Curva";"Rural";1;0;0;0;1;0;0;1
83518214;"23/11/16";"Quarta";"06:35:00";"SP";153;"104,2";"JOSE BONIFACIO";"Defeito mecânico em veículo";"Queda de motocicleta / bicicleta / veículo";"Com Vítimas Feridas";"Amanhecer";"Decrescente";"Nublado";"Simples";"Reta";"Rural";2;0;2;0;0;0;2;1
83518215;"22/11/16";"Terça";"08:00:00";"ES";262;"27,2";"VIANA";"Desobediência à sinalização";"Colisão lateral";"Com Vítimas Feridas";"Pleno dia";"Crescente";"Sol";"Simples";"Curva";"Rural";2;0;1;0;1;0;1;2
83518216;"19/11/16";"Sábado";"18:40:00";"RJ";40;"59";"PETROPOLIS";"Outras";"Colisão com objeto fixo";"Com Vítimas Feridas";"Plena noite";"Crescente";"Nublado";"Dupla";"Curva";"Rural";1;0;0;1;0;0;1;1
83518217;"23/11/16";"Quarta";"08:30:00";"PR";376;"197,7";"MARIALVA";"Defeito mecânico em veículo";"Queda de motocicleta / bicicleta / veículo";"Com Vítimas Feridas";"Pleno dia";"Crescente";"Nublado";"Dupla";"Reta";"Rural";2;0;0;1;1;0;1;1
83518218;"14/10/16";"Sexta";"21:11:00";"SP";381;"87";"SAO PAULO";"Outras";"Colisão lateral";"Com Vítimas Feridas";"Plena noite";"Crescente";"Nublado";"Múltipla";"Reta";"Urbano";2;0;1;0;0;1;1;2
83518219;"23/11/16";"Quarta";"08:15:00";"ES";101;"253,9";"SERRA";"Outras";"Capotamento";"Sem Vítimas";"Pleno dia";"Decrescente";"Chuva";"Simples";"Reta";"Urbano";2;0;0;0;1;1;0;2
83518220;"19/11/16";"Sábado";"21:30:00";"MA";135;"115";"MIRANDA DO NORTE";"Falta de atenção";"Colisão com bicicleta";"Com Vítimas Fatais";"Plena noite";"Crescente";"Ceu Claro";"Simples";"Reta";"Rural";2;1;0;0;0;1;0;2
83518221;"20/11/16";"Domingo";"04:15:00";"PE";101;"62";"RECIFE";"Outras";"Saída de Pista";"Com Vítimas Feridas";"Amanhecer";"Decrescente";"Nublado";"Dupla";"Reta";"Urbano";1;0;1;0;0;0;1;1
83518222;"23/11/16";"Quarta";"08:00:00";"RJ";101;"209,8";"CASIMIRO DE ABREU";"Outras";"Colisão com objeto fixo";"Sem Vítimas";"Pleno dia";"Crescente";"Chuva";"Simples";"Curva";"Rural";1;0;0;0;1;0;0;1
83518223;"15/11/16";"Terça";"21:45:00";"SC";158;"107";"CUNHA PORA";"Outras";"Saída de Pista";"Com Vítimas Feridas";"Plena noite";"Crescente";"Chuva";"Simples";"Curva";"Urbano";1;0;1;0;0;0;1;1
83518224;"23/11/16";"Quarta";"08:05:00";"SC";101;"141,6";"BALNEARIO CAMBORIU";"Velocidade incompatível";"Saída de Pista";"Com Vítimas Feridas";"Amanhecer";"Crescente";"Chuva";"Simples";"Curva";"Rural";1;0;1;0;0;0;1;1
83518225;"19/08/16";"Sexta";"22:10:00";"SP";116;"220";"GUARULHOS";"Falta de atenção";"Colisão lateral";"Sem Vítimas";"Plena noite";"Decrescente";"Ceu Claro";"Múltipla";"Reta";"Urbano";2;0;0;0;2;0;0;2
83518226;"20/11/16";"Domingo";"01:10:00";"GO";153;"498,9";"GOIANIA";"Falta de atenção";"Colisão com objeto fixo";"Sem Vítimas";"Plena noite";"Crescente";"Ceu Claro";"Dupla";"Reta";"Urbano";2;0;0;0;2;0;0;1
83518227;"23/11/16";"Quarta";"08:45:00";"RS";101;"52";"TERRA DE AREIA";"Falta de atenção";"Saída de Pista";"Com Vítimas Feridas";"Pleno dia";"Crescente";"Ceu Claro";"Dupla";"Reta";"Rural";2;0;2;0;0;0;2;1
83518228;"20/11/16";"Domingo";"05:40:00";"PE";101;"28,7";"IGARASSU";"Dormindo";"Saída de Pista";"Com Vítimas Feridas";"Pleno dia";"Crescente";"Ceu Claro";"Dupla";"Reta";"Rural";1;0;1;0;0;0;1;1
83518229;"20/11/16";"Domingo";"00:10:00";"RJ";393;"132";"SAPUCAIA";"Ingestão de álcool";"Colisão Transversal";"Com Vítimas Feridas";"Plena noite";"Decrescente";"Vento";"Simples";"Cruzamento";"Urbano";4;0;3;0;1;0;3;3
83518230;"23/11/16";"Quarta";"09:05:00";"DF";60;"0,5";"BRASILIA";"Falta de atenção";"Colisão traseira";"Com Vítimas Feridas";"Pleno dia";"Crescente";"Nublado";"Dupla";"Reta";"Urbano";3;0;2;0;1;0;2;2
83518231;"19/11/16";"Sábado";"07:10:00";"PE";101;"57,7";"PAULISTA";"Não guardar distância de segurança";"Colisão lateral";"Com Vítimas Feridas";"Pleno dia";"Decrescente";"Ceu Claro";"Dupla";"Reta";"Urbano";2;0;1;0;1;0;1;2
83518232;"20/11/16";"Domingo";"03:30:00";"PB";230;"41,8";"SANTA RITA";"Outras";"Colisão com objeto fixo";"Sem Vítimas";"Amanhecer";"Decrescente";"Nublado";"Dupla";"Reta";"Rural";2;0;0;0;2;0;0;2
83518233;"19/11/16";"Sábado";"12:55:00";"GO";153;"505,5";"APARECIDA DE GOIANIA";"Outras";"Colisão frontal";"Com Vítimas Feridas";"Pleno dia";"Decrescente";"Ceu Claro";"Dupla";"Curva";"Urbano";2;0;0;1;1;0;1;2
83518234;"23/11/16";"Quarta";"08:00:00";"SC";101;"111";"ITAJAI";"Desobediência à sinalização";"Colisão traseira";"Com Vítimas Feridas";"Pleno dia";"Crescente";"Chuva";"Dupla";"Reta";"Urbano";2;0;1;0;1;0;1;2
83518235;"19/11/16";"Sábado";"10:30:00";"PA";155;"339";"MARABA";"Ultrapassagem indevida";"Colisão frontal";"Com Vítimas Feridas";"Pleno dia";"Decrescente";"Sol";"Simples";"Curva";"Rural";5;0;1;1;3;0;2;4
83518236;"22/11/16";"Terça";"01:20:00";"CE";116;"144,6";"RUSSAS";"Outras";"Capotamento";"Com Vítimas Feridas";"Plena noite";"Crescente";"Ceu Claro";"Simples";"Reta";"Rural";5;0;4;1;0;0;5;1
83518237;"11/11/16";"Sexta";"13:30:00";"BA";101;"491";"ITAJUIPE";"Outras";"Capotamento";"Sem Vítimas";"Pleno dia";"Crescente";"Nublado";"Simples";"Curva";"Rural";1;0;0;0;1;0;0;1
83518238;"23/11/16";"Quarta";"08:15:00";"SC";101;"111,7";"NAVEGANTES";"Outras";"Colisão traseira";"Com Vítimas Feridas";"Pleno dia";"Decrescente";"Nublado";"Dupla";"Reta";"Urbano";2;0;1;0;1;0;1;2
83518239;"22/11/16";"Terça";"21:10:00";"BA";407;"212";"CAPIM GROSSO";"Ultrapassagem indevida";"Colisão frontal";"Com Vítimas Fatais";"Plena noite";"Decrescente";"Ceu Claro";"Simples";"Reta";"Rural";2;1;0;1;0;0;1;2
83518240;"16/11/16";"Quarta";"18:10:00";"CE";20;"429";"FORTALEZA";"Falta de atenção";"Colisão com bicicleta";"Com Vítimas Feridas";"Plena noite";"Decrescente";"Ceu Claro";"Simples";"Reta";"Urbano";2;0;0;1;0;1;1;2
83518242;"19/11/16";"Sábado";"08:40:00";"BA";116;"511,6";"SANTA TERESINHA";"Dormindo";"Tombamento";"Com Vítimas Feridas";"Pleno dia";"Crescente";"Ceu Claro";"Simples";"Reta";"Rural";1;0;1;0;0;0;1;1
83518245;"23/11/16";"Quarta";"09:00:00";"MG";116;"763,1";"LEOPOLDINA";"Desobediência à sinalização";"Colisão Transversal";"Com Vítimas Feridas";"Pleno dia";"Decrescente";"Nublado";"Simples";"Reta";"Urbano";4;0;1;0;3;0;1;2
83518246;"19/11/16";"Sábado";"04:30:00";"RJ";393;"105";"SAPUCAIA";"Outras";"Colisão lateral";"Com Vítimas Feridas";"Pleno dia";"Decrescente";"Ceu Claro";"Simples";"Reta";"Urbano";4;0;3;1;0;0;4;2
83518247;"23/11/16";"Quarta";"10:00:00";"MG";381;"533,5";"ITATIAIUCU";"Velocidade incompatível";"Capotamento";"Com Vítimas Feridas";"Pleno dia";"Decrescente";"Chuva";"Dupla";"Curva";"Rural";3;0;1;0;2;0;1;1
83518248;"23/11/16";"Quarta";"09:15:00";"MG";365;"676";"MONTE ALEGRE DE MINAS";"Velocidade incompatível";"Capotamento";"Sem Vítimas";"Pleno dia";"Decrescente";"Chuva";"Dupla";"Reta";"Rural";1;0;0;0;1;0;0;1
83518249;"20/11/16";"Domingo";"07:00:00";"MG";381;"310";"ANTONIO DIAS";"Outras";"Saída de Pista";"Com Vítimas Feridas";"Pleno dia";"Crescente";"Ceu Claro";"Simples";"Reta";"Rural";3;0;3;0;0;0;3;1
83518250;"19/11/16";"Sábado";"23:35:00";"GO";153;"508,9";"APARECIDA DE GOIANIA";"Outras";"Queda de motocicleta / bicicleta / veículo";"Com Vítimas Feridas";"Plena noite";"Crescente";"Ceu Claro";"Múltipla";"Reta";"Urbano";2;0;1;0;1;0;1;2
83518252;"23/11/16";"Quarta";"08:07:00";"RR";401;"2";"BOA VISTA";"Defeito mecânico em veículo";"Queda de motocicleta / bicicleta / veículo";"Com Vítimas Feridas";"Pleno dia";"Crescente";"Nublado";"Simples";"Reta";"Rural";1;0;0;1;0;0;1;1
83518253;"23/11/16";"Quarta";"09:20:00";"SP";116;"402";"MIRACATU";"Velocidade incompatível";"Saída de Pista";"Ignorado";"Plena noite";"Decrescente";"Nublado";"Dupla";"Reta";"Rural";1;0;0;0;0;1;0;1
83518254;"19/11/16";"Sábado";"21:47:00";"PE";110;"105,6";"SERTANIA";"Outras";"Queda de motocicleta / bicicleta / veículo";"Com Vítimas Feridas";"Plena noite";"Decrescente";"Ceu Claro";"Simples";"Curva";"Rural";2;0;2;0;0;0;2;1
83518255;"23/11/16";"Quarta";"06:30:00";"ES";262;"3";"CARIACICA";"Velocidade incompatível";"Colisão com objeto fixo";"Com Vítimas Feridas";"Pleno dia";"Decrescente";"Chuva";"Dupla";"Curva";"Urbano";2;0;1;0;1;0;1;1