"id";"data_inversa";"dia_semana";"horario";"uf";"br";"km";"municipio";"causa_acidente";"tipo_acidente";"classificacao_acidente";"fase_dia";"sentido_via";"condicao_metereologica";"tipo_pista";"tracado_via";"uso_solo";"pessoas";"mortos";"feridos_leves";"feridos_graves";"ilesos";"ignorados";"feridos";"veiculos"
83518256;"23/11/16";"Quarta";"06:40:00";"MG";381;"768,7";"CAMPANHA";"Velocidade incompatível";"Capotamento";"Ignorado";"Amanhecer";"Decrescente";"Nublado";"Dupla";"Reta";"Rural";1;0;0;0;0;1;0;1
83518257;"19/11/16";"Sábado";"22:45:00";"PR";277;"0,1";"PARANAGUA";"Animais na Pista";"Atropelamento de animal";"Com Vítimas Fatais";"Plena noite";"Decrescente";"Ceu Claro";"Simples";"Curva";"Urbano";1;1;0;0;0;0;0;1
83518258;"22/11/16";"Terça";"22:30:00";"BA";101;"708";"EUNAPOLIS";"Falta de atenção";"Saída de Pista";"Com Vítimas Feridas";"Plena noite";"Crescente";"Ignorada";"Simples";"Reta";"Rural";1;0;0;1;0;0;1;1
83518259;"23/11/16";"Quarta";"08:00:00";"MG";365;"731";"CANAPOLIS";"Outras";"Saída de Pista";"Sem Vítimas";"Pleno dia";"Decrescente";"Chuva";"Simples";"Reta";"Rural";1;0;0;0;1;0;0;1
83518260;"23/11/16";"Quarta";"07:30:00";"MG";381;"335";"NOVA ERA";"Velocidade incompatível";"Colisão frontal";"Sem Vítimas";"Pleno dia";"Decrescente";"Chuva";"Simples";"Reta";"Rural";2;0;0;0;2;0;0;2
83518261;"21/11/16";"Segunda";"14:10:00";"RO";364;"108";"PIMENTA BUENO";"Falta de atenção";"Colisão Transversal";"Com Vítimas Feridas";"Pleno dia";"Crescente";"Chuva";"Simples";"Reta";"Urbano";2;0;1;0;1;0;1;2
83518262;"23/11/16";"Quarta";"10:35:00";"TO";153;"139,6";"ARAGUAINA";"Falta de atenção";"Colisão lateral";"Sem Vítimas";"Pleno dia";"Crescente";"Sol";"Dupla";"Reta";"Urbano";2;0;0;0;2;0;0;2
83518263;"10/10/16";"Segunda";"11:05:00";"MG";116;"509,6";"UBAPORANGA";"Desobediência à sinalização";"Colisão traseira";"Com Vítimas Feridas";"Pleno dia";"Decrescente";"Ceu Claro";"Simples";"Reta";"Urbano";5;0;0;3;2;0;3;2
83518264;"19/11/16";"Sábado";"22:00:00";"SC";282;"36,9";"AGUAS MORNAS";"Outras";"Colisão lateral";"Com Vítimas Feridas";"Plena noite";"Crescente";"Nublado";"Simples";"Reta";"Rural";3;0;0;2;0;1;2;2
83518265;"23/11/16";"Quarta";"10:15:00";"MG";40;"493,8";"ESMERALDAS";"Velocidade incompatível";"Colisão com objeto fixo";"Com Vítimas Feridas";"Pleno dia";"Decrescente";"Chuva";"Dupla";"Curva";"Rural";1;0;1;0;0;0;1;1
83518266;"19/11/16";"Sábado";"23:30:00";"PR";277;"4";"PARANAGUA";"Ingestão de álcool";"Colisão lateral";"Sem Vítimas";"Plena noite";"Crescente";"Ceu Claro";"Dupla";"Reta";"Urbano";2;0;0;0;2;0;0;2
83518267;"20/09/16";"Terça";"08:30:00";"MG";381;"374";"SAO GONCALO DO RIO ABAIXO";"Velocidade incompatível";"Colisão frontal";"Com Vítimas Feridas";"Pleno dia";"Decrescente";"Chuva";"Simples";"Reta";"Rural";4;0;0;3;1;0;3;3
83518268;"23/11/16";"Quarta";"12:10:00";"MG";381;"531,9";"ITATIAIUCU";"Velocidade incompatível";"Saída de Pista";"Com Vítimas Feridas";"Pleno dia";"Decrescente";"Chuva";"Dupla";"Curva";"Rural";1;0;1;0;0;0;1;1
83518269;"23/11/16";"Quarta";"11:07:00";"MG";40;"493,5";"ESMERALDAS";"Velocidade incompatível";"Capotamento";"Com Vítimas Feridas";"Pleno dia";"Crescente";"Chuva";"Dupla";"Curva";"Rural";2;0;1;0;1;0;1;2
83518270;"23/11/16";"Quarta";"06:40:00";"ES";259;"46,5";"COLATINA";"Outras";"Queda de motocicleta / bicicleta / veículo";"Com Vítimas Feridas";"Pleno dia";"Decrescente";"Chuva";"Simples";"Curva";"Urbano";2;0;2;0;0;0;2;1
83518271;"19/11/16";"Sábado";"19:20:00";"MG";50;"174,8";"UBERABA";"Falta de atenção";"Colisão traseira";"Com Vítimas Feridas";"Plena noite";"Crescente";"Nublado";"Dupla";"Curva";"Urbano";3;0;1;1;0;1;2;2
83518272;"23/11/16";"Quarta";"09:10:00";"MG";365;"666";"MONTE ALEGRE DE MINAS";"Velocidade incompatível";"Capotamento";"Sem Vítimas";"Pleno dia";"Crescente";"Chuva";"Dupla";"Reta";"Rural";1;0;0;0;1;0;0;1
83518273;"23/11/16";"Quarta";"06:10:00";"DF";20;"0,4";"BRASILIA";"Velocidade incompatível";"Colisão lateral";"Com Vítimas Feridas";"Amanhecer";"Decrescente";"Ceu Claro";"Dupla";"Reta";"Urbano";4;0;1;2;1;0;3;2
83518274;"23/11/16";"Quarta";"12:05:00";"RS";290;"420";"SAO GABRIEL";"Outras";"Colisão com bicicleta";"Com Vítimas Feridas";"Pleno dia";"Decrescente";"Ceu Claro";"Simples";"Cruzamento";"Urbano";2;0;1;0;1;0;1;2
83518275;"23/11/16";"Quarta";"07:40:00";"RS";285;"531,3";"SAO LUIZ GONZAGA";"Defeito mecânico em veículo";"Colisão lateral";"Com Vítimas Feridas";"Pleno dia";"Decrescente";"Sol";"Simples";"Reta";"Rural";4;0;2;0;2;0;2;2
83518276;"21/11/16";"Segunda";"06:00:00";"MG";381;"908";"CAMBUI";"Velocidade incompatível";"Capotamento";"Sem Vítimas";"Pleno dia";"Decrescente";"Sol";"Dupla";"Curva";"Rural";1;0;0;0;1;0;0;1
83518277;"20/11/16";"Domingo";"22:30:00";"PR";277;"669";"MEDIANEIRA";"Falta de atenção";"Colisão traseira";"Com Vítimas Fatais";"Plena noite";"Crescente";"Ceu Claro";"Dupla";"Reta";"Rural";11;1;4;1;5;0;5;5
83518278;"23/11/16";"Quarta";"13:30:00";"SC";282;"210";"LAGES";"Outras";"Tombamento";"Sem Vítimas";"Pleno dia";"Decrescente";"Sol";"Simples";"Reta";"Rural";1;0;0;0;1;0;0;1
83518279;"20/11/16";"Domingo";"12:20:00";"PA";163;"590";"SANTAREM";"Velocidade incompatível";"Colisão frontal";"Com Vítimas Fatais";"Pleno dia";"Decrescente";"Ceu Claro";"Simples";"Curva";"Rural";13;9;1;2;0;1;3;3
83518280;"23/11/16";"Quarta";"13:40:00";"RS";386;"351,9";"ESTRELA";"Desobediência à sinalização";"Colisão Transversal";"Sem Vítimas";"Pleno dia";"Crescente";"Sol";"Simples";"Curva";"Urbano";2;0;0;0;2;0;0;2
83518281;"19/11/16";"Sábado";"16:30:00";"PA";155;"270";"MARABA";"Falta de atenção";"Colisão traseira";"Sem Vítimas";"Pleno dia";"Crescente";"Nublado";"Simples";"Reta";"Rural";2;0;0;0;2;0;0;2
83518282;"23/11/16";"Quarta";"13:05:00";"RS";386;"415,1";"MONTENEGRO";"Falta de atenção";"Colisão Transversal";"Sem Vítimas";"Pleno dia";"Crescente";"Ceu Claro";"Simples";"Reta";"Rural";4;0;0;0;4;0;0;2
83518283;"17/11/16";"Quinta";"14:45:00";"SC";101;"207,6";"SAO JOSE";"Falta de atenção";"Colisão traseira";"Sem Vítimas";"Pleno dia";"Decrescente";"Ceu Claro";"Múltipla";"Reta";"Urbano";2;0;0;0;2;0;0;2
83518284;"23/11/16";"Quarta";"13:00:00";"PE";428;"174";"PETROLINA";"Desobediência à sinalização";"Colisão Transversal";"Com Vítimas Feridas";"Pleno dia";"Crescente";"Sol";"Simples";"Cruzamento";"Rural";2;0;1;0;0;1;1;2
83518285;"19/11/16";"Sábado";"20:20:00";"MG";50;"174,4";"UBERABA";"Ingestão de álcool";"Atropelamento de pessoa";"Com Vítimas Feridas";"Plena noite";"Decrescente";"Ceu Claro";"Dupla";"Cruzamento";"Urbano";3;0;0;1;2;0;1;1
83518286;"23/11/16";"Quarta";"10:30:00";"PB";101;"105,8";"ALHANDRA";"Velocidade incompatível";"Saída de Pista";"Sem Vítimas";"Pleno dia";"Crescente";"Sol";"Dupla";"Curva";"Rural";1;0;0;0;1;0;0;1
83518287;"19/11/16";"Sábado";"20:00:00";"MG";262;"449";"NOVA SERRANA";"Falta de atenção";"Colisão lateral";"Com Vítimas Feridas";"Anoitecer";"Crescente";"Ceu Claro";"Simples";"Reta";"Rural";3;0;0;1;2;0;1;2
83518288;"23/11/16";"Quarta";"13:45:00";"MG";146;"500";"POCOS DE CALDAS";"Velocidade incompatível";"Capotamento";"Sem Vítimas";"Pleno dia";"Decrescente";"Ceu Claro";"Simples";"Curva";"Rural";1;0;0;0;1;0;0;1
83518289;"23/11/16";"Quarta";"10:30:00";"PR";476;"129";"CURITIBA";"Falta de atenção";"Colisão traseira";"Sem Vítimas";"Pleno dia";"Decrescente";"Ceu Claro";"Múltipla";"Reta";"Urbano";2;0;0;0;2;0;0;2
83518290;"23/11/16";"Quarta";"11:00:00";"MG";381;"521";"BRUMADINHO";"Velocidade incompatível";"Capotamento";"Sem Vítimas";"Pleno dia";"Decrescente";"Chuva";"Dupla";"Curva";"Rural";1;0;0;0;1;0;0;1
83518291;"23/11/16";"Quarta";"11:50:00";"CE";222;"241";"SOBRAL";"Velocidade incompatível";"Colisão traseira";"Com Vítimas Feridas";"Pleno dia";"Crescente";"Sol";"Simples";"Reta";"Rural";4;0;3;0;0;1;3;2
83518292;"23/11/16";"Quarta";"12:15:00";"MS";163;"423,7";"CAMPO GRANDE";"Outras";"Saída de Pista";"Com Vítimas Feridas";"Pleno dia";"Decrescente";"Sol";"Simples";"Reta";"Rural";1;0;1;0;0;0;1;1
83518293;"20/11/16";"Domingo";"03:30:00";"SC";101;"131,7";"BALNEARIO CAMBORIU";"Outras";"Colisão com objeto fixo";"Ignorado";"Plena noite";"Crescente";"Ignorada";"Dupla";"Curva";"Urbano";1;0;0;0;0;1;0;1
83518294;"23/11/16";"Quarta";"09:00:00";"RS";285;"350,3";"SALDANHA MARINHO";"Outras";"Saída de Pista";"Sem Vítimas";"Pleno dia";"Crescente";"Ceu Claro";"Simples";"Reta";"Rural";1;0;0;0;1;0;0;1
83518295;"23/11/16";"Quarta";"14:10:00";"SC";101;"87,9";"BARRA VELHA";"Falta de atenção";"Colisão traseira";"Sem Vítimas";"Pleno dia";"Decrescente";"Nublado";"Dupla";"Reta";"Urbano";3;0;0;0;2;1;0;3
83518296;"20/11/16";"Domingo";"06:00:00";"MT";163;"747";"SORRISO";"Outras";"Queda de motocicleta / bicicleta / veículo";"Ignorado";"Amanhecer";"Decrescente";"Chuva";"Simples";"Reta";"Rural";1;0;0;0;0;1;0;1
83518297;"23/11/16";"Quarta";"13:40:00";"PA";316;"61";"CASTANHAL";"Não guardar distância de segurança";"Colisão traseira";"Sem Vítimas";"Pleno dia";"Decrescente";"Ceu Claro";"Dupla";"Cruzamento";"Urbano";2;0;0;0;2;0;0;2
83518298;"23/11/16";"Quarta";"12:35:00";"PR";277;"714";"SANTA TEREZINHA DE ITAIPU";"Falta de atenção";"Queda de motocicleta / bicicleta / veículo";"Com Vítimas Feridas";"Pleno dia";"Crescente";"Ceu Claro";"Dupla";"Reta";"Rural";1;0;1;0;0;0;1;1
83518299;"23/11/16";"Quarta";"10:50:00";"PE";101;"101";"CABO DE SANTO AGOSTINHO";"Outras";"Colisão traseira";"Com Vítimas Fatais";"Pleno dia";"Crescente";"Ceu Claro";"Múltipla";"Reta";"Rural";2;1;0;0;1;0;0;2
83518300;"07/08/16";"Domingo";"06:50:00";"MT";70;"1";"BARRA DO GARCAS";"Outras";"Colisão com objeto móvel";"Com Vítimas Feridas";"Amanhecer";"Crescente";"Ignorada";"Simples";"Reta";"Urbano";3;0;1;0;1;1;1;2
83518302;"21/11/16";"Segunda";"23:02:00";"CE";222;"285,8";"FRECHEIRINHA";"Animais na Pista";"Atropelamento de animal";"Sem Vítimas";"Plena noite";"Decrescente";"Ceu Claro";"Simples";"Reta";"Rural";1;0;0;0;1;0;0;1
83518303;"31/10/16";"Segunda";"07:20:00";"RJ";101;"136";"MACAE";"Defeito mecânico em veículo";"Incêndio";"Sem Vítimas";"Pleno dia";"Crescente";"Ignorada";"Dupla";"Reta";"Urbano";1;0;0;0;1;0;0;1
83518304;"19/11/16";"Sábado";"18:10:00";"GO";60;"127";"GOIANAPOLIS";"Falta de atenção";"Colisão traseira";"Com Vítimas Feridas";"Pleno dia";"Crescente";"Ceu Claro";"Dupla";"Curva";"Rural";6;0;4;1;1;0;5;2
83518305;"23/11/16";"Quarta";"07:00:00";"MG";262;"519";"LUZ";"Velocidade incompatível";"Saída de Pista";"Com Vítimas Feridas";"Pleno dia";"Crescente";"Chuva";"Simples";"Reta";"Rural";2;0;2;0;0;0;2;1
83518306;"19/01/16";"Terça";"21:00:00";"GO";60;"46,5";"ALEXANIA";"Outras";"Capotamento";"Sem Vítimas";"Plena noite";"Decrescente";"Chuva";"Múltipla";"Curva";"Rural";1;0;0;0;1;0;0;1
83518307;"10/08/16";"Quarta";"06:20:00";"SP";116;"227";"GUARULHOS";"Falta de atenção";"Colisão lateral";"Sem Vítimas";"Amanhecer";"Crescente";"Ceu Claro";"Múltipla";"Reta";"Urbano";2;0;0;0;2;0;0;2
83518308;"20/11/16";"Domingo";"02:50:00";"SC";101;"415";"ARARANGUA";"Outras";"Capotamento";"Ignorado";"Plena noite";"Crescente";"Ignorada";"Simples";"Reta";"Rural";1;0;0;0;0;1;0;1
83518309;"23/11/16";"Quarta";"13:20:00";"MG";381;"344";"BELA VISTA DE MINAS";"Velocidade incompatível";"Saída de Pista";"Com Vítimas Feridas";"Pleno dia";"Decrescente";"Chuva";"Simples";"Curva";"Rural";5;0;2;0;3;0;2;1
83518310;"23/11/16";"Quarta";"07:45:00";"SC";101;"205";"SAO JOSE";"Falta de atenção";"Saída de Pista";"Ignorado";"Amanhecer";"Crescente";"Chuva";"Dupla";"Curva";"Urbano";1;0;0;0;0;1;0;1
83518311;"19/11/16";"Sábado";"18:10:00";"PE";232;"82,5";"GRAVATA";"Falta de atenção";"Colisão traseira";"Sem Vítimas";"Anoitecer";"Crescente";"Nublado";"Dupla";"Curva";"Rural";3;0;0;0;3;0;0;3
83518312;"23/11/16";"Quarta";"11:30:00";"MG";262;"108,6";"SANTO ANTONIO DO GRAMA";"Velocidade incompatível";"Saída de Pista";"Com Vítimas Feridas";"Pleno dia";"Decrescente";"Chuva";"Simples";"Curva";"Rural";2;0;0;2;0;0;2;1
83518313;"23/11/16";"Quarta";"14:40:00";"GO";60;"342";"SANTO ANTONIO DA BARRA";"Velocidade incompatível";"Saída de Pista";"Sem Vítimas";"Pleno dia";"Crescente";"Chuva";"Dupla";"Reta";"Rural";1;0;0;0;1;0;0;1
83518314;"23/11/16";"Quarta";"14:40:00";"TO";153;"442";"BARROLANDIA";"Falta de atenção";"Colisão traseira";"Sem Vítimas";"Pleno dia";"Crescente";"Ceu Claro";"Simples";"Reta";"Rural";2;0;0;0;2;0;0;2
83518315;"23/11/16";"Quarta";"13:50:00";"RJ";116;"7";"SAPUCAIA";"Outras";"Saída de Pista";"Com Vítimas Feridas";"Pleno dia";"Decrescente";"Chuva";"Simples";"Curva";"Rural";1;0;1;0;0;0;1;1
83518316;"16/11/16";"Quarta";"01:30:00";"MG";262;"716,5";"ARAXA";"Outras";"Saída de Pista";"Com Vítimas Feridas";"Plena noite";"Crescente";"Ceu Claro";"Simples";"Reta";"Rural";5;0;4;1;0;0;5;1
83518317;"23/11/16";"Quarta";"07:00:00";"MG";116;"409,4";"GOVERNADOR VALADARES";"Defeito na via";"Queda de motocicleta / bicicleta / veículo";"Com Vítimas Feridas";"Pleno dia";"Decrescente";"Chuva";"Dupla";"Cruzamento";"Urbano";1;0;1;0;0;0;1;1
83518318;"23/11/16";"Quarta";"14:45:00";"MG";135;"386,1";"MONTES CLAROS";"Outras";"Colisão frontal";"Com Vítimas Feridas";"Pleno dia";"Crescente";"Chuva";"Simples";"Reta";"Rural";4;0;1;0;3;0;1;2
83518319;"23/11/16";"Quarta";"16:30:00";"SC";153;"98";"CONCORDIA";"Velocidade incompatível";"Capotamento";"Com Vítimas Feridas";"Pleno dia";"Decrescente";"Sol";"Simples";"Curva";"Rural";1;0;1;0;0;0;1;1
83518320;"12/11/16";"Sábado";"15:58:00";"SC";101;"198,8";"BIGUACU";"Falta de atenção";"Colisão lateral";"Com Vítimas Feridas";"Pleno dia";"Decrescente";"Ceu Claro";"Dupla";"Reta";"Urbano";3;0;2;0;1;0;2;2
83518321;"19/11/16";"Sábado";"22:30:00";"MG";40;"584";"ITABIRITO";"Outras";"Saída de Pista";"Com Vítimas Feridas";"Plena noite";"Crescente";"Nublado";"Simples";"Reta";"Rural";2;0;2;0;0;0;2;1
83518322;"23/11/16";"Quarta";"11:30:00";"MG";381;"519";"IGARAPE";"Velocidade incompatível";"Colisão com objeto fixo";"Com Vítimas Feridas";"Pleno dia";"Decrescente";"Chuva";"Dupla";"Curva";"Urbano";1;0;0;1;0;0;1;1
83518323;"23/11/16";"Quarta";"14:10:00";"MG";381;"697,2";"LAVRAS";"Outras";"Saída de Pista";"Com Vítimas Feridas";"Pleno dia";"Decrescente";"Chuva";"Dupla";"Curva";"Rural";3;0;1;0;2;0;1;1
83518324;"23/11/16";"Quarta";"15:20:00";"PR";467;"117";"CASCAVEL";"Velocidade incompatível";"Colisão traseira";"Sem Vítimas";"Pleno dia";"Crescente";"Ceu Claro";"Dupla";"Curva";"Urbano";2;0;0;0;2;0;0;2
83518325;"23/11/16";"Quarta";"05:10:00";"MG";40;"826";"SIMAO PEREIRA";"Outras";"Saída de Pista";"Sem Vítimas";"Plena noite";"Decrescente";"Chuva";"Dupla";"Curva";"Rural";1;0;0;0;1;0;0;1
83518326;"23/11/16";"Quarta";"13:20:00";"MG";381;"717,2";"CARMO DA CACHOEIRA";"Falta de atenção";"Capotamento";"Sem Vítimas";"Pleno dia";"Decrescente";"Chuva";"Dupla";"Curva";"Rural";1;0;0;0;1;0;0;1
83518327;"19/11/16";"Sábado";"07:50:00";"AL";104;"38,2";"UNIAO DOS PALMARES";"Falta de atenção";"Colisão Transversal";"Com Vítimas Feridas";"Pleno dia";"Crescente";"Ceu Claro";"Simples";"Curva";"Rural";3;0;0;2;1;0;2;2
83518328;"23/11/16";"Quarta";"10:30:00";"AC";364;"123";"RIO BRANCO";"Falta de atenção";"Colisão traseira";"Sem Vítimas";"Pleno dia";"Crescente";"Nublado";"Dupla";"Reta";"Urbano";2;0;0;0;2;0;0;2
83518329;"23/11/16";"Quarta";"14:30:00";"MT";163;"31,7";"ITIQUIRA";"Velocidade incompatível";"Saída de Pista";"Sem Vítimas";"Pleno dia";"Crescente";"Chuva";"Dupla";"Reta";"Rural";1;0;0;0;1;0;0;1
83518330;"15/11/16";"Terça";"18:15:00";"ES";101;"68";"SAO MATEUS";"Outras";"Queda de motocicleta / bicicleta / veículo";"Com Vítimas Fatais";"Anoitecer";"Decrescente";"Chuva";"Simples";"Reta";"Urbano";2;1;0;1;0;0;1;1
83518331;"31/03/16";"Quinta";"23:30:00";"PE";110;"237,3";"PETROLANDIA";"Animais na Pista";"Saída de Pista";"Com Vítimas Fatais";"Plena noite";"Crescente";"Nublado";"Simples";"Curva";"Rural";3;2;0;1;0;0;1;1
83518332;"23/11/16";"Quarta";"16:40:00";"BA";116;"14,7";"VITORIA DA CONQUISTA";"Desobediência à sinalização";"Colisão Transversal";"Com Vítimas Feridas";"Pleno dia";"Crescente";"Ceu Claro";"Simples";"Reta";"Urbano";3;0;3;0;0;0;3;2
83518333;"18/07/16";"Segunda";"20:00:00";"PE";408;"29,6";"TIMBAUBA";"Outras";"Colisão frontal";"Com Vítimas Fatais";"Plena noite";"Decrescente";"Ceu Claro";"Simples";"Curva";"Rural";2;1;0;0;0;1;0;2
83518334;"23/11/16";"Quarta";"10:10:00";"SC";101;"129,5";"BALNEARIO CAMBORIU";"Falta de atenção";"Colisão lateral";"Com Vítimas Feridas";"Pleno dia";"Decrescente";"Sol";"Dupla";"Reta";"Urbano";3;0;1;1;1;0;2;2
83518335;"23/11/16";"Quarta";"17:30:00";"MG";262;"380";"JUATUBA";"Outras";"Saída de Pista";"Com Vítimas Feridas";"Pleno dia";"Decrescente";"Chuva";"Dupla";"Curva";"Urbano";1;0;1;0;0;0;1;1
83518336;"23/11/16";"Quarta";"11:00:00";"ES";101;"272,3";"SERRA";"Outras";"Capotamento";"Com Vítimas Feridas";"Pleno dia";"Decrescente";"Chuva";"Dupla";"Reta";"Urbano";2;0;1;0;1;0;1;1
83518337;"23/11/16";"Quarta";"15:10:00";"MG";356;"271,4";"MURIAE";"Velocidade incompatível";"Colisão frontal";"Com Vítimas Feridas";"Pleno dia";"Crescente";"Chuva";"Simples";"Curva";"Rural";2;0;0;1;1;0;1;2
83518338;"23/11/16";"Quarta";"17:20:00";"SC";282;"509";"XANXERE";"Ultrapassagem indevida";"Saída de Pista";"Com Vítimas Fatais";"Plena noite";"Decrescente";"Sol";"Simples";"Reta";"Rural";2;1;0;0;1;0;0;2
83518339;"22/10/16";"Sábado";"17:45:00";"AC";364;"137,2";"RIO BRANCO";"Outras";"Atropelamento de pessoa";"Com Vítimas Feridas";"Anoitecer";"Crescente";"Ceu Claro";"Simples";"Reta";"Urbano";2;0;0;1;1;0;1;1
83518340;"23/11/16";"Quarta";"15:00:00";"SP";116;"133,9";"CACAPAVA";"Não guardar distância de segurança";"Colisão traseira";"Com Vítimas Feridas";"Pleno dia";"Crescente";"Sol";"Dupla";"Reta";"Urbano";4;0;1;0;3;0;1;3
83518341;"23/11/16";"Quarta";"15:30:00";"MG";381;"533,6";"ITATIAIUCU";"Velocidade incompatível";"Capotamento";"Sem Vítimas";"Pleno dia";"Decrescente";"Chuva";"Dupla";"Curva";"Rural";1;0;0;0;1;0;0;1
83518342;"23/11/16";"Quarta";"12:20:00";"MG";262;"607,7";"CAMPOS ALTOS";"Velocidade incompatível";"Capotamento";"Com Vítimas Feridas";"Pleno dia";"Crescente";"Chuva";"Simples";"Curva";"Rural";5;0;3;2;0;0;5;1
83518343;"23/11/16";"Quarta";"14:20:00";"CE";20;"403,8";"CAUCAIA";"Desobediência à sinalização";"Colisão Transversal";"Com Vítimas Fatais";"Pleno dia";"Decrescente";"Sol";"Simples";"Reta";"Urbano";6;3;1;1;1;0;2;2
83518344;"19/11/16";"Sábado";"17:30:00";"PR";469;"1";"FOZ DO IGUACU";"Falta de atenção";"Colisão Transversal";"Sem Vítimas";"Pleno dia";"Decrescente";"Ceu Claro";"Simples";"Cruzamento";"Urbano";2;0;0;0;2;0;0;2
83518345;"23/11/16";"Quarta";"14:15:00";"RO";319;"63";"PORTO VELHO";"Falta de atenção";"Colisão Transversal";"Com Vítimas Feridas";"Pleno dia";"Decrescente";"Ceu Claro";"Dupla";"Reta";"Urbano";2;0;1;0;1;0;1;2
83518346;"23/11/16";"Quarta";"16:30:00";"RO";364;"16";"VILHENA";"Falta de atenção";"Tombamento";"Com Vítimas Feridas";"Pleno dia";"Decrescente";"Ceu Claro";"Dupla";"Reta";"Urbano";2;0;1;0;1;0;1;2
83518348;"23/11/16";"Quarta";"11:45:00";"PR";277;"79,9";"CURITIBA";"Outras";"Colisão com objeto fixo";"Sem Vítimas";"Pleno dia";"Decrescente";"Nublado";"Dupla";"Reta";"Urbano";1;0;0;0;1;0;0;1
83518349;"23/11/16";"Quarta";"18:20:00";"MG";381;"782,7";"CAMPANHA";"Velocidade incompatível";"Capotamento";"Sem Vítimas";"Pleno dia";"Decrescente";"Chuva";"Dupla";"Curva";"Rural";1;0;0;0;1;0;0;1
83518350;"23/11/16";"Quarta";"15:30:00";"PE";101;"127";"ESCADA";"Outras";"Colisão lateral";"Com Vítimas Feridas";"Pleno dia";"Decrescente";"Sol";"Dupla";"Reta";"Urbano";3;0;2;0;1;0;2;2
83518352;"23/11/16";"Quarta";"11:10:00";"MG";267;"71,1";"BICAS";"Velocidade incompatível";"Saída de Pista";"Com Vítimas Feridas";"Pleno dia";"Crescente";"Chuva";"Simples";"Curva";"Rural";1;0;1;0;0;0;1;1
83518353;"23/11/16";"Quarta";"17:40:00";"GO";60;"385";"RIO VERDE";"Defeito mecânico em veículo";"Colisão lateral";"Com Vítimas Feridas";"Pleno dia";"Decrescente";"Chuva";"Dupla";"Reta";"Urbano";4;0;2;0;2;0;2;2
83518354;"11/11/16";"Sexta";"23:40:00";"RN";406;"167";"SAO GONCALO DO AMARANTE";"Falta de atenção";"Queda de motocicleta / bicicleta / veículo";"Com Vítimas Feridas";"Plena noite";"Crescente";"Ceu Claro";"Dupla";"Reta";"Rural";1;0;0;1;0;0;1;1
83518355;"23/11/16";"Quarta";"16:15:00";"PR";476;"137";"CURITIBA";"Velocidade incompatível";"Colisão lateral";"Com Vítimas Feridas";"Pleno dia";"Decrescente";"Ceu Claro";"Dupla";"Reta";"Urbano";4;0;3;0;1;0;3;2
83518356;"23/11/16";"Quarta";"07:40:00";"BA";101;"206";"GOVERNADOR MANGABEIRA";"Outras";"Colisão Transversal";"Com Vítimas Feridas";"Pleno dia";"Crescente";"Ceu Claro";"Simples";"Reta";"Urbano";3;0;3;0;0;0;3;2
83518357;"22/11/16";"Terça";"17:20:00";"RN";101;"83";"SAO GONCALO DO AMARANTE";"Ingestão de álcool";"Colisão traseira";"Sem Vítimas";"Pleno dia";"Crescente";"Ceu Claro";"Dupla";"Reta";"Urbano";2;0;0;0;2;0;0;2
83518358;"23/11/16";"Quarta";"20:25:00";"SC";280;"53,4";"GUARAMIRIM";"Falta de atenção";"Colisão Transversal";"Com Vítimas Feridas";"Plena noite";"Decrescente";"Nublado";"Simples";"Reta";"Urbano";2;0;1;0;1;0;1;2
83518359;"23/11/16";"Quarta";"16:50:00";"RS";116;"152";"CAXIAS DO SUL";"Desobediência à sinalização";"Colisão lateral";"Com Vítimas Feridas";"Pleno dia";"Crescente";"Ceu Claro";"Simples";"Reta";"Urbano";2;0;1;0;0;1;1;2
83518360;"23/11/16";"Quarta";"15:30:00";"RS";116;"156,5";"CAXIAS DO SUL";"Defeito mecânico em veículo";"Saída de Pista";"Com Vítimas Feridas";"Pleno dia";"Decrescente";"Sol";"Simples";"Reta";"Urbano";1;0;1;0;0;0;1;1
83518361;"27/10/16";"Quinta";"11:55:00";"RJ";40;"98";"DUQUE DE CAXIAS";"Outras";"Colisão Transversal";"Com Vítimas Feridas";"Pleno dia";"Crescente";"Nublado";"Dupla";"Curva";"Rural";3;0;1;0;1;1;1;2
83518362;"21/11/16";"Segunda";"23:30:00";"GO";20;"208,3";"POSSE";"Outras";"Colisão traseira";"Com Vítimas Feridas";"Plena noite";"Crescente";"Chuva";"Simples";"Reta";"Rural";9;0;6;0;2;1;6;3
83518363;"19/11/16";"Sábado";"15:00:00";"PE";101;"85";"JABOATAO DOS GUARARAPES";"Falta de atenção";"Colisão traseira";"Sem Vítimas";"Pleno dia";"Crescente";"Ceu Claro";"Simples";"Reta";"Urbano";2;0;0;0;2;0;0;2
83518364;"23/11/16";"Quarta";"12:02:00";"PB";230;"26,1";"JOAO PESSOA";"Velocidade incompatível";"Colisão com objeto fixo";"Sem Vítimas";"Pleno dia";"Crescente";"Chuva";"Múltipla";"Curva";"Urbano";1;0;0;0;1;0;0;1
83518365;"20/11/16";"Domingo";"17:30:00";"MG";381;"887";"ESTIVA";"Outras";"Colisão frontal";"Com Vítimas Feridas";"Pleno dia";"Crescente";"Nublado";"Simples";"Reta";"Rural";3;0;2;0;1;0;2;2
83518366;"23/11/16";"Quarta";"17:50:00";"TO";153;"442";"BARROLANDIA";"Ultrapassagem indevida";"Colisão lateral";"Sem Vítimas";"Pleno dia";"Decrescente";"Ceu Claro";"Simples";"Reta";"Rural";2;0;0;0;2;0;0;2