"id";"data_inversa";"dia_semana";"horario";"uf";"br";"km";"municipio";"causa_acidente";"tipo_acidente";"classificacao_acidente";"fase_dia";"sentido_via";"condicao_metereologica";"tipo_pista";"tracado_via";"uso_solo";"pessoas";"mortos";"feridos_leves";"feridos_graves";"ilesos";"ignorados";"feridos";"veiculos"
83518707;"25/11/16";"Sexta";"07:55:00";"RS";386;"343,7";"LAJEADO";"Não guardar distância de segurança";"Colisão traseira";"Sem Vítimas";"Pleno dia";"Crescente";"Nublado";"Simples";"Reta";"Urbano";4;0;0;0;4;0;0;4
83518708;"22/10/16";"Sábado";"21:00:00";"MG";50;"204,6";"DELTA";"Falta de atenção";"Saída de Pista";"Com Vítimas Feridas";"Plena noite";"Decrescente";"Nublado";"Dupla";"Reta";"Rural";5;0;2;3;0;0;5;1
83518710;"22/11/16";"Terça";"16:40:00";"ES";101;"306,9";"VIANA";"Outras";"Queda de motocicleta / bicicleta / veículo";"Com Vítimas Feridas";"Pleno dia";"Decrescente";"Nublado";"Simples";"Reta";"Rural";2;0;2;0;0;0;2;1
83518711;"22/11/16";"Terça";"03:10:00";"SP";116;"550";"BARRA DO TURVO";"Falta de atenção";"Tombamento";"Sem Vítimas";"Plena noite";"Crescente";"Ceu Claro";"Dupla";"Curva";"Rural";1;0;0;0;1;0;0;1
83518712;"22/11/16";"Terça";"06:00:00";"PR";376;"175,5";"MARINGA";"Desobediência à sinalização";"Colisão Transversal";"Com Vítimas Feridas";"Amanhecer";"Decrescente";"Ceu Claro";"Dupla";"Reta";"Urbano";2;0;1;0;1;0;1;2
83518713;"25/11/16";"Sexta";"07:00:00";"RJ";116;"201";"SEROPEDICA";"Defeito mecânico em veículo";"Colisão com objeto fixo";"Sem Vítimas";"Amanhecer";"Decrescente";"Ceu Claro";"Dupla";"Reta";"Rural";1;0;0;0;1;0;0;1
83518714;"22/11/16";"Terça";"16:40:00";"MG";251;"449,8";"GRAO MOGOL";"Outras";"Tombamento";"Com Vítimas Feridas";"Pleno dia";"Decrescente";"Ceu Claro";"Simples";"Curva";"Rural";1;0;1;0;0;0;1;1
83518715;"08/11/16";"Terça";"05:20:00";"SC";101;"209,7";"SAO JOSE";"Defeito mecânico em veículo";"Colisão traseira";"Com Vítimas Feridas";"Plena noite";"Decrescente";"Nublado";"Dupla";"Reta";"Urbano";2;0;0;1;1;0;1;2
83518716;"14/10/16";"Sexta";"09:40:00";"RS";285;"241,6";"CIRIACO";"Velocidade incompatível";"Colisão frontal";"Com Vítimas Fatais";"Pleno dia";"Crescente";"Ceu Claro";"Simples";"Reta";"Rural";2;1;1;0;0;0;1;2
83518717;"07/11/16";"Segunda";"14:25:00";"DF";251;"4";"BRASILIA";"Outras";"Colisão traseira";"Sem Vítimas";"Pleno dia";"Decrescente";"Nublado";"Simples";"Reta";"Rural";3;0;0;0;3;0;0;3
83518718;"21/11/16";"Segunda";"17:30:00";"MG";40;"545";"BELO HORIZONTE";"Ingestão de álcool";"Atropelamento de pessoa";"Com Vítimas Feridas";"Pleno dia";"Crescente";"Ceu Claro";"Dupla";"Reta";"Urbano";2;0;0;1;1;0;1;1
83518720;"21/11/16";"Segunda";"21:45:00";"PR";116;"105";"SAO JOSE DOS PINHAIS";"Ingestão de álcool";"Colisão lateral";"Sem Vítimas";"Plena noite";"Crescente";"Nublado";"Dupla";"Reta";"Rural";2;0;0;0;2;0;0;2
83518721;"25/11/16";"Sexta";"07:35:00";"GO";153;"503";"GOIANIA";"Outras";"Colisão traseira";"Sem Vítimas";"Pleno dia";"Decrescente";"Nublado";"Dupla";"Reta";"Urbano";3;0;0;0;1;2;0;3
83518722;"22/11/16";"Terça";"05:50:00";"SC";101;"193";"BIGUACU";"Outras";"Queda de motocicleta / bicicleta / veículo";"Com Vítimas Feridas";"Pleno dia";"Crescente";"Ceu Claro";"Dupla";"Reta";"Urbano";3;0;2;0;1;0;2;3
83518723;"22/10/16";"Sábado";"11:27:00";"PR";376;"636";"TIJUCAS DO SUL";"Falta de atenção";"Colisão traseira";"Com Vítimas Feridas";"Pleno dia";"Crescente";"Ceu Claro";"Dupla";"Reta";"Rural";6;0;1;2;3;0;3;3
83518724;"21/11/16";"Segunda";"18:35:00";"MG";116;"409";"GOVERNADOR VALADARES";"Defeito na via";"Colisão lateral";"Com Vítimas Feridas";"Pleno dia";"Decrescente";"Chuva";"Dupla";"Reta";"Urbano";2;0;1;0;1;0;1;2
83518725;"22/11/16";"Terça";"06:30:00";"RS";116;"228";"DOIS IRMAOS";"Não guardar distância de segurança";"Colisão lateral";"Com Vítimas Feridas";"Amanhecer";"Crescente";"Ceu Claro";"Simples";"Curva";"Rural";2;0;0;1;1;0;1;2
83518726;"21/11/16";"Segunda";"15:17:00";"CE";222;"299,8";"TIANGUA";"Ultrapassagem indevida";"Colisão frontal";"Com Vítimas Feridas";"Pleno dia";"Crescente";"Ceu Claro";"Simples";"Curva";"Rural";2;0;1;0;1;0;1;2
83518727;"21/11/16";"Segunda";"17:50:00";"RJ";101;"573";"PARATI";"Ultrapassagem indevida";"Atropelamento de pessoa";"Com Vítimas Feridas";"Pleno dia";"Crescente";"Ceu Claro";"Simples";"Reta";"Urbano";7;0;1;1;4;1;2;2
83518728;"17/11/16";"Quinta";"21:30:00";"RJ";101;"166";"MACAE";"Outras";"Atropelamento de animal";"Sem Vítimas";"Plena noite";"Crescente";"Nublado";"Dupla";"Reta";"Rural";1;0;0;0;1;0;0;1
83518729;"21/11/16";"Segunda";"09:30:00";"MG";354;"754";"ITAMONTE";"Outras";"Colisão com bicicleta";"Com Vítimas Feridas";"Pleno dia";"Crescente";"Ceu Claro";"Simples";"Reta";"Urbano";2;0;1;0;1;0;1;2
83518730;"25/11/16";"Sexta";"08:00:00";"SC";116;"206";"PONTE ALTA";"Desobediência à sinalização";"Colisão Transversal";"Sem Vítimas";"Pleno dia";"Decrescente";"Nublado";"Simples";"Cruzamento";"Urbano";2;0;0;0;2;0;0;2
83518731;"22/11/16";"Terça";"01:25:00";"PE";232;"259,9";"ARCOVERDE";"Animais na Pista";"Atropelamento de animal";"Sem Vítimas";"Plena noite";"Decrescente";"Ceu Claro";"Simples";"Reta";"Rural";1;0;0;0;1;0;0;1
83518732;"21/11/16";"Segunda";"15:45:00";"AC";364;"139";"RIO BRANCO";"Ingestão de álcool";"Colisão lateral";"Com Vítimas Feridas";"Pleno dia";"Crescente";"Ceu Claro";"Dupla";"Reta";"Urbano";2;0;1;1;0;0;2;2
83518733;"24/11/16";"Quinta";"12:20:00";"PE";424;"34";"VENTUROSA";"Falta de atenção";"Colisão traseira";"Com Vítimas Feridas";"Pleno dia";"Decrescente";"Sol";"Simples";"Reta";"Rural";2;0;0;1;0;1;1;2
83518734;"25/11/16";"Sexta";"07:30:00";"SC";101;"215";"PALHOCA";"Falta de atenção";"Colisão lateral";"Com Vítimas Feridas";"Pleno dia";"Decrescente";"Ceu Claro";"Dupla";"Reta";"Urbano";2;0;1;0;1;0;1;2
83518735;"21/11/16";"Segunda";"13:20:00";"MG";116;"416";"GOVERNADOR VALADARES";"Outras";"Colisão Transversal";"Com Vítimas Feridas";"Pleno dia";"Crescente";"Nublado";"Múltipla";"Reta";"Urbano";2;0;2;0;0;0;2;2
83518737;"19/10/16";"Quarta";"00:05:00";"MG";262;"517";"LUZ";"Defeito mecânico em veículo";"Colisão frontal";"Com Vítimas Feridas";"Plena noite";"Decrescente";"Ceu Claro";"Simples";"Reta";"Rural";3;0;1;0;2;0;1;3
83518738;"22/11/16";"Terça";"02:50:00";"MG";381;"772,5";"CAMPANHA";"Dormindo";"Saída de Pista";"Sem Vítimas";"Plena noite";"Crescente";"Ceu Claro";"Dupla";"Curva";"Rural";1;0;0;0;1;0;0;1
83518739;"30/07/16";"Sábado";"10:00:00";"PA";10;"339";"SAO MIGUEL DO GUAMA";"Falta de atenção";"Colisão frontal";"Com Vítimas Fatais";"Plena noite";"Decrescente";"Ceu Claro";"Dupla";"Reta";"Rural";2;1;0;0;1;0;0;2
83518740;"15/07/16";"Sexta";"07:15:00";"PA";316;"132";"BONITO";"Outras";"Colisão lateral";"Com Vítimas Feridas";"Pleno dia";"Crescente";"Ceu Claro";"Simples";"Reta";"Rural";2;0;1;0;1;0;1;2
83518741;"25/11/16";"Sexta";"09:30:00";"SC";282;"47,8";"AGUAS MORNAS";"Ultrapassagem indevida";"Colisão frontal";"Com Vítimas Fatais";"Pleno dia";"Decrescente";"Nublado";"Simples";"Curva";"Rural";3;1;1;0;1;0;1;2
83518742;"03/10/16";"Segunda";"21:30:00";"SE";235;"109";"CARIRA";"Desobediência à sinalização";"Colisão frontal";"Com Vítimas Fatais";"Plena noite";"Decrescente";"Ceu Claro";"Simples";"Reta";"Urbano";2;2;0;0;0;0;0;2
83518743;"25/11/16";"Sexta";"11:00:00";"MG";116;"417";"GOVERNADOR VALADARES";"Falta de atenção";"Colisão Transversal";"Com Vítimas Feridas";"Pleno dia";"Crescente";"Chuva";"Simples";"Reta";"Urbano";2;0;1;0;1;0;1;2
83518744;"25/11/16";"Sexta";"08:30:00";"BA";101;"715,9";"EUNAPOLIS";"Ultrapassagem indevida";"Colisão lateral";"Com Vítimas Feridas";"Pleno dia";"Crescente";"Nublado";"Simples";"Reta";"Urbano";3;0;2;0;1;0;2;2
83518745;"13/08/16";"Sábado";"05:25:00";"PR";116;"112";"CURITIBA";"Velocidade incompatível";"Saída de Pista";"Com Vítimas Feridas";"Plena noite";"Crescente";"Nublado";"Dupla";"Reta";"Rural";1;0;0;1;0;0;1;1
83518746;"12/10/16";"Quarta";"13:30:00";"SC";282;"20";"PALHOCA";"Outras";"Colisão Transversal";"Com Vítimas Feridas";"Pleno dia";"Crescente";"Ignorada";"Simples";"Reta";"Urbano";3;0;1;0;2;0;1;2
83518747;"21/11/16";"Segunda";"17:45:00";"PR";163;"154,8";"SANTA LUCIA";"Outras";"Saída de Pista";"Sem Vítimas";"Pleno dia";"Decrescente";"Ceu Claro";"Simples";"Curva";"Rural";1;0;0;0;1;0;0;1
83518748;"25/11/16";"Sexta";"10:30:00";"SC";101;"123";"ITAJAI";"Desobediência à sinalização";"Colisão Transversal";"Com Vítimas Feridas";"Pleno dia";"Crescente";"Nublado";"Simples";"Cruzamento";"Urbano";2;0;1;0;1;0;1;2
83518749;"16/11/16";"Quarta";"08:45:00";"PR";467;"111,3";"CASCAVEL";"Outras";"Colisão com objeto fixo";"Com Vítimas Feridas";"Pleno dia";"Crescente";"Sol";"Dupla";"Reta";"Rural";1;0;1;0;0;0;1;1
83518750;"25/11/16";"Sexta";"08:35:00";"SC";101;"121,5";"ITAJAI";"Falta de atenção";"Colisão lateral";"Com Vítimas Feridas";"Pleno dia";"Decrescente";"Ceu Claro";"Dupla";"Reta";"Urbano";2;0;1;0;1;0;1;2
83518751;"24/11/16";"Quinta";"19:00:00";"GO";158;"195";"CAIAPONIA";"Outras";"Capotamento";"Com Vítimas Feridas";"Anoitecer";"Decrescente";"Chuva";"Simples";"Curva";"Rural";1;0;1;0;0;0;1;1
83518752;"25/11/16";"Sexta";"09:45:00";"RS";392;"37,4";"RIO GRANDE";"Falta de atenção";"Saída de Pista";"Com Vítimas Feridas";"Pleno dia";"Decrescente";"Sol";"Dupla";"Reta";"Rural";1;0;1;0;0;0;1;1
83518753;"22/11/16";"Terça";"03:00:00";"PR";277;"128";"BALSA NOVA";"Dormindo";"Colisão traseira";"Com Vítimas Feridas";"Plena noite";"Crescente";"Ceu Claro";"Dupla";"Reta";"Rural";3;0;1;0;2;0;1;2
83518754;"05/11/16";"Sábado";"10:30:00";"RJ";101;"334";"RIO DE JANEIRO";"Falta de atenção";"Colisão com objeto fixo";"Com Vítimas Feridas";"Pleno dia";"Crescente";"Chuva";"Múltipla";"Curva";"Urbano";3;0;3;0;0;0;3;1
83518755;"08/04/16";"Sexta";"19:40:00";"BA";116;"820,5";"VITORIA DA CONQUISTA";"Outras";"Atropelamento de pessoa";"Com Vítimas Fatais";"Plena noite";"Crescente";"Ceu Claro";"Simples";"Reta";"Urbano";2;1;0;0;0;1;0;1
83518756;"25/11/16";"Sexta";"10:50:00";"PR";369;"202,1";"APUCARANA";"Desobediência à sinalização";"Colisão Transversal";"Com Vítimas Feridas";"Pleno dia";"Decrescente";"Sol";"Simples";"Cruzamento";"Urbano";2;0;1;0;0;1;1;2
83518757;"10/11/16";"Quinta";"19:00:00";"GO";40;"74,5";"CRISTALINA";"Falta de atenção";"Saída de Pista";"Sem Vítimas";"Plena noite";"Decrescente";"Nublado";"Dupla";"Reta";"Rural";1;0;0;0;1;0;0;1
83518758;"25/11/16";"Sexta";"11:00:00";"PR";369;"178";"ARAPONGAS";"Velocidade incompatível";"Capotamento";"Com Vítimas Feridas";"Pleno dia";"Crescente";"Ceu Claro";"Dupla";"Reta";"Rural";1;0;1;0;0;0;1;1
83518759;"21/11/16";"Segunda";"20:20:00";"PA";316;"1";"ANANINDEUA";"Falta de atenção";"Colisão Transversal";"Com Vítimas Feridas";"Plena noite";"Crescente";"Ceu Claro";"Dupla";"Reta";"Urbano";2;0;1;0;1;0;1;2
83518760;"25/11/16";"Sexta";"09:55:00";"MS";163;"279,9";"DOURADOS";"Desobediência à sinalização";"Colisão Transversal";"Com Vítimas Feridas";"Pleno dia";"Decrescente";"Ceu Claro";"Dupla";"Reta";"Urbano";2;0;1;0;1;0;1;2
83518761;"25/11/16";"Sexta";"08:20:00";"PE";101;"59";"RECIFE";"Animais na Pista";"Colisão traseira";"Com Vítimas Feridas";"Pleno dia";"Decrescente";"Ceu Claro";"Simples";"Curva";"Urbano";2;0;1;0;1;0;1;2
83518762;"25/11/16";"Sexta";"10:00:00";"RO";364;"344";"JI-PARANA";"Falta de atenção";"Colisão Transversal";"Sem Vítimas";"Pleno dia";"Decrescente";"Ceu Claro";"Múltipla";"Cruzamento";"Urbano";4;0;0;0;4;0;0;2
83518763;"21/11/16";"Segunda";"07:10:00";"GO";153;"304,1";"RIALMA";"Velocidade incompatível";"Tombamento";"Com Vítimas Feridas";"Amanhecer";"Decrescente";"Chuva";"Simples";"Reta";"Urbano";2;0;2;0;0;0;2;1
83518764;"25/11/16";"Sexta";"14:00:00";"RS";386;"423";"MONTENEGRO";"Defeito mecânico em veículo";"Tombamento";"Com Vítimas Feridas";"Pleno dia";"Decrescente";"Ceu Claro";"Dupla";"Reta";"Rural";1;0;0;1;0;0;1;1
83518765;"25/11/16";"Sexta";"13:00:00";"SC";116;"176,2";"SAO CRISTOVAO DO SUL";"Defeito mecânico em veículo";"Colisão com objeto fixo";"Sem Vítimas";"Pleno dia";"Decrescente";"Chuva";"Simples";"Curva";"Rural";1;0;0;0;1;0;0;1
83518766;"25/11/16";"Sexta";"11:15:00";"SC";163;"69,2";"SAO MIGUEL DOESTE";"Falta de atenção";"Atropelamento de pessoa";"Com Vítimas Feridas";"Pleno dia";"Decrescente";"Ceu Claro";"Simples";"Reta";"Urbano";2;0;1;0;1;0;1;1
83518767;"25/11/16";"Sexta";"12:40:00";"RS";392;"231,3";"CACAPAVA DO SUL";"Ultrapassagem indevida";"Colisão lateral";"Sem Vítimas";"Pleno dia";"Decrescente";"Ceu Claro";"Simples";"Curva";"Rural";2;0;0;0;2;0;0;2
83518768;"21/11/16";"Segunda";"12:00:00";"SC";280;"29";"ARAQUARI";"Falta de atenção";"Colisão Transversal";"Com Vítimas Feridas";"Pleno dia";"Crescente";"Sol";"Simples";"Reta";"Urbano";2;0;1;1;0;0;2;2
83518769;"25/11/16";"Sexta";"11:30:00";"MS";262;"42";"TRES LAGOAS";"Falta de atenção";"Saída de Pista";"Sem Vítimas";"Pleno dia";"Decrescente";"Sol";"Simples";"Reta";"Rural";1;0;0;0;1;0;0;1
83518770;"07/11/16";"Segunda";"04:45:00";"MG";116;"109,3";"ITAOBIM";"Outras";"Colisão lateral";"Com Vítimas Fatais";"Plena noite";"Crescente";"Nublado";"Simples";"Curva";"Rural";3;1;2;0;0;0;2;2
83518771;"25/11/16";"Sexta";"12:40:00";"SC";470;"303,5";"CAMPOS NOVOS";"Velocidade incompatível";"Tombamento";"Sem Vítimas";"Pleno dia";"Crescente";"Nublado";"Simples";"Reta";"Rural";1;0;0;0;1;0;0;1
83518772;"25/11/16";"Sexta";"13:30:00";"SC";470;"60";"BLUMENAU";"Não guardar distância de segurança";"Colisão lateral";"Sem Vítimas";"Pleno dia";"Decrescente";"Nublado";"Simples";"Reta";"Urbano";3;0;0;0;3;0;0;3
83518773;"16/07/16";"Sábado";"17:30:00";"MS";262;"322";"CAMPO GRANDE";"Ingestão de álcool";"Queda de motocicleta / bicicleta / veículo";"Com Vítimas Feridas";"Anoitecer";"Crescente";"Ignorada";"Simples";"Curva";"Urbano";1;0;1;0;0;0;1;1
83518774;"25/11/16";"Sexta";"08:20:00";"PB";230;"29";"JOAO PESSOA";"Desobediência à sinalização";"Colisão Transversal";"Com Vítimas Feridas";"Pleno dia";"Crescente";"Sol";"Dupla";"Reta";"Urbano";2;0;1;0;1;0;1;2
83518775;"25/11/16";"Sexta";"10:00:00";"RJ";101;"288";"ITABORAI";"Outras";"Colisão traseira";"Com Vítimas Feridas";"Pleno dia";"Crescente";"Ceu Claro";"Dupla";"Curva";"Rural";5;0;1;0;3;1;1;4
83518776;"25/11/16";"Sexta";"09:50:00";"SC";470;"58,3";"BLUMENAU";"Desobediência à sinalização";"Colisão lateral";"Com Vítimas Feridas";"Pleno dia";"Decrescente";"Nublado";"Simples";"Curva";"Urbano";2;0;1;0;1;0;1;2
83518777;"25/11/16";"Sexta";"14:15:00";"RS";290;"199";"RIO PARDO";"Outras";"Saída de Pista";"Com Vítimas Feridas";"Pleno dia";"Decrescente";"Ceu Claro";"Dupla";"Reta";"Rural";1;0;1;0;0;0;1;1
83518778;"25/11/16";"Sexta";"10:45:00";"PR";376;"601";"CURITIBA";"Outras";"Colisão Transversal";"Com Vítimas Feridas";"Pleno dia";"Decrescente";"Ceu Claro";"Dupla";"Reta";"Urbano";3;0;1;0;2;0;1;3
83518779;"25/11/16";"Sexta";"09:30:00";"PI";343;"155,9";"BRASILEIRA";"Falta de atenção";"Capotamento";"Sem Vítimas";"Pleno dia";"Crescente";"Ceu Claro";"Simples";"Reta";"Rural";1;0;0;0;1;0;0;1
83518780;"25/11/16";"Sexta";"13:50:00";"GO";60;"2,2";"APARECIDA DE GOIANIA";"Falta de atenção";"Colisão lateral";"Com Vítimas Feridas";"Pleno dia";"Decrescente";"Sol";"Dupla";"Cruzamento";"Urbano";2;0;0;1;1;0;1;2
83518781;"25/11/16";"Sexta";"07:10:00";"AM";319;"701,5";"HUMAITA";"Outras";"Saída de Pista";"Com Vítimas Fatais";"Amanhecer";"Decrescente";"Sol";"Simples";"Reta";"Rural";3;2;0;1;0;0;1;1
83518782;"30/09/16";"Sexta";"18:30:00";"RN";406;"136,8";"TAIPU";"Desobediência à sinalização";"Colisão frontal";"Com Vítimas Feridas";"Anoitecer";"Decrescente";"Ceu Claro";"Simples";"Reta";"Rural";6;0;1;3;1;1;4;2
83518783;"25/11/16";"Sexta";"13:00:00";"RJ";116;"275";"BARRA MANSA";"Outras";"Colisão com objeto fixo";"Sem Vítimas";"Pleno dia";"Crescente";"Ceu Claro";"Dupla";"Curva";"Rural";1;0;0;0;1;0;0;1
83518784;"22/08/16";"Segunda";"18:05:00";"GO";364;"375";"SANTA RITA DO ARAGUAIA";"Falta de atenção";"Colisão lateral";"Com Vítimas Fatais";"Anoitecer";"Crescente";"Nublado";"Simples";"Reta";"Rural";4;1;1;1;1;0;2;3
83518785;"25/11/16";"Sexta";"15:50:00";"RS";386;"167";"CARAZINHO";"Falta de atenção";"Saída de Pista";"Sem Vítimas";"Pleno dia";"Crescente";"Ceu Claro";"Simples";"Reta";"Rural";1;0;0;0;1;0;0;1
83518787;"25/11/16";"Sexta";"12:50:00";"PE";428;"192";"PETROLINA";"Desobediência à sinalização";"Colisão Transversal";"Sem Vítimas";"Pleno dia";"Decrescente";"Ceu Claro";"Dupla";"Reta";"Urbano";2;0;0;0;1;1;0;2
83518788;"25/11/16";"Sexta";"15:10:00";"RS";287;"241";"SANTA MARIA";"Não guardar distância de segurança";"Colisão traseira";"Com Vítimas Feridas";"Pleno dia";"Crescente";"Ceu Claro";"Dupla";"Reta";"Urbano";2;0;1;0;1;0;1;2
83518789;"23/11/16";"Quarta";"05:45:00";"MT";364;"115";"ALTO GARCAS";"Falta de atenção";"Colisão traseira";"Com Vítimas Feridas";"Pleno dia";"Crescente";"Ceu Claro";"Simples";"Reta";"Urbano";3;0;1;0;2;0;1;2
83518790;"13/11/16";"Domingo";"02:20:00";"MG";40;"473";"SETE LAGOAS";"Outras";"Colisão com objeto fixo";"Ignorado";"Plena noite";"Decrescente";"Chuva";"Dupla";"Reta";"Urbano";1;0;0;0;0;1;0;1
83518791;"25/11/16";"Sexta";"15:00:00";"MG";116;"276,7";"TEOFILO OTONI";"Não guardar distância de segurança";"Colisão traseira";"Sem Vítimas";"Pleno dia";"Crescente";"Nublado";"Simples";"Reta";"Urbano";3;0;0;0;3;0;0;3
83518792;"25/11/16";"Sexta";"16:00:00";"RJ";393;"274";"BARRA DO PIRAI";"Falta de atenção";"Colisão traseira";"Sem Vítimas";"Pleno dia";"Crescente";"Ceu Claro";"Simples";"Reta";"Urbano";2;0;0;0;2;0;0;2
83518793;"25/11/16";"Sexta";"10:50:00";"SP";116;"125,5";"CACAPAVA";"Outras";"Colisão lateral";"Com Vítimas Feridas";"Pleno dia";"Decrescente";"Ceu Claro";"Dupla";"Reta";"Urbano";2;0;1;0;1;0;1;2
83518794;"25/11/16";"Sexta";"09:40:00";"MG";40;"771,5";"JUIZ DE FORA";"Defeito na via";"Saída de Pista";"Sem Vítimas";"Pleno dia";"Decrescente";"Ceu Claro";"Simples";"Reta";"Urbano";2;0;0;0;1;1;0;2
83518795;"25/11/16";"Sexta";"15:10:00";"PR";116;"116";"CURITIBA";"Falta de atenção";"Colisão lateral";"Sem Vítimas";"Pleno dia";"Crescente";"Neve";"Dupla";"Reta";"Urbano";2;0;0;0;2;0;0;2
83518796;"25/11/16";"Sexta";"10:20:00";"PR";158;"497";"PATO BRANCO";"Outras";"Saída de Pista";"Com Vítimas Feridas";"Pleno dia";"Crescente";"Chuva";"Simples";"Reta";"Rural";1;0;1;0;0;0;1;1
83518797;"18/11/16";"Sexta";"03:30:00";"PE";101;"38";"IGARASSU";"Dormindo";"Colisão com objeto fixo";"Sem Vítimas";"Plena noite";"Crescente";"Ceu Claro";"Dupla";"Curva";"Rural";1;0;0;0;1;0;0;1
83518798;"25/11/16";"Sexta";"08:05:00";"RS";386;"173";"CARAZINHO";"Não guardar distância de segurança";"Colisão traseira";"Com Vítimas Feridas";"Pleno dia";"Crescente";"Nublado";"Simples";"Reta";"Urbano";7;0;1;0;6;0;1;2
83518799;"25/11/16";"Sexta";"12:15:00";"ES";101;"286";"CARIACICA";"Falta de atenção";"Colisão lateral";"Com Vítimas Feridas";"Pleno dia";"Decrescente";"Ceu Claro";"Dupla";"Reta";"Urbano";3;0;0;1;2;0;1;3
83518800;"25/11/16";"Sexta";"14:30:00";"GO";60;"165,5";"GOIANIA";"Falta de atenção";"Colisão lateral";"Sem Vítimas";"Pleno dia";"Decrescente";"Ceu Claro";"Dupla";"Reta";"Urbano";2;0;0;0;2;0;0;2
83518801;"25/11/16";"Sexta";"15:00:00";"MT";70;"601";"POCONE";"Outras";"Capotamento";"Ignorado";"Pleno dia";"Decrescente";"Chuva";"Simples";"Reta";"Rural";1;0;0;0;0;1;0;1
83518802;"22/11/16";"Terça";"06:30:00";"GO";60;"183";"ABADIA DE GOIAS";"Outras";"Saída de Pista";"Sem Vítimas";"Amanhecer";"Crescente";"Chuva";"Dupla";"Reta";"Rural";1;0;0;0;1;0;0;1
83518803;"21/11/16";"Segunda";"21:45:00";"RJ";116;"190";"QUEIMADOS";"Defeito mecânico em veículo";"Colisão traseira";"Com Vítimas Fatais";"Plena noite";"Crescente";"Ignorada";"Dupla";"Curva";"Urbano";2;1;0;0;1;0;0;2
83518804;"25/11/16";"Sexta";"13:20:00";"RR";174;"693";"PACARAIMA";"Ingestão de álcool";"Colisão traseira";"Sem Vítimas";"Pleno dia";"Crescente";"Ceu Claro";"Simples";"Reta";"Rural";3;0;0;0;3;0;0;2
83518805;"21/11/16";"Segunda";"15:20:00";"PB";230;"39";"SANTA RITA";"Falta de atenção";"Colisão traseira";"Com Vítimas Feridas";"Pleno dia";"Decrescente";"Sol";"Dupla";"Reta";"Urbano";3;0;1;0;2;0;1;2
83518806;"06/10/16";"Quinta";"06:26:00";"PR";116;"89";"PIRAQUARA";"Outras";"Saída de Pista";"Com Vítimas Feridas";"Amanhecer";"Decrescente";"Ignorada";"Dupla";"Reta";"Rural";1;0;1;0;0;0;1;1
83518807;"25/11/16";"Sexta";"16:00:00";"SC";470;"151";"AGRONOMICA";"Falta de atenção";"Saída de Pista";"Sem Vítimas";"Pleno dia";"Decrescente";"Nublado";"Simples";"Cruzamento";"Rural";1;0;0;0;1;0;0;1
83518808;"24/11/16";"Quinta";"01:45:00";"ES";259;"73,5";"COLATINA";"Outras";"Colisão traseira";"Sem Vítimas";"Pleno dia";"Crescente";"Nublado";"Simples";"Reta";"Rural";2;0;0;0;1;1;0;2
83518809;"25/11/16";"Sexta";"16:05:00";"SC";470;"57,5";"BLUMENAU";"Desobediência à sinalização";"Colisão Transversal";"Com Vítimas Feridas";"Pleno dia";"Crescente";"Nublado";"Simples";"Reta";"Urbano";2;0;1;0;1;0;1;2
83518810;"25/11/16";"Sexta";"12:40:00";"SC";470;"124,5";"IBIRAMA";"Velocidade incompatível";"Capotamento";"Sem Vítimas";"Pleno dia";"Crescente";"Chuva";"Simples";"Curva";"Rural";1;0;0;0;1;0;0;1
83518811;"25/11/16";"Sexta";"14:40:00";"SP";116;"112,6";"TAUBATE";"Falta de atenção";"Colisão traseira";"Com Vítimas Feridas";"Pleno dia";"Crescente";"Ceu Claro";"Dupla";"Reta";"Urbano";2;0;1;0;1;0;1;2
83518812;"25/11/16";"Sexta";"09:45:00";"SP";116;"105,3";"TAUBATE";"Não guardar distância de segurança";"Colisão traseira";"Com Vítimas Feridas";"Pleno dia";"Decrescente";"Sol";"Dupla";"Curva";"Urbano";2;0;1;0;0;1;1;2
83518813;"21/11/16";"Segunda";"07:50:00";"PR";476;"136,7";"CURITIBA";"Falta de atenção";"Colisão lateral";"Com Vítimas Feridas";"Pleno dia";"Decrescente";"Nublado";"Múltipla";"Reta";"Urbano";2;0;1;0;1;0;1;2
83518814;"25/11/16";"Sexta";"13:00:00";"BA";101;"875";"TEIXEIRA DE FREITAS";"Falta de atenção";"Colisão Transversal";"Sem Vítimas";"Pleno dia";"Crescente";"Nublado";"Dupla";"Reta";"Urbano";2;0;0;0;2;0;0;2
83518815;"25/11/16";"Sexta";"15:30:00";"PI";402;"34,5";"PARNAIBA";"Falta de atenção";"Colisão Transversal";"Com Vítimas Feridas";"Pleno dia";"Crescente";"Sol";"Simples";"Reta";"Urbano";2;0;0;1;0;1;1;2
83518816;"25/11/16";"Sexta";"16:50:00";"PR";376;"178,4";"MARINGA";"Outras";"Colisão Transversal";"Com Vítimas Feridas";"Pleno dia";"Decrescente";"Nublado";"Dupla";"Cruzamento";"Urbano";2;0;1;0;1;0;1;2
83518817;"25/11/16";"Sexta";"13:30:00";"SC";282;"442,4";"PONTE SERRADA";"Velocidade incompatível";"Colisão lateral";"Sem Vítimas";"Pleno dia";"Crescente";"Chuva";"Simples";"Curva";"Rural";2;0;0;0;2;0;0;2