"id";"data_inversa";"dia_semana";"horario";"uf";"br";"km";"municipio";"causa_acidente";"tipo_acidente";"classificacao_acidente";"fase_dia";"sentido_via";"condicao_metereologica";"tipo_pista";"tracado_via";"uso_solo";"pessoas";"mortos";"feridos_leves";"feridos_graves";"ilesos";"ignorados";"feridos";"veiculos"
83518928;"25/11/16";"Sexta";"12:00:00";"PB";230;"7";"CABEDELO";"Animais na Pista";"Atropelamento de animal";"Com Vítimas Feridas";"Pleno dia";"Decrescente";"Sol";"Dupla";"Reta";"Urbano";1;0;1;0;0;0;1;1
83518929;"26/11/16";"Sábado";"00:50:00";"PR";376;"264,4";"CALIFORNIA";"Ingestão de álcool";"Colisão traseira";"Com Vítimas Feridas";"Plena noite";"Decrescente";"Nublado";"Simples";"Reta";"Rural";2;0;1;0;1;0;1;2
83518930;"20/11/16";"Domingo";"23:05:00";"MS";262;"110";"AGUA CLARA";"Ultrapassagem indevida";"Tombamento";"Sem Vítimas";"Plena noite";"Decrescente";"Ceu Claro";"Simples";"Reta";"Rural";1;0;0;0;1;0;0;1
83518931;"25/11/16";"Sexta";"18:15:00";"RO";364;"86,9";"VILHENA";"Falta de atenção";"Colisão frontal";"Com Vítimas Fatais";"Plena noite";"Crescente";"Ceu Claro";"Simples";"Reta";"Rural";3;1;1;1;0;0;2;2
83518932;"26/11/16";"Sábado";"00:40:00";"PR";476;"142,5";"CURITIBA";"Falta de atenção";"Colisão lateral";"Com Vítimas Feridas";"Plena noite";"Decrescente";"Nublado";"Dupla";"Reta";"Urbano";3;0;2;0;1;0;2;3
83518933;"26/11/16";"Sábado";"01:00:00";"RS";285;"198,8";"LAGOA VERMELHA";"Velocidade incompatível";"Incêndio";"Ignorado";"Plena noite";"Crescente";"Ceu Claro";"Simples";"Reta";"Urbano";1;0;0;0;0;1;0;1
83518934;"26/11/16";"Sábado";"02:00:00";"SP";116;"443";"REGISTRO";"Outras";"Capotamento";"Ignorado";"Plena noite";"Decrescente";"Ceu Claro";"Simples";"Reta";"Urbano";1;0;0;0;0;1;0;1
83518935;"20/11/16";"Domingo";"15:20:00";"RJ";356;"15";"ITAPERUNA";"Velocidade incompatível";"Saída de Pista";"Com Vítimas Feridas";"Pleno dia";"Decrescente";"Ceu Claro";"Simples";"Reta";"Rural";5;0;5;0;0;0;5;1
83518936;"25/11/16";"Sexta";"19:20:00";"RS";293;"38,3";"CAPAO DO LEAO";"Outras";"Colisão frontal";"Sem Vítimas";"Anoitecer";"Crescente";"Ceu Claro";"Simples";"Reta";"Rural";3;0;0;0;3;0;0;3
83518937;"25/11/16";"Sexta";"17:40:00";"MG";381;"482,5";"BETIM";"Outras";"Colisão com objeto fixo";"Com Vítimas Feridas";"Pleno dia";"Crescente";"Nublado";"Dupla";"Reta";"Urbano";1;0;1;0;0;0;1;1
83518938;"25/11/16";"Sexta";"23:30:00";"MT";174;"15";"CACERES";"Animais na Pista";"Atropelamento de animal";"Sem Vítimas";"Plena noite";"Decrescente";"Nublado";"Simples";"Reta";"Rural";2;0;0;0;2;0;0;1
83518939;"25/11/16";"Sexta";"19:00:00";"SP";116;"438,5";"REGISTRO";"Falta de atenção";"Capotamento";"Sem Vítimas";"Pleno dia";"Decrescente";"Ceu Claro";"Dupla";"Reta";"Urbano";1;0;0;0;1;0;0;1
83518940;"25/11/16";"Sexta";"14:30:00";"PR";373;"270,7";"PRUDENTOPOLIS";"Velocidade incompatível";"Saída de Pista";"Com Vítimas Feridas";"Pleno dia";"Crescente";"Chuva";"Simples";"Reta";"Rural";2;0;0;2;0;0;2;1
83518941;"26/11/16";"Sábado";"01:40:00";"RS";158;"564";"SANTANA DO LIVRAMENTO";"Falta de atenção";"Colisão lateral";"Com Vítimas Feridas";"Plena noite";"Decrescente";"Ceu Claro";"Simples";"Reta";"Urbano";2;0;1;0;0;1;1;2
83518942;"25/11/16";"Sexta";"19:00:00";"PE";232;"193,5";"SANHARO";"Outras";"Colisão traseira";"Com Vítimas Feridas";"Plena noite";"Crescente";"Ceu Claro";"Simples";"Reta";"Rural";2;0;0;1;1;0;1;2
83518943;"25/11/16";"Sexta";"07:20:00";"PB";230;"27,9";"JOAO PESSOA";"Não guardar distância de segurança";"Colisão traseira";"Com Vítimas Feridas";"Pleno dia";"Crescente";"Ceu Claro";"Dupla";"Curva";"Urbano";3;0;0;1;0;2;1;3
83518944;"25/11/16";"Sexta";"23:45:00";"PR";476;"242,4";"LAPA";"Dormindo";"Saída de Pista";"Com Vítimas Fatais";"Plena noite";"Crescente";"Nevoeiro/neblina";"Simples";"Curva";"Rural";1;1;0;0;0;0;0;1
83518945;"13/11/16";"Domingo";"18:35:00";"MG";40;"562,2";"NOVA LIMA";"Velocidade incompatível";"Capotamento";"Sem Vítimas";"Anoitecer";"Crescente";"Chuva";"Dupla";"Curva";"Urbano";10;0;0;0;10;0;0;1
83518947;"25/11/16";"Sexta";"17:00:00";"MG";40;"452,9";"CAETANOPOLIS";"Outras";"Colisão frontal";"Com Vítimas Feridas";"Pleno dia";"Decrescente";"Chuva";"Dupla";"Reta";"Rural";3;0;3;0;0;0;3;2
83518948;"26/11/16";"Sábado";"03:10:00";"PR";277;"692,5";"SAO MIGUEL DO IGUACU";"Dormindo";"Colisão traseira";"Com Vítimas Feridas";"Plena noite";"Crescente";"Nublado";"Dupla";"Reta";"Rural";3;0;2;0;1;0;2;2
83518949;"25/11/16";"Sexta";"14:35:00";"RS";290;"683";"URUGUAIANA";"Falta de atenção";"Saída de Pista";"Sem Vítimas";"Pleno dia";"Crescente";"Sol";"Simples";"Reta";"Rural";3;0;0;0;3;0;0;1
83518950;"26/11/16";"Sábado";"00:20:00";"RS";116;"523,9";"PELOTAS";"Outras";"Tombamento";"Sem Vítimas";"Plena noite";"Crescente";"Nublado";"Dupla";"Reta";"Urbano";1;0;0;0;1;0;0;1
83518951;"25/11/16";"Sexta";"16:20:00";"CE";116;"22,9";"ITAITINGA";"Defeito mecânico em veículo";"Tombamento";"Com Vítimas Feridas";"Pleno dia";"Crescente";"Sol";"Dupla";"Curva";"Urbano";2;0;2;0;0;0;2;1
83518952;"26/11/16";"Sábado";"01:00:00";"MT";70;"369";"CAMPO VERDE";"Velocidade incompatível";"Saída de Pista";"Com Vítimas Feridas";"Plena noite";"Crescente";"Chuva";"Simples";"Curva";"Rural";3;0;2;1;0;0;3;1
83518953;"25/11/16";"Sexta";"23:40:00";"RS";116;"142,9";"CAXIAS DO SUL";"Ingestão de álcool";"Atropelamento de pessoa";"Com Vítimas Feridas";"Plena noite";"Crescente";"Nublado";"Dupla";"Curva";"Urbano";2;0;1;0;1;0;1;1
83518954;"25/11/16";"Sexta";"18:30:00";"PR";376;"444,9";"TIBAGI";"Falta de atenção";"Colisão com objeto fixo";"Sem Vítimas";"Pleno dia";"Decrescente";"Nublado";"Simples";"Reta";"Rural";1;0;0;0;1;0;0;1
83518955;"25/11/16";"Sexta";"19:00:00";"BA";116;"841,5";"VITORIA DA CONQUISTA";"Falta de atenção";"Saída de Pista";"Com Vítimas Feridas";"Plena noite";"Crescente";"Ceu Claro";"Simples";"Reta";"Rural";5;0;5;0;0;0;5;1
83518956;"25/11/16";"Sexta";"23:10:00";"AL";316;"247,2";"ATALAIA";"Animais na Pista";"Atropelamento de animal";"Sem Vítimas";"Plena noite";"Crescente";"Ceu Claro";"Simples";"Reta";"Rural";1;0;0;0;1;0;0;1
83518957;"25/11/16";"Sexta";"20:00:00";"BA";101;"730,9";"EUNAPOLIS";"Velocidade incompatível";"Tombamento";"Com Vítimas Feridas";"Plena noite";"Decrescente";"Nublado";"Simples";"Curva";"Rural";1;0;1;0;0;0;1;1
83518958;"25/11/16";"Sexta";"11:30:00";"GO";153;"545,5";"MORRINHOS";"Falta de atenção";"Queda de motocicleta / bicicleta / veículo";"Com Vítimas Feridas";"Pleno dia";"Crescente";"Ceu Claro";"Dupla";"Reta";"Rural";2;0;0;1;1;0;1;2
83518959;"25/11/16";"Sexta";"18:13:00";"SC";101;"192";"BIGUACU";"Outras";"Colisão com bicicleta";"Com Vítimas Feridas";"Pleno dia";"Decrescente";"Ceu Claro";"Múltipla";"Curva";"Urbano";2;0;0;1;1;0;1;2
83518960;"24/11/16";"Quinta";"18:00:00";"SP";116;"297";"ITAPECERICA DA SERRA";"Outras";"Atropelamento de pessoa";"Com Vítimas Feridas";"Anoitecer";"Crescente";"Nublado";"Dupla";"Reta";"Rural";2;0;0;1;1;0;1;1
83518961;"26/11/16";"Sábado";"04:00:00";"PR";116;"81,3";"PIRAQUARA";"Defeito mecânico em veículo";"Colisão com objeto fixo";"Com Vítimas Feridas";"Plena noite";"Crescente";"Nublado";"Dupla";"Reta";"Rural";2;0;0;2;0;0;2;1
83518962;"26/11/16";"Sábado";"04:55:00";"SC";101;"51,7";"JOINVILLE";"Dormindo";"Saída de Pista";"Sem Vítimas";"Plena noite";"Crescente";"Nublado";"Dupla";"Reta";"Urbano";1;0;0;0;1;0;0;1
83518963;"24/11/16";"Quinta";"19:30:00";"BA";101;"240";"CONCEICAO DO ALMEIDA";"Outras";"Saída de Pista";"Sem Vítimas";"Plena noite";"Crescente";"Ceu Claro";"Simples";"Curva";"Rural";1;0;0;0;1;0;0;1
83518964;"25/11/16";"Sexta";"23:30:00";"RJ";116;"195";"QUEIMADOS";"Outras";"Capotamento";"Com Vítimas Feridas";"Plena noite";"Decrescente";"Chuva";"Simples";"Curva";"Rural";1;0;1;0;0;0;1;1
83518965;"18/11/16";"Sexta";"06:30:00";"PE";101;"43";"IGARASSU";"Falta de atenção";"Colisão Transversal";"Sem Vítimas";"Amanhecer";"Decrescente";"Sol";"Múltipla";"Reta";"Urbano";2;0;0;0;2;0;0;2
83518966;"26/11/16";"Sábado";"06:30:00";"SC";282;"28";"SANTO AMARO DA IMPERATRIZ";"Outras";"Saída de Pista";"Com Vítimas Feridas";"Pleno dia";"Decrescente";"Chuva";"Simples";"Reta";"Urbano";1;0;1;0;0;0;1;1
83518967;"26/11/16";"Sábado";"06:00:00";"MG";116;"762";"LEOPOLDINA";"Defeito mecânico em veículo";"Incêndio";"Sem Vítimas";"Amanhecer";"Decrescente";"Nublado";"Simples";"Curva";"Urbano";1;0;0;0;1;0;0;1
83518968;"26/11/16";"Sábado";"02:15:00";"SP";116;"8,6";"QUELUZ";"Outras";"Colisão traseira";"Com Vítimas Fatais";"Plena noite";"Crescente";"Nublado";"Simples";"Reta";"Rural";2;1;0;0;1;0;0;2
83518969;"25/11/16";"Sexta";"05:45:00";"SC";101;"131,5";"BALNEARIO CAMBORIU";"Falta de atenção";"Saída de Pista";"Sem Vítimas";"Plena noite";"Decrescente";"Chuva";"Dupla";"Reta";"Urbano";1;0;0;0;1;0;0;1
83518970;"26/11/16";"Sábado";"03:50:00";"PR";277;"421";"CANTAGALO";"Ingestão de álcool";"Queda de motocicleta / bicicleta / veículo";"Com Vítimas Feridas";"Plena noite";"Crescente";"Ceu Claro";"Simples";"Curva";"Urbano";1;0;1;0;0;0;1;1
83518972;"26/11/16";"Sábado";"05:30:00";"RS";116;"366";"TAPES";"Outras";"Colisão frontal";"Com Vítimas Feridas";"Amanhecer";"Crescente";"Nublado";"Simples";"Reta";"Rural";6;0;6;0;0;0;6;2
83518973;"25/11/16";"Sexta";"23:20:00";"AC";364;"92";"SENADOR GUIOMARD";"Animais na Pista";"Atropelamento de animal";"Sem Vítimas";"Plena noite";"Decrescente";"Nublado";"Simples";"Reta";"Rural";1;0;0;0;1;0;0;1
83518974;"25/11/16";"Sexta";"15:50:00";"MA";316;"557,5";"CAXIAS";"Outras";"Capotamento";"Com Vítimas Feridas";"Pleno dia";"Decrescente";"Ceu Claro";"Simples";"Reta";"Rural";2;0;2;0;0;0;2;1
83518975;"16/11/16";"Quarta";"07:30:00";"RJ";393;"286";"VOLTA REDONDA";"Não guardar distância de segurança";"Colisão traseira";"Com Vítimas Feridas";"Pleno dia";"Crescente";"Ceu Claro";"Simples";"Reta";"Urbano";2;0;1;0;1;0;1;2
83518976;"26/11/16";"Sábado";"05:40:00";"RJ";101;"316";"SAO GONCALO";"Outras";"Colisão traseira";"Sem Vítimas";"Amanhecer";"Crescente";"Ceu Claro";"Dupla";"Reta";"Urbano";2;0;0;0;2;0;0;2
83518977;"25/11/16";"Sexta";"09:30:00";"MG";262;"150,8";"SAO DOMINGOS DO PRATA";"Ultrapassagem indevida";"Saída de Pista";"Sem Vítimas";"Pleno dia";"Crescente";"Sol";"Simples";"Curva";"Rural";1;0;0;0;1;0;0;1
83518978;"23/11/16";"Quarta";"23:10:00";"SP";116;"31,9";"CRUZEIRO";"Outras";"Saída de Pista";"Com Vítimas Feridas";"Plena noite";"Crescente";"Nublado";"Dupla";"Reta";"Rural";4;0;3;0;1;0;3;1
83518979;"24/11/16";"Quinta";"06:20:00";"PR";277;"389,6";"CANDOI";"Dormindo";"Colisão traseira";"Com Vítimas Feridas";"Amanhecer";"Decrescente";"Ceu Claro";"Simples";"Reta";"Rural";2;0;1;0;1;0;1;2
83518980;"23/11/16";"Quarta";"04:30:00";"SP";116;"228";"SAO PAULO";"Outras";"Tombamento";"Sem Vítimas";"Plena noite";"Crescente";"Ignorada";"Dupla";"Reta";"Urbano";1;0;0;0;1;0;0;1
83518982;"11/10/16";"Terça";"15:40:00";"GO";60;"100,3";"ANAPOLIS";"Velocidade incompatível";"Capotamento";"Sem Vítimas";"Pleno dia";"Crescente";"Chuva";"Dupla";"Reta";"Urbano";1;0;0;0;1;0;0;1
83518983;"26/11/16";"Sábado";"03:30:00";"PR";116;"23";"ANTONINA";"Não guardar distância de segurança";"Colisão traseira";"Com Vítimas Feridas";"Plena noite";"Crescente";"Nevoeiro/neblina";"Dupla";"Reta";"Rural";3;0;0;2;1;0;2;2
83518984;"20/11/16";"Domingo";"09:00:00";"MT";70;"722";"CACERES";"Outras";"Saída de Pista";"Ignorado";"Pleno dia";"Crescente";"Ceu Claro";"Simples";"Reta";"Rural";1;0;0;0;0;1;0;1
83518985;"24/11/16";"Quinta";"06:15:00";"PR";277;"40,2";"MORRETES";"Falta de atenção";"Tombamento";"Com Vítimas Feridas";"Pleno dia";"Crescente";"Nevoeiro/neblina";"Dupla";"Reta";"Rural";9;0;9;0;0;0;9;1
83518986;"26/11/16";"Sábado";"05:30:00";"PE";232;"102,9";"BEZERROS";"Defeito mecânico em veículo";"Capotamento";"Com Vítimas Feridas";"Amanhecer";"Decrescente";"Ceu Claro";"Dupla";"Reta";"Urbano";3;0;3;0;0;0;3;1
83518987;"20/11/16";"Domingo";"21:10:00";"SP";116;"62";"GUARATINGUETA";"Outras";"Colisão traseira";"Com Vítimas Feridas";"Plena noite";"Decrescente";"Nublado";"Dupla";"Reta";"Urbano";2;0;0;1;1;0;1;2
83518988;"25/11/16";"Sexta";"20:00:00";"BA";324;"434";"RIACHAO DO JACUIPE";"Falta de atenção";"Capotamento";"Com Vítimas Fatais";"Plena noite";"Crescente";"Ceu Claro";"Simples";"Reta";"Rural";4;1;3;0;0;0;3;1
83518989;"25/11/16";"Sexta";"12:30:00";"ES";101;"17";"PEDRO CANARIO";"Outras";"Tombamento";"Com Vítimas Feridas";"Pleno dia";"Decrescente";"Ceu Claro";"Simples";"Curva";"Rural";1;0;1;0;0;0;1;1
83518990;"22/11/16";"Terça";"17:40:00";"CE";116;"3";"FORTALEZA";"Falta de atenção";"Colisão traseira";"Com Vítimas Feridas";"Anoitecer";"Crescente";"Ceu Claro";"Simples";"Curva";"Urbano";3;0;1;0;2;0;1;2
83518991;"26/11/16";"Sábado";"04:20:00";"SC";470;"6";"NAVEGANTES";"Ingestão de álcool";"Colisão com bicicleta";"Com Vítimas Feridas";"Plena noite";"Crescente";"Nublado";"Simples";"Reta";"Rural";2;0;0;2;0;0;2;2
83518992;"19/11/16";"Sábado";"04:45:00";"CE";116;"452,4";"BARRO";"Outras";"Saída de Pista";"Com Vítimas Fatais";"Amanhecer";"Crescente";"Ceu Claro";"Simples";"Reta";"Rural";1;1;0;0;0;0;0;1
83518993;"22/11/16";"Terça";"21:30:00";"RJ";40;"79";"PETROPOLIS";"Outras";"Capotamento";"Com Vítimas Feridas";"Plena noite";"Decrescente";"Ceu Claro";"Simples";"Reta";"Rural";1;0;1;0;0;0;1;1
83518994;"24/11/16";"Quinta";"22:40:00";"RS";158;"332";"SANTA MARIA";"Ingestão de álcool";"Colisão traseira";"Sem Vítimas";"Plena noite";"Decrescente";"Ceu Claro";"Simples";"Reta";"Urbano";2;0;0;0;2;0;0;2
83518995;"28/10/16";"Sexta";"22:00:00";"ES";101;"267";"SERRA";"Não guardar distância de segurança";"Colisão lateral";"Com Vítimas Feridas";"Plena noite";"Decrescente";"Nublado";"Dupla";"Cruzamento";"Urbano";2;0;1;0;1;0;1;2
83518996;"22/11/16";"Terça";"21:20:00";"RJ";40;"82";"PETROPOLIS";"Outras";"Atropelamento de pessoa";"Com Vítimas Feridas";"Plena noite";"Crescente";"Nublado";"Simples";"Curva";"Rural";2;0;1;1;0;0;2;1
83518997;"25/11/16";"Sexta";"19:15:00";"RJ";116;"165";"RIO DE JANEIRO";"Não guardar distância de segurança";"Queda de motocicleta / bicicleta / veículo";"Com Vítimas Feridas";"Plena noite";"Crescente";"Ceu Claro";"Múltipla";"Reta";"Urbano";1;0;1;0;0;0;1;1
83518998;"26/11/16";"Sábado";"05:30:00";"SC";101;"320";"PESCARIA BRAVA";"Outras";"Saída de Pista";"Com Vítimas Feridas";"Amanhecer";"Crescente";"Ceu Claro";"Dupla";"Reta";"Urbano";1;0;0;1;0;0;1;1
83518999;"22/11/16";"Terça";"19:00:00";"SC";470;"12";"NAVEGANTES";"Falta de atenção";"Colisão Transversal";"Sem Vítimas";"Anoitecer";"Decrescente";"Ceu Claro";"Simples";"Reta";"Rural";2;0;0;0;2;0;0;2
83519000;"23/11/16";"Quarta";"06:45:00";"RS";392;"1,6";"RIO GRANDE";"Falta de atenção";"Colisão lateral";"Com Vítimas Feridas";"Pleno dia";"Decrescente";"Ceu Claro";"Simples";"Curva";"Urbano";2;0;0;1;1;0;1;2
83519001;"19/11/16";"Sábado";"00:20:00";"CE";222;"17";"CAUCAIA";"Outras";"Colisão frontal";"Com Vítimas Feridas";"Plena noite";"Crescente";"Ceu Claro";"Simples";"Reta";"Rural";4;0;2;1;0;1;3;2
83519002;"23/11/16";"Quarta";"06:10:00";"RO";364;"15,9";"VILHENA";"Falta de atenção";"Colisão Transversal";"Sem Vítimas";"Pleno dia";"Decrescente";"Ceu Claro";"Dupla";"Reta";"Urbano";2;0;0;0;1;1;0;2
83519003;"18/11/16";"Sexta";"14:40:00";"MG";135;"625";"CURVELO";"Outras";"Colisão Transversal";"Com Vítimas Fatais";"Pleno dia";"Decrescente";"Chuva";"Simples";"Reta";"Urbano";12;2;0;0;0;10;0;12
83519004;"26/11/16";"Sábado";"08:00:00";"PE";101;"67";"RECIFE";"Falta de atenção";"Colisão lateral";"Sem Vítimas";"Pleno dia";"Crescente";"Ceu Claro";"Dupla";"Reta";"Urbano";2;0;0;0;1;1;0;2
83519005;"22/11/16";"Terça";"22:30:00";"MG";381;"543,9";"ITATIAIUCU";"Falta de atenção";"Colisão traseira";"Sem Vítimas";"Plena noite";"Crescente";"Chuva";"Dupla";"Curva";"Rural";2;0;0;0;2;0;0;2
83519006;"22/11/16";"Terça";"23:00:00";"BA";101;"73,2";"ENTRE RIOS";"Outras";"Colisão frontal";"Com Vítimas Fatais";"Plena noite";"Crescente";"Ceu Claro";"Simples";"Reta";"Rural";10;1;7;1;1;0;8;2
83519007;"26/11/16";"Sábado";"07:20:00";"GO";60;"131,6";"GOIANIA";"Outras";"Saída de Pista";"Com Vítimas Feridas";"Pleno dia";"Crescente";"Ceu Claro";"Dupla";"Curva";"Rural";7;0;5;0;2;0;5;2
83519008;"22/11/16";"Terça";"18:20:00";"MG";40;"510";"RIBEIRAO DAS NEVES";"Outras";"Queda de motocicleta / bicicleta / veículo";"Com Vítimas Feridas";"Plena noite";"Decrescente";"Chuva";"Dupla";"Reta";"Urbano";2;0;1;0;1;0;1;1
83519009;"22/11/16";"Terça";"23:00:00";"SC";101;"331,6";"TUBARAO";"Velocidade incompatível";"Colisão traseira";"Com Vítimas Fatais";"Plena noite";"Crescente";"Ceu Claro";"Dupla";"Reta";"Urbano";2;1;0;0;0;1;0;2
83519010;"26/11/16";"Sábado";"05:00:00";"SP";116;"31,7";"CRUZEIRO";"Falta de atenção";"Colisão traseira";"Sem Vítimas";"Plena noite";"Crescente";"Ceu Claro";"Dupla";"Reta";"Rural";45;0;0;0;45;0;0;2
83519011;"26/11/16";"Sábado";"07:00:00";"MG";381;"769,8";"CAMPANHA";"Dormindo";"Saída de Pista";"Com Vítimas Feridas";"Pleno dia";"Crescente";"Ceu Claro";"Dupla";"Reta";"Rural";5;0;4;1;0;0;5;1
83519012;"22/11/16";"Terça";"14:30:00";"SC";101;"332,9";"TUBARAO";"Outras";"Colisão traseira";"Sem Vítimas";"Pleno dia";"Crescente";"Ceu Claro";"Dupla";"Reta";"Urbano";4;0;0;0;3;1;0;4
83519013;"22/11/16";"Terça";"08:00:00";"MG";365;"405";"PATOS DE MINAS";"Outras";"Saída de Pista";"Sem Vítimas";"Pleno dia";"Crescente";"Chuva";"Simples";"Reta";"Rural";1;0;0;0;1;0;0;1
83519014;"25/11/16";"Sexta";"09:00:00";"CE";20;"203";"BOA VIAGEM";"Falta de atenção";"Colisão com objeto fixo";"Sem Vítimas";"Pleno dia";"Crescente";"Ceu Claro";"Simples";"Curva";"Urbano";1;0;0;0;1;0;0;1
83519015;"23/11/16";"Quarta";"02:35:00";"MG";262;"364,3";"JUATUBA";"Animais na Pista";"Atropelamento de animal";"Com Vítimas Fatais";"Plena noite";"Crescente";"Chuva";"Dupla";"Reta";"Rural";1;1;0;0;0;0;0;1
83519016;"25/10/16";"Terça";"09:00:00";"MG";381;"907,6";"CAMBUI";"Velocidade incompatível";"Capotamento";"Sem Vítimas";"Pleno dia";"Crescente";"Chuva";"Dupla";"Curva";"Rural";1;0;0;0;1;0;0;1
83519017;"26/11/16";"Sábado";"09:00:00";"RJ";116;"217";"PARACAMBI";"Outras";"Queda de motocicleta / bicicleta / veículo";"Com Vítimas Feridas";"Pleno dia";"Crescente";"Nublado";"Dupla";"Reta";"Rural";2;0;2;0;0;0;2;1
83519018;"26/11/16";"Sábado";"09:03:00";"PR";277;"568";"CASCAVEL";"Falta de atenção";"Colisão traseira";"Sem Vítimas";"Pleno dia";"Crescente";"Ceu Claro";"Simples";"Reta";"Rural";2;0;0;0;2;0;0;2
83519019;"26/11/16";"Sábado";"06:45:00";"AL";101;"101";"PILAR";"Defeito na via";"Tombamento";"Com Vítimas Feridas";"Pleno dia";"Crescente";"Nublado";"Dupla";"Curva";"Rural";1;0;1;0;0;0;1;1
83519020;"26/11/16";"Sábado";"09:30:00";"SC";282;"16";"PALHOCA";"Falta de atenção";"Colisão Transversal";"Com Vítimas Feridas";"Pleno dia";"Crescente";"Ceu Claro";"Simples";"Reta";"Urbano";6;0;4;0;2;0;4;2
83519021;"26/11/16";"Sábado";"07:40:00";"RS";386;"401,1";"TRIUNFO";"Falta de atenção";"Colisão com objeto fixo";"Sem Vítimas";"Pleno dia";"Decrescente";"Nublado";"Dupla";"Curva";"Rural";5;0;0;0;5;0;0;1
83519022;"26/11/16";"Sábado";"09:15:00";"SP";116;"122,5";"CACAPAVA";"Não guardar distância de segurança";"Colisão traseira";"Com Vítimas Feridas";"Pleno dia";"Crescente";"Nublado";"Dupla";"Reta";"Rural";6;0;3;0;2;1;3;4
83519023;"26/11/16";"Sábado";"10:40:00";"RS";287;"233,9";"SANTA MARIA";"Outras";"Colisão Transversal";"Com Vítimas Feridas";"Pleno dia";"Decrescente";"Ceu Claro";"Simples";"Reta";"Urbano";2;0;1;0;1;0;1;2
83519024;"23/11/16";"Quarta";"16:00:00";"MG";262;"378";"JUATUBA";"Velocidade incompatível";"Capotamento";"Com Vítimas Feridas";"Pleno dia";"Crescente";"Chuva";"Dupla";"Curva";"Rural";2;0;1;0;1;0;1;1
83519025;"26/11/16";"Sábado";"09:58:00";"RJ";101;"70";"CAMPOS DOS GOYTACAZES";"Falta de atenção";"Colisão lateral";"Sem Vítimas";"Pleno dia";"Crescente";"Nublado";"Simples";"Reta";"Urbano";2;0;0;0;1;1;0;2
83519026;"25/11/16";"Sexta";"17:00:00";"MT";163;"1076,5";"GUARANTA DO NORTE";"Velocidade incompatível";"Colisão frontal";"Com Vítimas Fatais";"Pleno dia";"Decrescente";"Chuva";"Simples";"Reta";"Rural";2;1;1;0;0;0;1;2
83519027;"26/11/16";"Sábado";"10:10:00";"CE";222;"4,7";"CAUCAIA";"Falta de atenção";"Colisão traseira";"Sem Vítimas";"Pleno dia";"Crescente";"Ceu Claro";"Múltipla";"Reta";"Urbano";2;0;0;0;2;0;0;2
83519028;"26/11/16";"Sábado";"11:15:00";"RS";116;"235";"ESTANCIA VELHA";"Falta de atenção";"Colisão com bicicleta";"Com Vítimas Feridas";"Pleno dia";"Crescente";"Ceu Claro";"Dupla";"Cruzamento";"Urbano";2;0;1;0;1;0;1;2
83519029;"26/11/16";"Sábado";"08:00:00";"RJ";393;"114";"SAPUCAIA";"Velocidade incompatível";"Tombamento";"Com Vítimas Feridas";"Pleno dia";"Decrescente";"Nublado";"Simples";"Reta";"Urbano";2;0;1;0;1;0;1;1
83519030;"26/11/16";"Sábado";"08:55:00";"PE";232;"34";"MORENO";"Outras";"Colisão traseira";"Sem Vítimas";"Pleno dia";"Crescente";"Sol";"Dupla";"Reta";"Urbano";8;0;0;0;4;4;0;8
83519031;"26/08/16";"Sexta";"21:37:00";"PR";116;"68";"QUATRO BARRAS";"Outras";"Colisão com bicicleta";"Com Vítimas Feridas";"Plena noite";"Decrescente";"Ignorada";"Dupla";"Reta";"Urbano";2;0;0;1;0;1;1;2
83519032;"26/11/16";"Sábado";"10:30:00";"SC";101;"193";"BIGUACU";"Ingestão de álcool";"Colisão traseira";"Com Vítimas Feridas";"Pleno dia";"Crescente";"Nublado";"Dupla";"Reta";"Urbano";3;0;2;0;1;0;2;2
83519033;"21/11/16";"Segunda";"18:40:00";"DF";20;"4";"BRASILIA";"Velocidade incompatível";"Capotamento";"Com Vítimas Fatais";"Anoitecer";"Crescente";"Nublado";"Dupla";"Reta";"Urbano";4;2;2;0;0;0;2;1
83519034;"26/11/16";"Sábado";"12:15:00";"RJ";393;"279";"BARRA DO PIRAI";"Outras";"Colisão lateral";"Com Vítimas Feridas";"Pleno dia";"Crescente";"Ceu Claro";"Simples";"Reta";"Urbano";2;0;1;0;1;0;1;2
83519035;"26/11/16";"Sábado";"07:30:00";"PB";230;"88,1";"GURINHEM";"Falta de atenção";"Colisão lateral";"Com Vítimas Feridas";"Pleno dia";"Decrescente";"Sol";"Dupla";"Reta";"Rural";3;0;1;0;2;0;1;2
83519036;"26/11/16";"Sábado";"07:50:00";"MG";50;"139,4";"UBERABA";"Falta de atenção";"Saída de Pista";"Com Vítimas Feridas";"Pleno dia";"Decrescente";"Ceu Claro";"Dupla";"Reta";"Rural";2;0;2;0;0;0;2;1
83519037;"23/11/16";"Quarta";"04:45:00";"SC";470;"89,9";"ASCURRA";"Outras";"Colisão frontal";"Com Vítimas Feridas";"Plena noite";"Crescente";"Chuva";"Simples";"Reta";"Urbano";2;0;0;1;1;0;1;2
83519038;"26/11/16";"Sábado";"07:30:00";"RS";116;"51,2";"VACARIA";"Velocidade incompatível";"Saída de Pista";"Sem Vítimas";"Pleno dia";"Decrescente";"Nublado";"Dupla";"Curva";"Rural";4;0;0;0;4;0;0;1
83519039;"26/11/16";"Sábado";"12:00:00";"PR";116;"167";"QUITANDINHA";"Outras";"Colisão lateral";"Com Vítimas Feridas";"Pleno dia";"Crescente";"Ceu Claro";"Simples";"Reta";"Rural";2;0;1;0;1;0;1;2