"id";"data_inversa";"dia_semana";"horario";"uf";"br";"km";"municipio";"causa_acidente";"tipo_acidente";"classificacao_acidente";"fase_dia";"sentido_via";"condicao_metereologica";"tipo_pista";"tracado_via";"uso_solo";"pessoas";"mortos";"feridos_leves";"feridos_graves";"ilesos";"ignorados";"feridos";"veiculos"
83519256;"27/11/16";"Domingo";"08:10:00";"RS";116;"270";"CANOAS";"Outras";"Colisão lateral";"Com Vítimas Feridas";"Pleno dia";"Decrescente";"Ceu Claro";"Dupla";"Reta";"Urbano";2;0;1;0;1;0;1;2
83519257;"20/11/16";"Domingo";"05:40:00";"SE";101;"157,8";"ESTANCIA";"Ultrapassagem indevida";"Colisão frontal";"Com Vítimas Fatais";"Amanhecer";"Decrescente";"Ceu Claro";"Simples";"Reta";"Rural";2;1;0;0;1;0;0;2
83519258;"27/11/16";"Domingo";"07:55:00";"CE";222;"3";"FORTALEZA";"Não guardar distância de segurança";"Colisão traseira";"Com Vítimas Feridas";"Pleno dia";"Crescente";"Ceu Claro";"Múltipla";"Reta";"Urbano";9;0;3;0;2;4;3;2
83519259;"27/11/16";"Domingo";"07:50:00";"PR";376;"183";"SARANDI";"Desobediência à sinalização";"Colisão Transversal";"Com Vítimas Feridas";"Pleno dia";"Decrescente";"Nublado";"Dupla";"Reta";"Urbano";4;0;2;1;1;0;3;2
83519260;"19/11/16";"Sábado";"11:45:00";"BA";101;"192";"CONCEICAO DA FEIRA";"Outras";"Colisão lateral";"Sem Vítimas";"Pleno dia";"Crescente";"Nublado";"Simples";"Curva";"Urbano";2;0;0;0;2;0;0;2
83519261;"27/11/16";"Domingo";"04:30:00";"PI";404;"56,5";"PEDRO II";"Velocidade incompatível";"Colisão traseira";"Com Vítimas Fatais";"Amanhecer";"Decrescente";"Ceu Claro";"Simples";"Reta";"Rural";5;1;1;1;1;1;2;4
83519262;"19/11/16";"Sábado";"19:00:00";"BA";110;"353";"ALAGOINHAS";"Outras";"Capotamento";"Com Vítimas Feridas";"Plena noite";"Crescente";"Ceu Claro";"Simples";"Reta";"Rural";1;0;1;0;0;0;1;1
83519263;"19/11/16";"Sábado";"18:40:00";"GO";153;"423";"ANAPOLIS";"Outras";"Saída de Pista";"Com Vítimas Feridas";"Pleno dia";"Crescente";"Ceu Claro";"Simples";"Reta";"Rural";2;0;1;0;1;0;1;1
83519264;"27/11/16";"Domingo";"06:40:00";"MT";163;"784";"SORRISO";"Ingestão de álcool";"Queda de motocicleta / bicicleta / veículo";"Com Vítimas Feridas";"Amanhecer";"Crescente";"Chuva";"Simples";"Reta";"Rural";1;0;0;1;0;0;1;1
83519265;"27/11/16";"Domingo";"10:15:00";"RJ";116;"128";"MAGE";"Falta de atenção";"Queda de motocicleta / bicicleta / veículo";"Com Vítimas Feridas";"Pleno dia";"Decrescente";"Sol";"Dupla";"Reta";"Rural";1;0;0;1;0;0;1;1
83519266;"28/09/16";"Quarta";"06:30:00";"RO";364;"426,4";"JARU";"Desobediência à sinalização";"Queda de motocicleta / bicicleta / veículo";"Com Vítimas Feridas";"Amanhecer";"Decrescente";"Ceu Claro";"Dupla";"Reta";"Urbano";1;0;1;0;0;0;1;1
83519267;"19/11/16";"Sábado";"23:20:00";"RJ";493;"1";"ITABORAI";"Falta de atenção";"Colisão lateral";"Com Vítimas Feridas";"Plena noite";"Crescente";"Ceu Claro";"Simples";"Reta";"Rural";2;0;0;1;1;0;1;2
83519268;"27/11/16";"Domingo";"08:15:00";"PB";230;"411,3";"POMBAL";"Velocidade incompatível";"Colisão lateral";"Com Vítimas Feridas";"Pleno dia";"Crescente";"Sol";"Simples";"Curva";"Rural";4;0;3;0;1;0;3;2
83519269;"22/11/16";"Terça";"14:30:00";"RS";392;"67,8";"PELOTAS";"Não guardar distância de segurança";"Colisão traseira";"Sem Vítimas";"Pleno dia";"Crescente";"Ceu Claro";"Simples";"Reta";"Urbano";3;0;0;0;3;0;0;2
83519270;"25/11/16";"Sexta";"16:30:00";"SP";116;"279";"EMBU";"Não guardar distância de segurança";"Colisão traseira";"Com Vítimas Feridas";"Pleno dia";"Decrescente";"Sol";"Dupla";"Reta";"Urbano";3;0;2;0;1;0;2;2
83519271;"27/11/16";"Domingo";"08:30:00";"BA";242;"420";"SEABRA";"Dormindo";"Tombamento";"Com Vítimas Feridas";"Pleno dia";"Crescente";"Ceu Claro";"Simples";"Reta";"Rural";1;0;1;0;0;0;1;1
83519272;"21/11/16";"Segunda";"14:00:00";"SP";116;"336";"JUQUITIBA";"Velocidade incompatível";"Tombamento";"Com Vítimas Feridas";"Pleno dia";"Crescente";"Ceu Claro";"Dupla";"Reta";"Urbano";1;0;1;0;0;0;1;1
83519273;"27/11/16";"Domingo";"11:10:00";"SP";116;"517";"CAJATI";"Outras";"Queda de motocicleta / bicicleta / veículo";"Com Vítimas Feridas";"Pleno dia";"Decrescente";"Chuva";"Simples";"Curva";"Rural";1;0;1;0;0;0;1;1
83519274;"25/11/16";"Sexta";"00:30:00";"GO";153;"683,7";"ITUMBIARA";"Dormindo";"Colisão traseira";"Sem Vítimas";"Plena noite";"Crescente";"Nublado";"Dupla";"Reta";"Rural";2;0;0;0;2;0;0;2
83519275;"23/11/16";"Quarta";"20:00:00";"MG";251;"311,9";"SALINAS";"Velocidade incompatível";"Incêndio";"Sem Vítimas";"Plena noite";"Decrescente";"Ceu Claro";"Simples";"Curva";"Rural";1;0;0;0;1;0;0;1
83519276;"27/11/16";"Domingo";"08:15:00";"GO";364;"235";"JATAI";"Velocidade incompatível";"Tombamento";"Sem Vítimas";"Pleno dia";"Decrescente";"Ceu Claro";"Simples";"Curva";"Rural";1;0;0;0;1;0;0;1
83519277;"27/11/16";"Domingo";"08:00:00";"RJ";393;"274";"BARRA DO PIRAI";"Velocidade incompatível";"Tombamento";"Com Vítimas Feridas";"Pleno dia";"Crescente";"Ceu Claro";"Simples";"Curva";"Urbano";1;0;1;0;0;0;1;1
83519278;"19/11/16";"Sábado";"23:00:00";"TO";153;"366";"FORTALEZA DO TABOCAO";"Defeito na via";"Saída de Pista";"Sem Vítimas";"Plena noite";"Decrescente";"Chuva";"Simples";"Reta";"Rural";1;0;0;0;1;0;0;1
83519279;"25/11/16";"Sexta";"20:00:00";"BA";242;"578";"IBOTIRAMA";"Velocidade incompatível";"Colisão traseira";"Com Vítimas Feridas";"Plena noite";"Decrescente";"Ceu Claro";"Simples";"Reta";"Rural";4;0;1;0;3;0;1;2
83519280;"28/10/16";"Sexta";"18:40:00";"PE";428;"21,2";"CABROBO";"Falta de atenção";"Colisão traseira";"Sem Vítimas";"Plena noite";"Decrescente";"Ceu Claro";"Dupla";"Reta";"Rural";2;0;0;0;2;0;0;2
83519281;"27/11/16";"Domingo";"08:40:00";"RJ";40;"119,5";"DUQUE DE CAXIAS";"Falta de atenção";"Colisão lateral";"Com Vítimas Feridas";"Pleno dia";"Decrescente";"Ceu Claro";"Múltipla";"Reta";"Urbano";2;0;0;1;1;0;1;2
83519282;"24/11/16";"Quinta";"00:30:00";"MG";381;"866,5";"POUSO ALEGRE";"Outras";"Saída de Pista";"Com Vítimas Feridas";"Plena noite";"Crescente";"Nublado";"Dupla";"Reta";"Rural";1;0;1;0;0;0;1;1
83519283;"27/11/16";"Domingo";"12:40:00";"PR";116;"8,9";"CAMPINA GRANDE DO SUL";"Velocidade incompatível";"Capotamento";"Com Vítimas Feridas";"Pleno dia";"Crescente";"Sol";"Dupla";"Reta";"Urbano";2;0;2;0;0;0;2;1
83519284;"27/11/16";"Domingo";"12:50:00";"RJ";101;"415";"MANGARATIBA";"Falta de atenção";"Colisão traseira";"Sem Vítimas";"Pleno dia";"Crescente";"Ceu Claro";"Dupla";"Cruzamento";"Urbano";6;0;0;0;6;0;0;2
83519285;"25/11/16";"Sexta";"20:50:00";"PR";376;"507";"PONTA GROSSA";"Velocidade incompatível";"Capotamento";"Com Vítimas Feridas";"Plena noite";"Decrescente";"Nublado";"Dupla";"Reta";"Rural";1;0;1;0;0;0;1;1
83519286;"24/11/16";"Quinta";"01:10:00";"GO";153;"322";"RIANAPOLIS";"Velocidade incompatível";"Saída de Pista";"Com Vítimas Feridas";"Plena noite";"Decrescente";"Nublado";"Simples";"Cruzamento";"Rural";11;0;10;0;1;0;10;1
83519287;"27/11/16";"Domingo";"09:40:00";"RJ";116;"260";"BARRA MANSA";"Outras";"Colisão lateral";"Com Vítimas Feridas";"Pleno dia";"Crescente";"Ceu Claro";"Dupla";"Reta";"Urbano";3;0;2;0;1;0;2;2
83519288;"27/11/16";"Domingo";"12:50:00";"RS";287;"412,1";"SANTIAGO";"Velocidade incompatível";"Saída de Pista";"Com Vítimas Feridas";"Plena noite";"Decrescente";"Chuva";"Simples";"Curva";"Rural";5;0;3;1;1;0;4;1
83519289;"27/11/16";"Domingo";"14:10:00";"RS";101;"79,9";"OSORIO";"Não guardar distância de segurança";"Colisão traseira";"Sem Vítimas";"Pleno dia";"Crescente";"Nublado";"Dupla";"Reta";"Rural";2;0;0;0;2;0;0;2
83519290;"27/11/16";"Domingo";"08:37:00";"PR";369;"143,6";"LONDRINA";"Outras";"Colisão com objeto fixo";"Sem Vítimas";"Pleno dia";"Decrescente";"Ceu Claro";"Dupla";"Reta";"Urbano";1;0;0;0;1;0;0;1
83519291;"27/11/16";"Domingo";"12:00:00";"MG";381;"305";"ANTONIO DIAS";"Falta de atenção";"Colisão lateral";"Com Vítimas Feridas";"Pleno dia";"Decrescente";"Ceu Claro";"Simples";"Curva";"Rural";4;0;3;0;1;0;3;2
83519292;"27/11/16";"Domingo";"13:45:00";"RS";290;"185,2";"MINAS DO LEAO";"Ultrapassagem indevida";"Colisão frontal";"Sem Vítimas";"Pleno dia";"Crescente";"Chuva";"Simples";"Reta";"Rural";2;0;0;0;2;0;0;2
83519293;"27/11/16";"Domingo";"14:05:00";"SC";101;"157";"PORTO BELO";"Velocidade incompatível";"Colisão traseira";"Sem Vítimas";"Pleno dia";"Decrescente";"Nublado";"Dupla";"Reta";"Rural";3;0;0;0;3;0;0;3
83519294;"27/11/16";"Domingo";"10:00:00";"BA";330;"726";"JEQUIE";"Não guardar distância de segurança";"Colisão traseira";"Com Vítimas Feridas";"Pleno dia";"Decrescente";"Ceu Claro";"Simples";"Curva";"Rural";7;0;6;1;0;0;7;2
83519295;"27/11/16";"Domingo";"14:00:00";"RS";386;"145,7";"SARANDI";"Velocidade incompatível";"Saída de Pista";"Sem Vítimas";"Pleno dia";"Crescente";"Chuva";"Múltipla";"Curva";"Rural";1;0;0;0;1;0;0;1
83519296;"27/11/16";"Domingo";"08:40:00";"SE";101;"82";"LARANJEIRAS";"Outras";"Colisão lateral";"Com Vítimas Feridas";"Pleno dia";"Crescente";"Ceu Claro";"Dupla";"Reta";"Rural";2;0;1;0;1;0;1;2
83519297;"27/11/16";"Domingo";"14:40:00";"PR";376;"230";"APUCARANA";"Outras";"Atropelamento de pessoa";"Com Vítimas Feridas";"Pleno dia";"Decrescente";"Chuva";"Simples";"Curva";"Rural";2;0;1;0;0;1;1;1
83519298;"27/10/16";"Quinta";"21:15:00";"MG";40;"754,3";"EWBANK DA CAMARA";"Velocidade incompatível";"Saída de Pista";"Com Vítimas Feridas";"Plena noite";"Crescente";"Chuva";"Simples";"Reta";"Rural";1;0;1;0;0;0;1;1
83519299;"27/11/16";"Domingo";"09:00:00";"RO";364;"29,8";"VILHENA";"Outras";"Saída de Pista";"Com Vítimas Feridas";"Plena noite";"Crescente";"Nublado";"Simples";"Reta";"Rural";2;0;2;0;0;0;2;1
83519300;"27/11/16";"Domingo";"10:50:00";"PE";101;"68";"RECIFE";"Outras";"Colisão lateral";"Com Vítimas Feridas";"Pleno dia";"Decrescente";"Sol";"Dupla";"Curva";"Urbano";2;0;1;0;1;0;1;2
83519301;"27/11/16";"Domingo";"06:15:00";"BA";116;"713,8";"MANOEL VITORINO";"Não guardar distância de segurança";"Colisão traseira";"Sem Vítimas";"Pleno dia";"Decrescente";"Ceu Claro";"Simples";"Reta";"Rural";3;0;0;0;2;1;0;3
83519302;"23/11/16";"Quarta";"18:30:00";"GO";60;"136,8";"GOIANIA";"Defeito mecânico em veículo";"Saída de Pista";"Com Vítimas Feridas";"Pleno dia";"Crescente";"Nublado";"Simples";"Reta";"Urbano";1;0;1;0;0;0;1;1
83519303;"26/11/16";"Sábado";"01:30:00";"BA";101;"136";"TEODORO SAMPAIO";"Outras";"Colisão lateral";"Sem Vítimas";"Plena noite";"Decrescente";"Ceu Claro";"Simples";"Curva";"Rural";2;0;0;0;2;0;0;2
83519304;"26/11/16";"Sábado";"14:40:00";"RJ";101;"119";"CAMPOS DOS GOYTACAZES";"Falta de atenção";"Colisão com bicicleta";"Com Vítimas Feridas";"Pleno dia";"Crescente";"Nublado";"Simples";"Reta";"Rural";2;0;1;0;1;0;1;2
83519305;"23/11/16";"Quarta";"16:00:00";"MT";70;"160,4";"GENERAL CARNEIRO";"Outras";"Colisão com objeto fixo";"Sem Vítimas";"Anoitecer";"Crescente";"Chuva";"Simples";"Curva";"Rural";1;0;0;0;1;0;0;1
83519306;"27/11/16";"Domingo";"14:40:00";"SP";459;"18";"PIQUETE";"Velocidade incompatível";"Capotamento";"Com Vítimas Feridas";"Pleno dia";"Crescente";"Ceu Claro";"Simples";"Reta";"Rural";3;0;2;0;1;0;2;1
83519308;"24/11/16";"Quinta";"07:25:00";"SP";116;"225";"GUARULHOS";"Outras";"Queda de motocicleta / bicicleta / veículo";"Com Vítimas Feridas";"Amanhecer";"Crescente";"Ceu Claro";"Múltipla";"Reta";"Urbano";2;0;0;1;0;1;1;2
83519309;"27/11/16";"Domingo";"14:30:00";"RS";290;"69,3";"GRAVATAI";"Dormindo";"Saída de Pista";"Com Vítimas Feridas";"Pleno dia";"Crescente";"Ceu Claro";"Dupla";"Reta";"Urbano";2;0;1;0;1;0;1;1
83519310;"24/11/16";"Quinta";"06:30:00";"MG";381;"871";"POUSO ALEGRE";"Ingestão de álcool";"Saída de Pista";"Com Vítimas Feridas";"Pleno dia";"Crescente";"Chuva";"Dupla";"Curva";"Rural";2;0;1;0;1;0;1;1
83519311;"28/08/16";"Domingo";"13:45:00";"PR";476;"136,6";"CURITIBA";"Outras";"Colisão lateral";"Com Vítimas Feridas";"Anoitecer";"Crescente";"Ceu Claro";"Múltipla";"Reta";"Urbano";2;0;0;1;0;1;1;2
83519312;"20/11/16";"Domingo";"21:00:00";"GO";40;"2";"VALPARAISO DE GOIAS";"Outras";"Colisão traseira";"Com Vítimas Feridas";"Plena noite";"Crescente";"Nublado";"Dupla";"Reta";"Urbano";2;0;1;0;1;0;1;2
83519313;"26/10/16";"Quarta";"10:40:00";"PR";476;"134,9";"CURITIBA";"Falta de atenção";"Colisão Transversal";"Com Vítimas Feridas";"Pleno dia";"Crescente";"Nublado";"Dupla";"Reta";"Urbano";2;0;1;0;1;0;1;2
83519314;"27/11/16";"Domingo";"12:10:00";"RS";116;"414,6";"CAMAQUA";"Dormindo";"Saída de Pista";"Sem Vítimas";"Pleno dia";"Crescente";"Nublado";"Simples";"Reta";"Rural";3;0;0;0;3;0;0;1
83519315;"27/11/16";"Domingo";"04:00:00";"MG";262;"132";"RIO CASCA";"Velocidade incompatível";"Saída de Pista";"Ignorado";"Plena noite";"Crescente";"Ignorada";"Simples";"Curva";"Rural";1;0;0;0;0;1;0;1
83519316;"27/11/16";"Domingo";"12:45:00";"SP";116;"159,3";"JACAREI";"Outras";"Saída de Pista";"Com Vítimas Feridas";"Pleno dia";"Crescente";"Ceu Claro";"Múltipla";"Reta";"Urbano";2;0;1;0;1;0;1;1
83519317;"27/11/16";"Domingo";"14:00:00";"MT";163;"86";"ITIQUIRA";"Falta de atenção";"Saída de Pista";"Com Vítimas Feridas";"Pleno dia";"Decrescente";"Ceu Claro";"Dupla";"Reta";"Rural";1;0;1;0;0;0;1;1
83519318;"20/11/16";"Domingo";"03:00:00";"MG";262;"561";"CORREGO DANTA";"Outras";"Capotamento";"Com Vítimas Feridas";"Plena noite";"Decrescente";"Ceu Claro";"Simples";"Curva";"Rural";2;0;1;1;0;0;2;1
83519319;"23/11/16";"Quarta";"17:30:00";"SP";488;"1,6";"APARECIDA";"Desobediência à sinalização";"Colisão lateral";"Com Vítimas Feridas";"Pleno dia";"Crescente";"Ceu Claro";"Dupla";"Cruzamento";"Urbano";2;0;1;0;1;0;1;2
83519320;"27/11/16";"Domingo";"11:10:00";"MG";381;"858,1";"POUSO ALEGRE";"Outras";"Colisão com objeto fixo";"Com Vítimas Feridas";"Pleno dia";"Crescente";"Sol";"Dupla";"Reta";"Rural";4;0;4;0;0;0;4;1
83519321;"23/11/16";"Quarta";"14:00:00";"MG";262;"353";"BETIM";"Velocidade incompatível";"Colisão com objeto fixo";"Sem Vítimas";"Pleno dia";"Decrescente";"Chuva";"Dupla";"Reta";"Urbano";1;0;0;0;1;0;0;1
83519322;"27/11/16";"Domingo";"16:20:00";"PR";376;"394";"IMBAU";"Defeito mecânico em veículo";"Saída de Pista";"Com Vítimas Feridas";"Pleno dia";"Crescente";"Chuva";"Dupla";"Curva";"Rural";5;0;5;0;0;0;5;1
83519323;"27/11/16";"Domingo";"14:00:00";"RS";116;"49";"VACARIA";"Falta de atenção";"Saída de Pista";"Com Vítimas Feridas";"Pleno dia";"Crescente";"Nublado";"Simples";"Reta";"Rural";2;0;1;0;1;0;1;1
83519324;"27/11/16";"Domingo";"15:30:00";"BA";116;"911";"ENCRUZILHADA";"Outras";"Colisão frontal";"Sem Vítimas";"Pleno dia";"Decrescente";"Ceu Claro";"Simples";"Reta";"Rural";2;0;0;0;1;1;0;2
83519325;"27/11/16";"Domingo";"16:20:00";"RN";304;"45,8";"MOSSORO";"Falta de atenção";"Queda de motocicleta / bicicleta / veículo";"Com Vítimas Feridas";"Pleno dia";"Decrescente";"Sol";"Dupla";"Reta";"Urbano";1;0;1;0;0;0;1;1
83519326;"27/11/16";"Domingo";"14:30:00";"MG";146;"478,9";"CABO VERDE";"Defeito na via";"Colisão frontal";"Com Vítimas Feridas";"Pleno dia";"Crescente";"Chuva";"Simples";"Curva";"Rural";3;0;1;2;0;0;3;2
83519327;"27/11/16";"Domingo";"17:20:00";"RJ";101;"304";"SAO GONCALO";"Outras";"Colisão Transversal";"Sem Vítimas";"Pleno dia";"Crescente";"Ceu Claro";"Dupla";"Reta";"Rural";4;0;0;0;4;0;0;2
83519328;"27/11/16";"Domingo";"16:45:00";"RS";290;"457,5";"ROSARIO DO SUL";"Velocidade incompatível";"Saída de Pista";"Sem Vítimas";"Pleno dia";"Decrescente";"Chuva";"Simples";"Curva";"Rural";1;0;0;0;1;0;0;1
83519329;"20/09/16";"Terça";"17:30:00";"PR";476;"133";"CURITIBA";"Outras";"Colisão lateral";"Com Vítimas Feridas";"Pleno dia";"Crescente";"Ceu Claro";"Múltipla";"Reta";"Urbano";2;0;0;1;0;1;1;2
83519330;"27/11/16";"Domingo";"08:20:00";"SP";116;"216";"GUARULHOS";"Ingestão de álcool";"Colisão traseira";"Com Vítimas Feridas";"Pleno dia";"Decrescente";"Sol";"Múltipla";"Reta";"Urbano";5;0;3;0;2;0;3;2
83519331;"27/11/16";"Domingo";"16:15:00";"RS";386;"414";"MONTENEGRO";"Defeito mecânico em veículo";"Saída de Pista";"Sem Vítimas";"Pleno dia";"Decrescente";"Chuva";"Dupla";"Curva";"Rural";1;0;0;0;1;0;0;1
83519332;"27/11/16";"Domingo";"17:20:00";"MG";381;"502,5";"BETIM";"Ingestão de álcool";"Queda de motocicleta / bicicleta / veículo";"Com Vítimas Feridas";"Pleno dia";"Crescente";"Nublado";"Múltipla";"Reta";"Urbano";1;0;1;0;0;0;1;1
83519333;"27/11/16";"Domingo";"15:00:00";"PR";277;"179,7";"PALMEIRA";"Outras";"Saída de Pista";"Sem Vítimas";"Pleno dia";"Crescente";"Chuva";"Simples";"Reta";"Rural";2;0;0;0;2;0;0;1
83519334;"27/11/16";"Domingo";"18:10:00";"MG";381;"946,2";"EXTREMA";"Ingestão de álcool";"Saída de Pista";"Com Vítimas Feridas";"Pleno dia";"Decrescente";"Chuva";"Simples";"Reta";"Urbano";2;0;0;1;1;0;1;1
83519335;"27/11/16";"Domingo";"16:50:00";"PR";369;"208,7";"APUCARANA";"Outras";"Saída de Pista";"Com Vítimas Feridas";"Anoitecer";"Decrescente";"Chuva";"Simples";"Reta";"Rural";2;0;2;0;0;0;2;1
83519336;"23/11/16";"Quarta";"16:00:00";"MG";381;"516";"IGARAPE";"Velocidade incompatível";"Capotamento";"Ignorado";"Pleno dia";"Decrescente";"Chuva";"Dupla";"Curva";"Rural";1;0;0;0;0;1;0;1
83519337;"27/11/16";"Domingo";"16:40:00";"MG";381;"452,8";"SABARA";"Outras";"Colisão frontal";"Com Vítimas Feridas";"Pleno dia";"Decrescente";"Ceu Claro";"Simples";"Curva";"Urbano";2;0;1;1;0;0;2;2
83519338;"27/11/16";"Domingo";"18:10:00";"RS";290;"26";"SANTO ANTONIO DA PATRULHA";"Desobediência à sinalização";"Colisão Transversal";"Com Vítimas Feridas";"Pleno dia";"Decrescente";"Chuva";"Simples";"Reta";"Rural";3;0;1;0;2;0;1;2
83519339;"27/11/16";"Domingo";"12:30:00";"PI";316;"187";"VALENCA DO PIAUI";"Não guardar distância de segurança";"Capotamento";"Com Vítimas Feridas";"Pleno dia";"Crescente";"Sol";"Simples";"Reta";"Rural";4;0;3;0;1;0;3;1
83519340;"27/11/16";"Domingo";"16:30:00";"MG";381;"938,5";"EXTREMA";"Não guardar distância de segurança";"Colisão traseira";"Com Vítimas Feridas";"Pleno dia";"Decrescente";"Chuva";"Dupla";"Reta";"Rural";4;0;1;0;1;2;1;3
83519341;"27/11/16";"Domingo";"17:53:00";"PR";116;"205,9";"RIO NEGRO";"Velocidade incompatível";"Saída de Pista";"Sem Vítimas";"Pleno dia";"Crescente";"Nublado";"Simples";"Curva";"Rural";1;0;0;0;1;0;0;1
83519343;"27/11/16";"Domingo";"15:30:00";"MG";381;"624";"OLIVEIRA";"Velocidade incompatível";"Capotamento";"Com Vítimas Feridas";"Pleno dia";"Decrescente";"Chuva";"Dupla";"Curva";"Rural";2;0;1;0;1;0;1;1
83519344;"24/11/16";"Quinta";"00:20:00";"PE";101;"95";"CABO DE SANTO AGOSTINHO";"Outras";"Saída de Pista";"Com Vítimas Feridas";"Plena noite";"Decrescente";"Ceu Claro";"Múltipla";"Curva";"Urbano";1;0;1;0;0;0;1;1
83519345;"26/11/16";"Sábado";"05:40:00";"GO";60;"96,7";"ANAPOLIS";"Falta de atenção";"Colisão Transversal";"Com Vítimas Feridas";"Amanhecer";"Crescente";"Nublado";"Dupla";"Reta";"Urbano";3;0;1;1;1;0;2;2
83519346;"27/11/16";"Domingo";"16:10:00";"PA";230;"631";"ALTAMIRA";"Falta de atenção";"Colisão lateral";"Com Vítimas Feridas";"Pleno dia";"Crescente";"Ceu Claro";"Simples";"Reta";"Urbano";3;0;1;0;2;0;1;2
83519347;"27/11/16";"Domingo";"18:20:00";"MG";40;"562";"NOVA LIMA";"Velocidade incompatível";"Saída de Pista";"Sem Vítimas";"Pleno dia";"Crescente";"Chuva";"Dupla";"Curva";"Rural";1;0;0;0;1;0;0;1
83519348;"27/11/16";"Domingo";"05:00:00";"RS";101;"15";"DOM PEDRO DE ALCANTARA";"Dormindo";"Saída de Pista";"Com Vítimas Feridas";"Amanhecer";"Crescente";"Ceu Claro";"Dupla";"Reta";"Rural";2;0;1;1;0;0;2;1
83519349;"27/11/16";"Domingo";"18:45:00";"SC";101;"0,1";"GARUVA";"Falta de atenção";"Atropelamento de pessoa";"Com Vítimas Feridas";"Anoitecer";"Decrescente";"Nublado";"Dupla";"Reta";"Urbano";2;0;0;1;1;0;1;1
83519350;"27/11/16";"Domingo";"18:30:00";"SC";470;"159,5";"TROMBUDO CENTRAL";"Velocidade incompatível";"Colisão lateral";"Com Vítimas Feridas";"Pleno dia";"Decrescente";"Chuva";"Simples";"Curva";"Urbano";4;0;1;0;3;0;1;4
83519351;"27/11/16";"Domingo";"16:00:00";"BA";324;"514";"FEIRA DE SANTANA";"Falta de atenção";"Colisão traseira";"Com Vítimas Feridas";"Pleno dia";"Crescente";"Ceu Claro";"Simples";"Reta";"Urbano";5;0;1;0;4;0;1;4
83519352;"27/11/16";"Domingo";"16:50:00";"SC";101;"42,5";"JOINVILLE";"Ingestão de álcool";"Colisão lateral";"Com Vítimas Feridas";"Pleno dia";"Crescente";"Nublado";"Dupla";"Reta";"Urbano";2;0;1;0;1;0;1;2
83519353;"27/11/16";"Domingo";"12:40:00";"MG";116;"815,5";"ALEM PARAIBA";"Outras";"Saída de Pista";"Com Vítimas Fatais";"Pleno dia";"Crescente";"Ceu Claro";"Simples";"Curva";"Urbano";1;1;0;0;0;0;0;1
83519354;"27/11/16";"Domingo";"15:30:00";"PR";158;"522,7";"PATO BRANCO";"Outras";"Saída de Pista";"Sem Vítimas";"Pleno dia";"Crescente";"Chuva";"Simples";"Reta";"Urbano";1;0;0;0;1;0;0;1
83519355;"27/11/16";"Domingo";"19:00:00";"PR";376;"307,6";"MAUA DA SERRA";"Outras";"Colisão com objeto fixo";"Com Vítimas Feridas";"Anoitecer";"Crescente";"Chuva";"Dupla";"Curva";"Rural";2;0;1;0;1;0;1;1
83519356;"27/11/16";"Domingo";"17:30:00";"RS";285;"418,5";"PANAMBI";"Desobediência à sinalização";"Colisão Transversal";"Com Vítimas Feridas";"Pleno dia";"Decrescente";"Nublado";"Simples";"Cruzamento";"Rural";2;0;1;0;1;0;1;2
83519357;"27/11/16";"Domingo";"15:45:00";"PR";369;"523";"CASCAVEL";"Desobediência à sinalização";"Colisão traseira";"Com Vítimas Fatais";"Pleno dia";"Crescente";"Nublado";"Simples";"Reta";"Urbano";3;1;1;0;1;0;1;2
83519358;"27/11/16";"Domingo";"16:40:00";"MG";40;"580";"ITABIRITO";"Velocidade incompatível";"Colisão Transversal";"Com Vítimas Feridas";"Pleno dia";"Crescente";"Chuva";"Dupla";"Curva";"Rural";2;0;1;0;1;0;1;2
83519359;"27/11/16";"Domingo";"19:30:00";"MA";402;"12";"ROSARIO";"Falta de atenção";"Colisão lateral";"Sem Vítimas";"Anoitecer";"Decrescente";"Ceu Claro";"Simples";"Curva";"Urbano";2;0;0;0;2;0;0;2
83519360;"27/11/16";"Domingo";"13:00:00";"PA";230;"676";"BRASIL NOVO";"Falta de atenção";"Saída de Pista";"Com Vítimas Feridas";"Pleno dia";"Crescente";"Ceu Claro";"Simples";"Curva";"Rural";2;0;2;0;0;0;2;1
83519361;"27/11/16";"Domingo";"15:45:00";"PI";316;"50,6";"MONSENHOR GIL";"Velocidade incompatível";"Capotamento";"Com Vítimas Feridas";"Pleno dia";"Decrescente";"Sol";"Simples";"Curva";"Rural";1;0;1;0;0;0;1;1
83519362;"27/11/16";"Domingo";"19:15:00";"SC";101;"382,8";"ICARA";"Desobediência à sinalização";"Colisão lateral";"Com Vítimas Feridas";"Pleno dia";"Crescente";"Chuva";"Simples";"Reta";"Urbano";5;0;4;0;1;0;4;2
83519363;"27/11/16";"Domingo";"15:30:00";"GO";60;"170";"GOIANIA";"Ingestão de álcool";"Colisão com objeto fixo";"Com Vítimas Feridas";"Pleno dia";"Crescente";"Ceu Claro";"Dupla";"Reta";"Urbano";2;0;1;1;0;0;2;1
83519364;"27/11/16";"Domingo";"14:50:00";"PE";408;"105";"JABOATAO DOS GUARARAPES";"Ingestão de álcool";"Colisão com bicicleta";"Com Vítimas Feridas";"Pleno dia";"Crescente";"Ceu Claro";"Dupla";"Curva";"Urbano";4;0;1;0;3;0;1;2