"id";"data_inversa";"dia_semana";"horario";"uf";"br";"km";"municipio";"causa_acidente";"tipo_acidente";"classificacao_acidente";"fase_dia";"sentido_via";"condicao_metereologica";"tipo_pista";"tracado_via";"uso_solo";"pessoas";"mortos";"feridos_leves";"feridos_graves";"ilesos";"ignorados";"feridos";"veiculos"
83519366;"27/11/16";"Domingo";"17:30:00";"RS";158;"239,1";"TUPANCIRETA";"Velocidade incompatível";"Colisão lateral";"Sem Vítimas";"Pleno dia";"Crescente";"Chuva";"Simples";"Curva";"Rural";3;0;0;0;3;0;0;3
83519367;"23/11/16";"Quarta";"18:00:00";"RJ";101;"318";"NITEROI";"Outras";"Colisão lateral";"Com Vítimas Feridas";"Pleno dia";"Decrescente";"Ceu Claro";"Dupla";"Reta";"Rural";3;0;2;0;1;0;2;2
83519368;"27/11/16";"Domingo";"12:10:00";"GO";60;"260,9";"INDIARA";"Dormindo";"Saída de Pista";"Com Vítimas Feridas";"Pleno dia";"Crescente";"Ceu Claro";"Dupla";"Reta";"Rural";4;0;1;0;3;0;1;1
83519370;"27/11/16";"Domingo";"19:55:00";"RS";386;"402";"TRIUNFO";"Velocidade incompatível";"Colisão traseira";"Com Vítimas Feridas";"Plena noite";"Decrescente";"Chuva";"Dupla";"Reta";"Rural";5;0;1;0;4;0;1;2
83519371;"11/11/16";"Sexta";"20:50:00";"MA";316;"535";"CAXIAS";"Não guardar distância de segurança";"Atropelamento de pessoa";"Com Vítimas Feridas";"Pleno dia";"Crescente";"Ceu Claro";"Simples";"Reta";"Rural";2;0;1;0;1;0;1;1
83519372;"27/11/16";"Domingo";"18:00:00";"PA";316;"46";"SANTA ISABEL DO PARA";"Outras";"Capotamento";"Sem Vítimas";"Anoitecer";"Crescente";"Ceu Claro";"Dupla";"Reta";"Rural";1;0;0;0;1;0;0;1
83519373;"27/11/16";"Domingo";"19:30:00";"MA";316;"547";"CAXIAS";"Outras";"Queda de motocicleta / bicicleta / veículo";"Com Vítimas Feridas";"Plena noite";"Decrescente";"Ceu Claro";"Simples";"Reta";"Rural";1;0;1;0;0;0;1;1
83519374;"27/11/16";"Domingo";"18:30:00";"MS";262;"99";"TRES LAGOAS";"Outras";"Capotamento";"Sem Vítimas";"Anoitecer";"Crescente";"Chuva";"Simples";"Reta";"Rural";1;0;0;0;1;0;0;1
83519375;"27/11/16";"Domingo";"14:30:00";"GO";80;"134";"BARRO ALTO";"Dormindo";"Colisão lateral";"Com Vítimas Feridas";"Pleno dia";"Crescente";"Sol";"Simples";"Reta";"Rural";5;0;1;0;4;0;1;2
83519376;"27/11/16";"Domingo";"17:00:00";"BA";415;"48";"ITABUNA";"Ingestão de álcool";"Colisão frontal";"Com Vítimas Feridas";"Pleno dia";"Crescente";"Ceu Claro";"Simples";"Reta";"Urbano";2;0;0;1;1;0;1;2
83519377;"27/11/16";"Domingo";"19:05:00";"MG";381;"518,4";"IGARAPE";"Outras";"Colisão com objeto fixo";"Sem Vítimas";"Anoitecer";"Decrescente";"Chuva";"Dupla";"Curva";"Rural";2;0;0;0;2;0;0;1
83519378;"27/11/16";"Domingo";"19:50:00";"MG";262;"34,9";"MANHUACU";"Falta de atenção";"Atropelamento de pessoa";"Com Vítimas Fatais";"Plena noite";"Crescente";"Ceu Claro";"Simples";"Reta";"Urbano";2;1;0;0;1;0;0;1
83519380;"27/11/16";"Domingo";"17:50:00";"SP";101;"47,2";"UBATUBA";"Falta de atenção";"Colisão lateral";"Com Vítimas Feridas";"Pleno dia";"Decrescente";"Ceu Claro";"Simples";"Curva";"Urbano";3;0;2;0;1;0;2;2
83519381;"27/11/16";"Domingo";"21:30:00";"PR";369;"446";"CASCAVEL";"Falta de atenção";"Colisão traseira";"Sem Vítimas";"Plena noite";"Crescente";"Ceu Claro";"Simples";"Reta";"Rural";5;0;0;0;5;0;0;2
83519382;"27/11/16";"Domingo";"10:00:00";"SC";101;"335";"TUBARAO";"Desobediência à sinalização";"Colisão Transversal";"Sem Vítimas";"Pleno dia";"Decrescente";"Ceu Claro";"Dupla";"Cruzamento";"Urbano";2;0;0;0;2;0;0;2
83519383;"27/11/16";"Domingo";"21:50:00";"MG";381;"923";"CAMANDUCAIA";"Desobediência à sinalização";"Colisão frontal";"Sem Vítimas";"Plena noite";"Crescente";"Chuva";"Simples";"Reta";"Rural";2;0;0;0;2;0;0;2
83519384;"27/11/16";"Domingo";"19:35:00";"PR";163;"38,7";"PRANCHITA";"Falta de atenção";"Saída de Pista";"Com Vítimas Feridas";"Anoitecer";"Crescente";"Chuva";"Simples";"Curva";"Rural";1;0;0;1;0;0;1;1
83519385;"27/11/16";"Domingo";"17:00:00";"MG";40;"580";"ITABIRITO";"Outras";"Colisão com objeto fixo";"Sem Vítimas";"Pleno dia";"Crescente";"Chuva";"Dupla";"Curva";"Rural";1;0;0;0;1;0;0;1
83519386;"27/11/16";"Domingo";"17:45:00";"CE";222;"249";"SOBRAL";"Ingestão de álcool";"Colisão Transversal";"Sem Vítimas";"Anoitecer";"Crescente";"Ceu Claro";"Simples";"Reta";"Urbano";6;0;0;0;5;1;0;2
83519387;"27/11/16";"Domingo";"22:00:00";"RJ";40;"85";"PETROPOLIS";"Outras";"Queda de motocicleta / bicicleta / veículo";"Com Vítimas Feridas";"Plena noite";"Decrescente";"Ceu Claro";"Simples";"Curva";"Rural";2;0;2;0;0;0;2;1
83519388;"27/11/16";"Domingo";"17:00:00";"RS";290;"289,3";"CACHOEIRA DO SUL";"Outras";"Colisão lateral";"Com Vítimas Feridas";"Pleno dia";"Crescente";"Chuva";"Simples";"Reta";"Rural";4;0;1;0;3;0;1;2
83519389;"27/11/16";"Domingo";"16:30:00";"RS";290;"203,7";"RIO PARDO";"Outras";"Saída de Pista";"Com Vítimas Feridas";"Pleno dia";"Decrescente";"Chuva";"Simples";"Curva";"Rural";2;0;0;1;1;0;1;1
83519390;"18/09/16";"Domingo";"11:30:00";"PR";153;"499,5";"GENERAL CARNEIRO";"Velocidade incompatível";"Saída de Pista";"Com Vítimas Feridas";"Pleno dia";"Decrescente";"Chuva";"Simples";"Reta";"Rural";3;0;0;1;2;0;1;1
83519391;"27/11/16";"Domingo";"14:45:00";"MG";365;"598";"INDIANOPOLIS";"Falta de atenção";"Colisão Transversal";"Sem Vítimas";"Pleno dia";"Crescente";"Sol";"Simples";"Reta";"Rural";2;0;0;0;2;0;0;2
83519392;"27/11/16";"Domingo";"17:00:00";"PE";232;"203,3";"PESQUEIRA";"Ingestão de álcool";"Colisão traseira";"Com Vítimas Feridas";"Anoitecer";"Crescente";"Ceu Claro";"Simples";"Reta";"Rural";3;0;1;0;2;0;1;3
83519393;"07/08/16";"Domingo";"09:40:00";"MA";135;"130";"MATOES DO NORTE";"Outras";"Colisão frontal";"Com Vítimas Fatais";"Pleno dia";"Decrescente";"Ceu Claro";"Simples";"Reta";"Rural";2;1;0;1;0;0;1;2
83519394;"27/11/16";"Domingo";"15:00:00";"RS";392;"220,6";"CACAPAVA DO SUL";"Velocidade incompatível";"Saída de Pista";"Sem Vítimas";"Pleno dia";"Crescente";"Chuva";"Simples";"Curva";"Rural";1;0;0;0;1;0;0;1
83519395;"27/11/16";"Domingo";"19:30:00";"GO";60;"109";"GOIANAPOLIS";"Velocidade incompatível";"Saída de Pista";"Sem Vítimas";"Plena noite";"Crescente";"Chuva";"Dupla";"Curva";"Rural";1;0;0;0;1;0;0;1
83519396;"27/11/16";"Domingo";"10:55:00";"SC";101;"212";"PALHOCA";"Velocidade incompatível";"Queda de motocicleta / bicicleta / veículo";"Com Vítimas Feridas";"Pleno dia";"Decrescente";"Ceu Claro";"Múltipla";"Reta";"Urbano";1;0;1;0;0;0;1;1
83519398;"27/11/16";"Domingo";"19:30:00";"GO";452;"42,6";"SANTA HELENA DE GOIAS";"Não guardar distância de segurança";"Colisão lateral";"Com Vítimas Feridas";"Plena noite";"Decrescente";"Ceu Claro";"Dupla";"Reta";"Rural";2;0;1;0;1;0;1;2
83519399;"23/11/16";"Quarta";"12:40:00";"BA";367;"83";"EUNAPOLIS";"Desobediência à sinalização";"Colisão lateral";"Com Vítimas Feridas";"Pleno dia";"Crescente";"Ceu Claro";"Simples";"Reta";"Urbano";3;0;1;0;2;0;1;2
83519400;"15/11/16";"Terça";"21:35:00";"PR";277;"117";"BALSA NOVA";"Outras";"Colisão com objeto fixo";"Ignorado";"Plena noite";"Decrescente";"Nublado";"Dupla";"Reta";"Urbano";1;0;0;0;0;1;0;1
83519401;"26/11/16";"Sábado";"02:19:00";"SP";116;"216";"GUARULHOS";"Ingestão de álcool";"Queda de motocicleta / bicicleta / veículo";"Com Vítimas Feridas";"Amanhecer";"Crescente";"Ceu Claro";"Múltipla";"Reta";"Urbano";1;0;1;0;0;0;1;1
83519402;"27/11/16";"Domingo";"21:10:00";"MS";163;"492";"CAMPO GRANDE";"Falta de atenção";"Colisão traseira";"Com Vítimas Feridas";"Plena noite";"Decrescente";"Ceu Claro";"Dupla";"Reta";"Urbano";2;0;1;0;0;1;1;2
83519403;"22/11/16";"Terça";"08:00:00";"PB";104;"118";"LAGOA SECA";"Falta de atenção";"Colisão traseira";"Com Vítimas Feridas";"Pleno dia";"Decrescente";"Sol";"Simples";"Reta";"Rural";2;0;2;0;0;0;2;2
83519404;"26/11/16";"Sábado";"09:10:00";"AM";230;"829";"LABREA";"Falta de atenção";"Capotamento";"Com Vítimas Fatais";"Pleno dia";"Crescente";"Nublado";"Simples";"Curva";"Rural";25;2;0;4;0;19;4;1
83519405;"27/11/16";"Domingo";"22:20:00";"RS";290;"15,7";"SANTO ANTONIO DA PATRULHA";"Dormindo";"Colisão traseira";"Sem Vítimas";"Plena noite";"Decrescente";"Chuva";"Dupla";"Curva";"Rural";2;0;0;0;2;0;0;2
83519406;"27/11/16";"Domingo";"20:30:00";"PR";272;"426";"GOIO-ERE";"Falta de atenção";"Colisão com bicicleta";"Com Vítimas Feridas";"Plena noite";"Decrescente";"Nublado";"Simples";"Reta";"Urbano";2;0;0;1;1;0;1;2
83519407;"27/11/16";"Domingo";"13:55:00";"MG";267;"286,9";"BAEPENDI";"Velocidade incompatível";"Tombamento";"Com Vítimas Feridas";"Pleno dia";"Crescente";"Sol";"Simples";"Curva";"Rural";1;0;1;0;0;0;1;1
83519409;"27/11/16";"Domingo";"17:30:00";"BA";324;"557";"AMELIA RODRIGUES";"Defeito mecânico em veículo";"Saída de Pista";"Com Vítimas Feridas";"Plena noite";"Decrescente";"Ignorada";"Dupla";"Reta";"Rural";4;0;1;0;3;0;1;1
83519410;"27/11/16";"Domingo";"20:00:00";"SC";470;"162";"TROMBUDO CENTRAL";"Outras";"Colisão com objeto fixo";"Com Vítimas Fatais";"Plena noite";"Crescente";"Chuva";"Simples";"Reta";"Urbano";1;1;0;0;0;0;0;1
83519411;"27/11/16";"Domingo";"21:00:00";"RO";364;"342,6";"JI-PARANA";"Ultrapassagem indevida";"Colisão lateral";"Com Vítimas Feridas";"Plena noite";"Crescente";"Chuva";"Dupla";"Reta";"Urbano";2;0;1;0;0;1;1;2
83519412;"26/11/16";"Sábado";"05:50:00";"SP";116;"222";"GUARULHOS";"Outras";"Colisão lateral";"Sem Vítimas";"Amanhecer";"Crescente";"Ceu Claro";"Múltipla";"Reta";"Urbano";2;0;0;0;1;1;0;2
83519413;"27/11/16";"Domingo";"19:30:00";"RR";174;"2";"BOA VISTA";"Falta de atenção";"Colisão com bicicleta";"Com Vítimas Feridas";"Plena noite";"Decrescente";"Ceu Claro";"Simples";"Reta";"Rural";3;0;2;0;1;0;2;3
83519414;"27/11/16";"Domingo";"21:00:00";"SC";470;"194";"POUSO REDONDO";"Falta de atenção";"Colisão lateral";"Com Vítimas Feridas";"Plena noite";"Decrescente";"Chuva";"Simples";"Curva";"Urbano";3;0;1;0;2;0;1;3
83519415;"27/11/16";"Domingo";"16:39:00";"PR";153;"515,3";"GENERAL CARNEIRO";"Ultrapassagem indevida";"Colisão frontal";"Com Vítimas Fatais";"Pleno dia";"Decrescente";"Ceu Claro";"Simples";"Reta";"Rural";3;1;0;0;2;0;0;2
83519416;"27/11/16";"Domingo";"16:50:00";"SP";116;"203,1";"ARUJA";"Não guardar distância de segurança";"Colisão traseira";"Com Vítimas Feridas";"Pleno dia";"Crescente";"Nublado";"Dupla";"Reta";"Urbano";11;0;6;0;3;2;6;5
83519417;"27/11/16";"Domingo";"21:35:00";"AP";210;"2,7";"MACAPA";"Desobediência à sinalização";"Saída de Pista";"Com Vítimas Feridas";"Plena noite";"Decrescente";"Ceu Claro";"Simples";"Reta";"Urbano";1;0;0;1;0;0;1;1
83519418;"27/11/16";"Domingo";"22:37:00";"GO";60;"25";"ALEXANIA";"Outras";"Colisão com objeto fixo";"Sem Vítimas";"Plena noite";"Decrescente";"Chuva";"Dupla";"Reta";"Rural";1;0;0;0;1;0;0;1
83519419;"27/11/16";"Domingo";"23:20:00";"SP";116;"23,6";"LAVRINHAS";"Dormindo";"Colisão traseira";"Com Vítimas Feridas";"Plena noite";"Decrescente";"Ceu Claro";"Dupla";"Reta";"Rural";3;0;0;1;2;0;1;2
83519420;"27/11/16";"Domingo";"19:14:00";"SP";116;"220,2";"GUARULHOS";"Outras";"Colisão Transversal";"Sem Vítimas";"Pleno dia";"Decrescente";"Ceu Claro";"Múltipla";"Reta";"Urbano";2;0;0;0;2;0;0;2
83519421;"27/11/16";"Domingo";"23:46:00";"PR";116;"65";"CAMPINA GRANDE DO SUL";"Falta de atenção";"Saída de Pista";"Sem Vítimas";"Plena noite";"Decrescente";"Chuva";"Dupla";"Curva";"Rural";1;0;0;0;1;0;0;1
83519422;"27/11/16";"Domingo";"14:50:00";"BA";116;"730,8";"BOA NOVA";"Não guardar distância de segurança";"Colisão traseira";"Com Vítimas Feridas";"Pleno dia";"Decrescente";"Ceu Claro";"Simples";"Reta";"Rural";6;0;1;0;5;0;1;6
83519423;"27/11/16";"Domingo";"17:50:00";"RR";174;"513";"BOA VISTA";"Falta de atenção";"Colisão traseira";"Com Vítimas Feridas";"Anoitecer";"Decrescente";"Ceu Claro";"Simples";"Reta";"Rural";2;0;0;1;1;0;1;2
83519424;"27/11/16";"Domingo";"23:10:00";"PR";369;"65,2";"BANDEIRANTES";"Ingestão de álcool";"Colisão frontal";"Com Vítimas Feridas";"Plena noite";"Crescente";"Ceu Claro";"Simples";"Reta";"Rural";2;0;0;1;1;0;1;2
83519425;"28/11/16";"Segunda";"00:10:00";"SC";101;"16,5";"GARUVA";"Ingestão de álcool";"Saída de Pista";"Sem Vítimas";"Plena noite";"Crescente";"Chuva";"Dupla";"Reta";"Rural";1;0;0;0;1;0;0;1
83519426;"27/11/16";"Domingo";"16:45:00";"MG";262;"593,7";"CAMPOS ALTOS";"Velocidade incompatível";"Colisão frontal";"Com Vítimas Feridas";"Pleno dia";"Crescente";"Chuva";"Simples";"Curva";"Rural";2;0;0;1;1;0;1;2
83519427;"27/11/16";"Domingo";"16:10:00";"RS";287;"265";"SAO VICENTE DO SUL";"Outras";"Saída de Pista";"Com Vítimas Feridas";"Pleno dia";"Crescente";"Chuva";"Simples";"Reta";"Rural";1;0;1;0;0;0;1;1
83519428;"27/11/16";"Domingo";"23:20:00";"PR";277;"130,5";"BALSA NOVA";"Velocidade incompatível";"Colisão lateral";"Sem Vítimas";"Plena noite";"Decrescente";"Chuva";"Dupla";"Curva";"Rural";2;0;0;0;2;0;0;2
83519429;"27/11/16";"Domingo";"23:50:00";"MG";262;"708,5";"ARAXA";"Dormindo";"Saída de Pista";"Com Vítimas Feridas";"Plena noite";"Crescente";"Chuva";"Simples";"Reta";"Rural";1;0;1;0;0;0;1;1
83519430;"27/11/16";"Domingo";"21:00:00";"RO";319;"64";"PORTO VELHO";"Falta de atenção";"Colisão traseira";"Sem Vítimas";"Plena noite";"Crescente";"Ceu Claro";"Dupla";"Reta";"Urbano";2;0;0;0;2;0;0;2
83519431;"27/11/16";"Domingo";"23:30:00";"RS";116;"397,9";"CAMAQUA";"Falta de atenção";"Colisão Transversal";"Com Vítimas Feridas";"Plena noite";"Crescente";"Chuva";"Simples";"Cruzamento";"Urbano";2;0;1;0;1;0;1;2
83519432;"27/11/16";"Domingo";"20:47:00";"MT";163;"821";"SINOP";"Falta de atenção";"Colisão frontal";"Com Vítimas Feridas";"Plena noite";"Decrescente";"Ceu Claro";"Simples";"Reta";"Rural";6;0;5;1;0;0;6;2
83519433;"28/11/16";"Segunda";"00:45:00";"MG";50;"34";"ARAGUARI";"Animais na Pista";"Atropelamento de animal";"Sem Vítimas";"Plena noite";"Decrescente";"Chuva";"Dupla";"Reta";"Rural";1;0;0;0;1;0;0;1
83519434;"27/11/16";"Domingo";"19:20:00";"RO";364;"343";"JI-PARANA";"Falta de atenção";"Colisão frontal";"Com Vítimas Feridas";"Plena noite";"Crescente";"Nublado";"Simples";"Reta";"Urbano";4;0;2;2;0;0;4;2
83519435;"27/11/16";"Domingo";"23:00:00";"PA";230;"118";"MARABA";"Ingestão de álcool";"Colisão frontal";"Com Vítimas Fatais";"Plena noite";"Crescente";"Ceu Claro";"Dupla";"Reta";"Urbano";4;2;0;0;2;0;0;2
83519436;"27/11/16";"Domingo";"19:20:00";"CE";116;"332";"JAGUARIBE";"Defeito mecânico em veículo";"Incêndio";"Sem Vítimas";"Plena noite";"Decrescente";"Ceu Claro";"Simples";"Reta";"Rural";1;0;0;0;1;0;0;1
83519437;"27/11/16";"Domingo";"20:00:00";"BA";420;"281";"UBAIRA";"Outras";"Saída de Pista";"Com Vítimas Fatais";"Plena noite";"Decrescente";"Ceu Claro";"Simples";"Curva";"Urbano";4;1;2;1;0;0;3;1
83519438;"27/11/16";"Domingo";"21:30:00";"GO";50;"230,5";"CAMPO ALEGRE DE GOIAS";"Velocidade incompatível";"Saída de Pista";"Sem Vítimas";"Plena noite";"Decrescente";"Chuva";"Simples";"Curva";"Rural";1;0;0;0;1;0;0;1
83519439;"27/11/16";"Domingo";"22:10:00";"TO";153;"557";"FATIMA";"Ingestão de álcool";"Saída de Pista";"Ignorado";"Plena noite";"Decrescente";"Ceu Claro";"Simples";"Reta";"Rural";1;0;0;0;0;1;0;1
83519440;"27/11/16";"Domingo";"16:30:00";"RJ";116;"270";"BARRA MANSA";"Outras";"Colisão com objeto fixo";"Ignorado";"Pleno dia";"Decrescente";"Ceu Claro";"Simples";"Curva";"Urbano";1;0;0;0;0;1;0;1
83519441;"28/11/16";"Segunda";"00:50:00";"RJ";101;"214,5";"SILVA JARDIM";"Outras";"Atropelamento de animal";"Com Vítimas Feridas";"Plena noite";"Crescente";"Nublado";"Simples";"Reta";"Rural";2;0;2;0;0;0;2;1
83519442;"27/11/16";"Domingo";"18:20:00";"SE";101;"105";"SAO CRISTOVAO";"Falta de atenção";"Colisão lateral";"Sem Vítimas";"Anoitecer";"Decrescente";"Ceu Claro";"Dupla";"Reta";"Rural";2;0;0;0;2;0;0;2
83519443;"23/11/16";"Quarta";"15:00:00";"PE";423;"188";"ITAIBA";"Outras";"Tombamento";"Com Vítimas Feridas";"Pleno dia";"Crescente";"Ceu Claro";"Simples";"Reta";"Rural";2;0;1;0;1;0;1;1
83519444;"27/11/16";"Domingo";"21:10:00";"SC";101;"97,2";"PICARRAS";"Outras";"Saída de Pista";"Sem Vítimas";"Plena noite";"Decrescente";"Chuva";"Dupla";"Reta";"Rural";1;0;0;0;1;0;0;1
83519445;"28/11/16";"Segunda";"01:50:00";"SC";101;"418,2";"ARARANGUA";"Falta de atenção";"Colisão traseira";"Sem Vítimas";"Plena noite";"Decrescente";"Nublado";"Dupla";"Reta";"Rural";2;0;0;0;2;0;0;2
83519446;"27/11/16";"Domingo";"15:30:00";"RS";287;"235";"SANTA MARIA";"Falta de atenção";"Colisão traseira";"Sem Vítimas";"Pleno dia";"Decrescente";"Chuva";"Múltipla";"Reta";"Urbano";5;0;0;0;4;1;0;4
83519447;"27/11/16";"Domingo";"19:05:00";"RS";290;"286,4";"CACHOEIRA DO SUL";"Outras";"Saída de Pista";"Sem Vítimas";"Pleno dia";"Decrescente";"Chuva";"Simples";"Curva";"Rural";1;0;0;0;1;0;0;1
83519448;"27/11/16";"Domingo";"16:00:00";"PB";230;"26";"JOAO PESSOA";"Não guardar distância de segurança";"Colisão traseira";"Com Vítimas Feridas";"Pleno dia";"Decrescente";"Sol";"Dupla";"Reta";"Urbano";3;0;2;0;0;1;2;2
83519449;"27/11/16";"Domingo";"18:30:00";"PR";376;"651";"TIJUCAS DO SUL";"Falta de atenção";"Colisão traseira";"Com Vítimas Feridas";"Pleno dia";"Decrescente";"Ceu Claro";"Dupla";"Curva";"Rural";4;0;1;0;2;1;1;4
83519450;"27/11/16";"Domingo";"18:47:00";"GO";364;"198";"JATAI";"Ingestão de álcool";"Colisão traseira";"Sem Vítimas";"Anoitecer";"Crescente";"Nublado";"Dupla";"Reta";"Rural";2;0;0;0;2;0;0;2
83519451;"27/11/16";"Domingo";"19:19:00";"MT";163;"684";"LUCAS DO RIO VERDE";"Defeito na via";"Saída de Pista";"Com Vítimas Feridas";"Pleno dia";"Crescente";"Ceu Claro";"Simples";"Reta";"Rural";3;0;3;0;0;0;3;1
83519452;"27/11/16";"Domingo";"19:45:00";"AL";101;"108,7";"PILAR";"Velocidade incompatível";"Capotamento";"Com Vítimas Feridas";"Plena noite";"Decrescente";"Ceu Claro";"Simples";"Curva";"Urbano";1;0;1;0;0;0;1;1
83519453;"24/11/16";"Quinta";"04:50:00";"CE";116;"62";"CHOROZINHO";"Outras";"Atropelamento de animal";"Sem Vítimas";"Amanhecer";"Crescente";"Ceu Claro";"Simples";"Reta";"Rural";2;0;0;0;1;1;0;2
83519454;"27/11/16";"Domingo";"20:50:00";"MG";381;"354";"JOAO MONLEVADE";"Falta de atenção";"Colisão lateral";"Com Vítimas Feridas";"Plena noite";"Crescente";"Ceu Claro";"Simples";"Reta";"Rural";6;0;5;0;1;0;5;2
83519455;"28/11/16";"Segunda";"01:30:00";"BA";116;"724";"MANOEL VITORINO";"Outras";"Colisão frontal";"Com Vítimas Feridas";"Plena noite";"Decrescente";"Ceu Claro";"Simples";"Reta";"Rural";2;0;2;0;0;0;2;2
83519456;"27/11/16";"Domingo";"14:35:00";"SE";101;"103";"SAO CRISTOVAO";"Outras";"Colisão com objeto fixo";"Sem Vítimas";"Pleno dia";"Decrescente";"Sol";"Dupla";"Reta";"Rural";1;0;0;0;1;0;0;1
83519457;"27/11/16";"Domingo";"22:10:00";"SP";116;"25,1";"LAVRINHAS";"Outras";"Saída de Pista";"Sem Vítimas";"Plena noite";"Crescente";"Ceu Claro";"Dupla";"Reta";"Rural";1;0;0;0;1;0;0;1
83519458;"27/11/16";"Domingo";"22:08:00";"SC";101;"208,6";"SAO JOSE";"Velocidade incompatível";"Colisão traseira";"Sem Vítimas";"Plena noite";"Decrescente";"Nublado";"Múltipla";"Reta";"Urbano";3;0;0;0;2;1;0;3
83519459;"27/11/16";"Domingo";"16:50:00";"RN";405;"150,4";"PAU DOS FERROS";"Defeito mecânico em veículo";"Capotamento";"Com Vítimas Feridas";"Pleno dia";"Decrescente";"Ignorada";"Simples";"Reta";"Urbano";1;0;1;0;0;0;1;1
83519460;"28/11/16";"Segunda";"04:00:00";"ES";101;"144,7";"LINHARES";"Ingestão de álcool";"Capotamento";"Com Vítimas Feridas";"Plena noite";"Decrescente";"Ceu Claro";"Simples";"Reta";"Urbano";3;0;3;0;0;0;3;1
83519461;"27/11/16";"Domingo";"22:00:00";"SC";101;"92";"BARRA VELHA";"Ultrapassagem indevida";"Colisão lateral";"Com Vítimas Feridas";"Plena noite";"Decrescente";"Nublado";"Simples";"Reta";"Rural";2;0;0;1;0;1;1;2
83519462;"27/11/16";"Domingo";"19:00:00";"TO";153;"514,7";"PUGMIL";"Ingestão de álcool";"Queda de motocicleta / bicicleta / veículo";"Com Vítimas Feridas";"Plena noite";"Decrescente";"Ceu Claro";"Simples";"Reta";"Rural";2;0;0;2;0;0;2;1
83519463;"27/11/16";"Domingo";"21:30:00";"MG";153;"13,6";"ARAPORA";"Velocidade incompatível";"Saída de Pista";"Sem Vítimas";"Plena noite";"Crescente";"Chuva";"Dupla";"Reta";"Rural";1;0;0;0;1;0;0;1
83519464;"28/11/16";"Segunda";"05:45:00";"RS";386;"393";"TRIUNFO";"Defeito mecânico em veículo";"Saída de Pista";"Com Vítimas Feridas";"Amanhecer";"Crescente";"Chuva";"Dupla";"Reta";"Urbano";2;0;2;0;0;0;2;1
83519465;"28/11/16";"Segunda";"01:00:00";"AL";104;"28,9";"UNIAO DOS PALMARES";"Outras";"Saída de Pista";"Com Vítimas Feridas";"Plena noite";"Crescente";"Ceu Claro";"Simples";"Reta";"Rural";3;0;0;2;0;1;2;2
83519466;"27/11/16";"Domingo";"19:40:00";"MG";381;"516,3";"IGARAPE";"Velocidade incompatível";"Capotamento";"Sem Vítimas";"Plena noite";"Decrescente";"Nublado";"Dupla";"Curva";"Rural";1;0;0;0;1;0;0;1
83519467;"28/11/16";"Segunda";"00:30:00";"MG";153;"210";"FRUTAL";"Outras";"Capotamento";"Com Vítimas Feridas";"Plena noite";"Decrescente";"Ceu Claro";"Dupla";"Reta";"Urbano";1;0;0;1;0;0;1;1
83519468;"28/11/16";"Segunda";"01:30:00";"RS";471;"585,8";"SANTA VITORIA DO PALMAR";"Ingestão de álcool";"Atropelamento de pessoa";"Com Vítimas Feridas";"Plena noite";"Crescente";"Ceu Claro";"Simples";"Reta";"Rural";3;0;2;0;1;0;2;1
83519469;"23/11/16";"Quarta";"14:45:00";"PE";104;"59";"CARUARU";"Outras";"Colisão lateral";"Com Vítimas Feridas";"Pleno dia";"Crescente";"Ceu Claro";"Dupla";"Reta";"Rural";2;0;0;1;1;0;1;2
83519470;"28/11/16";"Segunda";"04:55:00";"MA";316;"532";"CAXIAS";"Falta de atenção";"Queda de motocicleta / bicicleta / veículo";"Com Vítimas Feridas";"Amanhecer";"Decrescente";"Ceu Claro";"Simples";"Reta";"Rural";2;0;0;2;0;0;2;1
83519472;"28/11/16";"Segunda";"05:00:00";"PE";316;"81,4";"OURICURI";"Animais na Pista";"Atropelamento de animal";"Com Vítimas Feridas";"Amanhecer";"Crescente";"Ignorada";"Simples";"Reta";"Rural";4;0;1;0;3;0;1;1
83519473;"27/11/16";"Domingo";"14:00:00";"BA";242;"324";"LENCOIS";"Ultrapassagem indevida";"Saída de Pista";"Sem Vítimas";"Pleno dia";"Decrescente";"Sol";"Simples";"Reta";"Rural";2;0;0;0;2;0;0;1
83519474;"25/11/16";"Sexta";"03:10:00";"GO";60;"251,9";"INDIARA";"Dormindo";"Tombamento";"Com Vítimas Feridas";"Plena noite";"Decrescente";"Ceu Claro";"Dupla";"Reta";"Urbano";1;0;1;0;0;0;1;1
83519475;"27/11/16";"Domingo";"17:50:00";"MG";262;"589";"CAMPOS ALTOS";"Velocidade incompatível";"Saída de Pista";"Sem Vítimas";"Pleno dia";"Crescente";"Chuva";"Dupla";"Curva";"Rural";1;0;0;0;1;0;0;1
83519476;"28/11/16";"Segunda";"05:40:00";"GO";153;"703,5";"ITUMBIARA";"Falta de atenção";"Colisão frontal";"Com Vítimas Feridas";"Plena noite";"Crescente";"Chuva";"Simples";"Reta";"Urbano";2;0;0;1;1;0;1;2
83519477;"26/11/16";"Sábado";"16:00:00";"CE";222;"4";"CAUCAIA";"Falta de atenção";"Colisão traseira";"Com Vítimas Feridas";"Pleno dia";"Crescente";"Ceu Claro";"Dupla";"Reta";"Urbano";2;0;2;0;0;0;2;2