"id";"data_inversa";"dia_semana";"horario";"uf";"br";"km";"municipio";"causa_acidente";"tipo_acidente";"classificacao_acidente";"fase_dia";"sentido_via";"condicao_metereologica";"tipo_pista";"tracado_via";"uso_solo";"pessoas";"mortos";"feridos_leves";"feridos_graves";"ilesos";"ignorados";"feridos";"veiculos"
83519595;"28/11/16";"Segunda";"09:58:00";"RO";364;"426";"JARU";"Não guardar distância de segurança";"Queda de motocicleta / bicicleta / veículo";"Com Vítimas Feridas";"Pleno dia";"Decrescente";"Ceu Claro";"Simples";"Reta";"Urbano";1;0;1;0;0;0;1;1
83519596;"28/11/16";"Segunda";"08:35:00";"PE";232;"127";"CARUARU";"Outras";"Colisão Transversal";"Com Vítimas Feridas";"Pleno dia";"Crescente";"Ceu Claro";"Simples";"Reta";"Urbano";3;0;2;0;1;0;2;2
83519597;"28/11/16";"Segunda";"14:45:00";"MG";40;"751,8";"SANTOS DUMONT";"Velocidade incompatível";"Saída de Pista";"Com Vítimas Feridas";"Pleno dia";"Decrescente";"Chuva";"Simples";"Curva";"Rural";5;0;4;0;1;0;4;1
83519598;"28/11/16";"Segunda";"15:00:00";"MA";135;"8";"SAO LUIS";"Falta de atenção";"Colisão frontal";"Sem Vítimas";"Pleno dia";"Crescente";"Sol";"Dupla";"Reta";"Urbano";2;0;0;0;2;0;0;2
83519599;"24/11/16";"Quinta";"23:00:00";"MG";40;"503,9";"ESMERALDAS";"Dormindo";"Colisão traseira";"Sem Vítimas";"Plena noite";"Decrescente";"Ceu Claro";"Dupla";"Reta";"Rural";2;0;0;0;2;0;0;2
83519600;"28/11/16";"Segunda";"08:00:00";"RS";285;"99,6";"MONTE ALEGRE DOS CAMPOS";"Não guardar distância de segurança";"Colisão traseira";"Sem Vítimas";"Pleno dia";"Decrescente";"Nublado";"Simples";"Reta";"Rural";2;0;0;0;2;0;0;2
83519601;"28/11/16";"Segunda";"15:30:00";"MG";135;"381";"MONTES CLAROS";"Dormindo";"Colisão frontal";"Com Vítimas Feridas";"Pleno dia";"Decrescente";"Ceu Claro";"Simples";"Curva";"Rural";2;0;0;1;1;0;1;2
83519602;"23/11/16";"Quarta";"17:40:00";"MG";135;"653,5";"CURVELO";"Outras";"Saída de Pista";"Sem Vítimas";"Pleno dia";"Decrescente";"Chuva";"Simples";"Curva";"Urbano";1;0;0;0;1;0;0;1
83519603;"28/11/16";"Segunda";"15:30:00";"SC";101;"175";"BIGUACU";"Falta de atenção";"Tombamento";"Sem Vítimas";"Pleno dia";"Decrescente";"Chuva";"Simples";"Curva";"Rural";1;0;0;0;1;0;0;1
83519604;"28/11/16";"Segunda";"12:20:00";"RS";116;"44";"VACARIA";"Dormindo";"Colisão traseira";"Com Vítimas Feridas";"Pleno dia";"Decrescente";"Nublado";"Simples";"Reta";"Urbano";3;0;0;1;2;0;1;2
83519605;"28/11/16";"Segunda";"09:50:00";"PR";376;"668";"GUARATUBA";"Velocidade incompatível";"Tombamento";"Sem Vítimas";"Pleno dia";"Crescente";"Nublado";"Dupla";"Curva";"Rural";1;0;0;0;1;0;0;1
83519606;"28/11/16";"Segunda";"13:15:00";"PR";163;"45,9";"PRANCHITA";"Outras";"Saída de Pista";"Sem Vítimas";"Pleno dia";"Crescente";"Chuva";"Simples";"Curva";"Rural";1;0;0;0;1;0;0;1
83519607;"28/11/16";"Segunda";"17:50:00";"SC";101;"109";"PENHA";"Outras";"Colisão traseira";"Sem Vítimas";"Pleno dia";"Decrescente";"Nublado";"Múltipla";"Reta";"Rural";2;0;0;0;2;0;0;2
83519608;"28/11/16";"Segunda";"16:25:00";"SP";116;"468,1";"JACUPIRANGA";"Velocidade incompatível";"Saída de Pista";"Sem Vítimas";"Pleno dia";"Crescente";"Nublado";"Dupla";"Reta";"Rural";2;0;0;0;2;0;0;1
83519609;"28/11/16";"Segunda";"17:30:00";"SP";116;"227";"GUARULHOS";"Outras";"Colisão lateral";"Sem Vítimas";"Pleno dia";"Decrescente";"Chuva";"Múltipla";"Reta";"Urbano";2;0;0;0;1;1;0;2
83519610;"28/11/16";"Segunda";"17:45:00";"PR";277;"434";"VIRMOND";"Defeito mecânico em veículo";"Capotamento";"Sem Vítimas";"Pleno dia";"Crescente";"Chuva";"Simples";"Curva";"Rural";1;0;0;0;1;0;0;1
83519611;"28/11/16";"Segunda";"17:20:00";"SC";101;"204,3";"SAO JOSE";"Falta de atenção";"Atropelamento de pessoa";"Com Vítimas Feridas";"Anoitecer";"Crescente";"Chuva";"Dupla";"Reta";"Urbano";2;0;2;0;0;0;2;1
83519612;"28/11/16";"Segunda";"15:25:00";"SC";101;"176";"BIGUACU";"Outras";"Saída de Pista";"Com Vítimas Feridas";"Pleno dia";"Crescente";"Chuva";"Dupla";"Curva";"Rural";1;0;0;1;0;0;1;1
83519613;"25/11/16";"Sexta";"04:00:00";"CE";116;"73,6";"CHOROZINHO";"Animais na Pista";"Atropelamento de animal";"Sem Vítimas";"Amanhecer";"Decrescente";"Nublado";"Simples";"Reta";"Rural";4;0;0;0;4;0;0;1
83519614;"28/11/16";"Segunda";"11:35:00";"PA";163;"999";"SANTAREM";"Falta de atenção";"Colisão Transversal";"Com Vítimas Feridas";"Pleno dia";"Decrescente";"Ceu Claro";"Dupla";"Reta";"Urbano";2;0;1;0;0;1;1;2
83519615;"28/11/16";"Segunda";"13:20:00";"RS";386;"401,1";"TRIUNFO";"Velocidade incompatível";"Capotamento";"Com Vítimas Feridas";"Pleno dia";"Decrescente";"Chuva";"Simples";"Curva";"Rural";1;0;1;0;0;0;1;1
83519616;"28/11/16";"Segunda";"16:45:00";"RS";392;"65,4";"PELOTAS";"Outras";"Queda de motocicleta / bicicleta / veículo";"Com Vítimas Feridas";"Pleno dia";"Decrescente";"Ceu Claro";"Simples";"Reta";"Urbano";1;0;1;0;0;0;1;1
83519617;"28/11/16";"Segunda";"16:10:00";"PR";376;"182,7";"SARANDI";"Desobediência à sinalização";"Colisão Transversal";"Com Vítimas Feridas";"Pleno dia";"Crescente";"Ceu Claro";"Dupla";"Reta";"Urbano";2;0;1;0;1;0;1;2
83519618;"21/11/16";"Segunda";"04:00:00";"PE";104;"86,7";"AGRESTINA";"Outras";"Atropelamento de animal";"Sem Vítimas";"Amanhecer";"Crescente";"Ceu Claro";"Simples";"Reta";"Urbano";1;0;0;0;1;0;0;1
83519619;"28/11/16";"Segunda";"18:10:00";"SC";116;"275,4";"CAPAO ALTO";"Outras";"Colisão traseira";"Sem Vítimas";"Pleno dia";"Crescente";"Chuva";"Simples";"Reta";"Urbano";2;0;0;0;2;0;0;2
83519620;"28/11/16";"Segunda";"14:15:00";"PR";153;"19,7";"JACAREZINHO";"Falta de atenção";"Colisão traseira";"Sem Vítimas";"Pleno dia";"Decrescente";"Ceu Claro";"Simples";"Curva";"Urbano";3;0;0;0;3;0;0;2
83519621;"28/11/16";"Segunda";"14:00:00";"SC";282;"425,1";"VARGEM BONITA";"Velocidade incompatível";"Saída de Pista";"Sem Vítimas";"Pleno dia";"Decrescente";"Chuva";"Simples";"Curva";"Rural";2;0;0;0;2;0;0;1
83519622;"28/11/16";"Segunda";"14:00:00";"PR";272;"362";"CAMPO MOURAO";"Outras";"Colisão lateral";"Com Vítimas Feridas";"Pleno dia";"Crescente";"Ceu Claro";"Dupla";"Reta";"Urbano";3;0;1;1;0;1;2;2
83519623;"24/11/16";"Quinta";"18:00:00";"ES";101;"16,4";"PEDRO CANARIO";"Falta de atenção";"Colisão Transversal";"Com Vítimas Feridas";"Pleno dia";"Crescente";"Nublado";"Múltipla";"Reta";"Urbano";2;0;1;0;1;0;1;2
83519624;"28/11/16";"Segunda";"17:30:00";"PA";316;"1";"ANANINDEUA";"Outras";"Colisão lateral";"Com Vítimas Feridas";"Anoitecer";"Crescente";"Ceu Claro";"Dupla";"Reta";"Urbano";2;0;1;0;1;0;1;2
83519625;"26/11/16";"Sábado";"17:35:00";"SC";280;"27";"ARAQUARI";"Outras";"Atropelamento de pessoa";"Com Vítimas Feridas";"Pleno dia";"Decrescente";"Ceu Claro";"Simples";"Reta";"Urbano";2;0;1;0;1;0;1;1
83519626;"28/11/16";"Segunda";"19:00:00";"PR";277;"30,1";"MORRETES";"Velocidade incompatível";"Saída de Pista";"Sem Vítimas";"Anoitecer";"Decrescente";"Chuva";"Dupla";"Reta";"Rural";1;0;0;0;1;0;0;1
83519627;"28/11/16";"Segunda";"11:15:00";"RJ";40;"105";"DUQUE DE CAXIAS";"Defeito na via";"Queda de motocicleta / bicicleta / veículo";"Com Vítimas Feridas";"Pleno dia";"Crescente";"Ceu Claro";"Múltipla";"Reta";"Urbano";1;0;1;0;0;0;1;1
83519628;"28/11/16";"Segunda";"18:50:00";"PR";277;"697";"SAO MIGUEL DO IGUACU";"Outras";"Saída de Pista";"Com Vítimas Feridas";"Pleno dia";"Decrescente";"Ceu Claro";"Dupla";"Reta";"Rural";4;0;2;0;2;0;2;1
83519629;"28/11/16";"Segunda";"17:40:00";"SC";470;"201,1";"PONTE ALTA";"Falta de atenção";"Colisão Transversal";"Sem Vítimas";"Pleno dia";"Decrescente";"Chuva";"Simples";"Cruzamento";"Rural";2;0;0;0;2;0;0;2
83519630;"28/11/16";"Segunda";"07:00:00";"PE";232;"216";"PESQUEIRA";"Ingestão de álcool";"Queda de motocicleta / bicicleta / veículo";"Com Vítimas Feridas";"Amanhecer";"Crescente";"Ceu Claro";"Simples";"Reta";"Rural";1;0;1;0;0;0;1;1
83519631;"28/11/16";"Segunda";"18:10:00";"PR";277;"345,7";"GUARAPUAVA";"Outras";"Colisão traseira";"Sem Vítimas";"Anoitecer";"Decrescente";"Chuva";"Simples";"Curva";"Urbano";4;0;0;0;4;0;0;4
83519632;"28/11/16";"Segunda";"17:00:00";"MT";364;"52";"ALTO GARCAS";"Outras";"Tombamento";"Sem Vítimas";"Pleno dia";"Decrescente";"Nublado";"Simples";"Reta";"Rural";1;0;0;0;1;0;0;1
83519633;"28/01/16";"Quinta";"16:00:00";"MG";267;"150,8";"LIMA DUARTE";"Velocidade incompatível";"Capotamento";"Com Vítimas Feridas";"Pleno dia";"Decrescente";"Chuva";"Simples";"Curva";"Rural";1;0;1;0;0;0;1;1
83519634;"28/11/16";"Segunda";"18:30:00";"SC";282;"3";"FLORIANOPOLIS";"Não guardar distância de segurança";"Colisão traseira";"Sem Vítimas";"Anoitecer";"Decrescente";"Chuva";"Dupla";"Reta";"Urbano";3;0;0;0;3;0;0;3
83519635;"25/11/16";"Sexta";"08:30:00";"MG";267;"251,8";"CARVALHOS";"Velocidade incompatível";"Tombamento";"Sem Vítimas";"Pleno dia";"Crescente";"Sol";"Simples";"Curva";"Rural";1;0;0;0;1;0;0;1
83519636;"28/11/16";"Segunda";"08:20:00";"ES";101;"265,9";"SERRA";"Outras";"Atropelamento de pessoa";"Com Vítimas Feridas";"Pleno dia";"Crescente";"Ceu Claro";"Múltipla";"Reta";"Urbano";3;0;2;0;1;0;2;2
83519637;"27/11/16";"Domingo";"00:40:00";"SC";280;"58,3";"GUARAMIRIM";"Outras";"Colisão com objeto fixo";"Com Vítimas Feridas";"Plena noite";"Crescente";"Ceu Claro";"Simples";"Reta";"Urbano";3;0;1;1;1;0;2;2
83519638;"25/11/16";"Sexta";"18:35:00";"MT";364;"399";"CUIABA";"Falta de atenção";"Atropelamento de pessoa";"Com Vítimas Feridas";"Pleno dia";"Crescente";"Sol";"Simples";"Reta";"Urbano";2;0;1;0;1;0;1;1
83519639;"12/11/16";"Sábado";"10:20:00";"RJ";393;"258";"BARRA DO PIRAI";"Outras";"Saída de Pista";"Com Vítimas Feridas";"Pleno dia";"Crescente";"Ceu Claro";"Simples";"Curva";"Rural";1;0;1;0;0;0;1;1
83519640;"27/11/16";"Domingo";"13:30:00";"MT";70;"540";"NOSSA SENHORA DO LIVRAMENTO";"Falta de atenção";"Colisão com objeto fixo";"Sem Vítimas";"Pleno dia";"Decrescente";"Chuva";"Simples";"Reta";"Rural";1;0;0;0;1;0;0;1
83519641;"28/11/16";"Segunda";"14:40:00";"PR";376;"454";"TIBAGI";"Velocidade incompatível";"Saída de Pista";"Sem Vítimas";"Pleno dia";"Crescente";"Chuva";"Simples";"Curva";"Rural";1;0;0;0;1;0;0;1
83519642;"28/11/16";"Segunda";"19:20:00";"SC";101;"175";"BIGUACU";"Falta de atenção";"Capotamento";"Com Vítimas Feridas";"Anoitecer";"Decrescente";"Chuva";"Dupla";"Curva";"Rural";1;0;1;0;0;0;1;1
83519643;"28/11/16";"Segunda";"18:10:00";"PR";153;"40,7";"SANTO ANTONIO DA PLATINA";"Velocidade incompatível";"Colisão Transversal";"Sem Vítimas";"Pleno dia";"Decrescente";"Chuva";"Simples";"Cruzamento";"Urbano";2;0;0;0;2;0;0;2
83519644;"28/11/16";"Segunda";"18:50:00";"RS";285;"121,9";"VACARIA";"Falta de atenção";"Colisão traseira";"Sem Vítimas";"Pleno dia";"Decrescente";"Nublado";"Simples";"Reta";"Urbano";2;0;0;0;2;0;0;2
83519645;"28/11/16";"Segunda";"08:50:00";"PE";232;"345";"CUSTODIA";"Dormindo";"Capotamento";"Com Vítimas Feridas";"Pleno dia";"Crescente";"Ceu Claro";"Simples";"Reta";"Rural";3;0;0;1;2;0;1;1
83519646;"28/11/16";"Segunda";"17:00:00";"RO";364;"708";"PORTO VELHO";"Falta de atenção";"Atropelamento de pessoa";"Com Vítimas Feridas";"Pleno dia";"Decrescente";"Ceu Claro";"Simples";"Reta";"Urbano";3;0;3;0;0;0;3;1
83519647;"24/11/16";"Quinta";"09:30:00";"RJ";393;"274";"BARRA DO PIRAI";"Outras";"Saída de Pista";"Sem Vítimas";"Pleno dia";"Decrescente";"Chuva";"Simples";"Curva";"Urbano";1;0;0;0;1;0;0;1
83519648;"28/11/16";"Segunda";"13:05:00";"ES";101;"292";"CARIACICA";"Falta de atenção";"Colisão traseira";"Com Vítimas Feridas";"Pleno dia";"Decrescente";"Ceu Claro";"Dupla";"Reta";"Urbano";3;0;0;1;1;1;1;3
83519649;"28/11/16";"Segunda";"07:25:00";"RS";472;"580";"URUGUAIANA";"Não guardar distância de segurança";"Colisão traseira";"Com Vítimas Feridas";"Amanhecer";"Decrescente";"Sol";"Simples";"Cruzamento";"Urbano";4;0;4;0;0;0;4;2
83519650;"28/11/16";"Segunda";"08:10:00";"TO";153;"443";"BARROLANDIA";"Falta de atenção";"Atropelamento de pessoa";"Com Vítimas Feridas";"Pleno dia";"Decrescente";"Ceu Claro";"Simples";"Reta";"Rural";2;0;1;0;1;0;1;1
83519651;"28/11/16";"Segunda";"19:30:00";"SC";282;"44";"AGUAS MORNAS";"Velocidade incompatível";"Saída de Pista";"Sem Vítimas";"Anoitecer";"Decrescente";"Chuva";"Simples";"Curva";"Rural";1;0;0;0;1;0;0;1
83519652;"27/11/16";"Domingo";"17:00:00";"PE";101;"78";"JABOATAO DOS GUARARAPES";"Ingestão de álcool";"Saída de Pista";"Ignorado";"Pleno dia";"Crescente";"Ceu Claro";"Dupla";"Reta";"Urbano";1;0;0;0;0;1;0;1
83519653;"28/11/16";"Segunda";"19:00:00";"PR";277;"721";"FOZ DO IGUACU";"Ingestão de álcool";"Colisão lateral";"Sem Vítimas";"Pleno dia";"Decrescente";"Ceu Claro";"Dupla";"Reta";"Urbano";2;0;0;0;2;0;0;2
83519654;"28/11/16";"Segunda";"17:00:00";"RN";110;"98,9";"UPANEMA";"Falta de atenção";"Colisão Transversal";"Com Vítimas Feridas";"Anoitecer";"Crescente";"Ceu Claro";"Dupla";"Cruzamento";"Urbano";2;0;2;0;0;0;2;2
83519655;"24/11/16";"Quinta";"09:00:00";"PI";343;"2,4";"TERESINA";"Outras";"Colisão Transversal";"Com Vítimas Feridas";"Pleno dia";"Crescente";"Ceu Claro";"Dupla";"Reta";"Urbano";2;0;0;1;1;0;1;2
83519656;"28/11/16";"Segunda";"13:00:00";"TO";153;"765";"ALVORADA";"Falta de atenção";"Colisão lateral";"Sem Vítimas";"Pleno dia";"Crescente";"Sol";"Simples";"Reta";"Rural";4;0;0;0;4;0;0;2
83519657;"07/10/16";"Sexta";"10:00:00";"PR";476;"315";"PAULO FRONTIN";"Defeito mecânico em veículo";"Saída de Pista";"Sem Vítimas";"Pleno dia";"Crescente";"Sol";"Simples";"Reta";"Urbano";1;0;0;0;1;0;0;1
83519658;"28/11/16";"Segunda";"18:50:00";"PR";369;"191,1";"ARAPONGAS";"Velocidade incompatível";"Saída de Pista";"Sem Vítimas";"Anoitecer";"Decrescente";"Chuva";"Dupla";"Reta";"Rural";1;0;0;0;1;0;0;1
83519659;"28/11/16";"Segunda";"12:20:00";"AM";174;"989,9";"PRESIDENTE FIGUEIREDO";"Desobediência à sinalização";"Colisão Transversal";"Sem Vítimas";"Pleno dia";"Crescente";"Sol";"Dupla";"Reta";"Urbano";3;0;0;0;3;0;0;2
83519660;"28/11/16";"Segunda";"16:20:00";"MT";364;"380";"CUIABA";"Falta de atenção";"Saída de Pista";"Sem Vítimas";"Pleno dia";"Crescente";"Nublado";"Simples";"Reta";"Rural";1;0;0;0;1;0;0;1
83519661;"28/11/16";"Segunda";"19:30:00";"ES";101;"296";"CARIACICA";"Velocidade incompatível";"Colisão com objeto fixo";"Com Vítimas Feridas";"Plena noite";"Decrescente";"Ceu Claro";"Dupla";"Reta";"Urbano";2;0;0;2;0;0;2;1
83519662;"26/11/16";"Sábado";"20:30:00";"RN";405;"14,1";"MOSSORO";"Outras";"Colisão frontal";"Com Vítimas Fatais";"Plena noite";"Crescente";"Ceu Claro";"Simples";"Reta";"Rural";5;1;0;0;4;0;0;2
83519663;"28/11/16";"Segunda";"18:30:00";"SP";116;"219";"GUARULHOS";"Ultrapassagem indevida";"Colisão lateral";"Com Vítimas Feridas";"Pleno dia";"Crescente";"Ceu Claro";"Múltipla";"Reta";"Urbano";2;0;1;0;1;0;1;2
83519664;"27/11/16";"Domingo";"02:05:00";"SP";153;"14,7";"ICEM";"Dormindo";"Saída de Pista";"Com Vítimas Feridas";"Plena noite";"Decrescente";"Ceu Claro";"Simples";"Reta";"Rural";1;0;0;1;0;0;1;1
83519665;"28/11/16";"Segunda";"16:20:00";"GO";60;"215,8";"VARJAO";"Desobediência à sinalização";"Colisão Transversal";"Com Vítimas Feridas";"Pleno dia";"Decrescente";"Sol";"Dupla";"Reta";"Rural";2;0;0;2;0;0;2;2
83519666;"28/11/16";"Segunda";"17:25:00";"PB";101;"89,7";"JOAO PESSOA";"Falta de atenção";"Colisão traseira";"Com Vítimas Feridas";"Anoitecer";"Crescente";"Ceu Claro";"Dupla";"Reta";"Urbano";4;0;2;0;1;1;2;3
83519667;"28/11/16";"Segunda";"19:15:00";"RJ";101;"51";"CAMPOS DOS GOYTACAZES";"Falta de atenção";"Colisão Transversal";"Com Vítimas Feridas";"Plena noite";"Decrescente";"Ceu Claro";"Simples";"Reta";"Urbano";2;0;2;0;0;0;2;2
83519668;"21/11/16";"Segunda";"15:00:00";"PR";369;"477,8";"CORBELIA";"Velocidade incompatível";"Queda de motocicleta / bicicleta / veículo";"Com Vítimas Feridas";"Pleno dia";"Crescente";"Ceu Claro";"Simples";"Reta";"Rural";2;0;1;0;1;0;1;1
83519669;"28/11/16";"Segunda";"14:00:00";"BA";20;"181";"LUIS EDUARDO MAGALHAES";"Defeito mecânico em veículo";"Tombamento";"Sem Vítimas";"Pleno dia";"Crescente";"Sol";"Simples";"Reta";"Rural";1;0;0;0;1;0;0;1
83519670;"28/11/16";"Segunda";"15:55:00";"AL";101;"209";"SAO SEBASTIAO";"Defeito na via";"Queda de motocicleta / bicicleta / veículo";"Com Vítimas Feridas";"Pleno dia";"Decrescente";"Sol";"Simples";"Reta";"Rural";2;0;2;0;0;0;2;1
83519671;"28/11/16";"Segunda";"19:50:00";"PR";116;"23";"ANTONINA";"Falta de atenção";"Colisão com objeto fixo";"Sem Vítimas";"Plena noite";"Decrescente";"Chuva";"Dupla";"Curva";"Rural";1;0;0;0;1;0;0;1
83519672;"28/11/16";"Segunda";"19:10:00";"SC";116;"52";"PAPANDUVA";"Ingestão de álcool";"Colisão Transversal";"Ignorado";"Anoitecer";"Decrescente";"Chuva";"Simples";"Reta";"Urbano";2;0;0;0;0;2;0;2
83519673;"28/11/16";"Segunda";"19:30:00";"SC";101;"203";"SAO JOSE";"Falta de atenção";"Colisão lateral";"Sem Vítimas";"Anoitecer";"Decrescente";"Chuva";"Simples";"Cruzamento";"Urbano";2;0;0;0;2;0;0;2
83519674;"25/11/16";"Sexta";"18:30:00";"MG";381;"908,2";"CAMBUI";"Velocidade incompatível";"Saída de Pista";"Sem Vítimas";"Pleno dia";"Crescente";"Chuva";"Dupla";"Curva";"Rural";1;0;0;0;1;0;0;1
83519675;"26/11/16";"Sábado";"15:25:00";"SC";480;"129,8";"CHAPECO";"Velocidade incompatível";"Saída de Pista";"Com Vítimas Feridas";"Pleno dia";"Decrescente";"Chuva";"Dupla";"Curva";"Urbano";1;0;1;0;0;0;1;1
83519676;"28/11/16";"Segunda";"21:45:00";"SC";101;"132";"BALNEARIO CAMBORIU";"Outras";"Atropelamento de pessoa";"Com Vítimas Feridas";"Plena noite";"Decrescente";"Chuva";"Simples";"Reta";"Urbano";2;0;2;0;0;0;2;1
83519677;"28/11/16";"Segunda";"07:50:00";"PR";277;"582";"CASCAVEL";"Outras";"Colisão Transversal";"Sem Vítimas";"Amanhecer";"Crescente";"Ceu Claro";"Simples";"Reta";"Rural";2;0;0;0;2;0;0;2
83519678;"25/11/16";"Sexta";"13:40:00";"CE";116;"14,8";"FORTALEZA";"Falta de atenção";"Colisão lateral";"Sem Vítimas";"Pleno dia";"Decrescente";"Ceu Claro";"Dupla";"Reta";"Urbano";2;0;0;0;2;0;0;2
83519679;"28/11/16";"Segunda";"22:15:00";"SC";470;"231";"SAO CRISTOVAO DO SUL";"Falta de atenção";"Colisão lateral";"Sem Vítimas";"Plena noite";"Crescente";"Chuva";"Simples";"Curva";"Rural";2;0;0;0;1;1;0;2
83519680;"28/11/16";"Segunda";"21:15:00";"BA";116;"665,3";"JEQUIE";"Falta de atenção";"Colisão lateral";"Com Vítimas Feridas";"Plena noite";"Decrescente";"Ceu Claro";"Simples";"Reta";"Rural";2;0;0;1;0;1;1;2
83519681;"28/11/16";"Segunda";"21:00:00";"SP";116;"274";"TABOAO DA SERRA";"Outras";"Colisão lateral";"Sem Vítimas";"Plena noite";"Decrescente";"Ceu Claro";"Dupla";"Reta";"Urbano";2;0;0;0;1;1;0;2
83519682;"28/11/16";"Segunda";"16:35:00";"AL";101;"4,6";"NOVO LINO";"Outras";"Colisão Transversal";"Sem Vítimas";"Pleno dia";"Crescente";"Sol";"Dupla";"Reta";"Rural";2;0;0;0;2;0;0;2
83519683;"27/11/16";"Domingo";"23:00:00";"RJ";116;"185";"NOVA IGUACU";"Ingestão de álcool";"Colisão com objeto fixo";"Sem Vítimas";"Plena noite";"Decrescente";"Ignorada";"Simples";"Curva";"Urbano";2;0;0;0;2;0;0;2
83519684;"28/11/16";"Segunda";"16:45:00";"RO";319;"64,1";"PORTO VELHO";"Falta de atenção";"Colisão lateral";"Com Vítimas Feridas";"Pleno dia";"Crescente";"Ceu Claro";"Dupla";"Reta";"Urbano";2;0;1;0;1;0;1;2
83519685;"28/11/16";"Segunda";"19:30:00";"MT";158;"633,5";"NOVA XAVANTINA";"Defeito na via";"Capotamento";"Sem Vítimas";"Anoitecer";"Decrescente";"Ceu Claro";"Simples";"Curva";"Rural";2;0;0;0;2;0;0;1
83519686;"25/11/16";"Sexta";"02:00:00";"MG";116;"700";"MURIAE";"Ingestão de álcool";"Colisão lateral";"Com Vítimas Feridas";"Plena noite";"Crescente";"Nublado";"Simples";"Curva";"Rural";2;0;1;0;1;0;1;2
83519687;"28/11/16";"Segunda";"21:45:00";"PE";232;"17";"JABOATAO DOS GUARARAPES";"Falta de atenção";"Capotamento";"Sem Vítimas";"Plena noite";"Decrescente";"Ceu Claro";"Dupla";"Reta";"Rural";2;0;0;0;2;0;0;2
83519688;"28/11/16";"Segunda";"14:00:00";"AL";104;"87,7";"RIO LARGO";"Desobediência à sinalização";"Colisão traseira";"Sem Vítimas";"Pleno dia";"Decrescente";"Ceu Claro";"Dupla";"Reta";"Urbano";2;0;0;0;2;0;0;2
83519690;"28/11/16";"Segunda";"14:30:00";"PR";376;"156";"NOVA ESPERANCA";"Desobediência à sinalização";"Colisão Transversal";"Com Vítimas Feridas";"Pleno dia";"Crescente";"Ceu Claro";"Simples";"Cruzamento";"Urbano";3;0;1;0;2;0;1;2
83519691;"28/11/16";"Segunda";"23:50:00";"MG";40;"580";"ITABIRITO";"Velocidade incompatível";"Colisão com objeto fixo";"Sem Vítimas";"Plena noite";"Crescente";"Chuva";"Dupla";"Curva";"Rural";1;0;0;0;1;0;0;1
83519692;"28/11/16";"Segunda";"21:20:00";"SE";101;"68";"MARUIM";"Animais na Pista";"Atropelamento de animal";"Com Vítimas Feridas";"Plena noite";"Crescente";"Ceu Claro";"Simples";"Reta";"Urbano";3;0;1;1;1;0;2;2
83519693;"28/11/16";"Segunda";"23:30:00";"PR";376;"185";"SARANDI";"Falta de atenção";"Colisão traseira";"Com Vítimas Feridas";"Plena noite";"Crescente";"Ignorada";"Dupla";"Reta";"Urbano";3;0;1;1;1;0;2;2
83519694;"29/11/16";"Terça";"00:30:00";"SC";101;"42,2";"JOINVILLE";"Defeito mecânico em veículo";"Colisão lateral";"Com Vítimas Feridas";"Plena noite";"Crescente";"Nublado";"Dupla";"Reta";"Rural";2;0;1;0;1;0;1;2
83519695;"28/11/16";"Segunda";"22:15:00";"PE";407;"115";"PETROLINA";"Animais na Pista";"Atropelamento de animal";"Sem Vítimas";"Plena noite";"Crescente";"Ceu Claro";"Simples";"Reta";"Rural";1;0;0;0;1;0;0;1
83519696;"28/11/16";"Segunda";"21:00:00";"GO";153;"206";"URUACU";"Ingestão de álcool";"Colisão Transversal";"Com Vítimas Feridas";"Plena noite";"Decrescente";"Ceu Claro";"Simples";"Reta";"Rural";4;0;2;0;2;0;2;2
83519697;"28/11/16";"Segunda";"20:30:00";"GO";20;"69,1";"FORMOSA";"Outras";"Colisão Transversal";"Com Vítimas Feridas";"Plena noite";"Crescente";"Ceu Claro";"Simples";"Reta";"Rural";3;0;2;1;0;0;3;3
83519698;"28/11/16";"Segunda";"21:50:00";"PE";232;"269";"SERTANIA";"Falta de atenção";"Queda de motocicleta / bicicleta / veículo";"Com Vítimas Feridas";"Plena noite";"Decrescente";"Ceu Claro";"Simples";"Reta";"Rural";1;0;0;1;0;0;1;1
83519699;"28/11/16";"Segunda";"23:45:00";"RS";468;"13";"PALMEIRA DAS MISSOES";"Falta de atenção";"Colisão lateral";"Sem Vítimas";"Plena noite";"Crescente";"Nublado";"Simples";"Curva";"Rural";3;0;0;0;3;0;0;2
83519700;"29/11/16";"Terça";"01:00:00";"SC";101;"167,1";"TIJUCAS";"Velocidade incompatível";"Saída de Pista";"Ignorado";"Plena noite";"Decrescente";"Chuva";"Dupla";"Reta";"Rural";1;0;0;0;0;1;0;1
83519701;"29/11/16";"Terça";"01:10:00";"PR";369;"149,4";"LONDRINA";"Ingestão de álcool";"Colisão traseira";"Sem Vítimas";"Plena noite";"Decrescente";"Nublado";"Dupla";"Reta";"Urbano";2;0;0;0;2;0;0;2
83519702;"28/11/16";"Segunda";"23:00:00";"SE";101;"68";"MARUIM";"Falta de atenção";"Colisão traseira";"Sem Vítimas";"Plena noite";"Crescente";"Ceu Claro";"Simples";"Reta";"Rural";3;0;0;0;3;0;0;2
83519703;"29/11/16";"Terça";"01:20:00";"PR";277;"684,6";"SAO MIGUEL DO IGUACU";"Falta de atenção";"Colisão traseira";"Sem Vítimas";"Plena noite";"Crescente";"Ceu Claro";"Múltipla";"Reta";"Rural";2;0;0;0;2;0;0;2