"id";"data_inversa";"dia_semana";"horario";"uf";"br";"km";"municipio";"causa_acidente";"tipo_acidente";"classificacao_acidente";"fase_dia";"sentido_via";"condicao_metereologica";"tipo_pista";"tracado_via";"uso_solo";"pessoas";"mortos";"feridos_leves";"feridos_graves";"ilesos";"ignorados";"feridos";"veiculos"
83519931;"13/11/16";"Domingo";"14:15:00";"SC";101;"214,5";"PALHOCA";"Falta de atenção";"Colisão lateral";"Sem Vítimas";"Pleno dia";"Crescente";"Ceu Claro";"Dupla";"Reta";"Urbano";2;0;0;0;1;1;0;2
83519932;"26/11/16";"Sábado";"22:40:00";"MT";364;"148";"PEDRA PRETA";"Outras";"Incêndio";"Sem Vítimas";"Plena noite";"Decrescente";"Chuva";"Simples";"Reta";"Rural";1;0;0;0;1;0;0;1
83519933;"27/11/16";"Domingo";"21:45:00";"GO";40;"10,5";"LUZIANIA";"Falta de atenção";"Colisão com bicicleta";"Sem Vítimas";"Plena noite";"Decrescente";"Nublado";"Dupla";"Reta";"Urbano";2;0;0;0;1;1;0;2
83519934;"25/11/16";"Sexta";"02:28:00";"DF";20;"6,1";"BRASILIA";"Outras";"Colisão com bicicleta";"Com Vítimas Feridas";"Plena noite";"Crescente";"Ceu Claro";"Dupla";"Reta";"Urbano";2;0;1;0;1;0;1;2
83519935;"29/11/16";"Terça";"21:00:00";"SC";280;"21";"ARAQUARI";"Outras";"Capotamento";"Com Vítimas Feridas";"Plena noite";"Decrescente";"Chuva";"Simples";"Reta";"Urbano";1;0;1;0;0;0;1;1
83519936;"29/11/16";"Terça";"13:20:00";"PR";277;"352,6";"GUARAPUAVA";"Falta de atenção";"Colisão lateral";"Sem Vítimas";"Pleno dia";"Crescente";"Nublado";"Simples";"Reta";"Rural";2;0;0;0;2;0;0;2
83519937;"29/11/16";"Terça";"19:25:00";"SP";153;"67,7";"SAO JOSE DO RIO PRETO";"Outras";"Queda de motocicleta / bicicleta / veículo";"Com Vítimas Feridas";"Anoitecer";"Decrescente";"Ceu Claro";"Simples";"Reta";"Urbano";1;0;1;0;0;0;1;1
83519938;"29/11/16";"Terça";"19:50:00";"GO";60;"90,8";"ANAPOLIS";"Ingestão de álcool";"Saída de Pista";"Sem Vítimas";"Plena noite";"Crescente";"Ceu Claro";"Dupla";"Reta";"Urbano";1;0;0;0;1;0;0;1
83519939;"29/11/16";"Terça";"22:30:00";"PR";116;"14,8";"CAMPINA GRANDE DO SUL";"Velocidade incompatível";"Capotamento";"Sem Vítimas";"Plena noite";"Crescente";"Chuva";"Dupla";"Curva";"Rural";2;0;0;0;2;0;0;1
83519940;"29/11/16";"Terça";"20:10:00";"DF";20;"21";"BRASILIA";"Outras";"Atropelamento de pessoa";"Com Vítimas Feridas";"Anoitecer";"Crescente";"Ceu Claro";"Dupla";"Reta";"Urbano";3;0;2;0;1;0;2;1
83519941;"17/11/16";"Quinta";"19:45:00";"SC";101;"216,5";"PALHOCA";"Outras";"Queda de motocicleta / bicicleta / veículo";"Com Vítimas Feridas";"Plena noite";"Crescente";"Chuva";"Dupla";"Reta";"Urbano";1;0;1;0;0;0;1;1
83519942;"29/11/16";"Terça";"15:40:00";"MG";381;"809,3";"CAREACU";"Velocidade incompatível";"Saída de Pista";"Com Vítimas Feridas";"Pleno dia";"Crescente";"Chuva";"Dupla";"Curva";"Rural";3;0;2;0;1;0;2;1
83519943;"29/11/16";"Terça";"19:40:00";"MS";262;"423";"TERENOS";"Velocidade incompatível";"Capotamento";"Com Vítimas Feridas";"Plena noite";"Decrescente";"Chuva";"Simples";"Curva";"Rural";1;0;1;0;0;0;1;1
83519944;"26/05/16";"Quinta";"06:50:00";"BA";116;"800,4";"VITORIA DA CONQUISTA";"Falta de atenção";"Colisão traseira";"Com Vítimas Feridas";"Pleno dia";"Decrescente";"Nevoeiro/neblina";"Simples";"Reta";"Rural";3;0;2;0;1;0;2;2
83519945;"29/11/16";"Terça";"17:20:00";"RO";364;"13,2";"VILHENA";"Outras";"Colisão com bicicleta";"Com Vítimas Feridas";"Pleno dia";"Crescente";"Nublado";"Dupla";"Reta";"Urbano";2;0;0;1;1;0;1;2
83519946;"25/11/16";"Sexta";"17:45:00";"SC";101;"213,7";"PALHOCA";"Falta de atenção";"Queda de motocicleta / bicicleta / veículo";"Com Vítimas Feridas";"Pleno dia";"Decrescente";"Nublado";"Simples";"Reta";"Urbano";1;0;1;0;0;0;1;1
83519947;"29/11/16";"Terça";"22:55:00";"SC";282;"522,3";"XAXIM";"Outras";"Colisão traseira";"Com Vítimas Feridas";"Plena noite";"Crescente";"Nublado";"Simples";"Reta";"Urbano";2;0;1;0;1;0;1;2
83519948;"29/11/16";"Terça";"16:05:00";"PA";316;"8";"ANANINDEUA";"Defeito mecânico em veículo";"Colisão traseira";"Com Vítimas Feridas";"Pleno dia";"Crescente";"Sol";"Dupla";"Cruzamento";"Urbano";5;0;2;0;3;0;2;3
83519949;"29/11/16";"Terça";"07:30:00";"PR";280;"270";"MARMELEIRO";"Outras";"Saída de Pista";"Com Vítimas Feridas";"Amanhecer";"Crescente";"Nevoeiro/neblina";"Simples";"Curva";"Rural";1;0;1;0;0;0;1;1
83519950;"28/11/16";"Segunda";"07:20:00";"RO";364;"790";"PORTO VELHO";"Outras";"Saída de Pista";"Com Vítimas Feridas";"Pleno dia";"Decrescente";"Ceu Claro";"Simples";"Reta";"Rural";2;0;2;0;0;0;2;1
83519951;"29/11/16";"Terça";"22:40:00";"PI";343;"348";"TERESINA";"Falta de atenção";"Colisão traseira";"Com Vítimas Feridas";"Plena noite";"Decrescente";"Ceu Claro";"Simples";"Reta";"Urbano";2;0;1;0;1;0;1;2
83519952;"29/11/16";"Terça";"20:00:00";"RS";293;"305,3";"SANTANA DO LIVRAMENTO";"Falta de atenção";"Tombamento";"Sem Vítimas";"Anoitecer";"Crescente";"Ceu Claro";"Simples";"Cruzamento";"Rural";1;0;0;0;1;0;0;1
83519953;"25/11/16";"Sexta";"19:00:00";"SP";381;"66,1";"MAIRIPORA";"Outras";"Queda de motocicleta / bicicleta / veículo";"Com Vítimas Feridas";"Plena noite";"Crescente";"Ignorada";"Dupla";"Reta";"Urbano";2;0;2;0;0;0;2;1
83519954;"29/11/16";"Terça";"19:20:00";"RO";364;"436";"JARU";"Outras";"Colisão traseira";"Com Vítimas Feridas";"Plena noite";"Decrescente";"Ceu Claro";"Simples";"Reta";"Rural";3;0;1;0;2;0;1;2
83519955;"29/11/16";"Terça";"23:30:00";"RS";386;"387";"TRIUNFO";"Velocidade incompatível";"Colisão com objeto fixo";"Sem Vítimas";"Plena noite";"Decrescente";"Nublado";"Dupla";"Reta";"Urbano";1;0;0;0;1;0;0;1
83519957;"25/11/16";"Sexta";"23:30:00";"SP";381;"36";"ATIBAIA";"Falta de atenção";"Queda de motocicleta / bicicleta / veículo";"Com Vítimas Feridas";"Plena noite";"Crescente";"Nublado";"Dupla";"Reta";"Urbano";2;0;1;0;1;0;1;2
83519958;"29/11/16";"Terça";"21:30:00";"PR";376;"678";"GUARATUBA";"Outras";"Derramamento de Carga";"Sem Vítimas";"Plena noite";"Crescente";"Chuva";"Dupla";"Curva";"Rural";2;0;0;0;2;0;0;2
83519959;"25/11/16";"Sexta";"15:30:00";"RJ";101;"200";"CASIMIRO DE ABREU";"Outras";"Colisão com objeto fixo";"Sem Vítimas";"Pleno dia";"Crescente";"Nublado";"Dupla";"Reta";"Rural";1;0;0;0;1;0;0;1
83519960;"29/11/16";"Terça";"18:10:00";"RJ";116;"267";"BARRA MANSA";"Outras";"Tombamento";"Sem Vítimas";"Anoitecer";"Crescente";"Chuva";"Dupla";"Curva";"Rural";1;0;0;0;1;0;0;1
83519963;"29/11/16";"Terça";"23:30:00";"PR";116;"122";"CURITIBA";"Falta de atenção";"Colisão com objeto fixo";"Com Vítimas Feridas";"Plena noite";"Crescente";"Nublado";"Dupla";"Reta";"Urbano";1;0;1;0;0;0;1;1
83519964;"29/11/16";"Terça";"18:00:00";"PI";135;"220";"COLONIA DO GURGUEIA";"Defeito na via";"Saída de Pista";"Sem Vítimas";"Anoitecer";"Crescente";"Ceu Claro";"Simples";"Reta";"Rural";5;0;0;0;4;1;0;2
83519965;"26/11/16";"Sábado";"01:00:00";"RO";364;"655";"PORTO VELHO";"Animais na Pista";"Atropelamento de animal";"Sem Vítimas";"Plena noite";"Decrescente";"Ceu Claro";"Simples";"Reta";"Rural";2;0;0;0;2;0;0;1
83519966;"29/11/16";"Terça";"19:10:00";"SC";101;"308,9";"LAGUNA";"Falta de atenção";"Colisão frontal";"Com Vítimas Feridas";"Pleno dia";"Decrescente";"Ceu Claro";"Simples";"Reta";"Urbano";2;0;1;0;1;0;1;2
83519967;"29/11/16";"Terça";"16:25:00";"MG";116;"251,5";"TEOFILO OTONI";"Não guardar distância de segurança";"Colisão traseira";"Sem Vítimas";"Pleno dia";"Decrescente";"Sol";"Simples";"Reta";"Rural";2;0;0;0;2;0;0;2
83519968;"25/11/16";"Sexta";"21:00:00";"SP";153;"182,7";"LINS";"Desobediência à sinalização";"Colisão Transversal";"Sem Vítimas";"Plena noite";"Crescente";"Nublado";"Simples";"Curva";"Rural";2;0;0;0;2;0;0;2
83519969;"30/11/16";"Quarta";"00:45:00";"PE";101;"82";"JABOATAO DOS GUARARAPES";"Desobediência à sinalização";"Colisão Transversal";"Com Vítimas Feridas";"Plena noite";"Crescente";"Ceu Claro";"Dupla";"Curva";"Urbano";2;0;1;0;1;0;1;2
83519970;"25/11/16";"Sexta";"13:30:00";"RJ";116;"270";"BARRA MANSA";"Outras";"Tombamento";"Com Vítimas Feridas";"Pleno dia";"Crescente";"Sol";"Simples";"Cruzamento";"Urbano";1;0;1;0;0;0;1;1
83519971;"25/11/16";"Sexta";"21:50:00";"SP";153;"137,7";"PROMISSAO";"Animais na Pista";"Atropelamento de animal";"Sem Vítimas";"Plena noite";"Crescente";"Nublado";"Simples";"Reta";"Rural";1;0;0;0;1;0;0;1
83519972;"29/11/16";"Terça";"21:55:00";"RN";304;"300,9";"MACAIBA";"Outras";"Capotamento";"Com Vítimas Feridas";"Plena noite";"Crescente";"Ceu Claro";"Dupla";"Reta";"Rural";1;0;1;0;0;0;1;1
83519973;"29/11/16";"Terça";"17:30:00";"MA";316;"263";"SANTA INES";"Falta de atenção";"Colisão lateral";"Sem Vítimas";"Pleno dia";"Decrescente";"Ceu Claro";"Simples";"Reta";"Urbano";2;0;0;0;2;0;0;2
83519974;"29/11/16";"Terça";"22:15:00";"AL";101;"56,3";"FLEXEIRAS";"Dormindo";"Tombamento";"Com Vítimas Feridas";"Pleno dia";"Crescente";"Ceu Claro";"Simples";"Curva";"Rural";1;0;1;0;0;0;1;1
83519975;"17/11/16";"Quinta";"19:10:00";"SC";101;"275,9";"IMBITUBA";"Falta de atenção";"Colisão frontal";"Com Vítimas Feridas";"Anoitecer";"Decrescente";"Chuva";"Simples";"Reta";"Urbano";2;0;0;1;1;0;1;2
83519976;"29/11/16";"Terça";"14:00:00";"RS";471;"522,3";"RIO GRANDE";"Dormindo";"Colisão traseira";"Com Vítimas Feridas";"Pleno dia";"Crescente";"Sol";"Simples";"Reta";"Rural";5;0;1;0;4;0;1;2
83519977;"30/11/16";"Quarta";"04:00:00";"PR";476;"152";"ARAUCARIA";"Velocidade incompatível";"Tombamento";"Ignorado";"Plena noite";"Decrescente";"Nublado";"Simples";"Curva";"Rural";1;0;0;0;0;1;0;1
83519978;"30/11/16";"Quarta";"04:00:00";"SP";116;"504";"CAJATI";"Velocidade incompatível";"Capotamento";"Sem Vítimas";"Plena noite";"Decrescente";"Chuva";"Dupla";"Curva";"Rural";1;0;0;0;1;0;0;1
83519979;"25/11/16";"Sexta";"21:45:00";"PE";101;"46";"IGARASSU";"Falta de atenção";"Colisão traseira";"Com Vítimas Feridas";"Plena noite";"Decrescente";"Vento";"Múltipla";"Reta";"Urbano";2;0;1;0;1;0;1;2
83519980;"30/11/16";"Quarta";"05:40:00";"PR";116;"90";"PIRAQUARA";"Falta de atenção";"Colisão traseira";"Com Vítimas Feridas";"Amanhecer";"Crescente";"Nublado";"Dupla";"Reta";"Rural";2;0;1;0;1;0;1;2
83519981;"29/11/16";"Terça";"20:50:00";"RJ";393;"251";"BARRA DO PIRAI";"Falta de atenção";"Atropelamento de pessoa";"Com Vítimas Fatais";"Plena noite";"Crescente";"Chuva";"Simples";"Reta";"Urbano";2;1;0;0;1;0;0;1
83519982;"26/11/16";"Sábado";"21:00:00";"MG";40;"366,8";"CURVELO";"Outras";"Saída de Pista";"Com Vítimas Feridas";"Plena noite";"Decrescente";"Nublado";"Simples";"Reta";"Rural";3;0;3;0;0;0;3;1
83519983;"27/11/16";"Domingo";"00:01:00";"SC";101;"198,8";"SAO JOSE";"Ingestão de álcool";"Colisão traseira";"Sem Vítimas";"Plena noite";"Crescente";"Nublado";"Dupla";"Reta";"Urbano";2;0;0;0;1;1;0;2
83519984;"23/11/16";"Quarta";"21:40:00";"CE";20;"420";"MARACANAU";"Outras";"Colisão traseira";"Com Vítimas Feridas";"Plena noite";"Decrescente";"Ceu Claro";"Simples";"Reta";"Rural";3;0;1;1;1;0;2;2
83519985;"28/11/16";"Segunda";"19:30:00";"GO";70;"49";"COCALZINHO DE GOIAS";"Outras";"Capotamento";"Ignorado";"Plena noite";"Decrescente";"Ceu Claro";"Simples";"Reta";"Urbano";1;0;0;0;0;1;0;1
83519986;"26/11/16";"Sábado";"20:00:00";"MG";365;"405";"PATOS DE MINAS";"Velocidade incompatível";"Saída de Pista";"Com Vítimas Feridas";"Plena noite";"Decrescente";"Chuva";"Simples";"Reta";"Rural";5;0;1;0;4;0;1;1
83519987;"25/11/16";"Sexta";"17:30:00";"PB";230;"516";"BOM JESUS";"Desobediência à sinalização";"Colisão traseira";"Sem Vítimas";"Pleno dia";"Crescente";"Ceu Claro";"Simples";"Reta";"Urbano";2;0;0;0;2;0;0;2
83519988;"29/11/16";"Terça";"15:15:00";"BA";20;"62";"CORRENTINA";"Dormindo";"Colisão lateral";"Sem Vítimas";"Pleno dia";"Crescente";"Ceu Claro";"Simples";"Reta";"Rural";2;0;0;0;2;0;0;2
83519989;"30/11/16";"Quarta";"04:00:00";"RJ";40;"14";"TRES RIOS";"Outras";"Colisão com objeto fixo";"Com Vítimas Feridas";"Plena noite";"Crescente";"Ceu Claro";"Dupla";"Reta";"Rural";2;0;2;0;0;0;2;1
83519990;"29/11/16";"Terça";"19:40:00";"MG";356;"281,1";"EUGENOPOLIS";"Ingestão de álcool";"Colisão traseira";"Com Vítimas Feridas";"Plena noite";"Crescente";"Nublado";"Simples";"Reta";"Rural";2;0;2;0;0;0;2;2
83519991;"30/11/16";"Quarta";"07:10:00";"SC";101;"124";"ITAJAI";"Outras";"Saída de Pista";"Sem Vítimas";"Pleno dia";"Crescente";"Nublado";"Simples";"Reta";"Urbano";1;0;0;0;1;0;0;1
83519992;"17/11/16";"Quinta";"19:50:00";"SP";116;"362";"MIRACATU";"Falta de atenção";"Tombamento";"Sem Vítimas";"Plena noite";"Crescente";"Ceu Claro";"Dupla";"Curva";"Rural";1;0;0;0;1;0;0;1
83519993;"26/11/16";"Sábado";"21:44:00";"GO";158;"273";"JATAI";"Desobediência à sinalização";"Colisão Transversal";"Com Vítimas Feridas";"Plena noite";"Crescente";"Nublado";"Simples";"Cruzamento";"Urbano";4;0;0;1;3;0;1;2
83519994;"19/11/16";"Sábado";"02:30:00";"SC";101;"214,1";"PALHOCA";"Falta de atenção";"Saída de Pista";"Com Vítimas Feridas";"Plena noite";"Crescente";"Ceu Claro";"Múltipla";"Reta";"Urbano";1;0;0;1;0;0;1;1
83519995;"25/11/16";"Sexta";"20:00:00";"GO";452;"191";"ITUMBIARA";"Falta de atenção";"Colisão lateral";"Sem Vítimas";"Plena noite";"Decrescente";"Nublado";"Simples";"Reta";"Urbano";2;0;0;0;1;1;0;2
83519996;"30/11/16";"Quarta";"03:30:00";"MG";381;"540";"ITATIAIUCU";"Velocidade incompatível";"Colisão lateral";"Sem Vítimas";"Plena noite";"Decrescente";"Nublado";"Dupla";"Reta";"Urbano";2;0;0;0;2;0;0;2
83519997;"30/11/16";"Quarta";"06:45:00";"SC";470;"78,7";"INDAIAL";"Outras";"Colisão frontal";"Com Vítimas Feridas";"Pleno dia";"Decrescente";"Ceu Claro";"Simples";"Reta";"Rural";2;0;1;0;1;0;1;2
83519998;"30/11/16";"Quarta";"06:30:00";"PA";316;"12";"MARITUBA";"Outras";"Colisão lateral";"Sem Vítimas";"Pleno dia";"Decrescente";"Ceu Claro";"Dupla";"Reta";"Urbano";3;0;0;0;3;0;0;3
83519999;"30/11/16";"Quarta";"05:40:00";"PR";376;"668";"GUARATUBA";"Velocidade incompatível";"Tombamento";"Sem Vítimas";"Amanhecer";"Crescente";"Nublado";"Dupla";"Curva";"Rural";1;0;0;0;1;0;0;1
83520000;"27/11/16";"Domingo";"21:00:00";"MG";267;"366,3";"CAMPANHA";"Outras";"Queda de motocicleta / bicicleta / veículo";"Com Vítimas Fatais";"Plena noite";"Decrescente";"Nublado";"Dupla";"Reta";"Urbano";1;1;0;0;0;0;0;1
83520002;"25/11/16";"Sexta";"08:20:00";"DF";60;"3";"BRASILIA";"Defeito mecânico em veículo";"Colisão Transversal";"Sem Vítimas";"Pleno dia";"Crescente";"Ceu Claro";"Dupla";"Reta";"Urbano";2;0;0;0;2;0;0;2
83520003;"27/11/16";"Domingo";"03:00:00";"MG";381;"489,4";"BETIM";"Velocidade incompatível";"Atropelamento de pessoa";"Com Vítimas Fatais";"Plena noite";"Decrescente";"Ceu Claro";"Dupla";"Curva";"Urbano";4;1;3;0;0;0;3;1
83520004;"30/11/16";"Quarta";"05:00:00";"GO";153;"337,1";"JARAGUA";"Defeito mecânico em veículo";"Incêndio";"Com Vítimas Feridas";"Plena noite";"Decrescente";"Ceu Claro";"Simples";"Reta";"Rural";1;0;1;0;0;0;1;1
83520005;"30/11/16";"Quarta";"05:00:00";"PR";376;"494";"PONTA GROSSA";"Ingestão de álcool";"Colisão traseira";"Com Vítimas Feridas";"Plena noite";"Crescente";"Ceu Claro";"Dupla";"Reta";"Urbano";2;0;1;0;1;0;1;2
83520006;"26/11/16";"Sábado";"22:30:00";"MG";50;"17";"ARAGUARI";"Outras";"Colisão com objeto fixo";"Sem Vítimas";"Plena noite";"Crescente";"Nublado";"Dupla";"Reta";"Rural";1;0;0;0;1;0;0;1
83520007;"26/11/16";"Sábado";"13:10:00";"PA";230;"118";"MARABA";"Falta de atenção";"Colisão traseira";"Sem Vítimas";"Pleno dia";"Crescente";"Ceu Claro";"Dupla";"Reta";"Urbano";3;0;0;0;3;0;0;3
83520008;"26/11/16";"Sábado";"23:50:00";"PI";316;"1,8";"TERESINA";"Outras";"Colisão Transversal";"Sem Vítimas";"Plena noite";"Decrescente";"Ceu Claro";"Dupla";"Cruzamento";"Urbano";2;0;0;0;2;0;0;2
83520009;"27/11/16";"Domingo";"01:00:00";"BA";324;"583";"SAO SEBASTIAO DO PASSE";"Outras";"Capotamento";"Sem Vítimas";"Plena noite";"Crescente";"Ceu Claro";"Dupla";"Reta";"Rural";1;0;0;0;1;0;0;1
83520010;"27/11/16";"Domingo";"05:45:00";"PR";469;"16,5";"FOZ DO IGUACU";"Velocidade incompatível";"Colisão com objeto fixo";"Com Vítimas Feridas";"Amanhecer";"Crescente";"Nublado";"Simples";"Reta";"Rural";1;0;1;0;0;0;1;1
83520011;"30/11/16";"Quarta";"07:30:00";"MG";116;"775";"LEOPOLDINA";"Velocidade incompatível";"Colisão frontal";"Com Vítimas Feridas";"Amanhecer";"Crescente";"Chuva";"Simples";"Curva";"Rural";2;0;1;0;1;0;1;2
83520012;"25/11/16";"Sexta";"07:50:00";"PR";476;"122";"CURITIBA";"Ultrapassagem indevida";"Colisão lateral";"Com Vítimas Feridas";"Amanhecer";"Crescente";"Nublado";"Dupla";"Reta";"Urbano";2;0;1;0;1;0;1;2
83520013;"14/11/16";"Segunda";"15:30:00";"RJ";116;"262";"BARRA MANSA";"Outras";"Colisão com objeto fixo";"Sem Vítimas";"Pleno dia";"Crescente";"Chuva";"Dupla";"Curva";"Rural";1;0;0;0;1;0;0;1
83520014;"27/11/16";"Domingo";"06:00:00";"MG";381;"680,5";"PERDOES";"Velocidade incompatível";"Saída de Pista";"Com Vítimas Feridas";"Amanhecer";"Decrescente";"Nublado";"Dupla";"Reta";"Rural";2;0;1;0;1;0;1;1
83520015;"27/11/16";"Domingo";"00:20:00";"SP";116;"155,8";"SAO JOSE DOS CAMPOS";"Ingestão de álcool";"Saída de Pista";"Sem Vítimas";"Plena noite";"Decrescente";"Ceu Claro";"Dupla";"Curva";"Rural";1;0;0;0;1;0;0;1
83520016;"30/11/16";"Quarta";"00:00:00";"PR";153;"491,8";"GENERAL CARNEIRO";"Falta de atenção";"Colisão traseira";"Sem Vítimas";"Plena noite";"Crescente";"Ceu Claro";"Simples";"Curva";"Rural";2;0;0;0;2;0;0;2
83520017;"26/11/16";"Sábado";"14:15:00";"PA";316;"6";"ANANINDEUA";"Desobediência à sinalização";"Colisão lateral";"Com Vítimas Feridas";"Pleno dia";"Crescente";"Ceu Claro";"Dupla";"Reta";"Urbano";2;0;1;0;1;0;1;2
83520018;"27/11/16";"Domingo";"22:50:00";"DF";60;"6";"BRASILIA";"Ingestão de álcool";"Colisão traseira";"Sem Vítimas";"Plena noite";"Crescente";"Chuva";"Simples";"Reta";"Urbano";2;0;0;0;1;1;0;2
83520019;"18/11/16";"Sexta";"20:00:00";"RJ";116;"311";"ITATIAIA";"Ingestão de álcool";"Colisão traseira";"Com Vítimas Feridas";"Plena noite";"Decrescente";"Nublado";"Dupla";"Reta";"Rural";2;0;1;0;1;0;1;2
83520020;"30/11/16";"Quarta";"07:40:00";"SC";101;"200,5";"SAO JOSE";"Não guardar distância de segurança";"Colisão lateral";"Com Vítimas Feridas";"Pleno dia";"Crescente";"Sol";"Dupla";"Curva";"Urbano";3;0;1;0;2;0;1;3
83520021;"26/11/16";"Sábado";"21:40:00";"SP";116;"339,8";"JUQUITIBA";"Desobediência à sinalização";"Atropelamento de pessoa";"Sem Vítimas";"Plena noite";"Crescente";"Ceu Claro";"Dupla";"Reta";"Rural";2;0;0;0;1;1;0;1
83520022;"30/11/16";"Quarta";"07:20:00";"SE";235;"26";"LARANJEIRAS";"Falta de atenção";"Colisão traseira";"Sem Vítimas";"Pleno dia";"Decrescente";"Sol";"Simples";"Reta";"Rural";2;0;0;0;2;0;0;2
83520023;"29/11/16";"Terça";"22:00:00";"MA";135;"84";"ITAPECURU MIRIM";"Animais na Pista";"Atropelamento de animal";"Sem Vítimas";"Plena noite";"Crescente";"Nublado";"Simples";"Reta";"Rural";1;0;0;0;1;0;0;1
83520024;"16/10/16";"Domingo";"21:50:00";"MA";316;"388";"ALTO ALEGRE DO MARANHAO";"Outras";"Capotamento";"Com Vítimas Fatais";"Plena noite";"Decrescente";"Ceu Claro";"Simples";"Curva";"Rural";1;1;0;0;0;0;0;1
83520025;"28/11/16";"Segunda";"23:30:00";"SC";282;"130";"BOM RETIRO";"Defeito mecânico em veículo";"Capotamento";"Com Vítimas Feridas";"Plena noite";"Decrescente";"Nublado";"Simples";"Reta";"Urbano";1;0;1;0;0;0;1;1
83520026;"30/11/16";"Quarta";"08:50:00";"MG";40;"525,8";"CONTAGEM";"Falta de atenção";"Colisão lateral";"Com Vítimas Feridas";"Pleno dia";"Crescente";"Nublado";"Simples";"Reta";"Urbano";2;0;1;0;1;0;1;2
83520027;"23/09/16";"Sexta";"18:15:00";"SC";101;"132";"BALNEARIO CAMBORIU";"Velocidade incompatível";"Colisão Transversal";"Com Vítimas Feridas";"Plena noite";"Crescente";"Ceu Claro";"Dupla";"Reta";"Urbano";2;0;1;0;1;0;1;2
83520028;"29/11/16";"Terça";"17:20:00";"PE";407;"126,4";"PETROLINA";"Não guardar distância de segurança";"Colisão lateral";"Sem Vítimas";"Pleno dia";"Crescente";"Ceu Claro";"Simples";"Cruzamento";"Urbano";2;0;0;0;2;0;0;2
83520029;"27/11/16";"Domingo";"22:57:00";"SP";116;"84,5";"PINDAMONHANGABA";"Animais na Pista";"Atropelamento de animal";"Com Vítimas Feridas";"Plena noite";"Crescente";"Nublado";"Dupla";"Reta";"Rural";4;0;3;0;1;0;3;1
83520030;"15/07/16";"Sexta";"19:00:00";"MT";364;"312,5";"JACIARA";"Outras";"Colisão frontal";"Com Vítimas Feridas";"Plena noite";"Crescente";"Ignorada";"Simples";"Reta";"Rural";7;0;3;3;1;0;6;2
83520031;"15/11/16";"Terça";"06:30:00";"RJ";40;"13";"COMENDADOR LEVY GASPARIAN";"Velocidade incompatível";"Tombamento";"Com Vítimas Feridas";"Amanhecer";"Decrescente";"Chuva";"Dupla";"Curva";"Urbano";1;0;1;0;0;0;1;1
83520032;"30/11/16";"Quarta";"07:00:00";"RS";290;"99";"PORTO ALEGRE";"Não guardar distância de segurança";"Colisão traseira";"Com Vítimas Feridas";"Pleno dia";"Decrescente";"Ceu Claro";"Simples";"Reta";"Urbano";6;0;2;0;3;1;2;5
83520033;"29/11/16";"Terça";"18:00:00";"MG";40;"702";"BARBACENA";"Ultrapassagem indevida";"Colisão frontal";"Com Vítimas Feridas";"Pleno dia";"Crescente";"Nublado";"Simples";"Reta";"Urbano";2;0;0;1;1;0;1;2
83520034;"30/11/16";"Quarta";"01:30:00";"MG";262;"440,9";"NOVA SERRANA";"Dormindo";"Colisão traseira";"Com Vítimas Feridas";"Plena noite";"Crescente";"Chuva";"Dupla";"Reta";"Rural";3;0;2;0;1;0;2;2
83520035;"27/11/16";"Domingo";"03:50:00";"SC";163;"68,8";"SAO MIGUEL DOESTE";"Velocidade incompatível";"Colisão com objeto fixo";"Sem Vítimas";"Plena noite";"Crescente";"Ceu Claro";"Dupla";"Reta";"Urbano";1;0;0;0;1;0;0;1
83520036;"27/11/16";"Domingo";"22:00:00";"BA";324;"554";"AMELIA RODRIGUES";"Falta de atenção";"Saída de Pista";"Sem Vítimas";"Plena noite";"Decrescente";"Nublado";"Dupla";"Reta";"Rural";1;0;0;0;1;0;0;1
83520037;"30/11/16";"Quarta";"05:40:00";"PE";408;"103";"RECIFE";"Outras";"Colisão traseira";"Sem Vítimas";"Pleno dia";"Crescente";"Sol";"Dupla";"Reta";"Urbano";7;0;0;0;7;0;0;7
83520038;"23/09/16";"Sexta";"18:15:00";"SC";101;"132";"BALNEARIO CAMBORIU";"Falta de atenção";"Colisão Transversal";"Com Vítimas Feridas";"Plena noite";"Crescente";"Ceu Claro";"Dupla";"Reta";"Urbano";2;0;1;0;1;0;1;2
83520039;"30/11/16";"Quarta";"08:30:00";"SC";101;"247";"PAULO LOPES";"Dormindo";"Saída de Pista";"Sem Vítimas";"Pleno dia";"Decrescente";"Ceu Claro";"Dupla";"Reta";"Rural";1;0;0;0;1;0;0;1
83520040;"17/09/16";"Sábado";"12:30:00";"MT";364;"201,1";"RONDONOPOLIS";"Falta de atenção";"Colisão lateral";"Sem Vítimas";"Pleno dia";"Crescente";"Sol";"Dupla";"Reta";"Urbano";2;0;0;0;2;0;0;2
83520041;"26/11/16";"Sábado";"17:36:00";"RJ";393;"136";"SAPUCAIA";"Ingestão de álcool";"Queda de motocicleta / bicicleta / veículo";"Com Vítimas Feridas";"Pleno dia";"Crescente";"Ceu Claro";"Simples";"Reta";"Rural";1;0;1;0;0;0;1;1
83520042;"30/11/16";"Quarta";"10:55:00";"SC";101;"47";"JOINVILLE";"Falta de atenção";"Colisão lateral";"Com Vítimas Feridas";"Plena noite";"Crescente";"Ceu Claro";"Dupla";"Curva";"Rural";3;0;1;0;2;0;1;2