"id";"data_inversa";"dia_semana";"horario";"uf";"br";"km";"municipio";"causa_acidente";"tipo_acidente";"classificacao_acidente";"fase_dia";"sentido_via";"condicao_metereologica";"tipo_pista";"tracado_via";"uso_solo";"pessoas";"mortos";"feridos_leves";"feridos_graves";"ilesos";"ignorados";"feridos";"veiculos"
83520043;"30/11/16";"Quarta";"06:40:00";"PR";116;"121";"CURITIBA";"Falta de atenção";"Colisão lateral";"Com Vítimas Feridas";"Pleno dia";"Decrescente";"Ceu Claro";"Dupla";"Reta";"Rural";2;0;0;1;1;0;1;2
83520044;"27/11/16";"Domingo";"00:30:00";"BA";116;"933";"CANDIDO SALES";"Falta de atenção";"Saída de Pista";"Com Vítimas Feridas";"Plena noite";"Crescente";"Ceu Claro";"Simples";"Reta";"Rural";3;0;2;0;1;0;2;2
83520045;"29/11/16";"Terça";"04:20:00";"BA";116;"806";"VITORIA DA CONQUISTA";"Outras";"Capotamento";"Com Vítimas Feridas";"Amanhecer";"Decrescente";"Ceu Claro";"Simples";"Reta";"Rural";3;0;3;0;0;0;3;1
83520046;"29/11/16";"Terça";"23:30:00";"MA";230;"340";"BALSAS";"Dormindo";"Saída de Pista";"Com Vítimas Fatais";"Plena noite";"Crescente";"Ignorada";"Simples";"Reta";"Urbano";1;1;0;0;0;0;0;1
83520047;"29/11/16";"Terça";"10:00:00";"SC";282;"4,3";"SAO JOSE";"Falta de atenção";"Colisão traseira";"Com Vítimas Feridas";"Pleno dia";"Decrescente";"Nublado";"Dupla";"Reta";"Urbano";4;0;2;0;1;1;2;4
83520048;"30/11/16";"Quarta";"09:45:00";"PR";116;"106";"SAO JOSE DOS PINHAIS";"Defeito mecânico em veículo";"Queda de motocicleta / bicicleta / veículo";"Com Vítimas Feridas";"Pleno dia";"Decrescente";"Nublado";"Simples";"Curva";"Rural";1;0;1;0;0;0;1;1
83520049;"30/11/16";"Quarta";"08:10:00";"SC";280;"138,7";"RIO NEGRINHO";"Outras";"Colisão traseira";"Sem Vítimas";"Pleno dia";"Crescente";"Nublado";"Simples";"Reta";"Rural";2;0;0;0;2;0;0;2
83520050;"30/11/16";"Quarta";"08:10:00";"RJ";101;"319";"SAO GONCALO";"Outras";"Colisão traseira";"Sem Vítimas";"Pleno dia";"Crescente";"Ceu Claro";"Dupla";"Reta";"Urbano";2;0;0;0;2;0;0;2
83520051;"30/11/16";"Quarta";"11:00:00";"ES";101;"298";"VIANA";"Não guardar distância de segurança";"Colisão traseira";"Com Vítimas Feridas";"Pleno dia";"Crescente";"Chuva";"Múltipla";"Reta";"Urbano";2;0;1;0;1;0;1;2
83520052;"30/11/16";"Quarta";"08:30:00";"GO";153;"504";"APARECIDA DE GOIANIA";"Falta de atenção";"Colisão traseira";"Sem Vítimas";"Pleno dia";"Decrescente";"Sol";"Dupla";"Reta";"Urbano";2;0;0;0;2;0;0;2
83520053;"30/11/16";"Quarta";"09:25:00";"SC";282;"210,5";"LAGES";"Ultrapassagem indevida";"Colisão lateral";"Sem Vítimas";"Pleno dia";"Decrescente";"Sol";"Simples";"Reta";"Rural";2;0;0;0;1;1;0;2
83520054;"26/11/16";"Sábado";"20:15:00";"SE";101;"93,7";"NOSSA SENHORA DO SOCORRO";"Outras";"Queda de motocicleta / bicicleta / veículo";"Com Vítimas Feridas";"Plena noite";"Decrescente";"Ceu Claro";"Dupla";"Curva";"Rural";2;0;1;1;0;0;2;1
83520055;"27/11/16";"Domingo";"05:30:00";"GO";452;"179,6";"ITUMBIARA";"Falta de atenção";"Colisão traseira";"Com Vítimas Fatais";"Plena noite";"Crescente";"Nublado";"Simples";"Reta";"Rural";2;1;0;0;1;0;0;2
83520056;"30/11/16";"Quarta";"11:00:00";"BA";135;"184";"BARREIRAS";"Falta de atenção";"Capotamento";"Sem Vítimas";"Pleno dia";"Crescente";"Ceu Claro";"Simples";"Reta";"Rural";2;0;0;0;2;0;0;1
83520057;"30/11/16";"Quarta";"08:00:00";"RO";364;"421";"JARU";"Desobediência à sinalização";"Saída de Pista";"Sem Vítimas";"Pleno dia";"Crescente";"Nublado";"Simples";"Reta";"Urbano";2;0;0;0;2;0;0;2
83520058;"30/11/16";"Quarta";"13:00:00";"RS";290;"93,3";"PORTO ALEGRE";"Outras";"Queda de motocicleta / bicicleta / veículo";"Com Vítimas Feridas";"Pleno dia";"Crescente";"Ceu Claro";"Dupla";"Reta";"Urbano";1;0;1;0;0;0;1;1
83520059;"30/11/16";"Quarta";"09:00:00";"MG";381;"359";"JOAO MONLEVADE";"Não guardar distância de segurança";"Colisão traseira";"Com Vítimas Feridas";"Pleno dia";"Crescente";"Ceu Claro";"Simples";"Reta";"Rural";4;0;1;0;3;0;1;2
83520060;"26/11/16";"Sábado";"19:20:00";"ES";101;"270,5";"SERRA";"Não guardar distância de segurança";"Colisão traseira";"Com Vítimas Feridas";"Plena noite";"Decrescente";"Nublado";"Múltipla";"Reta";"Urbano";3;0;1;1;1;0;2;2
83520061;"30/11/16";"Quarta";"13:10:00";"SC";470;"129,9";"LONTRAS";"Falta de atenção";"Colisão frontal";"Com Vítimas Feridas";"Pleno dia";"Crescente";"Sol";"Simples";"Curva";"Urbano";2;0;1;0;1;0;1;2
83520062;"30/11/16";"Quarta";"11:45:00";"RS";116;"144";"CAXIAS DO SUL";"Velocidade incompatível";"Saída de Pista";"Com Vítimas Feridas";"Amanhecer";"Crescente";"Sol";"Dupla";"Reta";"Urbano";2;0;2;0;0;0;2;1
83520063;"30/11/16";"Quarta";"07:20:00";"MT";364;"366,8";"SANTO ANTONIO DO LEVERGER";"Ultrapassagem indevida";"Saída de Pista";"Sem Vítimas";"Pleno dia";"Decrescente";"Nublado";"Simples";"Reta";"Rural";2;0;0;0;2;0;0;1
83520064;"25/11/16";"Sexta";"22:30:00";"PR";277;"598";"CASCAVEL";"Falta de atenção";"Atropelamento de pessoa";"Com Vítimas Fatais";"Plena noite";"Decrescente";"Ceu Claro";"Dupla";"Reta";"Urbano";2;1;1;0;0;0;1;1
83520065;"30/11/16";"Quarta";"08:30:00";"MG";116;"455,9";"ENGENHEIRO CALDAS";"Falta de atenção";"Colisão Transversal";"Sem Vítimas";"Pleno dia";"Crescente";"Nublado";"Simples";"Reta";"Rural";2;0;0;0;2;0;0;2
83520066;"30/11/16";"Quarta";"08:50:00";"BA";101;"726";"EUNAPOLIS";"Velocidade incompatível";"Colisão Transversal";"Com Vítimas Feridas";"Pleno dia";"Decrescente";"Ceu Claro";"Simples";"Curva";"Rural";3;0;1;0;2;0;1;3
83520067;"30/11/16";"Quarta";"08:15:00";"BA";116;"823";"VITORIA DA CONQUISTA";"Outras";"Atropelamento de pessoa";"Com Vítimas Feridas";"Pleno dia";"Crescente";"Ceu Claro";"Dupla";"Reta";"Urbano";2;0;1;1;0;0;2;1
83520068;"26/11/16";"Sábado";"16:25:00";"PR";369;"185";"ARAPONGAS";"Desobediência à sinalização";"Colisão Transversal";"Com Vítimas Feridas";"Pleno dia";"Decrescente";"Ceu Claro";"Simples";"Cruzamento";"Urbano";3;0;0;2;1;0;2;2
83520069;"28/11/16";"Segunda";"06:36:00";"PR";376;"474,3";"PONTA GROSSA";"Velocidade incompatível";"Saída de Pista";"Com Vítimas Feridas";"Amanhecer";"Decrescente";"Chuva";"Dupla";"Curva";"Rural";1;0;1;0;0;0;1;1
83520070;"30/11/16";"Quarta";"13:30:00";"RJ";116;"228";"PIRAI";"Não guardar distância de segurança";"Colisão lateral";"Sem Vítimas";"Pleno dia";"Crescente";"Chuva";"Dupla";"Curva";"Rural";2;0;0;0;1;1;0;2
83520071;"27/10/16";"Quinta";"11:40:00";"PB";101;"89,5";"JOAO PESSOA";"Outras";"Saída de Pista";"Sem Vítimas";"Pleno dia";"Decrescente";"Ceu Claro";"Dupla";"Reta";"Urbano";1;0;0;0;1;0;0;1
83520072;"30/11/16";"Quarta";"12:00:00";"RS";101;"24";"TRES CACHOEIRAS";"Falta de atenção";"Colisão traseira";"Com Vítimas Feridas";"Pleno dia";"Crescente";"Sol";"Múltipla";"Cruzamento";"Urbano";2;0;1;0;1;0;1;2
83520073;"30/11/16";"Quarta";"10:30:00";"BA";116;"467,3";"SANTO ESTEVAO";"Velocidade incompatível";"Colisão traseira";"Sem Vítimas";"Pleno dia";"Decrescente";"Ceu Claro";"Dupla";"Reta";"Rural";2;0;0;0;2;0;0;2
83520074;"29/11/16";"Terça";"16:50:00";"GO";153;"189";"URUACU";"Outras";"Colisão lateral";"Sem Vítimas";"Pleno dia";"Crescente";"Chuva";"Simples";"Reta";"Rural";3;0;0;0;3;0;0;2
83520075;"30/11/16";"Quarta";"10:40:00";"SP";116;"547,3";"BARRA DO TURVO";"Falta de atenção";"Colisão com objeto fixo";"Sem Vítimas";"Pleno dia";"Decrescente";"Chuva";"Simples";"Curva";"Rural";2;0;0;0;2;0;0;2
83520076;"29/11/16";"Terça";"18:33:00";"MT";364;"521";"ROSARIO OESTE";"Defeito mecânico em veículo";"Saída de Pista";"Com Vítimas Feridas";"Anoitecer";"Crescente";"Nublado";"Simples";"Reta";"Rural";2;0;2;0;0;0;2;1
83520078;"26/11/16";"Sábado";"00:00:00";"GO";20;"179";"ALVORADA DO NORTE";"Ingestão de álcool";"Colisão Transversal";"Sem Vítimas";"Plena noite";"Decrescente";"Nublado";"Simples";"Reta";"Urbano";2;0;0;0;2;0;0;2
83520079;"30/11/16";"Quarta";"12:00:00";"SP";116;"204";"ARUJA";"Não guardar distância de segurança";"Colisão traseira";"Sem Vítimas";"Pleno dia";"Crescente";"Ceu Claro";"Dupla";"Reta";"Urbano";2;0;0;0;1;1;0;2
83520080;"27/11/16";"Domingo";"07:00:00";"CE";20;"421,3";"MARACANAU";"Não guardar distância de segurança";"Colisão lateral";"Com Vítimas Feridas";"Pleno dia";"Crescente";"Ceu Claro";"Simples";"Reta";"Urbano";2;0;1;0;0;1;1;2
83520081;"18/11/16";"Sexta";"17:40:00";"RJ";40;"13";"TRES RIOS";"Velocidade incompatível";"Colisão com objeto fixo";"Sem Vítimas";"Pleno dia";"Decrescente";"Chuva";"Dupla";"Curva";"Urbano";2;0;0;0;2;0;0;1
83520082;"30/11/16";"Quarta";"10:20:00";"RO";174;"20";"VILHENA";"Velocidade incompatível";"Capotamento";"Com Vítimas Feridas";"Pleno dia";"Decrescente";"Sol";"Simples";"Curva";"Rural";2;0;2;0;0;0;2;1
83520083;"27/11/16";"Domingo";"05:10:00";"MG";40;"529";"CONTAGEM";"Outras";"Colisão traseira";"Sem Vítimas";"Amanhecer";"Crescente";"Ceu Claro";"Dupla";"Reta";"Urbano";2;0;0;0;1;1;0;2
83520084;"30/11/16";"Quarta";"13:40:00";"CE";20;"300,3";"CANINDE";"Outras";"Queda de motocicleta / bicicleta / veículo";"Com Vítimas Feridas";"Pleno dia";"Crescente";"Ceu Claro";"Simples";"Reta";"Rural";1;0;1;0;0;0;1;1
83520085;"30/11/16";"Quarta";"07:30:00";"PR";116;"1";"CAMPINA GRANDE DO SUL";"Outras";"Colisão com objeto fixo";"Sem Vítimas";"Pleno dia";"Crescente";"Chuva";"Dupla";"Curva";"Urbano";1;0;0;0;1;0;0;1
83520086;"29/11/16";"Terça";"19:30:00";"SP";116;"220";"GUARULHOS";"Não guardar distância de segurança";"Colisão lateral";"Com Vítimas Feridas";"Anoitecer";"Crescente";"Nublado";"Múltipla";"Reta";"Urbano";2;0;1;0;1;0;1;2
83520087;"29/08/16";"Segunda";"03:30:00";"BA";116;"451,6";"ANTONIO CARDOSO";"Dormindo";"Colisão traseira";"Com Vítimas Feridas";"Plena noite";"Decrescente";"Ceu Claro";"Simples";"Reta";"Rural";4;0;1;2;1;0;3;2
83520088;"27/11/16";"Domingo";"20:10:00";"PR";376;"659";"TIJUCAS DO SUL";"Não guardar distância de segurança";"Colisão Transversal";"Com Vítimas Feridas";"Plena noite";"Decrescente";"Nublado";"Dupla";"Curva";"Rural";2;0;1;0;1;0;1;2
83520089;"14/11/16";"Segunda";"11:20:00";"CE";116;"12";"FORTALEZA";"Outras";"Colisão lateral";"Sem Vítimas";"Pleno dia";"Decrescente";"Ceu Claro";"Dupla";"Reta";"Urbano";2;0;0;0;2;0;0;2
83520090;"30/11/16";"Quarta";"10:00:00";"PR";376;"666,4";"GUARATUBA";"Velocidade incompatível";"Colisão com objeto fixo";"Sem Vítimas";"Pleno dia";"Decrescente";"Chuva";"Dupla";"Curva";"Rural";1;0;0;0;1;0;0;1
83520091;"30/11/16";"Quarta";"10:30:00";"RN";406;"106";"JOAO CAMARA";"Falta de atenção";"Colisão lateral";"Sem Vítimas";"Pleno dia";"Decrescente";"Ceu Claro";"Simples";"Reta";"Rural";2;0;0;0;2;0;0;2
83520092;"08/08/16";"Segunda";"22:30:00";"GO";70;"62";"COCALZINHO DE GOIAS";"Outras";"Capotamento";"Com Vítimas Feridas";"Plena noite";"Decrescente";"Ceu Claro";"Simples";"Reta";"Rural";2;0;1;1;0;0;2;1
83520093;"26/11/16";"Sábado";"20:15:00";"SC";470;"145";"RIO DO SUL";"Outras";"Colisão com objeto fixo";"Com Vítimas Feridas";"Plena noite";"Crescente";"Ceu Claro";"Simples";"Reta";"Urbano";2;0;1;0;0;1;1;1
83520094;"30/11/16";"Quarta";"14:00:00";"RN";101;"101,7";"PARNAMIRIM";"Não guardar distância de segurança";"Colisão traseira";"Com Vítimas Feridas";"Pleno dia";"Crescente";"Ceu Claro";"Dupla";"Reta";"Urbano";2;0;1;0;1;0;1;2
83520095;"30/11/16";"Quarta";"15:30:00";"SC";101;"144,5";"ITAPEMA";"Defeito mecânico em veículo";"Queda de motocicleta / bicicleta / veículo";"Com Vítimas Feridas";"Pleno dia";"Crescente";"Nublado";"Dupla";"Reta";"Rural";2;0;2;0;0;0;2;1
83520096;"30/11/16";"Quarta";"08:10:00";"BA";116;"458,6";"SANTO ESTEVAO";"Velocidade incompatível";"Capotamento";"Com Vítimas Feridas";"Pleno dia";"Decrescente";"Ceu Claro";"Dupla";"Reta";"Rural";2;0;1;0;1;0;1;1
83520097;"27/11/16";"Domingo";"22:20:00";"AL";101;"74";"RIO LARGO";"Ingestão de álcool";"Atropelamento de pessoa";"Com Vítimas Feridas";"Plena noite";"Crescente";"Ceu Claro";"Simples";"Reta";"Rural";2;0;0;2;0;0;2;1
83520098;"27/11/16";"Domingo";"05:30:00";"MT";70;"520";"VARZEA GRANDE";"Falta de atenção";"Colisão lateral";"Com Vítimas Feridas";"Plena noite";"Decrescente";"Sol";"Simples";"Reta";"Urbano";2;0;1;0;1;0;1;2
83520099;"30/11/16";"Quarta";"14:05:00";"MG";262;"378,4";"JUATUBA";"Falta de atenção";"Colisão com objeto fixo";"Sem Vítimas";"Pleno dia";"Crescente";"Nublado";"Dupla";"Curva";"Rural";1;0;0;0;1;0;0;1
83520100;"27/11/16";"Domingo";"05:00:00";"RO";364;"423";"JARU";"Ingestão de álcool";"Queda de motocicleta / bicicleta / veículo";"Com Vítimas Feridas";"Plena noite";"Decrescente";"Ceu Claro";"Simples";"Reta";"Urbano";1;0;1;0;0;0;1;1
83520101;"30/11/16";"Quarta";"11:00:00";"SP";116;"504";"BARRA DO TURVO";"Dormindo";"Tombamento";"Sem Vítimas";"Pleno dia";"Crescente";"Chuva";"Dupla";"Reta";"Rural";1;0;0;0;1;0;0;1
83520102;"30/11/16";"Quarta";"10:45:00";"SC";101;"215,6";"PALHOCA";"Falta de atenção";"Queda de motocicleta / bicicleta / veículo";"Com Vítimas Feridas";"Pleno dia";"Crescente";"Ceu Claro";"Dupla";"Reta";"Urbano";1;0;1;0;0;0;1;1
83520103;"30/11/16";"Quarta";"06:00:00";"SP";116;"214";"GUARULHOS";"Outras";"Capotamento";"Com Vítimas Feridas";"Amanhecer";"Decrescente";"Chuva";"Múltipla";"Reta";"Urbano";2;0;1;0;1;0;1;2
83520105;"23/11/16";"Quarta";"05:30:00";"BA";116;"408,9";"FEIRA DE SANTANA";"Falta de atenção";"Colisão traseira";"Sem Vítimas";"Pleno dia";"Decrescente";"Sol";"Simples";"Reta";"Rural";2;0;0;0;2;0;0;2
83520106;"30/11/16";"Quarta";"12:30:00";"SC";101;"336,8";"TUBARAO";"Desobediência à sinalização";"Colisão lateral";"Com Vítimas Fatais";"Pleno dia";"Decrescente";"Ceu Claro";"Dupla";"Reta";"Urbano";3;1;1;0;1;0;1;2
83520107;"30/11/16";"Quarta";"16:20:00";"MG";50;"62";"UBERLANDIA";"Outras";"Capotamento";"Sem Vítimas";"Pleno dia";"Crescente";"Chuva";"Dupla";"Curva";"Rural";1;0;0;0;1;0;0;1
83520108;"30/11/16";"Quarta";"14:30:00";"SC";101;"414,6";"ARARANGUA";"Falta de atenção";"Colisão Transversal";"Com Vítimas Feridas";"Pleno dia";"Crescente";"Sol";"Simples";"Cruzamento";"Urbano";3;0;1;1;1;0;2;2
83520109;"30/11/16";"Quarta";"13:10:00";"RS";287;"363";"JAGUARI";"Não guardar distância de segurança";"Colisão lateral";"Sem Vítimas";"Pleno dia";"Decrescente";"Sol";"Simples";"Curva";"Rural";2;0;0;0;2;0;0;2
83520110;"30/11/16";"Quarta";"13:10:00";"SP";381;"31";"ATIBAIA";"Falta de atenção";"Colisão traseira";"Com Vítimas Feridas";"Pleno dia";"Crescente";"Ceu Claro";"Dupla";"Reta";"Urbano";6;0;4;0;1;1;4;2
83520111;"30/11/16";"Quarta";"15:15:00";"RJ";101;"430";"ITAGUAI";"Outras";"Colisão frontal";"Com Vítimas Feridas";"Pleno dia";"Crescente";"Chuva";"Simples";"Reta";"Urbano";2;0;2;0;0;0;2;2
83520112;"30/11/16";"Quarta";"06:45:00";"CE";116;"411,8";"BAIXIO";"Falta de atenção";"Colisão traseira";"Com Vítimas Feridas";"Pleno dia";"Crescente";"Sol";"Simples";"Reta";"Rural";8;0;3;0;5;0;3;2
83520113;"30/11/16";"Quarta";"11:30:00";"MG";40;"520,2";"CONTAGEM";"Outras";"Colisão traseira";"Sem Vítimas";"Pleno dia";"Decrescente";"Nublado";"Dupla";"Curva";"Urbano";2;0;0;0;2;0;0;2
83520114;"30/11/16";"Quarta";"12:30:00";"RJ";116;"163";"RIO DE JANEIRO";"Falta de atenção";"Colisão traseira";"Com Vítimas Feridas";"Pleno dia";"Crescente";"Ceu Claro";"Dupla";"Reta";"Urbano";2;0;0;1;1;0;1;2
83520115;"30/11/16";"Quarta";"14:20:00";"RJ";101;"115";"CAMPOS DOS GOYTACAZES";"Velocidade incompatível";"Capotamento";"Com Vítimas Feridas";"Pleno dia";"Decrescente";"Chuva";"Dupla";"Curva";"Rural";2;0;1;0;1;0;1;1
83520116;"30/11/16";"Quarta";"17:30:00";"GO";60;"183,5";"ABADIA DE GOIAS";"Velocidade incompatível";"Saída de Pista";"Com Vítimas Feridas";"Pleno dia";"Crescente";"Chuva";"Dupla";"Curva";"Rural";1;0;0;1;0;0;1;1
83520117;"30/11/16";"Quarta";"17:10:00";"MG";50;"54,8";"ARAGUARI";"Velocidade incompatível";"Saída de Pista";"Sem Vítimas";"Pleno dia";"Crescente";"Chuva";"Dupla";"Curva";"Rural";1;0;0;0;1;0;0;1
83520118;"30/11/16";"Quarta";"15:20:00";"RJ";116;"278";"BARRA MANSA";"Outras";"Capotamento";"Com Vítimas Feridas";"Pleno dia";"Decrescente";"Ceu Claro";"Dupla";"Curva";"Rural";2;0;2;0;0;0;2;1
83520119;"30/11/16";"Quarta";"10:35:00";"GO";50;"96";"CRISTALINA";"Falta de atenção";"Colisão Transversal";"Sem Vítimas";"Pleno dia";"Crescente";"Ceu Claro";"Dupla";"Reta";"Urbano";3;0;0;0;3;0;0;2
83520120;"30/11/16";"Quarta";"16:45:00";"PE";232;"126";"CARUARU";"Animais na Pista";"Atropelamento de animal";"Com Vítimas Feridas";"Pleno dia";"Crescente";"Ceu Claro";"Dupla";"Reta";"Urbano";2;0;1;1;0;0;2;1
83520121;"30/11/16";"Quarta";"17:30:00";"SC";280;"33,2";"ARAQUARI";"Outras";"Colisão Transversal";"Com Vítimas Feridas";"Pleno dia";"Decrescente";"Ceu Claro";"Simples";"Reta";"Rural";2;0;0;1;1;0;1;2
83520122;"06/09/16";"Terça";"21:00:00";"PR";277;"719,8";"FOZ DO IGUACU";"Não guardar distância de segurança";"Colisão traseira";"Com Vítimas Feridas";"Plena noite";"Decrescente";"Ceu Claro";"Dupla";"Reta";"Urbano";28;0;9;2;2;15;11;2
83520123;"26/11/16";"Sábado";"23:30:00";"BA";116;"359";"SERRINHA";"Falta de atenção";"Colisão traseira";"Com Vítimas Feridas";"Plena noite";"Decrescente";"Ceu Claro";"Simples";"Reta";"Rural";3;0;0;1;2;0;1;2
83520124;"25/11/16";"Sexta";"20:20:00";"ES";101;"147,4";"LINHARES";"Ingestão de álcool";"Atropelamento de pessoa";"Com Vítimas Feridas";"Plena noite";"Decrescente";"Ceu Claro";"Múltipla";"Reta";"Urbano";2;0;1;0;0;1;1;1
83520125;"30/11/16";"Quarta";"14:00:00";"RJ";40;"121,9";"DUQUE DE CAXIAS";"Outras";"Colisão traseira";"Com Vítimas Feridas";"Pleno dia";"Crescente";"Chuva";"Múltipla";"Reta";"Urbano";6;0;3;2;1;0;5;2
83520126;"27/11/16";"Domingo";"17:20:00";"MT";163;"834";"SINOP";"Defeito mecânico em veículo";"Queda de motocicleta / bicicleta / veículo";"Com Vítimas Feridas";"Anoitecer";"Crescente";"Nublado";"Simples";"Reta";"Urbano";1;0;1;0;0;0;1;1
83520127;"27/11/16";"Domingo";"05:05:00";"MS";262;"5";"TRES LAGOAS";"Falta de atenção";"Colisão Transversal";"Com Vítimas Feridas";"Plena noite";"Crescente";"Ceu Claro";"Dupla";"Reta";"Urbano";3;0;1;0;2;0;1;2
83520128;"30/11/16";"Quarta";"11:50:00";"SP";116;"204";"ARUJA";"Não guardar distância de segurança";"Colisão traseira";"Sem Vítimas";"Pleno dia";"Decrescente";"Nublado";"Dupla";"Reta";"Urbano";2;0;0;0;2;0;0;2
83520129;"30/11/16";"Quarta";"16:00:00";"RS";293;"14,1";"CAPAO DO LEAO";"Falta de atenção";"Colisão Transversal";"Com Vítimas Feridas";"Pleno dia";"Crescente";"Sol";"Simples";"Cruzamento";"Urbano";2;0;0;1;1;0;1;2
83520130;"09/11/16";"Quarta";"09:38:00";"RJ";116;"323";"ITATIAIA";"Defeito mecânico em veículo";"Colisão com objeto fixo";"Com Vítimas Feridas";"Pleno dia";"Crescente";"Ceu Claro";"Dupla";"Reta";"Rural";1;0;1;0;0;0;1;1
83520131;"30/11/16";"Quarta";"08:10:00";"MG";116;"277";"TEOFILO OTONI";"Falta de atenção";"Atropelamento de pessoa";"Com Vítimas Feridas";"Pleno dia";"Decrescente";"Ceu Claro";"Simples";"Reta";"Urbano";2;0;0;1;1;0;1;1
83520132;"30/11/16";"Quarta";"17:45:00";"RS";386;"129";"SARANDI";"Não guardar distância de segurança";"Colisão traseira";"Sem Vítimas";"Pleno dia";"Decrescente";"Ceu Claro";"Simples";"Reta";"Urbano";3;0;0;0;2;1;0;2
83520133;"30/11/16";"Quarta";"16:20:00";"ES";101;"145";"LINHARES";"Outras";"Colisão com objeto fixo";"Com Vítimas Feridas";"Pleno dia";"Decrescente";"Ceu Claro";"Múltipla";"Reta";"Urbano";1;0;1;0;0;0;1;1
83520134;"30/11/16";"Quarta";"16:30:00";"MT";163;"70";"RONDONOPOLIS";"Outras";"Saída de Pista";"Sem Vítimas";"Pleno dia";"Crescente";"Chuva";"Dupla";"Reta";"Rural";1;0;0;0;1;0;0;1
83520135;"30/11/16";"Quarta";"18:20:00";"RS";116;"243,5";"SAO LEOPOLDO";"Outras";"Colisão Transversal";"Com Vítimas Feridas";"Plena noite";"Decrescente";"Sol";"Dupla";"Cruzamento";"Urbano";2;0;1;0;1;0;1;2
83520136;"30/11/16";"Quarta";"14:15:00";"RJ";40;"93";"PETROPOLIS";"Outras";"Colisão com objeto fixo";"Com Vítimas Feridas";"Pleno dia";"Decrescente";"Chuva";"Simples";"Curva";"Rural";1;0;1;0;0;0;1;1
83520138;"30/11/16";"Quarta";"17:10:00";"MG";356;"265,5";"MURIAE";"Desobediência à sinalização";"Colisão Transversal";"Com Vítimas Feridas";"Pleno dia";"Decrescente";"Chuva";"Simples";"Cruzamento";"Urbano";2;0;1;0;1;0;1;2
83520139;"30/11/16";"Quarta";"17:35:00";"SC";153;"65,7";"IRANI";"Falta de atenção";"Atropelamento de pessoa";"Com Vítimas Feridas";"Pleno dia";"Crescente";"Sol";"Simples";"Reta";"Urbano";2;0;0;1;1;0;1;1
83520140;"30/11/16";"Quarta";"17:45:00";"PR";153;"96,5";"JAPIRA";"Defeito mecânico em veículo";"Tombamento";"Com Vítimas Feridas";"Pleno dia";"Decrescente";"Nublado";"Simples";"Reta";"Rural";2;0;1;0;1;0;1;1
83520141;"26/11/16";"Sábado";"20:00:00";"RS";293;"81,9";"PIRATINI";"Defeito mecânico em veículo";"Incêndio";"Sem Vítimas";"Anoitecer";"Crescente";"Nublado";"Simples";"Reta";"Rural";1;0;0;0;1;0;0;1
83520142;"30/11/16";"Quarta";"14:30:00";"MG";40;"196";"JOAO PINHEIRO";"Velocidade incompatível";"Saída de Pista";"Com Vítimas Feridas";"Pleno dia";"Crescente";"Chuva";"Simples";"Curva";"Rural";1;0;0;1;0;0;1;1
83520143;"30/11/16";"Quarta";"18:00:00";"PR";277;"723";"FOZ DO IGUACU";"Falta de atenção";"Saída de Pista";"Com Vítimas Feridas";"Pleno dia";"Crescente";"Ceu Claro";"Dupla";"Reta";"Urbano";2;0;1;0;1;0;1;2
83520144;"30/11/16";"Quarta";"16:50:00";"MS";163;"250";"DOURADOS";"Outras";"Capotamento";"Com Vítimas Feridas";"Pleno dia";"Decrescente";"Nublado";"Simples";"Reta";"Rural";4;0;2;2;0;0;4;1
83520145;"26/11/16";"Sábado";"12:15:00";"RJ";40;"82";"PETROPOLIS";"Falta de atenção";"Colisão com objeto fixo";"Com Vítimas Feridas";"Pleno dia";"Decrescente";"Chuva";"Simples";"Curva";"Urbano";2;0;1;0;1;0;1;1
83520146;"30/11/16";"Quarta";"06:30:00";"BA";116;"423";"FEIRA DE SANTANA";"Outras";"Colisão com bicicleta";"Com Vítimas Feridas";"Pleno dia";"Crescente";"Sol";"Simples";"Reta";"Urbano";2;0;2;0;0;0;2;2
83520147;"22/11/16";"Terça";"08:40:00";"ES";101;"147";"LINHARES";"Desobediência à sinalização";"Colisão com bicicleta";"Com Vítimas Feridas";"Pleno dia";"Decrescente";"Ceu Claro";"Múltipla";"Cruzamento";"Urbano";2;0;0;1;1;0;1;2
83520149;"30/11/16";"Quarta";"13:50:00";"PI";316;"308,7";"PICOS";"Desobediência à sinalização";"Colisão Transversal";"Com Vítimas Feridas";"Pleno dia";"Crescente";"Sol";"Múltipla";"Reta";"Urbano";2;0;0;1;1;0;1;2
83520150;"30/11/16";"Quarta";"14:00:00";"RJ";40;"118";"DUQUE DE CAXIAS";"Outras";"Colisão lateral";"Com Vítimas Feridas";"Pleno dia";"Decrescente";"Chuva";"Múltipla";"Reta";"Urbano";2;0;1;0;1;0;1;2
83520151;"30/11/16";"Quarta";"18:10:00";"RJ";116;"228";"PIRAI";"Outras";"Colisão traseira";"Sem Vítimas";"Pleno dia";"Decrescente";"Chuva";"Dupla";"Curva";"Urbano";2;0;0;0;2;0;0;2
83520152;"30/11/16";"Quarta";"14:00:00";"SC";101;"90,8";"BARRA VELHA";"Outras";"Colisão traseira";"Com Vítimas Feridas";"Pleno dia";"Crescente";"Ceu Claro";"Dupla";"Reta";"Urbano";3;0;1;0;2;0;1;3