"id";"data_inversa";"dia_semana";"horario";"uf";"br";"km";"municipio";"causa_acidente";"tipo_acidente";"classificacao_acidente";"fase_dia";"sentido_via";"condicao_metereologica";"tipo_pista";"tracado_via";"uso_solo";"pessoas";"mortos";"feridos_leves";"feridos_graves";"ilesos";"ignorados";"feridos";"veiculos"
83520154;"30/11/16";"Quarta";"16:50:00";"GO";60;"196,5";"GUAPO";"Falta de atenção";"Saída de Pista";"Com Vítimas Feridas";"Pleno dia";"Crescente";"Chuva";"Dupla";"Reta";"Rural";1;0;1;0;0;0;1;1
83520155;"30/11/16";"Quarta";"17:45:00";"SC";470;"137,8";"RIO DO SUL";"Não guardar distância de segurança";"Colisão traseira";"Sem Vítimas";"Pleno dia";"Crescente";"Sol";"Simples";"Reta";"Urbano";4;0;0;0;4;0;0;4
83520156;"26/11/16";"Sábado";"19:40:00";"RN";101;"106,2";"PARNAMIRIM";"Falta de atenção";"Colisão traseira";"Com Vítimas Feridas";"Plena noite";"Crescente";"Ceu Claro";"Dupla";"Reta";"Urbano";2;0;1;0;1;0;1;2
83520157;"30/11/16";"Quarta";"12:15:00";"SC";163;"106";"GUARUJA DO SUL";"Ingestão de álcool";"Colisão frontal";"Com Vítimas Feridas";"Pleno dia";"Decrescente";"Ceu Claro";"Simples";"Reta";"Rural";2;0;0;1;1;0;1;2
83520158;"30/11/16";"Quarta";"18:00:00";"PR";116;"115,3";"CURITIBA";"Ultrapassagem indevida";"Colisão lateral";"Com Vítimas Feridas";"Anoitecer";"Crescente";"Nublado";"Simples";"Curva";"Urbano";2;0;1;0;1;0;1;2
83520159;"30/01/16";"Sábado";"15:40:00";"BA";367;"22,7";"PORTO SEGURO";"Falta de atenção";"Colisão frontal";"Com Vítimas Feridas";"Pleno dia";"Crescente";"Sol";"Simples";"Reta";"Urbano";3;0;2;0;1;0;2;2
83520160;"30/11/16";"Quarta";"10:10:00";"GO";153;"499";"GOIANIA";"Defeito mecânico em veículo";"Queda de motocicleta / bicicleta / veículo";"Com Vítimas Feridas";"Pleno dia";"Crescente";"Ceu Claro";"Dupla";"Reta";"Urbano";2;0;0;2;0;0;2;1
83520161;"27/11/16";"Domingo";"07:10:00";"MG";381;"721,7";"CARMO DA CACHOEIRA";"Velocidade incompatível";"Derramamento de Carga";"Sem Vítimas";"Pleno dia";"Decrescente";"Nublado";"Dupla";"Curva";"Rural";1;0;0;0;1;0;0;1
83520162;"30/11/16";"Quarta";"17:30:00";"GO";153;"568";"PROFESSOR JAMIL";"Velocidade incompatível";"Saída de Pista";"Sem Vítimas";"Pleno dia";"Decrescente";"Chuva";"Dupla";"Curva";"Rural";1;0;0;0;1;0;0;1
83520163;"30/11/16";"Quarta";"17:00:00";"MG";381;"347";"BELA VISTA DE MINAS";"Velocidade incompatível";"Saída de Pista";"Sem Vítimas";"Anoitecer";"Decrescente";"Chuva";"Simples";"Curva";"Rural";2;0;0;0;2;0;0;1
83520164;"30/11/16";"Quarta";"13:00:00";"SP";116;"230";"SAO PAULO";"Não guardar distância de segurança";"Colisão traseira";"Com Vítimas Feridas";"Pleno dia";"Crescente";"Nublado";"Múltipla";"Reta";"Urbano";2;0;1;0;1;0;1;2
83520165;"30/11/16";"Quarta";"19:15:00";"RN";406;"149,5";"CEARA-MIRIM";"Falta de atenção";"Atropelamento de pessoa";"Com Vítimas Feridas";"Plena noite";"Crescente";"Ceu Claro";"Simples";"Reta";"Urbano";2;0;0;1;0;1;1;1
83520166;"30/11/16";"Quarta";"18:45:00";"GO";414;"440";"ANAPOLIS";"Não guardar distância de segurança";"Colisão traseira";"Com Vítimas Feridas";"Anoitecer";"Crescente";"Ceu Claro";"Dupla";"Curva";"Urbano";3;0;1;0;2;0;1;2
83520167;"30/11/16";"Quarta";"15:14:00";"PE";408;"62,5";"CARPINA";"Outras";"Colisão traseira";"Com Vítimas Feridas";"Pleno dia";"Decrescente";"Sol";"Simples";"Curva";"Urbano";2;0;1;0;1;0;1;2
83520168;"27/11/16";"Domingo";"05:00:00";"RJ";493;"9";"GUAPIMIRIM";"Falta de atenção";"Colisão frontal";"Com Vítimas Fatais";"Plena noite";"Crescente";"Ceu Claro";"Simples";"Reta";"Urbano";7;3;0;4;0;0;4;2
83520169;"30/11/16";"Quarta";"19:15:00";"GO";60;"97";"ANAPOLIS";"Não guardar distância de segurança";"Colisão traseira";"Com Vítimas Feridas";"Anoitecer";"Decrescente";"Ceu Claro";"Dupla";"Reta";"Urbano";2;0;0;1;1;0;1;2
83520170;"30/11/16";"Quarta";"16:00:00";"RO";364;"15,7";"VILHENA";"Falta de atenção";"Colisão lateral";"Com Vítimas Feridas";"Pleno dia";"Decrescente";"Ceu Claro";"Dupla";"Reta";"Urbano";3;0;3;0;0;0;3;2
83520171;"30/11/16";"Quarta";"14:30:00";"PE";232;"38,9";"VITORIA DE SANTO ANTAO";"Outras";"Colisão traseira";"Com Vítimas Feridas";"Pleno dia";"Crescente";"Ceu Claro";"Dupla";"Reta";"Urbano";2;0;0;1;1;0;1;2
83520172;"27/11/16";"Domingo";"10:50:00";"PR";376;"673";"GUARATUBA";"Velocidade incompatível";"Colisão com objeto fixo";"Com Vítimas Feridas";"Pleno dia";"Crescente";"Ceu Claro";"Dupla";"Reta";"Rural";6;0;2;1;2;1;3;6
83520173;"30/11/16";"Quarta";"17:00:00";"MS";163;"767,3";"PEDRO GOMES";"Velocidade incompatível";"Saída de Pista";"Sem Vítimas";"Pleno dia";"Crescente";"Sol";"Simples";"Cruzamento";"Rural";2;0;0;0;2;0;0;2
83520174;"18/11/16";"Sexta";"11:30:00";"ES";101;"255,8";"SERRA";"Ingestão de álcool";"Colisão com objeto fixo";"Com Vítimas Feridas";"Pleno dia";"Decrescente";"Sol";"Simples";"Reta";"Urbano";1;0;1;0;0;0;1;1
83520175;"30/11/16";"Quarta";"11:55:00";"MG";40;"631,3";"CONSELHEIRO LAFAIETE";"Falta de atenção";"Colisão Transversal";"Com Vítimas Feridas";"Pleno dia";"Decrescente";"Ceu Claro";"Simples";"Reta";"Rural";2;0;1;0;1;0;1;2
83520176;"30/11/16";"Quarta";"15:30:00";"DF";60;"25,2";"BRASILIA";"Outras";"Saída de Pista";"Com Vítimas Feridas";"Pleno dia";"Decrescente";"Chuva";"Dupla";"Curva";"Rural";1;0;0;1;0;0;1;1
83520177;"30/11/16";"Quarta";"19:22:00";"GO";153;"618";"MORRINHOS";"Velocidade incompatível";"Saída de Pista";"Com Vítimas Feridas";"Anoitecer";"Decrescente";"Chuva";"Dupla";"Reta";"Rural";1;0;1;0;0;0;1;1
83520178;"26/11/16";"Sábado";"16:45:00";"RJ";116;"122";"MAGE";"Outras";"Queda de motocicleta / bicicleta / veículo";"Com Vítimas Feridas";"Pleno dia";"Decrescente";"Ceu Claro";"Simples";"Curva";"Rural";2;0;1;1;0;0;2;1
83520179;"18/11/16";"Sexta";"15:10:00";"MG";135;"596,3";"CORINTO";"Outras";"Colisão lateral";"Com Vítimas Feridas";"Pleno dia";"Crescente";"Chuva";"Simples";"Curva";"Rural";2;0;1;0;1;0;1;2
83520180;"30/11/16";"Quarta";"18:15:00";"RS";116;"265";"CANOAS";"Falta de atenção";"Colisão lateral";"Com Vítimas Feridas";"Pleno dia";"Decrescente";"Ceu Claro";"Dupla";"Reta";"Urbano";2;0;1;0;1;0;1;2
83520181;"30/11/16";"Quarta";"11:50:00";"SC";101;"32";"JOINVILLE";"Falta de atenção";"Tombamento";"Sem Vítimas";"Pleno dia";"Crescente";"Sol";"Dupla";"Reta";"Rural";1;0;0;0;1;0;0;1
83520182;"30/11/16";"Quarta";"18:00:00";"MG";381;"278";"JAGUARACU";"Falta de atenção";"Atropelamento de pessoa";"Com Vítimas Feridas";"Pleno dia";"Decrescente";"Nublado";"Simples";"Reta";"Urbano";2;0;1;0;1;0;1;1
83520183;"27/11/16";"Domingo";"05:45:00";"RN";406;"109";"POCO BRANCO";"Outras";"Colisão frontal";"Sem Vítimas";"Amanhecer";"Crescente";"Ceu Claro";"Simples";"Reta";"Rural";2;0;0;0;1;1;0;2
83520184;"27/11/16";"Domingo";"02:30:00";"MG";381;"922";"CAMANDUCAIA";"Velocidade incompatível";"Saída de Pista";"Sem Vítimas";"Plena noite";"Crescente";"Ceu Claro";"Dupla";"Reta";"Rural";1;0;0;0;1;0;0;1
83520185;"30/11/16";"Quarta";"13:10:00";"RO";364;"226,7";"CACOAL";"Falta de atenção";"Saída de Pista";"Sem Vítimas";"Pleno dia";"Decrescente";"Ceu Claro";"Simples";"Reta";"Rural";1;0;0;0;1;0;0;1
83520186;"25/11/16";"Sexta";"12:30:00";"RO";364;"203,9";"PIMENTA BUENO";"Falta de atenção";"Colisão Transversal";"Sem Vítimas";"Pleno dia";"Decrescente";"Sol";"Simples";"Reta";"Rural";3;0;0;0;3;0;0;2
83520187;"30/11/16";"Quarta";"16:30:00";"MS";262;"99,5";"TRES LAGOAS";"Defeito na via";"Saída de Pista";"Sem Vítimas";"Pleno dia";"Decrescente";"Ceu Claro";"Simples";"Reta";"Rural";5;0;0;0;5;0;0;1
83520189;"30/11/16";"Quarta";"08:01:00";"PA";230;"120,8";"MARABA";"Desobediência à sinalização";"Colisão Transversal";"Com Vítimas Feridas";"Pleno dia";"Decrescente";"Ceu Claro";"Dupla";"Cruzamento";"Urbano";2;0;1;0;1;0;1;2
83520190;"30/11/16";"Quarta";"20:50:00";"MS";163;"615,6";"SAO GABRIEL DO OESTE";"Defeito mecânico em veículo";"Incêndio";"Ignorado";"Plena noite";"Crescente";"Ignorada";"Simples";"Reta";"Urbano";1;0;0;0;0;1;0;1
83520191;"30/11/16";"Quarta";"17:15:00";"CE";222;"232";"SOBRAL";"Ingestão de álcool";"Colisão Transversal";"Com Vítimas Feridas";"Anoitecer";"Crescente";"Sol";"Simples";"Reta";"Rural";2;0;0;2;0;0;2;2
83520192;"14/11/16";"Segunda";"10:00:00";"MG";381;"329";"NOVA ERA";"Velocidade incompatível";"Saída de Pista";"Com Vítimas Feridas";"Pleno dia";"Crescente";"Chuva";"Dupla";"Curva";"Rural";2;0;2;0;0;0;2;1
83520193;"30/11/16";"Quarta";"12:40:00";"MG";381;"449";"SABARA";"Falta de atenção";"Colisão Transversal";"Com Vítimas Feridas";"Pleno dia";"Decrescente";"Ceu Claro";"Simples";"Curva";"Urbano";2;0;1;0;1;0;1;2
83520194;"30/11/16";"Quarta";"10:00:00";"SE";101;"108,8";"SAO CRISTOVAO";"Falta de atenção";"Colisão lateral";"Sem Vítimas";"Pleno dia";"Crescente";"Ceu Claro";"Dupla";"Reta";"Rural";2;0;0;0;2;0;0;2
83520195;"30/11/16";"Quarta";"17:00:00";"MT";174;"33";"CACERES";"Velocidade incompatível";"Saída de Pista";"Sem Vítimas";"Pleno dia";"Decrescente";"Ceu Claro";"Simples";"Reta";"Rural";1;0;0;0;1;0;0;1
83520196;"26/11/16";"Sábado";"10:25:00";"RN";110;"49";"MOSSORO";"Falta de atenção";"Colisão lateral";"Com Vítimas Feridas";"Pleno dia";"Decrescente";"Ceu Claro";"Dupla";"Reta";"Urbano";3;0;1;1;0;1;2;2
83520197;"27/11/16";"Domingo";"21:45:00";"ES";262;"96";"DOMINGOS MARTINS";"Ingestão de álcool";"Capotamento";"Sem Vítimas";"Plena noite";"Crescente";"Nublado";"Simples";"Reta";"Rural";1;0;0;0;1;0;0;1
83520198;"30/11/16";"Quarta";"17:00:00";"PA";316;"6";"ANANINDEUA";"Outras";"Colisão lateral";"Com Vítimas Feridas";"Pleno dia";"Decrescente";"Nublado";"Dupla";"Reta";"Urbano";3;0;2;0;1;0;2;2
83520199;"27/11/16";"Domingo";"23:28:00";"MT";163;"1037";"MATUPA";"Ingestão de álcool";"Colisão lateral";"Com Vítimas Feridas";"Plena noite";"Decrescente";"Nublado";"Simples";"Reta";"Rural";2;0;0;1;1;0;1;2
83520200;"28/11/16";"Segunda";"13:30:00";"MT";163;"842";"SINOP";"Falta de atenção";"Queda de motocicleta / bicicleta / veículo";"Com Vítimas Feridas";"Pleno dia";"Crescente";"Ceu Claro";"Simples";"Reta";"Rural";2;0;2;0;0;0;2;1
83520201;"30/11/16";"Quarta";"20:00:00";"TO";153;"758,9";"ALVORADA";"Falta de atenção";"Colisão traseira";"Com Vítimas Feridas";"Plena noite";"Crescente";"Ceu Claro";"Dupla";"Cruzamento";"Urbano";3;0;1;0;2;0;1;2
83520202;"30/11/16";"Quarta";"16:20:00";"CE";304;"45,5";"ARACATI";"Animais na Pista";"Atropelamento de animal";"Com Vítimas Feridas";"Pleno dia";"Decrescente";"Sol";"Dupla";"Reta";"Urbano";1;0;1;0;0;0;1;1
83520203;"30/11/16";"Quarta";"06:40:00";"MG";116;"306";"ITAMBACURI";"Outras";"Colisão lateral";"Sem Vítimas";"Pleno dia";"Crescente";"Ceu Claro";"Simples";"Reta";"Rural";2;0;0;0;2;0;0;2
83520204;"30/11/16";"Quarta";"20:35:00";"PR";369;"60";"BANDEIRANTES";"Ingestão de álcool";"Atropelamento de pessoa";"Com Vítimas Feridas";"Plena noite";"Crescente";"Nublado";"Simples";"Reta";"Rural";2;0;0;1;1;0;1;1
83520205;"30/11/16";"Quarta";"22:40:00";"SP";116;"445";"REGISTRO";"Falta de atenção";"Colisão traseira";"Sem Vítimas";"Plena noite";"Decrescente";"Chuva";"Dupla";"Reta";"Urbano";2;0;0;0;1;1;0;2
83520206;"30/11/16";"Quarta";"14:00:00";"DF";60;"30";"BRASILIA";"Outras";"Saída de Pista";"Com Vítimas Feridas";"Pleno dia";"Decrescente";"Chuva";"Dupla";"Reta";"Urbano";1;0;1;0;0;0;1;1
83520207;"30/11/16";"Quarta";"21:30:00";"ES";101;"398,9";"RIO NOVO DO SUL";"Falta de atenção";"Colisão com objeto fixo";"Com Vítimas Feridas";"Plena noite";"Decrescente";"Chuva";"Simples";"Curva";"Rural";2;0;2;0;0;0;2;1
83520208;"30/11/16";"Quarta";"22:40:00";"RS";101;"37,9";"TRES FORQUILHAS";"Dormindo";"Saída de Pista";"Com Vítimas Fatais";"Plena noite";"Decrescente";"Nublado";"Dupla";"Curva";"Rural";1;1;0;0;0;0;0;1
83520209;"30/11/16";"Quarta";"22:00:00";"MS";60;"580";"GUIA LOPES DA LAGUNA";"Animais na Pista";"Atropelamento de animal";"Sem Vítimas";"Plena noite";"Crescente";"Nublado";"Simples";"Reta";"Rural";2;0;0;0;2;0;0;1
83520210;"30/11/16";"Quarta";"10:30:00";"GO";452;"47,7";"RIO VERDE";"Falta de atenção";"Colisão Transversal";"Com Vítimas Feridas";"Pleno dia";"Decrescente";"Nublado";"Simples";"Cruzamento";"Rural";2;0;1;0;1;0;1;2
83520211;"30/11/16";"Quarta";"23:45:00";"CE";222;"312";"TIANGUA";"Desobediência à sinalização";"Colisão frontal";"Com Vítimas Feridas";"Plena noite";"Crescente";"Ceu Claro";"Simples";"Reta";"Urbano";2;0;1;0;0;1;1;2
83520212;"30/11/16";"Quarta";"18:30:00";"RS";470;"224";"GARIBALDI";"Ultrapassagem indevida";"Colisão Transversal";"Com Vítimas Fatais";"Pleno dia";"Decrescente";"Ceu Claro";"Simples";"Cruzamento";"Rural";6;1;0;0;5;0;0;4
83520213;"30/11/16";"Quarta";"18:00:00";"PR";376;"652,6";"TIJUCAS DO SUL";"Outras";"Capotamento";"Sem Vítimas";"Pleno dia";"Crescente";"Chuva";"Dupla";"Curva";"Urbano";1;0;0;0;1;0;0;1
83520214;"30/11/16";"Quarta";"17:50:00";"GO";153;"501";"GOIANIA";"Falta de atenção";"Colisão traseira";"Sem Vítimas";"Anoitecer";"Decrescente";"Nublado";"Dupla";"Reta";"Urbano";2;0;0;0;2;0;0;2
83520215;"30/11/16";"Quarta";"19:30:00";"MT";364;"273";"JACIARA";"Falta de atenção";"Atropelamento de pessoa";"Com Vítimas Fatais";"Plena noite";"Decrescente";"Nublado";"Dupla";"Curva";"Urbano";2;1;1;0;0;0;1;1
83520216;"30/11/16";"Quarta";"23:50:00";"SP";116;"546";"BARRA DO TURVO";"Falta de atenção";"Tombamento";"Sem Vítimas";"Plena noite";"Crescente";"Chuva";"Simples";"Curva";"Rural";1;0;0;0;1;0;0;1
83520217;"26/11/16";"Sábado";"07:30:00";"MG";381;"377";"SAO GONCALO DO RIO ABAIXO";"Outras";"Tombamento";"Sem Vítimas";"Pleno dia";"Crescente";"Ignorada";"Simples";"Curva";"Urbano";1;0;0;0;1;0;0;1
83520218;"30/11/16";"Quarta";"17:30:00";"RN";226;"6,8";"NATAL";"Ultrapassagem indevida";"Colisão frontal";"Com Vítimas Feridas";"Anoitecer";"Decrescente";"Ceu Claro";"Simples";"Reta";"Urbano";2;0;0;1;0;1;1;2
83520219;"30/11/16";"Quarta";"18:00:00";"MT";163;"624";"NOVA MUTUM";"Não guardar distância de segurança";"Colisão traseira";"Com Vítimas Feridas";"Anoitecer";"Crescente";"Nublado";"Simples";"Reta";"Rural";2;0;1;0;1;0;1;2
83520220;"30/11/16";"Quarta";"16:45:00";"RS";290;"685";"URUGUAIANA";"Defeito na via";"Capotamento";"Com Vítimas Feridas";"Pleno dia";"Crescente";"Ceu Claro";"Simples";"Reta";"Rural";3;0;3;0;0;0;3;1
83520221;"01/12/16";"Quinta";"01:45:00";"PR";277;"20";"MORRETES";"Outras";"Saída de Pista";"Com Vítimas Feridas";"Plena noite";"Decrescente";"Nublado";"Dupla";"Reta";"Rural";2;0;1;0;0;1;1;2
83520222;"27/11/16";"Domingo";"02:00:00";"SC";101;"137";"BALNEARIO CAMBORIU";"Outras";"Colisão traseira";"Com Vítimas Feridas";"Plena noite";"Decrescente";"Nublado";"Dupla";"Reta";"Urbano";3;0;1;0;2;0;1;3
83520223;"01/12/16";"Quinta";"02:00:00";"SP";459;"27,5";"LORENA";"Outras";"Atropelamento de pessoa";"Com Vítimas Feridas";"Amanhecer";"Crescente";"Ceu Claro";"Simples";"Reta";"Urbano";2;0;0;1;0;1;1;1
83520224;"26/11/16";"Sábado";"23:00:00";"PE";232;"144,5";"SAO CAITANO";"Animais na Pista";"Atropelamento de animal";"Com Vítimas Feridas";"Plena noite";"Crescente";"Ceu Claro";"Dupla";"Reta";"Rural";1;0;0;1;0;0;1;1
83520225;"01/12/16";"Quinta";"00:00:00";"PR";116;"119,8";"CURITIBA";"Defeito mecânico em veículo";"Colisão com objeto fixo";"Sem Vítimas";"Plena noite";"Crescente";"Nublado";"Dupla";"Reta";"Urbano";1;0;0;0;1;0;0;1
83520226;"30/11/16";"Quarta";"19:00:00";"PB";230;"30,5";"BAYEUX";"Falta de atenção";"Colisão traseira";"Sem Vítimas";"Plena noite";"Decrescente";"Ceu Claro";"Dupla";"Reta";"Urbano";2;0;0;0;2;0;0;2
83520227;"30/11/16";"Quarta";"16:40:00";"PI";343;"3,4";"TERESINA";"Desobediência à sinalização";"Colisão Transversal";"Com Vítimas Feridas";"Pleno dia";"Decrescente";"Ceu Claro";"Múltipla";"Reta";"Urbano";3;0;1;0;2;0;1;2
83520228;"01/12/16";"Quinta";"04:00:00";"RS";101;"81,7";"OSORIO";"Dormindo";"Saída de Pista";"Sem Vítimas";"Plena noite";"Crescente";"Ceu Claro";"Dupla";"Reta";"Urbano";2;0;0;0;2;0;0;2
83520229;"30/11/16";"Quarta";"22:40:00";"RS";470;"233";"CARLOS BARBOSA";"Falta de atenção";"Colisão Transversal";"Sem Vítimas";"Plena noite";"Crescente";"Ceu Claro";"Simples";"Reta";"Rural";2;0;0;0;2;0;0;2
83520230;"30/11/16";"Quarta";"18:40:00";"PB";230;"20,9";"JOAO PESSOA";"Não guardar distância de segurança";"Colisão traseira";"Com Vítimas Feridas";"Plena noite";"Decrescente";"Ceu Claro";"Dupla";"Reta";"Urbano";3;0;1;0;1;1;1;3
83520231;"30/11/16";"Quarta";"12:10:00";"PB";230;"27";"JOAO PESSOA";"Defeito mecânico em veículo";"Colisão traseira";"Com Vítimas Feridas";"Pleno dia";"Decrescente";"Ceu Claro";"Dupla";"Reta";"Urbano";7;0;0;1;5;1;1;2
83520232;"30/11/16";"Quarta";"22:10:00";"GO";153;"497";"GOIANIA";"Defeito mecânico em veículo";"Queda de motocicleta / bicicleta / veículo";"Com Vítimas Feridas";"Plena noite";"Decrescente";"Nublado";"Múltipla";"Reta";"Urbano";2;0;1;1;0;0;2;1
83520233;"01/12/16";"Quinta";"04:50:00";"SC";470;"47,8";"GASPAR";"Falta de atenção";"Colisão Transversal";"Com Vítimas Feridas";"Plena noite";"Decrescente";"Ceu Claro";"Simples";"Cruzamento";"Urbano";2;0;1;0;1;0;1;2
83520234;"30/11/16";"Quarta";"14:01:00";"GO";153;"583,9";"PROFESSOR JAMIL";"Outras";"Saída de Pista";"Sem Vítimas";"Pleno dia";"Crescente";"Chuva";"Dupla";"Reta";"Rural";1;0;0;0;1;0;0;1
83520235;"30/11/16";"Quarta";"14:30:00";"PR";369;"495";"CORBELIA";"Desobediência à sinalização";"Colisão lateral";"Com Vítimas Fatais";"Pleno dia";"Crescente";"Sol";"Simples";"Reta";"Urbano";2;1;0;0;1;0;0;2
83520236;"30/11/16";"Quarta";"15:45:00";"MG";40;"705,5";"BARBACENA";"Velocidade incompatível";"Tombamento";"Com Vítimas Feridas";"Pleno dia";"Decrescente";"Nublado";"Dupla";"Curva";"Rural";1;0;1;0;0;0;1;1
83520237;"01/12/16";"Quinta";"00:01:00";"SP";116;"336";"JUQUITIBA";"Velocidade incompatível";"Capotamento";"Ignorado";"Plena noite";"Crescente";"Chuva";"Dupla";"Reta";"Rural";1;0;0;0;0;1;0;1
83520238;"01/12/16";"Quinta";"05:30:00";"SC";153;"8,5";"AGUA DOCE";"Ultrapassagem indevida";"Tombamento";"Sem Vítimas";"Plena noite";"Decrescente";"Ceu Claro";"Simples";"Curva";"Rural";2;0;0;0;2;0;0;2
83520239;"30/11/16";"Quarta";"21:30:00";"MG";365;"646";"UBERLANDIA";"Velocidade incompatível";"Capotamento";"Sem Vítimas";"Plena noite";"Decrescente";"Chuva";"Dupla";"Curva";"Rural";1;0;0;0;1;0;0;1
83520240;"30/11/16";"Quarta";"20:25:00";"MG";356;"270,1";"MURIAE";"Falta de atenção";"Colisão lateral";"Sem Vítimas";"Plena noite";"Crescente";"Chuva";"Simples";"Cruzamento";"Rural";2;0;0;0;2;0;0;2
83520241;"30/11/16";"Quarta";"21:15:00";"RN";427;"97,8";"CAICO";"Não guardar distância de segurança";"Colisão traseira";"Com Vítimas Feridas";"Plena noite";"Crescente";"Ceu Claro";"Simples";"Reta";"Urbano";2;0;0;1;1;0;1;2
83520242;"01/12/16";"Quinta";"01:40:00";"PR";116;"93";"SAO JOSE DOS PINHAIS";"Falta de atenção";"Colisão traseira";"Sem Vítimas";"Plena noite";"Decrescente";"Ceu Claro";"Dupla";"Curva";"Urbano";2;0;0;0;2;0;0;2
83520243;"30/11/16";"Quarta";"19:30:00";"MT";364;"297";"JACIARA";"Falta de atenção";"Colisão traseira";"Sem Vítimas";"Plena noite";"Decrescente";"Nublado";"Simples";"Reta";"Rural";2;0;0;0;2;0;0;2
83520244;"30/11/16";"Quarta";"19:00:00";"AL";104;"93";"RIO LARGO";"Defeito mecânico em veículo";"Queda de motocicleta / bicicleta / veículo";"Com Vítimas Feridas";"Plena noite";"Decrescente";"Ceu Claro";"Dupla";"Reta";"Urbano";2;0;2;0;0;0;2;1
83520245;"22/11/16";"Terça";"18:45:00";"MG";40;"750";"SANTOS DUMONT";"Outras";"Colisão frontal";"Com Vítimas Feridas";"Anoitecer";"Decrescente";"Chuva";"Simples";"Curva";"Rural";3;0;1;2;0;0;3;2
83520246;"20/11/16";"Domingo";"02:00:00";"SC";101;"196";"BIGUACU";"Outras";"Colisão com objeto fixo";"Com Vítimas Feridas";"Plena noite";"Decrescente";"Ceu Claro";"Dupla";"Reta";"Urbano";2;0;1;0;0;1;1;1
83520247;"23/11/16";"Quarta";"07:15:00";"RJ";101;"169";"MACAE";"Outras";"Saída de Pista";"Com Vítimas Feridas";"Amanhecer";"Decrescente";"Chuva";"Simples";"Reta";"Rural";2;0;1;0;1;0;1;1
83520248;"28/11/16";"Segunda";"03:30:00";"GO";60;"250,5";"INDIARA";"Animais na Pista";"Atropelamento de animal";"Sem Vítimas";"Plena noite";"Crescente";"Ceu Claro";"Dupla";"Reta";"Rural";2;0;0;0;2;0;0;1
83520249;"01/12/16";"Quinta";"06:30:00";"SC";101;"201,5";"SAO JOSE";"Falta de atenção";"Colisão Transversal";"Com Vítimas Feridas";"Pleno dia";"Decrescente";"Sol";"Dupla";"Reta";"Urbano";3;0;2;0;1;0;2;2
83520250;"30/11/16";"Quarta";"19:30:00";"PE";101;"16";"GOIANA";"Defeito mecânico em veículo";"Queda de motocicleta / bicicleta / veículo";"Com Vítimas Feridas";"Plena noite";"Crescente";"Ceu Claro";"Dupla";"Reta";"Rural";2;0;1;1;0;0;2;1
83520251;"30/11/16";"Quarta";"21:30:00";"PE";101;"43";"IGARASSU";"Falta de atenção";"Colisão lateral";"Sem Vítimas";"Plena noite";"Decrescente";"Nublado";"Múltipla";"Cruzamento";"Urbano";2;0;0;0;2;0;0;2
83520252;"27/11/16";"Domingo";"20:00:00";"ES";101;"1,5";"SERRA";"Falta de atenção";"Colisão lateral";"Com Vítimas Feridas";"Plena noite";"Decrescente";"Ceu Claro";"Dupla";"Reta";"Urbano";2;0;0;1;0;1;1;2
83520253;"01/12/16";"Quinta";"03:45:00";"MT";364;"544";"ROSARIO OESTE";"Defeito mecânico em veículo";"Incêndio";"Sem Vítimas";"Plena noite";"Decrescente";"Nublado";"Dupla";"Reta";"Urbano";1;0;0;0;1;0;0;1
83520254;"30/11/16";"Quarta";"20:15:00";"RJ";40;"112";"DUQUE DE CAXIAS";"Outras";"Colisão com objeto fixo";"Com Vítimas Feridas";"Plena noite";"Crescente";"Nublado";"Múltipla";"Reta";"Urbano";1;0;1;0;0;0;1;1
83520255;"30/11/16";"Quarta";"22:50:00";"SC";282;"602";"MARAVILHA";"Defeito na via";"Colisão com objeto fixo";"Sem Vítimas";"Plena noite";"Crescente";"Ceu Claro";"Simples";"Reta";"Rural";1;0;0;0;1;0;0;1
83520256;"01/12/16";"Quinta";"06:05:00";"PR";369;"184,3";"ARAPONGAS";"Falta de atenção";"Colisão Transversal";"Com Vítimas Feridas";"Amanhecer";"Decrescente";"Ceu Claro";"Simples";"Reta";"Urbano";2;0;1;0;1;0;1;2
83520257;"29/11/16";"Terça";"20:20:00";"MG";365;"382";"PATOS DE MINAS";"Ingestão de álcool";"Colisão traseira";"Com Vítimas Feridas";"Plena noite";"Crescente";"Nublado";"Simples";"Reta";"Rural";4;0;2;0;2;0;2;2
83520258;"27/11/16";"Domingo";"07:30:00";"RN";101;"104";"PARNAMIRIM";"Não guardar distância de segurança";"Queda de motocicleta / bicicleta / veículo";"Com Vítimas Feridas";"Pleno dia";"Crescente";"Ceu Claro";"Simples";"Curva";"Urbano";1;0;1;0;0;0;1;1
83520259;"26/11/16";"Sábado";"20:45:00";"SP";381;"85";"SAO PAULO";"Outras";"Queda de motocicleta / bicicleta / veículo";"Com Vítimas Feridas";"Anoitecer";"Crescente";"Ceu Claro";"Dupla";"Reta";"Urbano";2;0;2;0;0;0;2;1
83520260;"01/12/16";"Quinta";"03:40:00";"BA";116;"795,5";"PLANALTO";"Defeito mecânico em veículo";"Saída de Pista";"Sem Vítimas";"Amanhecer";"Crescente";"Ceu Claro";"Simples";"Reta";"Rural";1;0;0;0;1;0;0;1
83520261;"27/11/16";"Domingo";"17:40:00";"PR";369;"159,4";"CAMBE";"Ingestão de álcool";"Colisão lateral";"Com Vítimas Fatais";"Anoitecer";"Decrescente";"Ceu Claro";"Dupla";"Reta";"Urbano";3;1;1;0;1;0;1;2