"id";"data_inversa";"dia_semana";"horario";"uf";"br";"km";"municipio";"causa_acidente";"tipo_acidente";"classificacao_acidente";"fase_dia";"sentido_via";"condicao_metereologica";"tipo_pista";"tracado_via";"uso_solo";"pessoas";"mortos";"feridos_leves";"feridos_graves";"ilesos";"ignorados";"feridos";"veiculos"
83520377;"01/12/16";"Quinta";"15:05:00";"MG";381;"921,7";"CAMANDUCAIA";"Velocidade incompatível";"Colisão lateral";"Com Vítimas Feridas";"Pleno dia";"Decrescente";"Nublado";"Dupla";"Curva";"Rural";3;0;2;0;1;0;2;2
83520378;"01/12/16";"Quinta";"17:25:00";"RS";386;"386,9";"TRIUNFO";"Falta de atenção";"Colisão traseira";"Sem Vítimas";"Pleno dia";"Crescente";"Sol";"Dupla";"Curva";"Urbano";2;0;0;0;2;0;0;2
83520379;"27/11/16";"Domingo";"22:40:00";"RJ";116;"80";"TERESOPOLIS";"Outras";"Colisão Transversal";"Com Vítimas Feridas";"Plena noite";"Crescente";"Ceu Claro";"Simples";"Reta";"Urbano";3;0;3;0;0;0;3;2
83520380;"01/12/16";"Quinta";"14:20:00";"MS";163;"774,3";"COXIM";"Outras";"Capotamento";"Com Vítimas Feridas";"Pleno dia";"Decrescente";"Chuva";"Simples";"Reta";"Rural";1;0;1;0;0;0;1;1
83520381;"01/12/16";"Quinta";"14:45:00";"RJ";465;"6";"NOVA IGUACU";"Defeito mecânico em veículo";"Colisão Transversal";"Sem Vítimas";"Pleno dia";"Decrescente";"Ceu Claro";"Dupla";"Reta";"Rural";3;0;0;0;3;0;0;3
83520382;"01/12/16";"Quinta";"16:45:00";"PR";277;"524";"GUARANIACU";"Ultrapassagem indevida";"Saída de Pista";"Com Vítimas Feridas";"Pleno dia";"Crescente";"Sol";"Simples";"Curva";"Rural";2;0;1;0;1;0;1;2
83520383;"01/12/16";"Quinta";"13:30:00";"SC";282;"4,5";"SAO JOSE";"Não guardar distância de segurança";"Colisão traseira";"Sem Vítimas";"Pleno dia";"Decrescente";"Ceu Claro";"Dupla";"Reta";"Urbano";5;0;0;0;5;0;0;5
83520384;"01/12/16";"Quinta";"16:30:00";"MG";381;"316,5";"NOVA ERA";"Velocidade incompatível";"Saída de Pista";"Com Vítimas Feridas";"Pleno dia";"Crescente";"Chuva";"Simples";"Reta";"Rural";2;0;2;0;0;0;2;1
83520385;"30/11/16";"Quarta";"15:50:00";"MG";153;"0,8";"ARAPORA";"Outras";"Colisão lateral";"Sem Vítimas";"Pleno dia";"Decrescente";"Chuva";"Dupla";"Reta";"Urbano";2;0;0;0;2;0;0;2
83520386;"01/12/16";"Quinta";"14:00:00";"RJ";465;"20";"SEROPEDICA";"Falta de atenção";"Atropelamento de pessoa";"Com Vítimas Feridas";"Pleno dia";"Decrescente";"Sol";"Dupla";"Reta";"Urbano";2;0;1;0;1;0;1;1
83520387;"01/12/16";"Quinta";"15:00:00";"ES";101;"17,5";"PEDRO CANARIO";"Outras";"Saída de Pista";"Com Vítimas Feridas";"Pleno dia";"Decrescente";"Nublado";"Simples";"Curva";"Rural";1;0;1;0;0;0;1;1
83520388;"01/12/16";"Quinta";"13:05:00";"RS";386;"374,8";"PAVERAMA";"Falta de atenção";"Colisão lateral";"Sem Vítimas";"Pleno dia";"Decrescente";"Ceu Claro";"Dupla";"Reta";"Rural";2;0;0;0;2;0;0;2
83520389;"01/12/16";"Quinta";"19:00:00";"PR";369;"87,5";"CORNELIO PROCOPIO";"Falta de atenção";"Colisão com objeto móvel";"Com Vítimas Feridas";"Anoitecer";"Crescente";"Ceu Claro";"Simples";"Curva";"Rural";5;0;2;1;2;0;3;2
83520391;"01/12/16";"Quinta";"12:10:00";"GO";60;"6,4";"APARECIDA DE GOIANIA";"Ingestão de álcool";"Colisão traseira";"Sem Vítimas";"Pleno dia";"Crescente";"Ceu Claro";"Múltipla";"Reta";"Urbano";2;0;0;0;2;0;0;2
83520392;"01/11/16";"Terça";"11:00:00";"PA";316;"2";"ANANINDEUA";"Falta de atenção";"Colisão com bicicleta";"Com Vítimas Feridas";"Pleno dia";"Decrescente";"Ceu Claro";"Dupla";"Reta";"Urbano";4;0;0;1;2;1;1;4
83520393;"01/12/16";"Quinta";"16:20:00";"MT";163;"530,8";"DIAMANTINO";"Falta de atenção";"Colisão lateral";"Sem Vítimas";"Pleno dia";"Decrescente";"Ceu Claro";"Simples";"Curva";"Rural";3;0;0;0;3;0;0;3
83520394;"17/11/16";"Quinta";"18:15:00";"PE";423;"94";"GARANHUNS";"Ingestão de álcool";"Colisão Transversal";"Sem Vítimas";"Plena noite";"Decrescente";"Ceu Claro";"Simples";"Reta";"Urbano";2;0;0;0;1;1;0;2
83520395;"01/12/16";"Quinta";"18:05:00";"ES";101;"142,6";"LINHARES";"Falta de atenção";"Colisão traseira";"Com Vítimas Feridas";"Anoitecer";"Crescente";"Ceu Claro";"Simples";"Reta";"Urbano";3;0;2;0;1;0;2;2
83520396;"27/11/16";"Domingo";"16:00:00";"RJ";116;"65";"TERESOPOLIS";"Outras";"Colisão Transversal";"Com Vítimas Feridas";"Pleno dia";"Crescente";"Ceu Claro";"Simples";"Reta";"Rural";3;0;0;1;1;1;1;2
83520397;"01/12/16";"Quinta";"07:20:00";"MT";364;"400,6";"CUIABA";"Outras";"Colisão frontal";"Com Vítimas Feridas";"Pleno dia";"Decrescente";"Nublado";"Simples";"Reta";"Urbano";2;0;0;1;1;0;1;2
83520398;"01/12/16";"Quinta";"17:10:00";"CE";222;"0,1";"SOBRAL";"Desobediência à sinalização";"Colisão lateral";"Sem Vítimas";"Pleno dia";"Crescente";"Ceu Claro";"Simples";"Reta";"Urbano";2;0;0;0;1;1;0;2
83520399;"01/12/16";"Quinta";"11:30:00";"CE";222;"221,2";"SOBRAL";"Dormindo";"Colisão lateral";"Sem Vítimas";"Pleno dia";"Crescente";"Ceu Claro";"Simples";"Reta";"Urbano";2;0;0;0;2;0;0;2
83520400;"01/12/16";"Quinta";"17:30:00";"PR";376;"245";"APUCARANA";"Velocidade incompatível";"Capotamento";"Sem Vítimas";"Pleno dia";"Decrescente";"Sol";"Simples";"Curva";"Rural";1;0;0;0;1;0;0;1
83520401;"01/12/16";"Quinta";"17:30:00";"SC";101;"211";"SAO JOSE";"Não guardar distância de segurança";"Colisão lateral";"Com Vítimas Feridas";"Pleno dia";"Decrescente";"Ceu Claro";"Múltipla";"Reta";"Urbano";3;0;0;1;2;0;1;3
83520402;"01/12/16";"Quinta";"12:30:00";"RS";386;"281,9";"SAO JOSE DO HERVAL";"Falta de atenção";"Colisão frontal";"Com Vítimas Fatais";"Pleno dia";"Decrescente";"Sol";"Simples";"Reta";"Rural";6;2;1;2;1;0;3;2
83520403;"01/12/16";"Quinta";"16:55:00";"SC";282;"499,8";"XANXERE";"Desobediência à sinalização";"Colisão Transversal";"Com Vítimas Feridas";"Pleno dia";"Decrescente";"Sol";"Simples";"Reta";"Urbano";3;0;2;0;1;0;2;2
83520404;"01/12/16";"Quinta";"16:10:00";"GO";364;"89,1";"CACHOEIRA ALTA";"Desobediência à sinalização";"Colisão Transversal";"Sem Vítimas";"Pleno dia";"Crescente";"Ceu Claro";"Simples";"Cruzamento";"Rural";2;0;0;0;2;0;0;2
83520405;"30/11/16";"Quarta";"19:45:00";"RJ";356;"131";"CAMPOS DOS GOYTACAZES";"Animais na Pista";"Atropelamento de animal";"Sem Vítimas";"Plena noite";"Decrescente";"Nublado";"Simples";"Reta";"Rural";2;0;0;0;2;0;0;1
83520406;"28/11/16";"Segunda";"08:10:00";"AL";316;"114,3";"CACIMBINHAS";"Falta de atenção";"Colisão com bicicleta";"Com Vítimas Feridas";"Plena noite";"Crescente";"Ceu Claro";"Simples";"Reta";"Rural";2;0;1;1;0;0;2;2
83520408;"01/12/16";"Quinta";"12:15:00";"PE";101;"56";"PAULISTA";"Velocidade incompatível";"Queda de motocicleta / bicicleta / veículo";"Com Vítimas Feridas";"Pleno dia";"Crescente";"Ceu Claro";"Dupla";"Reta";"Urbano";1;0;1;0;0;0;1;1
83520409;"01/12/16";"Quinta";"07:30:00";"PR";163;"340";"GUAIRA";"Velocidade incompatível";"Tombamento";"Sem Vítimas";"Pleno dia";"Decrescente";"Ceu Claro";"Simples";"Curva";"Rural";1;0;0;0;1;0;0;1
83520410;"30/11/16";"Quarta";"12:12:00";"PA";316;"8";"ANANINDEUA";"Outras";"Colisão traseira";"Com Vítimas Feridas";"Pleno dia";"Decrescente";"Ceu Claro";"Dupla";"Reta";"Urbano";2;0;1;0;0;1;1;2
83520411;"24/08/16";"Quarta";"21:40:00";"BA";324;"626";"SALVADOR";"Defeito na via";"Danos Eventuais";"Sem Vítimas";"Plena noite";"Crescente";"Chuva";"Dupla";"Curva";"Urbano";1;0;0;0;1;0;0;1
83520412;"01/12/16";"Quinta";"18:30:00";"SP";116;"476,9";"JACUPIRANGA";"Outras";"Derramamento de Carga";"Sem Vítimas";"Anoitecer";"Decrescente";"Nublado";"Dupla";"Reta";"Urbano";1;0;0;0;1;0;0;1
83520413;"01/12/16";"Quinta";"18:00:00";"SP";116;"182";"SANTA ISABEL";"Defeito mecânico em veículo";"Colisão traseira";"Sem Vítimas";"Pleno dia";"Decrescente";"Nublado";"Dupla";"Reta";"Rural";2;0;0;0;2;0;0;2
83520414;"01/12/16";"Quinta";"15:30:00";"MG";381;"577";"ITAGUARA";"Falta de atenção";"Colisão traseira";"Com Vítimas Feridas";"Pleno dia";"Crescente";"Chuva";"Dupla";"Curva";"Rural";3;0;1;0;2;0;1;2
83520415;"01/12/16";"Quinta";"08:30:00";"MG";381;"317";"NOVA ERA";"Outras";"Colisão Transversal";"Sem Vítimas";"Pleno dia";"Decrescente";"Chuva";"Simples";"Curva";"Rural";2;0;0;0;2;0;0;2
83520416;"01/12/16";"Quinta";"18:45:00";"SP";116;"347";"MIRACATU";"Falta de atenção";"Colisão lateral";"Sem Vítimas";"Pleno dia";"Crescente";"Nublado";"Dupla";"Reta";"Rural";3;0;0;0;3;0;0;2
83520417;"01/12/16";"Quinta";"18:40:00";"SE";101;"111,9";"SAO CRISTOVAO";"Outras";"Queda de motocicleta / bicicleta / veículo";"Com Vítimas Feridas";"Plena noite";"Crescente";"Ceu Claro";"Dupla";"Reta";"Rural";2;0;2;0;0;0;2;1
83520418;"01/12/16";"Quinta";"15:15:00";"MG";267;"26,1";"ARGIRITA";"Defeito mecânico em veículo";"Saída de Pista";"Sem Vítimas";"Pleno dia";"Decrescente";"Nublado";"Simples";"Reta";"Rural";1;0;0;0;1;0;0;1
83520419;"01/12/16";"Quinta";"15:50:00";"BA";367;"83,3";"EUNAPOLIS";"Falta de atenção";"Colisão Transversal";"Com Vítimas Feridas";"Pleno dia";"Crescente";"Nublado";"Simples";"Reta";"Urbano";2;0;1;0;1;0;1;2
83520421;"01/12/16";"Quinta";"07:10:00";"PB";230;"158";"CAMPINA GRANDE";"Falta de atenção";"Colisão lateral";"Com Vítimas Feridas";"Pleno dia";"Crescente";"Sol";"Simples";"Reta";"Urbano";2;0;1;0;0;1;1;2
83520422;"01/12/16";"Quinta";"15:30:00";"MG";40;"567";"NOVA LIMA";"Velocidade incompatível";"Capotamento";"Com Vítimas Feridas";"Pleno dia";"Decrescente";"Chuva";"Simples";"Reta";"Urbano";3;0;3;0;0;0;3;1
83520423;"25/11/16";"Sexta";"00:10:00";"SC";282;"31";"SANTO AMARO DA IMPERATRIZ";"Outras";"Colisão lateral";"Com Vítimas Feridas";"Plena noite";"Decrescente";"Chuva";"Simples";"Curva";"Rural";4;0;3;0;1;0;3;2
83520424;"01/12/16";"Quinta";"09:20:00";"ES";101;"297";"CARIACICA";"Velocidade incompatível";"Colisão traseira";"Com Vítimas Feridas";"Pleno dia";"Decrescente";"Nublado";"Dupla";"Reta";"Urbano";4;0;2;0;1;1;2;3
83520425;"01/12/16";"Quinta";"17:50:00";"MS";262;"352";"CAMPO GRANDE";"Outras";"Colisão frontal";"Sem Vítimas";"Anoitecer";"Decrescente";"Ceu Claro";"Simples";"Reta";"Urbano";4;0;0;0;4;0;0;3
83520426;"01/12/16";"Quinta";"07:20:00";"PE";101;"51";"ABREU E LIMA";"Falta de atenção";"Colisão Transversal";"Com Vítimas Feridas";"Anoitecer";"Decrescente";"Ceu Claro";"Múltipla";"Reta";"Urbano";5;0;0;2;3;0;2;3
83520427;"12/11/16";"Sábado";"10:00:00";"MT";70;"535";"NOSSA SENHORA DO LIVRAMENTO";"Outras";"Saída de Pista";"Sem Vítimas";"Amanhecer";"Crescente";"Chuva";"Simples";"Reta";"Rural";2;0;0;0;1;1;0;1
83520428;"01/12/16";"Quinta";"19:35:00";"DF";40;"1";"BRASILIA";"Outras";"Atropelamento de pessoa";"Com Vítimas Feridas";"Plena noite";"Crescente";"Nublado";"Múltipla";"Reta";"Urbano";2;0;1;0;0;1;1;1
83520429;"01/12/16";"Quinta";"09:30:00";"MG";40;"668";"CARANDAI";"Outras";"Atropelamento de pessoa";"Com Vítimas Fatais";"Pleno dia";"Decrescente";"Nublado";"Simples";"Curva";"Urbano";2;1;0;0;1;0;0;1
83520430;"01/12/16";"Quinta";"18:30:00";"MG";50;"70";"UBERLANDIA";"Ingestão de álcool";"Atropelamento de pessoa";"Com Vítimas Feridas";"Pleno dia";"Crescente";"Ceu Claro";"Múltipla";"Reta";"Urbano";2;0;0;1;1;0;1;1
83520431;"01/12/16";"Quinta";"13:00:00";"RO";319;"58";"PORTO VELHO";"Falta de atenção";"Colisão lateral";"Com Vítimas Feridas";"Pleno dia";"Crescente";"Ceu Claro";"Dupla";"Reta";"Urbano";2;0;1;0;1;0;1;2
83520432;"01/12/16";"Quinta";"16:00:00";"MT";163;"1022";"PEIXOTO DE AZEVEDO";"Não guardar distância de segurança";"Colisão traseira";"Sem Vítimas";"Pleno dia";"Crescente";"Nublado";"Simples";"Reta";"Rural";2;0;0;0;2;0;0;2
83520433;"01/12/16";"Quinta";"18:45:00";"PB";230;"292,8";"SANTA LUZIA";"Ingestão de álcool";"Atropelamento de pessoa";"Com Vítimas Feridas";"Plena noite";"Decrescente";"Ceu Claro";"Simples";"Curva";"Urbano";2;0;2;0;0;0;2;1
83520434;"28/11/16";"Segunda";"22:10:00";"PB";104;"148,7";"QUEIMADAS";"Ingestão de álcool";"Colisão com bicicleta";"Com Vítimas Fatais";"Plena noite";"Decrescente";"Ceu Claro";"Simples";"Reta";"Rural";3;1;0;0;1;1;0;3
83520435;"01/12/16";"Quinta";"17:30:00";"RO";319;"57";"PORTO VELHO";"Ingestão de álcool";"Colisão com objeto fixo";"Com Vítimas Fatais";"Pleno dia";"Decrescente";"Sol";"Simples";"Reta";"Rural";1;1;0;0;0;0;0;1
83520436;"01/12/16";"Quinta";"13:08:00";"RO";364;"715";"PORTO VELHO";"Velocidade incompatível";"Colisão com objeto fixo";"Com Vítimas Feridas";"Pleno dia";"Crescente";"Ceu Claro";"Dupla";"Reta";"Urbano";1;0;0;1;0;0;1;1
83520437;"01/12/16";"Quinta";"16:00:00";"BA";418;"80";"NOVA VICOSA";"Não guardar distância de segurança";"Colisão traseira";"Com Vítimas Feridas";"Pleno dia";"Crescente";"Sol";"Simples";"Reta";"Rural";3;0;0;2;1;0;2;2
83520438;"27/11/16";"Domingo";"11:15:00";"SC";280;"225";"TRES BARRAS";"Falta de atenção";"Colisão Transversal";"Com Vítimas Feridas";"Pleno dia";"Crescente";"Ceu Claro";"Simples";"Reta";"Rural";2;0;0;2;0;0;2;2
83520439;"01/12/16";"Quinta";"16:10:00";"SC";153;"48,5";"VARGEM BONITA";"Defeito mecânico em veículo";"Saída de Pista";"Com Vítimas Feridas";"Pleno dia";"Crescente";"Nublado";"Simples";"Curva";"Rural";1;0;1;0;0;0;1;1
83520440;"01/12/16";"Quinta";"22:00:00";"MG";381;"923";"CAMANDUCAIA";"Outras";"Queda de motocicleta / bicicleta / veículo";"Com Vítimas Feridas";"Plena noite";"Decrescente";"Ceu Claro";"Dupla";"Reta";"Rural";1;0;1;0;0;0;1;1
83520441;"01/12/16";"Quinta";"18:30:00";"MS";267;"303,2";"RIO BRILHANTE";"Defeito mecânico em veículo";"Saída de Pista";"Com Vítimas Feridas";"Pleno dia";"Decrescente";"Ceu Claro";"Simples";"Reta";"Rural";14;0;13;0;1;0;13;1
83520442;"28/11/16";"Segunda";"22:15:00";"DF";20;"11";"BRASILIA";"Outras";"Atropelamento de pessoa";"Com Vítimas Fatais";"Plena noite";"Decrescente";"Vento";"Dupla";"Reta";"Urbano";2;1;0;0;0;1;0;1
83520443;"01/12/16";"Quinta";"18:25:00";"SC";101;"203";"SAO JOSE";"Não guardar distância de segurança";"Colisão traseira";"Sem Vítimas";"Pleno dia";"Decrescente";"Ceu Claro";"Dupla";"Reta";"Urbano";5;0;0;0;5;0;0;5
83520444;"01/12/16";"Quinta";"22:10:00";"ES";101;"268";"SERRA";"Outras";"Tombamento";"Com Vítimas Feridas";"Plena noite";"Crescente";"Ceu Claro";"Dupla";"Reta";"Urbano";1;0;0;1;0;0;1;1
83520445;"01/12/16";"Quinta";"21:20:00";"DF";60;"19";"BRASILIA";"Velocidade incompatível";"Saída de Pista";"Com Vítimas Feridas";"Plena noite";"Decrescente";"Chuva";"Dupla";"Reta";"Rural";1;0;1;0;0;0;1;1
83520446;"01/12/16";"Quinta";"16:00:00";"MG";267;"10,2";"LEOPOLDINA";"Desobediência à sinalização";"Colisão lateral";"Com Vítimas Feridas";"Pleno dia";"Crescente";"Nublado";"Simples";"Reta";"Rural";2;0;2;0;0;0;2;2
83520447;"26/11/16";"Sábado";"11:40:00";"SP";116;"229";"GUARULHOS";"Falta de atenção";"Colisão lateral";"Com Vítimas Feridas";"Pleno dia";"Decrescente";"Sol";"Múltipla";"Reta";"Urbano";2;0;1;0;1;0;1;2
83520448;"01/12/16";"Quinta";"09:20:00";"MG";251;"320";"SALINAS";"Ultrapassagem indevida";"Colisão traseira";"Sem Vítimas";"Pleno dia";"Decrescente";"Nublado";"Simples";"Reta";"Rural";2;0;0;0;1;1;0;2
83520450;"26/11/16";"Sábado";"17:10:00";"GO";50;"107,4";"CRISTALINA";"Velocidade incompatível";"Saída de Pista";"Com Vítimas Feridas";"Pleno dia";"Decrescente";"Chuva";"Dupla";"Reta";"Rural";1;0;1;0;0;0;1;1
83520451;"27/11/16";"Domingo";"04:50:00";"GO";70;"0,8";"AGUAS LINDAS DE GOIAS";"Falta de atenção";"Colisão com objeto fixo";"Com Vítimas Feridas";"Plena noite";"Crescente";"Chuva";"Dupla";"Reta";"Urbano";1;0;0;1;0;0;1;1
83520452;"01/12/16";"Quinta";"22:00:00";"SC";470;"21";"ILHOTA";"Animais na Pista";"Atropelamento de animal";"Sem Vítimas";"Plena noite";"Crescente";"Ceu Claro";"Simples";"Reta";"Urbano";1;0;0;0;1;0;0;1
83520453;"01/12/16";"Quinta";"18:15:00";"GO";60;"73,6";"ABADIANIA";"Velocidade incompatível";"Tombamento";"Sem Vítimas";"Pleno dia";"Crescente";"Ceu Claro";"Dupla";"Curva";"Rural";2;0;0;0;2;0;0;1
83520454;"01/12/16";"Quinta";"06:40:00";"PE";232;"7";"RECIFE";"Não guardar distância de segurança";"Colisão traseira";"Sem Vítimas";"Pleno dia";"Decrescente";"Ceu Claro";"Dupla";"Reta";"Rural";3;0;0;0;3;0;0;3
83520455;"01/12/16";"Quinta";"22:00:00";"PR";376;"149,7";"MANDAGUACU";"Falta de atenção";"Queda de motocicleta / bicicleta / veículo";"Com Vítimas Feridas";"Plena noite";"Decrescente";"Ceu Claro";"Dupla";"Reta";"Rural";1;0;1;0;0;0;1;1
83520456;"01/12/16";"Quinta";"21:20:00";"RJ";40;"51";"PETROPOLIS";"Outras";"Saída de Pista";"Com Vítimas Feridas";"Plena noite";"Crescente";"Chuva";"Dupla";"Reta";"Rural";1;0;1;0;0;0;1;1
83520457;"01/12/16";"Quinta";"21:10:00";"GO";153;"499,6";"GOIANIA";"Falta de atenção";"Colisão lateral";"Sem Vítimas";"Plena noite";"Crescente";"Nublado";"Dupla";"Reta";"Urbano";2;0;0;0;2;0;0;2
83520458;"27/11/16";"Domingo";"07:40:00";"SC";101;"149,7";"ITAPEMA";"Ingestão de álcool";"Colisão com bicicleta";"Com Vítimas Feridas";"Pleno dia";"Crescente";"Ceu Claro";"Simples";"Reta";"Urbano";2;0;1;0;1;0;1;2
83520459;"26/11/16";"Sábado";"07:30:00";"MA";135;"4,8";"SAO LUIS";"Não guardar distância de segurança";"Colisão lateral";"Com Vítimas Feridas";"Pleno dia";"Crescente";"Sol";"Dupla";"Reta";"Urbano";5;0;1;1;3;0;2;5
83520460;"01/12/16";"Quinta";"21:10:00";"PR";376;"634";"SAO JOSE DOS PINHAIS";"Velocidade incompatível";"Colisão traseira";"Com Vítimas Feridas";"Plena noite";"Crescente";"Chuva";"Dupla";"Reta";"Urbano";3;0;1;0;2;0;1;3
83520461;"01/12/16";"Quinta";"15:00:00";"BA";101;"620";"MASCOTE";"Velocidade incompatível";"Saída de Pista";"Com Vítimas Feridas";"Pleno dia";"Crescente";"Nublado";"Simples";"Curva";"Rural";2;0;1;1;0;0;2;1
83520462;"01/12/16";"Quinta";"16:30:00";"CE";116;"531,8";"JATI";"Animais na Pista";"Colisão com objeto fixo";"Com Vítimas Feridas";"Pleno dia";"Decrescente";"Chuva";"Simples";"Reta";"Rural";1;0;1;0;0;0;1;1
83520463;"01/12/16";"Quinta";"20:00:00";"CE";116;"367";"ICO";"Outras";"Saída de Pista";"Com Vítimas Feridas";"Plena noite";"Crescente";"Ceu Claro";"Simples";"Reta";"Rural";1;0;0;1;0;0;1;1
83520464;"01/12/16";"Quinta";"22:00:00";"PI";316;"4,3";"TERESINA";"Outras";"Colisão com objeto fixo";"Com Vítimas Feridas";"Plena noite";"Crescente";"Ceu Claro";"Múltipla";"Reta";"Urbano";1;0;0;1;0;0;1;1
83520465;"01/12/16";"Quinta";"18:25:00";"GO";153;"499,8";"GOIANIA";"Falta de atenção";"Colisão traseira";"Com Vítimas Feridas";"Anoitecer";"Crescente";"Nublado";"Dupla";"Reta";"Urbano";3;0;1;0;2;0;1;3
83520466;"23/11/16";"Quarta";"10:15:00";"SP";381;"75";"MAIRIPORA";"Velocidade incompatível";"Capotamento";"Sem Vítimas";"Pleno dia";"Decrescente";"Chuva";"Dupla";"Curva";"Urbano";1;0;0;0;1;0;0;1
83520467;"27/11/16";"Domingo";"22:05:00";"SC";101;"157";"PORTO BELO";"Outras";"Colisão com objeto fixo";"Com Vítimas Feridas";"Plena noite";"Decrescente";"Ignorada";"Múltipla";"Reta";"Urbano";1;0;0;1;0;0;1;1
83520468;"01/12/16";"Quinta";"09:00:00";"AP";210;"2";"MACAPA";"Desobediência à sinalização";"Tombamento";"Sem Vítimas";"Pleno dia";"Decrescente";"Ceu Claro";"Dupla";"Reta";"Urbano";1;0;0;0;1;0;0;1
83520469;"01/12/16";"Quinta";"20:50:00";"SC";282;"380";"HERVAL DOESTE";"Ultrapassagem indevida";"Colisão frontal";"Com Vítimas Feridas";"Plena noite";"Decrescente";"Ceu Claro";"Simples";"Reta";"Rural";2;0;0;1;1;0;1;2
83520470;"01/12/16";"Quinta";"21:20:00";"SP";116;"352,5";"MIRACATU";"Defeito mecânico em veículo";"Colisão traseira";"Com Vítimas Feridas";"Plena noite";"Crescente";"Nublado";"Simples";"Reta";"Rural";2;0;0;1;1;0;1;2
83520471;"01/12/16";"Quinta";"13:00:00";"AP";210;"1";"MACAPA";"Não guardar distância de segurança";"Colisão traseira";"Com Vítimas Feridas";"Pleno dia";"Decrescente";"Sol";"Dupla";"Curva";"Urbano";2;0;1;0;1;0;1;2
83520472;"28/11/16";"Segunda";"06:55:00";"SP";116;"222";"GUARULHOS";"Outras";"Colisão lateral";"Com Vítimas Feridas";"Amanhecer";"Crescente";"Ceu Claro";"Múltipla";"Reta";"Urbano";2;0;1;0;0;1;1;2
83520474;"01/12/16";"Quinta";"17:30:00";"BA";330;"744,3";"JEQUIE";"Falta de atenção";"Colisão traseira";"Com Vítimas Feridas";"Anoitecer";"Crescente";"Ceu Claro";"Simples";"Curva";"Rural";3;0;0;1;2;0;1;2
83520475;"02/12/16";"Sexta";"00:50:00";"PR";277;"126,1";"BALSA NOVA";"Outras";"Colisão com objeto fixo";"Sem Vítimas";"Plena noite";"Crescente";"Nublado";"Simples";"Curva";"Rural";1;0;0;0;1;0;0;1
83520476;"01/12/16";"Quinta";"09:15:00";"SE";235;"33";"AREIA BRANCA";"Falta de atenção";"Colisão Transversal";"Com Vítimas Feridas";"Pleno dia";"Crescente";"Ceu Claro";"Simples";"Reta";"Urbano";3;0;1;0;2;0;1;2
83520477;"01/12/16";"Quinta";"14:00:00";"PI";343;"334";"TERESINA";"Outras";"Queda de motocicleta / bicicleta / veículo";"Sem Vítimas";"Pleno dia";"Crescente";"Ceu Claro";"Simples";"Reta";"Urbano";2;0;0;0;1;1;0;2
83520478;"01/12/16";"Quinta";"18:00:00";"PR";487;"192";"CAMPO MOURAO";"Ultrapassagem indevida";"Colisão Transversal";"Com Vítimas Feridas";"Pleno dia";"Decrescente";"Ceu Claro";"Simples";"Curva";"Urbano";3;0;2;0;1;0;2;2
83520480;"01/12/16";"Quinta";"21:00:00";"ES";101;"175,3";"ARACRUZ";"Ingestão de álcool";"Queda de motocicleta / bicicleta / veículo";"Com Vítimas Feridas";"Plena noite";"Decrescente";"Ceu Claro";"Simples";"Reta";"Urbano";1;0;1;0;0;0;1;1
83520481;"02/12/16";"Sexta";"02:15:00";"SC";101;"126,2";"ITAJAI";"Outras";"Queda de motocicleta / bicicleta / veículo";"Com Vítimas Feridas";"Plena noite";"Crescente";"Chuva";"Dupla";"Curva";"Rural";1;0;1;0;0;0;1;1
83520482;"07/05/16";"Sábado";"19:00:00";"ES";101;"144";"LINHARES";"Falta de atenção";"Colisão Transversal";"Com Vítimas Feridas";"Plena noite";"Decrescente";"Ceu Claro";"Dupla";"Cruzamento";"Urbano";2;0;0;2;0;0;2;2
83520483;"01/12/16";"Quinta";"18:20:00";"PR";277;"710,6";"SANTA TEREZINHA DE ITAIPU";"Outras";"Saída de Pista";"Sem Vítimas";"Pleno dia";"Decrescente";"Ceu Claro";"Dupla";"Reta";"Urbano";1;0;0;0;1;0;0;1
83520484;"01/11/16";"Terça";"07:50:00";"MG";459;"13,2";"CALDAS";"Velocidade incompatível";"Colisão com objeto fixo";"Sem Vítimas";"Pleno dia";"Crescente";"Nublado";"Simples";"Curva";"Rural";1;0;0;0;1;0;0;1
83520485;"01/12/16";"Quinta";"12:00:00";"PB";230;"26";"JOAO PESSOA";"Defeito na via";"Queda de motocicleta / bicicleta / veículo";"Com Vítimas Feridas";"Pleno dia";"Crescente";"Sol";"Múltipla";"Curva";"Urbano";1;0;1;0;0;0;1;1
83520486;"02/12/16";"Sexta";"02:15:00";"SC";101;"387";"ICARA";"Outras";"Capotamento";"Sem Vítimas";"Plena noite";"Decrescente";"Nublado";"Dupla";"Reta";"Rural";1;0;0;0;1;0;0;1
83520487;"27/11/16";"Domingo";"20:15:00";"PR";376;"352,7";"ORTIGUEIRA";"Falta de atenção";"Atropelamento de pessoa";"Com Vítimas Fatais";"Plena noite";"Decrescente";"Nublado";"Simples";"Reta";"Rural";5;1;0;0;4;0;0;1
83520488;"28/11/16";"Segunda";"19:45:00";"DF";40;"0,1";"BRASILIA";"Outras";"Colisão traseira";"Com Vítimas Feridas";"Plena noite";"Decrescente";"Ceu Claro";"Dupla";"Reta";"Urbano";2;0;1;0;1;0;1;2