"id";"data_inversa";"dia_semana";"horario";"uf";"br";"km";"municipio";"causa_acidente";"tipo_acidente";"classificacao_acidente";"fase_dia";"sentido_via";"condicao_metereologica";"tipo_pista";"tracado_via";"uso_solo";"pessoas";"mortos";"feridos_leves";"feridos_graves";"ilesos";"ignorados";"feridos";"veiculos"
83520714;"03/12/16";"Sábado";"00:30:00";"PR";369;"88,6";"CORNELIO PROCOPIO";"Ingestão de álcool";"Colisão lateral";"Sem Vítimas";"Plena noite";"Crescente";"Nublado";"Dupla";"Curva";"Urbano";2;0;0;0;2;0;0;2
83520715;"02/12/16";"Sexta";"18:45:00";"MT";163;"988";"TERRA NOVA DO NORTE";"Ingestão de álcool";"Saída de Pista";"Sem Vítimas";"Anoitecer";"Crescente";"Chuva";"Simples";"Curva";"Rural";1;0;0;0;1;0;0;1
83520716;"02/12/16";"Sexta";"17:40:00";"GO";60;"2,7";"GOIANIA";"Não guardar distância de segurança";"Colisão traseira";"Com Vítimas Feridas";"Pleno dia";"Decrescente";"Sol";"Dupla";"Cruzamento";"Urbano";2;0;1;0;1;0;1;2
83520717;"02/12/16";"Sexta";"22:23:00";"PR";376;"673";"TIJUCAS DO SUL";"Desobediência à sinalização";"Tombamento";"Com Vítimas Feridas";"Plena noite";"Crescente";"Chuva";"Dupla";"Reta";"Rural";4;0;4;0;0;0;4;1
83520720;"02/12/16";"Sexta";"15:30:00";"PR";476;"126";"CURITIBA";"Falta de atenção";"Queda de motocicleta / bicicleta / veículo";"Com Vítimas Feridas";"Pleno dia";"Decrescente";"Ceu Claro";"Múltipla";"Reta";"Urbano";1;0;1;0;0;0;1;1
83520722;"29/11/16";"Terça";"06:00:00";"BA";116;"571";"BREJOES";"Falta de atenção";"Tombamento";"Com Vítimas Feridas";"Amanhecer";"Decrescente";"Ignorada";"Simples";"Curva";"Rural";1;0;1;0;0;0;1;1
83520723;"02/12/16";"Sexta";"23:25:00";"RS";290;"71";"GRAVATAI";"Velocidade incompatível";"Saída de Pista";"Com Vítimas Fatais";"Plena noite";"Crescente";"Ceu Claro";"Múltipla";"Reta";"Urbano";2;1;1;0;0;0;1;1
83520724;"03/12/16";"Sábado";"02:10:00";"SC";101;"258,2";"PAULO LOPES";"Dormindo";"Saída de Pista";"Com Vítimas Feridas";"Plena noite";"Decrescente";"Ceu Claro";"Dupla";"Reta";"Rural";1;0;1;0;0;0;1;1
83520725;"02/12/16";"Sexta";"23:30:00";"RS";290;"448,8";"SAO GABRIEL";"Dormindo";"Saída de Pista";"Com Vítimas Feridas";"Plena noite";"Crescente";"Nublado";"Simples";"Curva";"Rural";2;0;1;1;0;0;2;1
83520726;"02/12/16";"Sexta";"23:10:00";"RS";287;"248,6";"SANTA MARIA";"Desobediência à sinalização";"Colisão Transversal";"Com Vítimas Feridas";"Plena noite";"Decrescente";"Ceu Claro";"Simples";"Reta";"Urbano";3;0;2;0;1;0;2;2
83520727;"02/12/16";"Sexta";"19:00:00";"BA";116;"441,9";"FEIRA DE SANTANA";"Velocidade incompatível";"Colisão com objeto fixo";"Sem Vítimas";"Plena noite";"Crescente";"Ceu Claro";"Dupla";"Curva";"Rural";1;0;0;0;1;0;0;1
83520728;"03/12/16";"Sábado";"02:50:00";"ES";101;"130,5";"LINHARES";"Animais na Pista";"Tombamento";"Com Vítimas Feridas";"Plena noite";"Decrescente";"Nublado";"Simples";"Reta";"Rural";1;0;1;0;0;0;1;1
83520729;"03/12/16";"Sábado";"02:20:00";"GO";414;"432,5";"ANAPOLIS";"Outras";"Queda de motocicleta / bicicleta / veículo";"Com Vítimas Feridas";"Plena noite";"Decrescente";"Nublado";"Simples";"Reta";"Rural";3;0;1;0;0;2;1;2
83520730;"02/12/16";"Sexta";"21:30:00";"PI";316;"312";"PICOS";"Falta de atenção";"Colisão Transversal";"Com Vítimas Feridas";"Plena noite";"Decrescente";"Ceu Claro";"Simples";"Reta";"Urbano";4;0;1;0;3;0;1;2
83520731;"28/11/16";"Segunda";"14:35:00";"MG";381;"852,3";"POUSO ALEGRE";"Dormindo";"Saída de Pista";"Com Vítimas Feridas";"Pleno dia";"Crescente";"Nublado";"Dupla";"Reta";"Rural";4;0;3;0;1;0;3;1
83520732;"03/12/16";"Sábado";"03:20:00";"MG";381;"839,9";"SAO SEBASTIAO DA BELA VISTA";"Outras";"Colisão traseira";"Sem Vítimas";"Plena noite";"Decrescente";"Ceu Claro";"Dupla";"Reta";"Rural";3;0;0;0;2;1;0;2
83520733;"02/12/16";"Sexta";"21:06:00";"RO";364;"426";"JARU";"Desobediência à sinalização";"Colisão Transversal";"Com Vítimas Feridas";"Plena noite";"Decrescente";"Ceu Claro";"Simples";"Reta";"Urbano";3;0;2;0;1;0;2;2
83520734;"03/12/16";"Sábado";"00:10:00";"ES";262;"3,8";"CARIACICA";"Desobediência à sinalização";"Colisão Transversal";"Com Vítimas Feridas";"Plena noite";"Crescente";"Chuva";"Dupla";"Cruzamento";"Urbano";4;0;2;0;2;0;2;2
83520735;"23/11/16";"Quarta";"20:00:00";"MA";135;"56";"BACABEIRA";"Outras";"Capotamento";"Sem Vítimas";"Plena noite";"Decrescente";"Ceu Claro";"Simples";"Reta";"Rural";1;0;0;0;1;0;0;1
83520736;"03/12/16";"Sábado";"04:00:00";"SC";153;"10";"AGUA DOCE";"Falta de atenção";"Colisão lateral";"Sem Vítimas";"Plena noite";"Decrescente";"Ceu Claro";"Simples";"Curva";"Rural";2;0;0;0;2;0;0;2
83520737;"02/12/16";"Sexta";"21:30:00";"SC";116;"142";"SANTA CECILIA";"Falta de atenção";"Colisão traseira";"Com Vítimas Feridas";"Plena noite";"Crescente";"Ceu Claro";"Simples";"Reta";"Rural";3;0;3;0;0;0;3;2
83520738;"03/12/16";"Sábado";"04:30:00";"SC";470;"78,7";"INDAIAL";"Outras";"Saída de Pista";"Com Vítimas Feridas";"Plena noite";"Crescente";"Nublado";"Simples";"Reta";"Rural";1;0;0;1;0;0;1;1
83520739;"02/12/16";"Sexta";"22:30:00";"MG";153;"148";"CAMPO FLORIDO";"Outras";"Colisão com objeto fixo";"Com Vítimas Feridas";"Plena noite";"Decrescente";"Ceu Claro";"Simples";"Cruzamento";"Rural";1;0;0;1;0;0;1;1
83520740;"03/12/16";"Sábado";"03:10:00";"GO";153;"353,9";"JARAGUA";"Dormindo";"Saída de Pista";"Sem Vítimas";"Plena noite";"Crescente";"Nublado";"Simples";"Curva";"Rural";1;0;0;0;1;0;0;1
83520741;"02/12/16";"Sexta";"19:00:00";"GO";50;"310,8";"CUMARI";"Outras";"Colisão frontal";"Com Vítimas Fatais";"Pleno dia";"Crescente";"Sol";"Simples";"Curva";"Rural";4;2;1;1;0;0;2;2
83520742;"02/12/16";"Sexta";"21:00:00";"PR";116;"117";"CURITIBA";"Ingestão de álcool";"Colisão lateral";"Com Vítimas Feridas";"Plena noite";"Crescente";"Ignorada";"Dupla";"Reta";"Urbano";3;0;1;0;2;0;1;2
83520743;"03/12/16";"Sábado";"06:00:00";"SC";101;"386";"ICARA";"Falta de atenção";"Tombamento";"Sem Vítimas";"Amanhecer";"Decrescente";"Nublado";"Dupla";"Reta";"Rural";1;0;0;0;1;0;0;1
83520744;"03/12/16";"Sábado";"04:20:00";"SC";101;"204,3";"SAO JOSE";"Ingestão de álcool";"Colisão traseira";"Sem Vítimas";"Plena noite";"Decrescente";"Chuva";"Dupla";"Reta";"Urbano";2;0;0;0;2;0;0;2
83520745;"03/12/16";"Sábado";"00:46:00";"PR";369;"143";"LONDRINA";"Ingestão de álcool";"Colisão traseira";"Com Vítimas Feridas";"Plena noite";"Decrescente";"Nublado";"Dupla";"Reta";"Urbano";2;0;1;0;1;0;1;2
83520746;"03/12/16";"Sábado";"02:30:00";"MS";163;"551,5";"BANDEIRANTES";"Ingestão de álcool";"Saída de Pista";"Com Vítimas Feridas";"Plena noite";"Crescente";"Nublado";"Simples";"Reta";"Urbano";1;0;1;0;0;0;1;1
83520747;"02/12/16";"Sexta";"18:20:00";"SC";470;"176";"POUSO REDONDO";"Falta de atenção";"Colisão Transversal";"Com Vítimas Feridas";"Anoitecer";"Decrescente";"Ceu Claro";"Simples";"Cruzamento";"Urbano";3;0;2;0;1;0;2;2
83520748;"03/12/16";"Sábado";"00:05:00";"BA";242;"374";"SEABRA";"Outras";"Tombamento";"Com Vítimas Feridas";"Plena noite";"Crescente";"Ceu Claro";"Simples";"Curva";"Rural";1;0;1;0;0;0;1;1
83520749;"03/12/16";"Sábado";"04:20:00";"RS";468;"59";"CORONEL BICACO";"Velocidade incompatível";"Saída de Pista";"Com Vítimas Feridas";"Plena noite";"Decrescente";"Chuva";"Simples";"Reta";"Rural";2;0;2;0;0;0;2;1
83520750;"03/12/16";"Sábado";"04:52:00";"SC";101;"200,2";"SAO JOSE";"Outras";"Queda de motocicleta / bicicleta / veículo";"Com Vítimas Feridas";"Plena noite";"Decrescente";"Chuva";"Dupla";"Reta";"Urbano";2;0;0;2;0;0;2;1
83520751;"03/12/16";"Sábado";"03:30:00";"RJ";40;"62";"PETROPOLIS";"Outras";"Colisão com objeto fixo";"Ignorado";"Plena noite";"Crescente";"Nublado";"Dupla";"Curva";"Rural";1;0;0;0;0;1;0;1
83520753;"02/12/16";"Sexta";"12:30:00";"ES";259;"57,1";"COLATINA";"Desobediência à sinalização";"Colisão Transversal";"Sem Vítimas";"Pleno dia";"Crescente";"Nublado";"Simples";"Curva";"Urbano";2;0;0;0;2;0;0;2
83520754;"02/12/16";"Sexta";"15:00:00";"MA";222;"547";"BOM JESUS DAS SELVAS";"Velocidade incompatível";"Colisão frontal";"Com Vítimas Fatais";"Pleno dia";"Crescente";"Ceu Claro";"Simples";"Curva";"Urbano";2;1;0;0;1;0;0;2
83520755;"02/12/16";"Sexta";"09:25:00";"PR";116;"11,1";"CAMPINA GRANDE DO SUL";"Falta de atenção";"Saída de Pista";"Sem Vítimas";"Pleno dia";"Crescente";"Nublado";"Dupla";"Curva";"Rural";1;0;0;0;1;0;0;1
83520756;"03/12/16";"Sábado";"03:00:00";"RN";406;"127,9";"TAIPU";"Ingestão de álcool";"Capotamento";"Sem Vítimas";"Plena noite";"Decrescente";"Ceu Claro";"Simples";"Reta";"Rural";1;0;0;0;1;0;0;1
83520757;"02/12/16";"Sexta";"21:10:00";"PR";116;"111";"CURITIBA";"Ingestão de álcool";"Colisão lateral";"Com Vítimas Feridas";"Pleno dia";"Decrescente";"Nublado";"Dupla";"Reta";"Urbano";2;0;1;0;1;0;1;2
83520758;"02/12/16";"Sexta";"19:00:00";"RS";285;"564,9";"SAO LUIZ GONZAGA";"Desobediência à sinalização";"Colisão Transversal";"Com Vítimas Feridas";"Pleno dia";"Decrescente";"Ceu Claro";"Simples";"Cruzamento";"Urbano";4;0;2;0;2;0;2;2
83520759;"03/12/16";"Sábado";"02:00:00";"MG";146;"487,9";"BOTELHOS";"Ingestão de álcool";"Saída de Pista";"Com Vítimas Feridas";"Plena noite";"Decrescente";"Ceu Claro";"Simples";"Reta";"Rural";2;0;2;0;0;0;2;1
83520760;"03/12/16";"Sábado";"03:30:00";"MG";381;"158,5";"GOVERNADOR VALADARES";"Velocidade incompatível";"Queda de motocicleta / bicicleta / veículo";"Com Vítimas Feridas";"Plena noite";"Decrescente";"Nublado";"Simples";"Reta";"Rural";1;0;1;0;0;0;1;1
83520761;"02/12/16";"Sexta";"23:20:00";"MA";10;"212";"RIBAMAR FIQUENE";"Falta de atenção";"Colisão com objeto fixo";"Com Vítimas Fatais";"Plena noite";"Crescente";"Ceu Claro";"Simples";"Reta";"Rural";2;1;0;0;0;1;0;2
83520762;"17/11/16";"Quinta";"12:10:00";"RS";116;"265,1";"CANOAS";"Ingestão de álcool";"Atropelamento de pessoa";"Com Vítimas Feridas";"Pleno dia";"Decrescente";"Nublado";"Dupla";"Reta";"Urbano";3;0;0;1;2;0;1;1
83520764;"01/12/16";"Quinta";"19:25:00";"GO";153;"500,6";"GOIANIA";"Não guardar distância de segurança";"Colisão traseira";"Sem Vítimas";"Anoitecer";"Decrescente";"Ceu Claro";"Dupla";"Curva";"Urbano";5;0;0;0;5;0;0;4
83520765;"30/11/16";"Quarta";"02:00:00";"ES";259;"86,9";"BAIXO GUANDU";"Outras";"Colisão lateral";"Com Vítimas Feridas";"Plena noite";"Decrescente";"Nublado";"Simples";"Reta";"Urbano";3;0;0;2;1;0;2;2
83520766;"02/12/16";"Sexta";"17:40:00";"PR";373;"407,3";"CANDOI";"Outras";"Colisão com objeto fixo";"Com Vítimas Fatais";"Pleno dia";"Crescente";"Ceu Claro";"Simples";"Curva";"Rural";4;1;2;1;0;0;3;1
83520767;"03/12/16";"Sábado";"06:30:00";"RS";287;"334,7";"SAO VICENTE DO SUL";"Ingestão de álcool";"Capotamento";"Com Vítimas Feridas";"Amanhecer";"Decrescente";"Chuva";"Simples";"Curva";"Rural";2;0;2;0;0;0;2;1
83520768;"03/12/16";"Sábado";"06:30:00";"ES";101;"150";"LINHARES";"Ingestão de álcool";"Saída de Pista";"Com Vítimas Feridas";"Amanhecer";"Crescente";"Ceu Claro";"Múltipla";"Reta";"Urbano";2;0;2;0;0;0;2;1
83520769;"03/12/16";"Sábado";"06:30:00";"SP";153;"74,8";"SAO JOSE DO RIO PRETO";"Falta de atenção";"Queda de motocicleta / bicicleta / veículo";"Com Vítimas Feridas";"Amanhecer";"Crescente";"Ceu Claro";"Simples";"Reta";"Rural";1;0;1;0;0;0;1;1
83520770;"02/12/16";"Sexta";"15:30:00";"MG";381;"308,6";"ANTONIO DIAS";"Dormindo";"Saída de Pista";"Sem Vítimas";"Pleno dia";"Decrescente";"Ceu Claro";"Simples";"Curva";"Rural";1;0;0;0;1;0;0;1
83520771;"03/12/16";"Sábado";"07:10:00";"SC";101;"185";"BIGUACU";"Outras";"Capotamento";"Sem Vítimas";"Pleno dia";"Crescente";"Nublado";"Dupla";"Curva";"Urbano";2;0;0;0;2;0;0;1
83520772;"03/12/16";"Sábado";"02:30:00";"GO";364;"211";"JATAI";"Ingestão de álcool";"Colisão frontal";"Com Vítimas Feridas";"Plena noite";"Crescente";"Nublado";"Simples";"Reta";"Urbano";2;0;1;1;0;0;2;2
83520773;"02/12/16";"Sexta";"06:20:00";"PB";101;"31,8";"MAMANGUAPE";"Falta de atenção";"Colisão lateral";"Sem Vítimas";"Pleno dia";"Crescente";"Ceu Claro";"Dupla";"Reta";"Rural";2;0;0;0;2;0;0;2
83520774;"03/12/16";"Sábado";"05:00:00";"PI";222;"13";"SAO JOAO DA FRONTEIRA";"Ingestão de álcool";"Colisão frontal";"Com Vítimas Fatais";"Amanhecer";"Decrescente";"Ceu Claro";"Simples";"Reta";"Rural";2;1;0;0;1;0;0;2
83520775;"02/12/16";"Sexta";"17:30:00";"MG";262;"84,6";"ABRE CAMPO";"Ingestão de álcool";"Colisão Transversal";"Sem Vítimas";"Pleno dia";"Decrescente";"Chuva";"Simples";"Reta";"Rural";2;0;0;0;2;0;0;2
83520776;"03/12/16";"Sábado";"05:50:00";"MT";364;"586";"DIAMANTINO";"Outras";"Colisão traseira";"Com Vítimas Feridas";"Amanhecer";"Crescente";"Ceu Claro";"Dupla";"Reta";"Rural";2;0;1;0;1;0;1;2
83520777;"03/12/16";"Sábado";"07:20:00";"PR";277;"683";"SAO MIGUEL DO IGUACU";"Velocidade incompatível";"Saída de Pista";"Sem Vítimas";"Pleno dia";"Crescente";"Chuva";"Dupla";"Curva";"Rural";1;0;0;0;1;0;0;1
83520778;"30/11/16";"Quarta";"03:20:00";"MG";116;"778,2";"LEOPOLDINA";"Velocidade incompatível";"Tombamento";"Sem Vítimas";"Plena noite";"Decrescente";"Chuva";"Simples";"Curva";"Rural";1;0;0;0;1;0;0;1
83520779;"29/11/16";"Terça";"14:30:00";"MG";40;"731,9";"SANTOS DUMONT";"Velocidade incompatível";"Colisão com objeto fixo";"Sem Vítimas";"Pleno dia";"Decrescente";"Chuva";"Dupla";"Curva";"Urbano";3;0;0;0;3;0;0;1
83520780;"03/12/16";"Sábado";"07:15:00";"GO";452;"21,7";"RIO VERDE";"Outras";"Saída de Pista";"Sem Vítimas";"Pleno dia";"Decrescente";"Ceu Claro";"Simples";"Curva";"Rural";1;0;0;0;1;0;0;1
83520781;"26/09/16";"Segunda";"19:00:00";"PR";476;"124";"CURITIBA";"Outras";"Colisão traseira";"Com Vítimas Feridas";"Anoitecer";"Decrescente";"Nublado";"Dupla";"Reta";"Urbano";3;0;1;0;2;0;1;2
83520782;"28/11/16";"Segunda";"15:00:00";"CE";222;"0";"FORTALEZA";"Outras";"Colisão lateral";"Sem Vítimas";"Plena noite";"Decrescente";"Ceu Claro";"Múltipla";"Reta";"Urbano";2;0;0;0;2;0;0;2
83520783;"03/12/16";"Sábado";"07:20:00";"SC";101;"185";"BIGUACU";"Outras";"Saída de Pista";"Sem Vítimas";"Pleno dia";"Crescente";"Nublado";"Dupla";"Curva";"Urbano";1;0;0;0;1;0;0;1
83520784;"30/11/16";"Quarta";"19:30:00";"MT";364;"297";"JACIARA";"Defeito na via";"Saída de Pista";"Com Vítimas Feridas";"Plena noite";"Decrescente";"Ignorada";"Simples";"Reta";"Rural";2;0;2;0;0;0;2;1
83520786;"25/11/16";"Sexta";"18:10:00";"MG";116;"456";"ENGENHEIRO CALDAS";"Ultrapassagem indevida";"Colisão lateral";"Com Vítimas Feridas";"Anoitecer";"Crescente";"Nublado";"Simples";"Reta";"Urbano";3;0;2;0;1;0;2;2
83520787;"30/11/16";"Quarta";"06:00:00";"MS";158;"54";"PARANAIBA";"Dormindo";"Saída de Pista";"Com Vítimas Feridas";"Amanhecer";"Crescente";"Ceu Claro";"Simples";"Reta";"Rural";2;0;1;1;0;0;2;1
83520788;"29/11/16";"Terça";"18:00:00";"DF";60;"1";"BRASILIA";"Outras";"Colisão lateral";"Com Vítimas Feridas";"Pleno dia";"Crescente";"Ceu Claro";"Dupla";"Reta";"Urbano";2;0;1;0;1;0;1;2
83520789;"03/12/16";"Sábado";"07:20:00";"SC";101;"186";"BIGUACU";"Falta de atenção";"Colisão com objeto fixo";"Sem Vítimas";"Pleno dia";"Crescente";"Nublado";"Dupla";"Curva";"Urbano";1;0;0;0;1;0;0;1
83520790;"29/11/16";"Terça";"13:00:00";"SP";116;"229";"SAO PAULO";"Falta de atenção";"Colisão lateral";"Com Vítimas Feridas";"Pleno dia";"Decrescente";"Nublado";"Múltipla";"Reta";"Urbano";3;0;1;0;2;0;1;3
83520791;"03/12/16";"Sábado";"06:40:00";"PR";376;"618";"SAO JOSE DOS PINHAIS";"Não guardar distância de segurança";"Colisão traseira";"Com Vítimas Feridas";"Amanhecer";"Crescente";"Nublado";"Simples";"Reta";"Rural";2;0;0;1;0;1;1;2
83520792;"01/12/16";"Quinta";"18:00:00";"PA";316;"8";"ANANINDEUA";"Ingestão de álcool";"Colisão com bicicleta";"Com Vítimas Feridas";"Anoitecer";"Crescente";"Ceu Claro";"Dupla";"Reta";"Urbano";3;0;0;1;2;0;1;3
83520794;"03/12/16";"Sábado";"06:00:00";"MS";163;"687,5";"RIO VERDE DE MATO GROSSO";"Dormindo";"Saída de Pista";"Sem Vítimas";"Amanhecer";"Crescente";"Ceu Claro";"Simples";"Reta";"Rural";1;0;0;0;1;0;0;1
83520795;"02/12/16";"Sexta";"20:00:00";"RJ";116;"178";"NOVA IGUACU";"Outras";"Colisão lateral";"Ignorado";"Plena noite";"Crescente";"Ceu Claro";"Dupla";"Reta";"Urbano";2;0;0;0;0;2;0;2
83520796;"29/11/16";"Terça";"12:00:00";"TO";230;"10";"AGUIARNOPOLIS";"Outras";"Saída de Pista";"Com Vítimas Feridas";"Pleno dia";"Decrescente";"Ceu Claro";"Simples";"Reta";"Rural";1;0;1;0;0;0;1;1
83520797;"30/11/16";"Quarta";"20:30:00";"BA";101;"623,7";"MASCOTE";"Outras";"Queda de motocicleta / bicicleta / veículo";"Com Vítimas Feridas";"Plena noite";"Crescente";"Nublado";"Simples";"Reta";"Rural";2;0;1;1;0;0;2;1
83520798;"03/12/16";"Sábado";"07:50:00";"ES";101;"266,6";"SERRA";"Falta de atenção";"Colisão frontal";"Com Vítimas Feridas";"Pleno dia";"Crescente";"Nublado";"Múltipla";"Reta";"Urbano";2;0;0;1;1;0;1;2
83520799;"03/12/16";"Sábado";"09:00:00";"MG";50;"179,2";"UBERABA";"Falta de atenção";"Colisão com objeto fixo";"Sem Vítimas";"Pleno dia";"Decrescente";"Ceu Claro";"Dupla";"Reta";"Urbano";1;0;0;0;1;0;0;1
83520800;"30/11/16";"Quarta";"01:15:00";"ES";101;"406,9";"ITAPEMIRIM";"Velocidade incompatível";"Tombamento";"Com Vítimas Feridas";"Plena noite";"Crescente";"Chuva";"Simples";"Curva";"Rural";1;0;1;0;0;0;1;1
83520801;"03/12/16";"Sábado";"08:30:00";"SC";282;"54,9";"RANCHO QUEIMADO";"Velocidade incompatível";"Saída de Pista";"Com Vítimas Feridas";"Pleno dia";"Decrescente";"Chuva";"Simples";"Curva";"Rural";1;0;1;0;0;0;1;1
83520802;"03/12/16";"Sábado";"10:00:00";"SC";470;"152,8";"RIO DO SUL";"Falta de atenção";"Colisão Transversal";"Com Vítimas Feridas";"Pleno dia";"Decrescente";"Nublado";"Simples";"Reta";"Urbano";2;0;1;0;1;0;1;2
83520803;"03/12/16";"Sábado";"09:00:00";"BA";101;"666,7";"ITAPEBI";"Falta de atenção";"Tombamento";"Sem Vítimas";"Pleno dia";"Decrescente";"Ceu Claro";"Simples";"Curva";"Rural";1;0;0;0;1;0;0;1
83520804;"02/12/16";"Sexta";"19:20:00";"RJ";101;"503,6";"ANGRA DOS REIS";"Falta de atenção";"Colisão Transversal";"Com Vítimas Feridas";"Plena noite";"Decrescente";"Nublado";"Simples";"Reta";"Urbano";6;0;2;4;0;0;6;2
83520805;"01/12/16";"Quinta";"21:15:00";"MA";222;"671";"ACAILANDIA";"Falta de atenção";"Colisão Transversal";"Com Vítimas Feridas";"Plena noite";"Decrescente";"Ceu Claro";"Simples";"Reta";"Urbano";3;0;0;3;0;0;3;2
83520806;"03/12/16";"Sábado";"07:00:00";"MA";10;"250";"IMPERATRIZ";"Falta de atenção";"Colisão traseira";"Com Vítimas Feridas";"Pleno dia";"Crescente";"Nublado";"Simples";"Reta";"Urbano";2;0;0;1;1;0;1;2
83520807;"03/12/16";"Sábado";"07:55:00";"MS";463;"37,4";"PONTA PORA";"Defeito mecânico em veículo";"Tombamento";"Sem Vítimas";"Pleno dia";"Crescente";"Chuva";"Simples";"Reta";"Rural";4;0;0;0;4;0;0;3
83520808;"30/11/16";"Quarta";"00:30:00";"MA";222;"652";"ACAILANDIA";"Falta de atenção";"Tombamento";"Sem Vítimas";"Plena noite";"Crescente";"Ceu Claro";"Simples";"Reta";"Rural";1;0;0;0;1;0;0;1
83520809;"03/12/16";"Sábado";"09:05:00";"SC";470;"38,2";"GASPAR";"Falta de atenção";"Colisão Transversal";"Com Vítimas Feridas";"Pleno dia";"Decrescente";"Nublado";"Simples";"Cruzamento";"Urbano";3;0;0;2;1;0;2;2
83520810;"03/12/16";"Sábado";"10:20:00";"GO";153;"513,5";"APARECIDA DE GOIANIA";"Defeito mecânico em veículo";"Queda de motocicleta / bicicleta / veículo";"Com Vítimas Feridas";"Pleno dia";"Decrescente";"Ceu Claro";"Dupla";"Reta";"Urbano";2;0;2;0;0;0;2;1
83520811;"03/12/16";"Sábado";"08:30:00";"BA";116;"912,4";"ENCRUZILHADA";"Outras";"Colisão lateral";"Sem Vítimas";"Pleno dia";"Crescente";"Nublado";"Simples";"Reta";"Rural";2;0;0;0;2;0;0;2
83520813;"29/11/16";"Terça";"05:30:00";"AL";101;"70";"MESSIAS";"Velocidade incompatível";"Capotamento";"Com Vítimas Feridas";"Pleno dia";"Crescente";"Nublado";"Simples";"Reta";"Rural";6;0;4;1;1;0;5;1
83520814;"03/12/16";"Sábado";"09:20:00";"PR";376;"450,4";"TIBAGI";"Velocidade incompatível";"Capotamento";"Sem Vítimas";"Pleno dia";"Decrescente";"Chuva";"Simples";"Reta";"Rural";1;0;0;0;1;0;0;1
83520815;"09/11/16";"Quarta";"17:50:00";"GO";153;"498,6";"GOIANIA";"Outras";"Colisão lateral";"Sem Vítimas";"Pleno dia";"Crescente";"Sol";"Dupla";"Reta";"Urbano";2;0;0;0;2;0;0;2
83520816;"03/12/16";"Sábado";"10:00:00";"PR";277;"128";"BALSA NOVA";"Velocidade incompatível";"Saída de Pista";"Sem Vítimas";"Pleno dia";"Decrescente";"Chuva";"Dupla";"Curva";"Rural";1;0;0;0;1;0;0;1
83520817;"03/12/16";"Sábado";"05:20:00";"SC";101;"423,6";"ARARANGUA";"Ingestão de álcool";"Colisão traseira";"Sem Vítimas";"Plena noite";"Crescente";"Ceu Claro";"Dupla";"Reta";"Rural";2;0;0;0;2;0;0;2
83520818;"03/12/16";"Sábado";"09:00:00";"SE";101;"167,5";"SANTA LUZIA DO ITANHY";"Outras";"Tombamento";"Sem Vítimas";"Pleno dia";"Decrescente";"Sol";"Simples";"Curva";"Rural";2;0;0;0;1;1;0;2
83520819;"26/11/16";"Sábado";"15:25:00";"ES";101;"294";"CARIACICA";"Outras";"Queda de motocicleta / bicicleta / veículo";"Com Vítimas Feridas";"Pleno dia";"Crescente";"Sol";"Dupla";"Reta";"Urbano";1;0;0;1;0;0;1;1
83520820;"03/12/16";"Sábado";"09:10:00";"PE";232;"24,2";"MORENO";"Outras";"Incêndio";"Sem Vítimas";"Pleno dia";"Crescente";"Sol";"Dupla";"Reta";"Rural";1;0;0;0;1;0;0;1
83520821;"30/11/16";"Quarta";"17:20:00";"MT";163;"533,7";"DIAMANTINO";"Outras";"Colisão frontal";"Com Vítimas Feridas";"Anoitecer";"Decrescente";"Chuva";"Simples";"Curva";"Rural";3;0;2;1;0;0;3;2
83520822;"27/11/16";"Domingo";"12:00:00";"PA";316;"2";"ANANINDEUA";"Ingestão de álcool";"Colisão traseira";"Sem Vítimas";"Pleno dia";"Decrescente";"Sol";"Dupla";"Reta";"Urbano";2;0;0;0;2;0;0;2
83520823;"03/12/16";"Sábado";"09:45:00";"RS";392;"264,9";"CACAPAVA DO SUL";"Outras";"Saída de Pista";"Com Vítimas Feridas";"Pleno dia";"Crescente";"Chuva";"Dupla";"Curva";"Rural";3;0;0;2;1;0;2;1
83520824;"03/12/16";"Sábado";"11:15:00";"PR";376;"173,8";"MARINGA";"Falta de atenção";"Colisão traseira";"Sem Vítimas";"Pleno dia";"Crescente";"Nublado";"Dupla";"Reta";"Urbano";2;0;0;0;2;0;0;2
83520825;"03/12/16";"Sábado";"10:00:00";"BA";116;"579";"NOVA ITARANA";"Outras";"Tombamento";"Sem Vítimas";"Pleno dia";"Crescente";"Nublado";"Simples";"Reta";"Rural";2;0;0;0;2;0;0;1
83520826;"02/12/16";"Sexta";"19:10:00";"RJ";101;"474";"ANGRA DOS REIS";"Falta de atenção";"Colisão traseira";"Com Vítimas Feridas";"Anoitecer";"Crescente";"Nublado";"Simples";"Reta";"Urbano";3;0;2;0;1;0;2;2
83520827;"03/12/16";"Sábado";"11:30:00";"BA";420;"232";"LAJE";"Outras";"Saída de Pista";"Com Vítimas Feridas";"Pleno dia";"Crescente";"Ceu Claro";"Simples";"Curva";"Urbano";1;0;0;1;0;0;1;1
83520828;"03/12/16";"Sábado";"11:00:00";"SC";282;"574,5";"PINHALZINHO";"Falta de atenção";"Colisão Transversal";"Com Vítimas Feridas";"Pleno dia";"Decrescente";"Chuva";"Simples";"Reta";"Rural";3;0;0;2;1;0;2;2
83520829;"03/12/16";"Sábado";"10:00:00";"SC";282;"307";"VARGEM";"Outras";"Saída de Pista";"Sem Vítimas";"Pleno dia";"Crescente";"Chuva";"Simples";"Curva";"Urbano";1;0;0;0;1;0;0;1