"id";"data_inversa";"dia_semana";"horario";"uf";"br";"km";"municipio";"causa_acidente";"tipo_acidente";"classificacao_acidente";"fase_dia";"sentido_via";"condicao_metereologica";"tipo_pista";"tracado_via";"uso_solo";"pessoas";"mortos";"feridos_leves";"feridos_graves";"ilesos";"ignorados";"feridos";"veiculos"
83520830;"01/12/16";"Quinta";"06:30:00";"SP";116;"27,8";"SILVEIRAS";"Defeito mecânico em veículo";"Tombamento";"Sem Vítimas";"Pleno dia";"Decrescente";"Nublado";"Dupla";"Curva";"Rural";1;0;0;0;1;0;0;1
83520831;"03/12/16";"Sábado";"10:40:00";"RJ";116;"223";"PIRAI";"Defeito mecânico em veículo";"Incêndio";"Sem Vítimas";"Pleno dia";"Crescente";"Ceu Claro";"Dupla";"Curva";"Rural";1;0;0;0;1;0;0;1
83520832;"03/12/16";"Sábado";"10:40:00";"MG";381;"492";"BETIM";"Falta de atenção";"Colisão traseira";"Com Vítimas Feridas";"Pleno dia";"Decrescente";"Ceu Claro";"Dupla";"Reta";"Rural";2;0;1;0;1;0;1;2
83520833;"28/11/16";"Segunda";"07:30:00";"SP";116;"273";"ITAPECERICA DA SERRA";"Outras";"Colisão lateral";"Com Vítimas Feridas";"Pleno dia";"Decrescente";"Ceu Claro";"Dupla";"Reta";"Urbano";2;0;1;0;1;0;1;2
83520834;"03/12/16";"Sábado";"11:00:00";"SC";280;"127,7";"RIO NEGRINHO";"Velocidade incompatível";"Colisão traseira";"Sem Vítimas";"Pleno dia";"Decrescente";"Chuva";"Simples";"Reta";"Urbano";3;0;0;0;3;0;0;3
83520835;"02/12/16";"Sexta";"16:00:00";"GO";60;"4,2";"APARECIDA DE GOIANIA";"Falta de atenção";"Colisão traseira";"Sem Vítimas";"Pleno dia";"Crescente";"Nublado";"Dupla";"Reta";"Urbano";2;0;0;0;2;0;0;2
83520836;"02/12/16";"Sexta";"05:40:00";"BA";324;"621";"SALVADOR";"Outras";"Capotamento";"Com Vítimas Feridas";"Pleno dia";"Crescente";"Chuva";"Dupla";"Reta";"Urbano";1;0;1;0;0;0;1;1
83520837;"03/12/16";"Sábado";"08:00:00";"BA";330;"726";"JEQUIE";"Falta de atenção";"Colisão Transversal";"Com Vítimas Feridas";"Pleno dia";"Crescente";"Ceu Claro";"Simples";"Reta";"Urbano";2;0;1;0;1;0;1;2
83520838;"03/12/16";"Sábado";"09:20:00";"RJ";101;"429";"MANGARATIBA";"Falta de atenção";"Saída de Pista";"Com Vítimas Feridas";"Pleno dia";"Decrescente";"Nublado";"Simples";"Curva";"Rural";6;0;4;1;1;0;5;1
83520839;"03/12/16";"Sábado";"10:00:00";"SC";153;"35,2";"PONTE SERRADA";"Falta de atenção";"Capotamento";"Sem Vítimas";"Pleno dia";"Decrescente";"Chuva";"Simples";"Curva";"Rural";1;0;0;0;1;0;0;1
83520840;"03/12/16";"Sábado";"13:00:00";"PR";376;"459,1";"TIBAGI";"Defeito mecânico em veículo";"Saída de Pista";"Com Vítimas Feridas";"Pleno dia";"Crescente";"Chuva";"Dupla";"Curva";"Rural";2;0;1;0;1;0;1;1
83520841;"03/12/16";"Sábado";"12:00:00";"PE";101;"98,9";"CABO DE SANTO AGOSTINHO";"Outras";"Tombamento";"Sem Vítimas";"Pleno dia";"Crescente";"Sol";"Dupla";"Curva";"Rural";1;0;0;0;1;0;0;1
83520842;"03/12/16";"Sábado";"12:40:00";"RJ";101;"485";"ANGRA DOS REIS";"Outras";"Atropelamento de pessoa";"Com Vítimas Feridas";"Pleno dia";"Decrescente";"Ceu Claro";"Simples";"Reta";"Urbano";2;0;2;0;0;0;2;1
83520843;"03/12/16";"Sábado";"13:00:00";"RS";470;"228,1";"GARIBALDI";"Outras";"Saída de Pista";"Com Vítimas Feridas";"Pleno dia";"Decrescente";"Chuva";"Dupla";"Reta";"Rural";1;0;1;0;0;0;1;1
83520844;"03/12/16";"Sábado";"11:30:00";"PB";230;"407,6";"POMBAL";"Outras";"Queda de motocicleta / bicicleta / veículo";"Com Vítimas Feridas";"Pleno dia";"Crescente";"Sol";"Simples";"Reta";"Urbano";2;0;2;0;0;0;2;1
83520845;"03/12/16";"Sábado";"12:30:00";"RS";285;"405,5";"PANAMBI";"Velocidade incompatível";"Saída de Pista";"Com Vítimas Feridas";"Pleno dia";"Decrescente";"Chuva";"Simples";"Curva";"Rural";1;0;1;0;0;0;1;1
83520846;"03/12/16";"Sábado";"10:40:00";"RS";290;"449,8";"SAO GABRIEL";"Velocidade incompatível";"Saída de Pista";"Sem Vítimas";"Plena noite";"Decrescente";"Chuva";"Simples";"Curva";"Rural";2;0;0;0;2;0;0;1
83520847;"03/12/16";"Sábado";"11:15:00";"PR";153;"394";"MALLET";"Outras";"Saída de Pista";"Sem Vítimas";"Pleno dia";"Crescente";"Chuva";"Simples";"Curva";"Rural";1;0;0;0;1;0;0;1
83520848;"03/12/16";"Sábado";"11:30:00";"RJ";116;"104";"GUAPIMIRIM";"Outras";"Colisão Transversal";"Com Vítimas Feridas";"Pleno dia";"Decrescente";"Ceu Claro";"Simples";"Reta";"Urbano";4;0;3;0;1;0;3;2
83520849;"01/12/16";"Quinta";"05:30:00";"SP";116;"228";"SAO PAULO";"Velocidade incompatível";"Colisão lateral";"Com Vítimas Feridas";"Amanhecer";"Crescente";"Ceu Claro";"Múltipla";"Reta";"Urbano";2;0;1;0;1;0;1;2
83520850;"03/11/16";"Quinta";"12:00:00";"TO";153;"500";"PARAISO DO TOCANTINS";"Defeito mecânico em veículo";"Queda de motocicleta / bicicleta / veículo";"Com Vítimas Feridas";"Pleno dia";"Decrescente";"Ceu Claro";"Simples";"Reta";"Rural";1;0;0;1;0;0;1;1
83520851;"03/12/16";"Sábado";"13:40:00";"PR";376;"185,5";"SARANDI";"Falta de atenção";"Colisão traseira";"Com Vítimas Feridas";"Pleno dia";"Decrescente";"Nublado";"Dupla";"Reta";"Urbano";2;0;1;0;1;0;1;2
83520852;"01/12/16";"Quinta";"03:30:00";"PB";230;"162,1";"CAMPINA GRANDE";"Falta de atenção";"Colisão lateral";"Com Vítimas Feridas";"Plena noite";"Decrescente";"Ceu Claro";"Simples";"Curva";"Rural";2;0;1;0;1;0;1;2
83520853;"03/12/16";"Sábado";"11:02:00";"SP";459;"20";"PIQUETE";"Ultrapassagem indevida";"Colisão lateral";"Com Vítimas Feridas";"Pleno dia";"Decrescente";"Ceu Claro";"Simples";"Curva";"Rural";3;0;2;0;0;1;2;2
83520854;"03/12/16";"Sábado";"11:20:00";"MG";381;"705";"LAVRAS";"Velocidade incompatível";"Saída de Pista";"Com Vítimas Feridas";"Pleno dia";"Crescente";"Ceu Claro";"Dupla";"Curva";"Rural";1;0;1;0;0;0;1;1
83520855;"03/12/16";"Sábado";"11:00:00";"MG";381;"444,5";"SABARA";"Outras";"Colisão Transversal";"Com Vítimas Feridas";"Pleno dia";"Decrescente";"Nublado";"Simples";"Cruzamento";"Rural";3;0;1;0;2;0;1;2
83520857;"30/11/16";"Quarta";"00:10:00";"RO";364;"342,9";"JI-PARANA";"Ingestão de álcool";"Atropelamento de pessoa";"Sem Vítimas";"Plena noite";"Crescente";"Ceu Claro";"Dupla";"Reta";"Urbano";2;0;0;0;2;0;0;1
83520858;"03/12/16";"Sábado";"13:20:00";"SP";116;"33,6";"CACHOEIRA PAULISTA";"Outras";"Capotamento";"Sem Vítimas";"Pleno dia";"Crescente";"Ceu Claro";"Dupla";"Curva";"Rural";1;0;0;0;1;0;0;1
83520859;"03/12/16";"Sábado";"13:50:00";"PR";469;"17";"FOZ DO IGUACU";"Falta de atenção";"Colisão Transversal";"Com Vítimas Feridas";"Pleno dia";"Crescente";"Nublado";"Simples";"Reta";"Urbano";2;0;1;0;1;0;1;2
83520860;"30/11/16";"Quarta";"11:24:00";"GO";153;"508";"APARECIDA DE GOIANIA";"Velocidade incompatível";"Colisão traseira";"Sem Vítimas";"Pleno dia";"Decrescente";"Ceu Claro";"Dupla";"Reta";"Urbano";2;0;0;0;2;0;0;2
83520861;"03/12/16";"Sábado";"11:30:00";"PR";369;"165";"CAMBE";"Velocidade incompatível";"Colisão traseira";"Com Vítimas Feridas";"Pleno dia";"Decrescente";"Chuva";"Dupla";"Reta";"Rural";4;0;1;0;3;0;1;2
83520862;"03/12/16";"Sábado";"12:30:00";"GO";60;"166";"GOIANIA";"Animais na Pista";"Colisão com objeto fixo";"Sem Vítimas";"Pleno dia";"Decrescente";"Chuva";"Dupla";"Reta";"Urbano";1;0;0;0;1;0;0;1
83520863;"30/11/16";"Quarta";"12:40:00";"AL";104;"84";"RIO LARGO";"Falta de atenção";"Colisão traseira";"Sem Vítimas";"Pleno dia";"Crescente";"Ceu Claro";"Dupla";"Reta";"Urbano";2;0;0;0;2;0;0;2
83520864;"03/12/16";"Sábado";"11:40:00";"PA";155;"327";"MARABA";"Defeito mecânico em veículo";"Queda de motocicleta / bicicleta / veículo";"Com Vítimas Feridas";"Pleno dia";"Crescente";"Sol";"Simples";"Reta";"Rural";1;0;1;0;0;0;1;1
83520865;"03/12/16";"Sábado";"12:30:00";"MG";153;"227,7";"FRONTEIRA";"Falta de atenção";"Capotamento";"Sem Vítimas";"Pleno dia";"Crescente";"Ceu Claro";"Simples";"Reta";"Rural";1;0;0;0;1;0;0;1
83520866;"28/11/16";"Segunda";"15:53:00";"SP";459;"26";"LORENA";"Outras";"Colisão com bicicleta";"Com Vítimas Fatais";"Pleno dia";"Decrescente";"Ceu Claro";"Dupla";"Reta";"Rural";2;1;0;0;1;0;0;2
83520867;"03/12/16";"Sábado";"13:20:00";"RS";386;"401,2";"TRIUNFO";"Outras";"Colisão com objeto fixo";"Sem Vítimas";"Pleno dia";"Decrescente";"Chuva";"Dupla";"Curva";"Rural";2;0;0;0;2;0;0;2
83520868;"03/12/16";"Sábado";"11:30:00";"BA";324;"547";"AMELIA RODRIGUES";"Outras";"Queda de motocicleta / bicicleta / veículo";"Com Vítimas Feridas";"Pleno dia";"Crescente";"Ceu Claro";"Dupla";"Reta";"Rural";2;0;2;0;0;0;2;1
83520869;"03/12/16";"Sábado";"11:40:00";"PR";376;"617";"SAO JOSE DOS PINHAIS";"Dormindo";"Colisão lateral";"Com Vítimas Feridas";"Pleno dia";"Decrescente";"Chuva";"Dupla";"Curva";"Urbano";3;0;1;0;2;0;1;3
83520870;"03/12/16";"Sábado";"15:00:00";"RJ";101;"322";"NITEROI";"Outras";"Colisão lateral";"Com Vítimas Feridas";"Pleno dia";"Decrescente";"Ceu Claro";"Dupla";"Reta";"Urbano";3;0;2;0;1;0;2;2
83520871;"29/11/16";"Terça";"07:30:00";"SP";116;"226,6";"GUARULHOS";"Falta de atenção";"Colisão lateral";"Com Vítimas Feridas";"Pleno dia";"Crescente";"Ceu Claro";"Múltipla";"Reta";"Urbano";3;0;2;0;1;0;2;2
83520872;"28/09/16";"Quarta";"15:00:00";"RS";290;"51,4";"GLORINHA";"Defeito mecânico em veículo";"Atropelamento de pessoa";"Com Vítimas Feridas";"Pleno dia";"Crescente";"Sol";"Dupla";"Reta";"Urbano";2;0;1;0;1;0;1;1
83520873;"03/12/16";"Sábado";"15:02:00";"AL";316;"153";"PALMEIRA DOS INDIOS";"Falta de atenção";"Colisão com bicicleta";"Com Vítimas Feridas";"Pleno dia";"Crescente";"Sol";"Simples";"Reta";"Urbano";2;0;1;0;1;0;1;2
83520874;"03/12/16";"Sábado";"13:15:00";"PI";316;"4,7";"TERESINA";"Falta de atenção";"Colisão traseira";"Com Vítimas Feridas";"Pleno dia";"Decrescente";"Ceu Claro";"Múltipla";"Reta";"Urbano";4;0;1;0;1;2;1;3
83520875;"03/12/16";"Sábado";"14:40:00";"RS";290;"93";"PORTO ALEGRE";"Outras";"Colisão com objeto fixo";"Com Vítimas Feridas";"Pleno dia";"Crescente";"Chuva";"Dupla";"Curva";"Urbano";1;0;1;0;0;0;1;1
83520876;"03/12/16";"Sábado";"09:25:00";"BA";101;"162";"CONCEICAO DO JACUIPE";"Outras";"Colisão Transversal";"Com Vítimas Feridas";"Pleno dia";"Crescente";"Sol";"Simples";"Reta";"Rural";2;0;1;0;1;0;1;2
83520877;"03/12/16";"Sábado";"10:00:00";"MT";163;"574";"NOVA MUTUM";"Ultrapassagem indevida";"Colisão frontal";"Com Vítimas Feridas";"Pleno dia";"Crescente";"Sol";"Simples";"Reta";"Rural";3;0;1;0;2;0;1;2
83520878;"03/12/16";"Sábado";"09:15:00";"SC";282;"53,7";"RANCHO QUEIMADO";"Velocidade incompatível";"Capotamento";"Sem Vítimas";"Pleno dia";"Crescente";"Chuva";"Dupla";"Curva";"Rural";1;0;0;0;1;0;0;1
83520879;"03/12/16";"Sábado";"05:45:00";"BA";324;"552";"AMELIA RODRIGUES";"Defeito mecânico em veículo";"Colisão traseira";"Com Vítimas Fatais";"Pleno dia";"Crescente";"Sol";"Dupla";"Reta";"Rural";3;1;0;0;2;0;0;3
83520880;"03/12/16";"Sábado";"12:20:00";"PR";277;"381";"CANDOI";"Defeito mecânico em veículo";"Saída de Pista";"Sem Vítimas";"Pleno dia";"Crescente";"Chuva";"Simples";"Reta";"Rural";1;0;0;0;1;0;0;1
83520881;"03/12/16";"Sábado";"12:20:00";"ES";101;"188";"ARACRUZ";"Defeito mecânico em veículo";"Capotamento";"Sem Vítimas";"Pleno dia";"Crescente";"Nublado";"Simples";"Curva";"Rural";3;0;0;0;3;0;0;1
83520882;"03/12/16";"Sábado";"09:20:00";"MG";365;"423,9";"PATOS DE MINAS";"Defeito mecânico em veículo";"Tombamento";"Com Vítimas Feridas";"Pleno dia";"Crescente";"Sol";"Simples";"Reta";"Rural";2;0;1;1;0;0;2;1
83520883;"03/12/16";"Sábado";"10:30:00";"RS";158;"265";"JULIO DE CASTILHOS";"Outras";"Colisão frontal";"Com Vítimas Feridas";"Pleno dia";"Crescente";"Chuva";"Simples";"Reta";"Urbano";3;0;0;3;0;0;3;2
83520884;"03/12/16";"Sábado";"12:40:00";"PR";277;"216,3";"TEIXEIRA SOARES";"Outras";"Saída de Pista";"Sem Vítimas";"Pleno dia";"Decrescente";"Chuva";"Simples";"Curva";"Rural";3;0;0;0;3;0;0;1
83520885;"03/12/16";"Sábado";"13:30:00";"PE";232;"66";"GRAVATA";"Outras";"Colisão traseira";"Com Vítimas Feridas";"Pleno dia";"Crescente";"Ceu Claro";"Simples";"Reta";"Rural";2;0;0;1;1;0;1;2
83520886;"03/12/16";"Sábado";"13:45:00";"RS";392;"220,6";"CACAPAVA DO SUL";"Outras";"Saída de Pista";"Com Vítimas Feridas";"Pleno dia";"Decrescente";"Chuva";"Dupla";"Curva";"Rural";1;0;0;1;0;0;1;1
83520887;"03/12/16";"Sábado";"16:00:00";"PR";277;"587,5";"CASCAVEL";"Animais na Pista";"Colisão traseira";"Com Vítimas Feridas";"Pleno dia";"Decrescente";"Nublado";"Simples";"Reta";"Urbano";2;0;1;0;1;0;1;2
83520888;"03/12/16";"Sábado";"15:35:00";"SC";101;"177";"BIGUACU";"Outras";"Capotamento";"Sem Vítimas";"Pleno dia";"Decrescente";"Chuva";"Dupla";"Reta";"Rural";1;0;0;0;1;0;0;1
83520889;"03/12/16";"Sábado";"16:10:00";"SC";101;"175";"BIGUACU";"Outras";"Saída de Pista";"Com Vítimas Feridas";"Pleno dia";"Decrescente";"Chuva";"Dupla";"Curva";"Rural";1;0;1;0;0;0;1;1
83520890;"03/12/16";"Sábado";"10:00:00";"BA";101;"900";"CARAVELAS";"Não guardar distância de segurança";"Colisão traseira";"Sem Vítimas";"Pleno dia";"Crescente";"Nublado";"Simples";"Reta";"Urbano";2;0;0;0;2;0;0;2
83520891;"03/12/16";"Sábado";"13:30:00";"MG";40;"296";"TRES MARIAS";"Defeito mecânico em veículo";"Saída de Pista";"Sem Vítimas";"Pleno dia";"Crescente";"Ceu Claro";"Simples";"Reta";"Rural";1;0;0;0;1;0;0;1
83520893;"03/01/16";"Domingo";"13:00:00";"PR";376;"425,1";"TIBAGI";"Velocidade incompatível";"Colisão traseira";"Sem Vítimas";"Pleno dia";"Decrescente";"Chuva";"Simples";"Curva";"Rural";2;0;0;0;2;0;0;2
83520894;"03/12/16";"Sábado";"14:12:00";"MG";381;"515,4";"IGARAPE";"Velocidade incompatível";"Saída de Pista";"Sem Vítimas";"Pleno dia";"Crescente";"Sol";"Dupla";"Reta";"Rural";1;0;0;0;1;0;0;1
83520895;"03/12/16";"Sábado";"11:30:00";"RS";392;"680,7";"SAO PEDRO DO BUTIA";"Falta de atenção";"Colisão Transversal";"Com Vítimas Feridas";"Pleno dia";"Crescente";"Nublado";"Simples";"Reta";"Rural";2;0;0;1;1;0;1;2
83520896;"03/12/16";"Sábado";"14:40:00";"MG";381;"565,4";"ITAGUARA";"Dormindo";"Saída de Pista";"Sem Vítimas";"Pleno dia";"Crescente";"Ceu Claro";"Dupla";"Curva";"Rural";1;0;0;0;1;0;0;1
83520897;"03/12/16";"Sábado";"13:40:00";"MS";163;"8,6";"MUNDO NOVO";"Falta de atenção";"Colisão traseira";"Com Vítimas Feridas";"Plena noite";"Crescente";"Ceu Claro";"Simples";"Curva";"Rural";2;0;1;0;1;0;1;2
83520898;"03/12/16";"Sábado";"14:00:00";"MG";40;"747";"SANTOS DUMONT";"Velocidade incompatível";"Colisão Transversal";"Sem Vítimas";"Pleno dia";"Crescente";"Sol";"Simples";"Reta";"Urbano";2;0;0;0;1;1;0;2
83520899;"12/10/16";"Quarta";"14:50:00";"RJ";116;"168";"SAO JOAO DE MERITI";"Falta de atenção";"Colisão traseira";"Sem Vítimas";"Pleno dia";"Decrescente";"Ceu Claro";"Simples";"Reta";"Urbano";6;0;0;0;5;1;0;6
83520900;"03/12/16";"Sábado";"15:45:00";"RS";290;"575";"ALEGRETE";"Falta de atenção";"Colisão traseira";"Sem Vítimas";"Pleno dia";"Crescente";"Nublado";"Simples";"Reta";"Urbano";4;0;0;0;4;0;0;2
83520901;"03/12/16";"Sábado";"14:00:00";"ES";101;"189";"ARACRUZ";"Outras";"Queda de motocicleta / bicicleta / veículo";"Com Vítimas Feridas";"Pleno dia";"Crescente";"Ceu Claro";"Dupla";"Reta";"Urbano";1;0;0;1;0;0;1;1
83520902;"29/11/16";"Terça";"12:30:00";"MA";316;"565";"CAXIAS";"Outras";"Colisão traseira";"Sem Vítimas";"Pleno dia";"Decrescente";"Ceu Claro";"Simples";"Reta";"Rural";3;0;0;0;3;0;0;3
83520903;"03/12/16";"Sábado";"16:55:00";"PR";376;"665";"GUARATUBA";"Velocidade incompatível";"Capotamento";"Com Vítimas Feridas";"Pleno dia";"Crescente";"Chuva";"Simples";"Curva";"Rural";4;0;2;0;2;0;2;1
83520904;"03/12/16";"Sábado";"14:00:00";"PR";116;"9";"COLOMBO";"Velocidade incompatível";"Capotamento";"Com Vítimas Feridas";"Pleno dia";"Crescente";"Chuva";"Dupla";"Reta";"Urbano";3;0;3;0;0;0;3;1
83520905;"03/12/16";"Sábado";"11:50:00";"MT";70;"519,2";"VARZEA GRANDE";"Ingestão de álcool";"Saída de Pista";"Sem Vítimas";"Pleno dia";"Decrescente";"Ceu Claro";"Simples";"Reta";"Urbano";1;0;0;0;1;0;0;1
83520906;"03/12/16";"Sábado";"13:05:00";"RS";392;"264,9";"CACAPAVA DO SUL";"Velocidade incompatível";"Saída de Pista";"Sem Vítimas";"Pleno dia";"Crescente";"Chuva";"Múltipla";"Curva";"Rural";1;0;0;0;1;0;0;1
83520907;"03/12/16";"Sábado";"14:20:00";"MS";163;"508,6";"JARAGUARI";"Falta de atenção";"Colisão traseira";"Sem Vítimas";"Pleno dia";"Crescente";"Sol";"Simples";"Reta";"Rural";2;0;0;0;2;0;0;2
83520908;"03/12/16";"Sábado";"15:00:00";"PR";277;"105";"CAMPO LARGO";"Outras";"Saída de Pista";"Sem Vítimas";"Pleno dia";"Decrescente";"Chuva";"Dupla";"Curva";"Rural";1;0;0;0;1;0;0;1
83520909;"03/12/16";"Sábado";"14:00:00";"ES";101;"11";"PEDRO CANARIO";"Falta de atenção";"Colisão traseira";"Com Vítimas Feridas";"Pleno dia";"Crescente";"Ceu Claro";"Simples";"Reta";"Rural";2;0;1;0;1;0;1;2
83520910;"03/12/16";"Sábado";"13:40:00";"GO";153;"580,5";"PROFESSOR JAMIL";"Defeito mecânico em veículo";"Tombamento";"Sem Vítimas";"Pleno dia";"Crescente";"Nublado";"Dupla";"Curva";"Rural";1;0;0;0;1;0;0;1
83520911;"02/12/16";"Sexta";"13:30:00";"PR";277;"403,4";"CANDOI";"Defeito mecânico em veículo";"Colisão com objeto móvel";"Sem Vítimas";"Pleno dia";"Crescente";"Chuva";"Simples";"Reta";"Rural";3;0;0;0;3;0;0;2
83520912;"03/12/16";"Sábado";"16:30:00";"MG";116;"243";"TEOFILO OTONI";"Falta de atenção";"Colisão traseira";"Com Vítimas Feridas";"Pleno dia";"Decrescente";"Sol";"Simples";"Reta";"Rural";2;0;1;0;1;0;1;2
83520913;"26/11/16";"Sábado";"05:40:00";"PE";428;"190";"PETROLINA";"Outras";"Colisão Transversal";"Com Vítimas Feridas";"Amanhecer";"Decrescente";"Ceu Claro";"Simples";"Cruzamento";"Urbano";2;0;0;1;1;0;1;2
83520914;"03/12/16";"Sábado";"10:00:00";"PR";277;"107";"CAMPO LARGO";"Outras";"Saída de Pista";"Com Vítimas Feridas";"Pleno dia";"Decrescente";"Chuva";"Dupla";"Reta";"Rural";6;0;1;0;5;0;1;2
83520915;"03/12/16";"Sábado";"14:15:00";"SC";101;"329,7";"CAPIVARI DE BAIXO";"Velocidade incompatível";"Colisão com objeto fixo";"Sem Vítimas";"Pleno dia";"Decrescente";"Chuva";"Dupla";"Reta";"Urbano";1;0;0;0;1;0;0;1
83520916;"03/12/16";"Sábado";"16:40:00";"SC";101;"195";"BIGUACU";"Falta de atenção";"Capotamento";"Com Vítimas Feridas";"Pleno dia";"Crescente";"Chuva";"Múltipla";"Reta";"Urbano";4;0;1;0;3;0;1;2
83520917;"03/12/16";"Sábado";"15:20:00";"SC";101;"435,6";"SOMBRIO";"Desobediência à sinalização";"Colisão Transversal";"Sem Vítimas";"Pleno dia";"Decrescente";"Chuva";"Dupla";"Cruzamento";"Urbano";2;0;0;0;2;0;0;2
83520918;"03/12/16";"Sábado";"13:30:00";"PR";277;"111";"CAMPO LARGO";"Velocidade incompatível";"Saída de Pista";"Sem Vítimas";"Pleno dia";"Crescente";"Chuva";"Dupla";"Curva";"Urbano";1;0;0;0;1;0;0;1
83520919;"03/12/16";"Sábado";"14:00:00";"PR";369;"16";"CAMBARA";"Velocidade incompatível";"Capotamento";"Sem Vítimas";"Pleno dia";"Decrescente";"Chuva";"Simples";"Curva";"Rural";2;0;0;0;2;0;0;1
83520920;"03/12/16";"Sábado";"16:00:00";"PR";277;"101,5";"CURITIBA";"Velocidade incompatível";"Saída de Pista";"Sem Vítimas";"Pleno dia";"Decrescente";"Chuva";"Dupla";"Curva";"Urbano";1;0;0;0;1;0;0;1
83520921;"03/12/16";"Sábado";"14:00:00";"PI";316;"257,1";"IPIRANGA DO PIAUI";"Outras";"Capotamento";"Com Vítimas Feridas";"Pleno dia";"Crescente";"Ceu Claro";"Simples";"Reta";"Rural";1;0;1;0;0;0;1;1
83520922;"03/12/16";"Sábado";"16:10:00";"SC";280;"196,1";"MAFRA";"Velocidade incompatível";"Saída de Pista";"Sem Vítimas";"Pleno dia";"Decrescente";"Chuva";"Simples";"Curva";"Rural";1;0;0;0;1;0;0;1
83520923;"03/12/16";"Sábado";"16:30:00";"SC";101;"75";"ARAQUARI";"Ingestão de álcool";"Colisão lateral";"Sem Vítimas";"Pleno dia";"Crescente";"Chuva";"Múltipla";"Curva";"Rural";2;0;0;0;1;1;0;2
83520924;"03/12/16";"Sábado";"16:30:00";"SC";101;"435,5";"SOMBRIO";"Falta de atenção";"Colisão Transversal";"Sem Vítimas";"Pleno dia";"Crescente";"Chuva";"Dupla";"Reta";"Urbano";2;0;0;0;1;1;0;2
83520925;"03/12/16";"Sábado";"07:00:00";"DF";60;"6";"BRASILIA";"Dormindo";"Saída de Pista";"Com Vítimas Feridas";"Amanhecer";"Decrescente";"Nublado";"Dupla";"Reta";"Urbano";1;0;0;1;0;0;1;1
83520926;"03/12/16";"Sábado";"13:00:00";"RJ";116;"3161,3";"BARRA MANSA";"Outras";"Derramamento de Carga";"Sem Vítimas";"Pleno dia";"Decrescente";"Sol";"Simples";"Curva";"Urbano";1;0;0;0;1;0;0;1
83520927;"03/12/16";"Sábado";"17:30:00";"SC";116;"205,4";"PONTE ALTA";"Velocidade incompatível";"Capotamento";"Com Vítimas Feridas";"Pleno dia";"Decrescente";"Chuva";"Simples";"Curva";"Urbano";1;0;1;0;0;0;1;1
83520928;"03/12/16";"Sábado";"15:45:00";"RS";290;"215";"PANTANO GRANDE";"Desobediência à sinalização";"Colisão Transversal";"Sem Vítimas";"Pleno dia";"Crescente";"Chuva";"Simples";"Reta";"Urbano";2;0;0;0;2;0;0;2
83520929;"03/12/16";"Sábado";"08:30:00";"PB";101;"23,4";"MAMANGUAPE";"Dormindo";"Saída de Pista";"Sem Vítimas";"Pleno dia";"Crescente";"Sol";"Dupla";"Reta";"Rural";1;0;0;0;1;0;0;1
83520930;"03/12/16";"Sábado";"16:55:00";"PR";376;"523,9";"PONTA GROSSA";"Ultrapassagem indevida";"Colisão traseira";"Com Vítimas Feridas";"Pleno dia";"Crescente";"Chuva";"Dupla";"Reta";"Rural";3;0;1;0;2;0;1;2
83520931;"03/12/16";"Sábado";"17:15:00";"PE";232;"77,7";"GRAVATA";"Defeito mecânico em veículo";"Saída de Pista";"Sem Vítimas";"Pleno dia";"Crescente";"Ceu Claro";"Dupla";"Reta";"Urbano";1;0;0;0;1;0;0;1
83520932;"03/12/16";"Sábado";"15:10:00";"BA";116;"841,9";"VITORIA DA CONQUISTA";"Outras";"Saída de Pista";"Sem Vítimas";"Pleno dia";"Crescente";"Sol";"Simples";"Reta";"Rural";1;0;0;0;1;0;0;1
83520933;"03/12/16";"Sábado";"14:00:00";"BA";101;"444";"UBAITABA";"Falta de atenção";"Colisão Transversal";"Sem Vítimas";"Pleno dia";"Crescente";"Sol";"Simples";"Reta";"Urbano";2;0;0;0;2;0;0;2
83520934;"03/12/16";"Sábado";"11:30:00";"BA";330;"769,2";"IPIAU";"Outras";"Capotamento";"Sem Vítimas";"Pleno dia";"Crescente";"Chuva";"Simples";"Curva";"Rural";1;0;0;0;1;0;0;1
83520935;"03/12/16";"Sábado";"16:00:00";"PR";153;"28,3";"JACAREZINHO";"Velocidade incompatível";"Saída de Pista";"Com Vítimas Feridas";"Pleno dia";"Decrescente";"Chuva";"Simples";"Reta";"Rural";1;0;1;0;0;0;1;1
83520936;"03/12/16";"Sábado";"13:30:00";"RJ";101;"90,6";"CAMPOS DOS GOYTACAZES";"Não guardar distância de segurança";"Colisão traseira";"Com Vítimas Feridas";"Pleno dia";"Crescente";"Ceu Claro";"Simples";"Reta";"Rural";3;0;2;0;0;1;2;2
83520937;"03/12/16";"Sábado";"17:50:00";"SC";101;"213,8";"PALHOCA";"Outras";"Saída de Pista";"Ignorado";"Pleno dia";"Decrescente";"Chuva";"Simples";"Reta";"Urbano";1;0;0;0;0;1;0;1
83520938;"28/11/16";"Segunda";"02:00:00";"PA";316;"1";"ANANINDEUA";"Falta de atenção";"Atropelamento de pessoa";"Com Vítimas Fatais";"Plena noite";"Decrescente";"Ceu Claro";"Dupla";"Reta";"Urbano";2;1;1;0;0;0;1;1
83520939;"03/12/16";"Sábado";"10:20:00";"SC";282;"527,6";"XAXIM";"Velocidade incompatível";"Colisão lateral";"Com Vítimas Feridas";"Pleno dia";"Crescente";"Chuva";"Simples";"Curva";"Rural";5;0;1;0;4;0;1;4
83520940;"03/12/16";"Sábado";"17:15:00";"MG";116;"800,7";"ALEM PARAIBA";"Dormindo";"Colisão lateral";"Com Vítimas Feridas";"Pleno dia";"Decrescente";"Ceu Claro";"Simples";"Reta";"Rural";2;0;1;0;1;0;1;2