"id";"data_inversa";"dia_semana";"horario";"uf";"br";"km";"municipio";"causa_acidente";"tipo_acidente";"classificacao_acidente";"fase_dia";"sentido_via";"condicao_metereologica";"tipo_pista";"tracado_via";"uso_solo";"pessoas";"mortos";"feridos_leves";"feridos_graves";"ilesos";"ignorados";"feridos";"veiculos"
83521056;"30/11/16";"Quarta";"18:15:00";"MG";50;"0,3";"ARAGUARI";"Velocidade incompatível";"Capotamento";"Com Vítimas Feridas";"Anoitecer";"Decrescente";"Chuva";"Dupla";"Curva";"Rural";1;0;1;0;0;0;1;1
83521057;"03/12/16";"Sábado";"23:00:00";"SP";101;"11,6";"UBATUBA";"Ingestão de álcool";"Queda de motocicleta / bicicleta / veículo";"Com Vítimas Feridas";"Plena noite";"Decrescente";"Chuva";"Simples";"Curva";"Rural";2;0;1;1;0;0;2;1
83521058;"03/12/16";"Sábado";"13:30:00";"BA";116;"458";"SANTO ESTEVAO";"Outras";"Incêndio";"Sem Vítimas";"Pleno dia";"Crescente";"Sol";"Dupla";"Reta";"Rural";1;0;0;0;1;0;0;1
83521059;"04/12/16";"Domingo";"05:00:00";"MG";381;"635";"SANTO ANTONIO DO AMPARO";"Dormindo";"Saída de Pista";"Sem Vítimas";"Amanhecer";"Decrescente";"Nublado";"Dupla";"Curva";"Rural";1;0;0;0;1;0;0;1
83521060;"23/11/16";"Quarta";"06:00:00";"ES";101;"240,5";"SERRA";"Outras";"Saída de Pista";"Com Vítimas Feridas";"Pleno dia";"Decrescente";"Ceu Claro";"Dupla";"Reta";"Rural";3;0;1;1;1;0;2;1
83521061;"03/12/16";"Sábado";"20:50:00";"BA";116;"426";"FEIRA DE SANTANA";"Outras";"Atropelamento de animal";"Com Vítimas Feridas";"Plena noite";"Decrescente";"Ceu Claro";"Simples";"Reta";"Urbano";1;0;1;0;0;0;1;1
83521062;"03/12/16";"Sábado";"17:35:00";"PE";232;"102";"BEZERROS";"Defeito mecânico em veículo";"Tombamento";"Com Vítimas Feridas";"Plena noite";"Decrescente";"Ceu Claro";"Dupla";"Reta";"Urbano";2;0;1;1;0;0;2;1
83521063;"04/12/16";"Domingo";"03:40:00";"MG";50;"22";"ARAGUARI";"Falta de atenção";"Queda de motocicleta / bicicleta / veículo";"Com Vítimas Feridas";"Plena noite";"Crescente";"Nublado";"Dupla";"Cruzamento";"Rural";2;0;1;0;0;1;1;1
83521064;"04/12/16";"Domingo";"06:20:00";"SC";470;"158,8";"TROMBUDO CENTRAL";"Ingestão de álcool";"Colisão lateral";"Sem Vítimas";"Amanhecer";"Crescente";"Ceu Claro";"Simples";"Curva";"Urbano";2;0;0;0;2;0;0;2
83521067;"03/12/16";"Sábado";"22:00:00";"MS";163;"257";"DOURADOS";"Outras";"Capotamento";"Sem Vítimas";"Plena noite";"Decrescente";"Ceu Claro";"Dupla";"Reta";"Urbano";1;0;0;0;1;0;0;1
83521068;"30/11/16";"Quarta";"07:10:00";"RJ";116;"290";"BARRA MANSA";"Outras";"Capotamento";"Com Vítimas Feridas";"Pleno dia";"Crescente";"Chuva";"Dupla";"Curva";"Urbano";2;0;0;1;1;0;1;2
83521069;"26/11/16";"Sábado";"15:45:00";"SP";381;"19";"BRAGANCA PAULISTA";"Falta de atenção";"Colisão com objeto fixo";"Sem Vítimas";"Pleno dia";"Decrescente";"Ceu Claro";"Dupla";"Reta";"Rural";1;0;0;0;1;0;0;1
83521070;"29/11/16";"Terça";"17:00:00";"RJ";116;"88";"TERESOPOLIS";"Outras";"Colisão com objeto fixo";"Sem Vítimas";"Pleno dia";"Decrescente";"Chuva";"Simples";"Curva";"Rural";1;0;0;0;1;0;0;1
83521071;"03/12/16";"Sábado";"02:40:00";"GO";20;"7";"FORMOSA";"Outras";"Colisão frontal";"Sem Vítimas";"Plena noite";"Crescente";"Ceu Claro";"Simples";"Reta";"Rural";4;0;0;0;4;0;0;2
83521072;"02/12/16";"Sexta";"05:20:00";"RS";116;"249";"SAO LEOPOLDO";"Ingestão de álcool";"Colisão traseira";"Com Vítimas Feridas";"Plena noite";"Decrescente";"Ceu Claro";"Dupla";"Reta";"Urbano";2;0;1;0;1;0;1;2
83521073;"04/12/16";"Domingo";"05:20:00";"PE";428;"189,5";"PETROLINA";"Ingestão de álcool";"Colisão Transversal";"Com Vítimas Feridas";"Amanhecer";"Crescente";"Ceu Claro";"Simples";"Reta";"Urbano";3;0;1;0;2;0;1;2
83521074;"03/12/16";"Sábado";"04:10:00";"RS";290;"683";"URUGUAIANA";"Defeito na via";"Saída de Pista";"Com Vítimas Feridas";"Plena noite";"Decrescente";"Chuva";"Simples";"Reta";"Rural";2;0;2;0;0;0;2;1
83521075;"04/12/16";"Domingo";"06:30:00";"RS";158;"534";"SANTANA DO LIVRAMENTO";"Outras";"Colisão com objeto fixo";"Com Vítimas Feridas";"Amanhecer";"Decrescente";"Ceu Claro";"Simples";"Reta";"Rural";2;0;1;0;0;1;1;1
83521076;"04/12/16";"Domingo";"05:00:00";"PE";101;"49";"ABREU E LIMA";"Outras";"Colisão traseira";"Com Vítimas Feridas";"Amanhecer";"Crescente";"Ceu Claro";"Múltipla";"Reta";"Urbano";6;0;1;3;0;2;4;2
83521077;"30/11/16";"Quarta";"23:41:00";"PR";277;"652";"MATELANDIA";"Falta de atenção";"Colisão Transversal";"Com Vítimas Feridas";"Plena noite";"Decrescente";"Ceu Claro";"Simples";"Reta";"Rural";3;0;3;0;0;0;3;2
83521078;"04/12/16";"Domingo";"00:05:00";"RJ";40;"123";"RIO DE JANEIRO";"Ingestão de álcool";"Atropelamento de pessoa";"Com Vítimas Feridas";"Plena noite";"Crescente";"Chuva";"Múltipla";"Reta";"Urbano";2;0;1;0;1;0;1;1
83521079;"28/11/16";"Segunda";"06:55:00";"SC";101;"12,8";"JOINVILLE";"Falta de atenção";"Capotamento";"Sem Vítimas";"Pleno dia";"Crescente";"Chuva";"Dupla";"Reta";"Urbano";1;0;0;0;1;0;0;1
83521080;"03/12/16";"Sábado";"22:30:00";"RJ";356;"65,9";"ITAPERUNA";"Falta de atenção";"Colisão Transversal";"Com Vítimas Feridas";"Plena noite";"Decrescente";"Ceu Claro";"Simples";"Reta";"Rural";4;0;3;0;1;0;3;2
83521081;"26/11/16";"Sábado";"19:25:00";"PR";467;"112";"CASCAVEL";"Velocidade incompatível";"Saída de Pista";"Com Vítimas Feridas";"Pleno dia";"Crescente";"Nublado";"Dupla";"Reta";"Rural";1;0;0;1;0;0;1;1
83521082;"04/12/16";"Domingo";"07:09:00";"BA";407;"125";"SENHOR DO BONFIM";"Defeito mecânico em veículo";"Colisão frontal";"Sem Vítimas";"Pleno dia";"Decrescente";"Sol";"Simples";"Reta";"Rural";2;0;0;0;2;0;0;2
83521083;"26/11/16";"Sábado";"00:20:00";"PR";277;"83";"CURITIBA";"Velocidade incompatível";"Queda de motocicleta / bicicleta / veículo";"Com Vítimas Feridas";"Plena noite";"Crescente";"Ceu Claro";"Dupla";"Reta";"Urbano";1;0;1;0;0;0;1;1
83521084;"30/11/16";"Quarta";"21:30:00";"SP";116;"140";"SAO JOSE DOS CAMPOS";"Falta de atenção";"Atropelamento de pessoa";"Com Vítimas Feridas";"Plena noite";"Crescente";"Nublado";"Dupla";"Reta";"Urbano";2;0;2;0;0;0;2;1
83521086;"29/11/16";"Terça";"20:50:00";"MG";262;"401";"PARA DE MINAS";"Outras";"Saída de Pista";"Com Vítimas Feridas";"Plena noite";"Decrescente";"Chuva";"Dupla";"Reta";"Rural";2;0;2;0;0;0;2;1
83521087;"30/11/16";"Quarta";"07:00:00";"RN";101;"82,7";"SAO GONCALO DO AMARANTE";"Falta de atenção";"Atropelamento de pessoa";"Com Vítimas Feridas";"Pleno dia";"Crescente";"Ceu Claro";"Dupla";"Reta";"Urbano";2;0;1;0;1;0;1;1
83521088;"30/11/16";"Quarta";"10:15:00";"BA";116;"810";"VITORIA DA CONQUISTA";"Falta de atenção";"Tombamento";"Sem Vítimas";"Pleno dia";"Crescente";"Ceu Claro";"Simples";"Reta";"Rural";1;0;0;0;1;0;0;1
83521089;"03/12/16";"Sábado";"23:15:00";"ES";101;"100,3";"JAGUARE";"Falta de atenção";"Colisão traseira";"Com Vítimas Fatais";"Plena noite";"Crescente";"Nublado";"Simples";"Reta";"Rural";2;1;0;0;1;0;0;2
83521090;"29/11/16";"Terça";"17:50:00";"RN";101;"125,8";"SAO JOSE DE MIPIBU";"Outras";"Colisão traseira";"Com Vítimas Feridas";"Anoitecer";"Crescente";"Ceu Claro";"Dupla";"Reta";"Urbano";2;0;1;0;0;1;1;2
83521091;"28/11/16";"Segunda";"18:40:00";"SP";116;"227";"GUARULHOS";"Outras";"Atropelamento de pessoa";"Com Vítimas Feridas";"Pleno dia";"Crescente";"Nublado";"Simples";"Reta";"Urbano";2;0;0;1;1;0;1;1
83521092;"30/11/16";"Quarta";"17:30:00";"TO";153;"452,6";"BARROLANDIA";"Ultrapassagem indevida";"Saída de Pista";"Com Vítimas Fatais";"Pleno dia";"Crescente";"Ceu Claro";"Simples";"Reta";"Urbano";4;1;0;0;3;0;0;2
83521093;"29/11/16";"Terça";"21:20:00";"MG";135;"369";"MONTES CLAROS";"Ingestão de álcool";"Colisão com bicicleta";"Com Vítimas Feridas";"Plena noite";"Crescente";"Nublado";"Simples";"Cruzamento";"Urbano";2;0;1;0;1;0;1;2
83521094;"02/12/16";"Sexta";"22:00:00";"SP";116;"543";"BARRA DO TURVO";"Falta de atenção";"Tombamento";"Sem Vítimas";"Plena noite";"Crescente";"Ceu Claro";"Dupla";"Reta";"Rural";1;0;0;0;1;0;0;1
83521095;"30/11/16";"Quarta";"23:00:00";"GO";50;"111,2";"CRISTALINA";"Falta de atenção";"Saída de Pista";"Com Vítimas Fatais";"Plena noite";"Crescente";"Chuva";"Simples";"Reta";"Rural";1;1;0;0;0;0;0;1
83521096;"23/11/16";"Quarta";"09:50:00";"MG";50;"198";"DELTA";"Velocidade incompatível";"Colisão com objeto fixo";"Com Vítimas Feridas";"Pleno dia";"Crescente";"Chuva";"Dupla";"Reta";"Rural";2;0;0;2;0;0;2;1
83521097;"04/12/16";"Domingo";"08:20:00";"RJ";40;"17";"TRES RIOS";"Falta de atenção";"Colisão com objeto fixo";"Com Vítimas Feridas";"Pleno dia";"Decrescente";"Chuva";"Simples";"Curva";"Rural";2;0;2;0;0;0;2;1
83521098;"30/11/16";"Quarta";"05:17:00";"ES";101;"420,1";"ATILIO VIVACQUA";"Dormindo";"Colisão traseira";"Com Vítimas Feridas";"Amanhecer";"Decrescente";"Chuva";"Simples";"Reta";"Rural";2;0;0;1;1;0;1;2
83521099;"30/11/16";"Quarta";"22:10:00";"SP";116;"230";"SAO PAULO";"Outras";"Atropelamento de pessoa";"Com Vítimas Fatais";"Plena noite";"Crescente";"Ceu Claro";"Múltipla";"Curva";"Urbano";2;1;0;0;1;0;0;1
83521100;"04/12/16";"Domingo";"08:00:00";"RJ";40;"53";"PETROPOLIS";"Outras";"Colisão com objeto fixo";"Sem Vítimas";"Pleno dia";"Crescente";"Chuva";"Dupla";"Curva";"Rural";1;0;0;0;1;0;0;1
83521101;"04/12/16";"Domingo";"08:40:00";"MG";262;"132";"RIO CASCA";"Velocidade incompatível";"Saída de Pista";"Com Vítimas Feridas";"Pleno dia";"Crescente";"Chuva";"Simples";"Curva";"Rural";1;0;0;1;0;0;1;1
83521102;"04/12/16";"Domingo";"06:00:00";"PE";232;"455,8";"SAO JOSE DO BELMONTE";"Outras";"Saída de Pista";"Com Vítimas Fatais";"Pleno dia";"Crescente";"Ceu Claro";"Simples";"Reta";"Rural";2;1;1;0;0;0;1;1
83521103;"01/12/16";"Quinta";"06:00:00";"CE";116;"481,9";"MILAGRES";"Desobediência à sinalização";"Colisão Transversal";"Com Vítimas Fatais";"Pleno dia";"Crescente";"Ceu Claro";"Simples";"Reta";"Urbano";3;1;0;0;0;2;0;2
83521104;"03/12/16";"Sábado";"21:00:00";"RR";432;"117";"CANTA";"Ultrapassagem indevida";"Colisão lateral";"Com Vítimas Fatais";"Plena noite";"Crescente";"Ceu Claro";"Simples";"Reta";"Rural";2;1;0;0;1;0;0;2
83521105;"10/11/16";"Quinta";"15:20:00";"RJ";101;"407";"ITAGUAI";"Outras";"Capotamento";"Com Vítimas Feridas";"Pleno dia";"Crescente";"Ceu Claro";"Dupla";"Reta";"Urbano";1;0;1;0;0;0;1;1
83521106;"21/11/16";"Segunda";"16:40:00";"PA";316;"8";"ANANINDEUA";"Falta de atenção";"Colisão lateral";"Com Vítimas Feridas";"Pleno dia";"Crescente";"Sol";"Dupla";"Reta";"Urbano";3;0;1;0;2;0;1;3
83521107;"30/11/16";"Quarta";"17:10:00";"MG";381;"566";"ITAGUARA";"Falta de atenção";"Tombamento";"Sem Vítimas";"Pleno dia";"Decrescente";"Nublado";"Dupla";"Reta";"Rural";1;0;0;0;1;0;0;1
83521108;"01/12/16";"Quinta";"15:00:00";"MG";262;"395";"PARA DE MINAS";"Velocidade incompatível";"Saída de Pista";"Sem Vítimas";"Pleno dia";"Crescente";"Chuva";"Dupla";"Reta";"Rural";1;0;0;0;1;0;0;1
83521109;"04/12/16";"Domingo";"10:00:00";"MG";381;"493";"BETIM";"Falta de atenção";"Queda de motocicleta / bicicleta / veículo";"Com Vítimas Feridas";"Pleno dia";"Crescente";"Nublado";"Múltipla";"Reta";"Urbano";1;0;1;0;0;0;1;1
83521110;"01/12/16";"Quinta";"01:45:00";"SE";101;"87,9";"NOSSA SENHORA DO SOCORRO";"Outras";"Colisão com objeto fixo";"Ignorado";"Plena noite";"Crescente";"Ceu Claro";"Dupla";"Reta";"Rural";1;0;0;0;0;1;0;1
83521111;"30/11/16";"Quarta";"23:00:00";"MG";381;"702,6";"LAVRAS";"Animais na Pista";"Colisão com objeto móvel";"Sem Vítimas";"Plena noite";"Decrescente";"Chuva";"Dupla";"Reta";"Rural";1;0;0;0;1;0;0;1
83521112;"04/12/16";"Domingo";"09:00:00";"RN";101;"96";"NATAL";"Defeito mecânico em veículo";"Tombamento";"Com Vítimas Feridas";"Pleno dia";"Decrescente";"Ceu Claro";"Dupla";"Reta";"Urbano";2;0;2;0;0;0;2;1
83521113;"01/12/16";"Quinta";"20:20:00";"PI";316;"6";"TERESINA";"Falta de atenção";"Colisão Transversal";"Com Vítimas Feridas";"Plena noite";"Crescente";"Ceu Claro";"Simples";"Reta";"Urbano";2;0;1;0;1;0;1;2
83521114;"04/12/16";"Domingo";"08:00:00";"CE";116;"347,9";"JAGUARIBE";"Dormindo";"Saída de Pista";"Sem Vítimas";"Pleno dia";"Crescente";"Sol";"Simples";"Reta";"Rural";1;0;0;0;1;0;0;1
83521115;"01/12/16";"Quinta";"16:05:00";"CE";304;"47,6";"ARACATI";"Falta de atenção";"Colisão com bicicleta";"Com Vítimas Feridas";"Pleno dia";"Crescente";"Ceu Claro";"Dupla";"Reta";"Urbano";2;0;1;0;1;0;1;2
83521116;"04/12/16";"Domingo";"10:30:00";"RJ";101;"297";"ITABORAI";"Falta de atenção";"Colisão traseira";"Ignorado";"Pleno dia";"Crescente";"Chuva";"Dupla";"Reta";"Urbano";2;0;0;0;0;2;0;2
83521117;"01/12/16";"Quinta";"03:30:00";"PE";101;"83";"JABOATAO DOS GUARARAPES";"Dormindo";"Saída de Pista";"Sem Vítimas";"Plena noite";"Decrescente";"Ceu Claro";"Dupla";"Curva";"Urbano";2;0;0;0;2;0;0;2
83521118;"04/12/16";"Domingo";"11:25:00";"SC";116;"202,4";"PONTE ALTA";"Velocidade incompatível";"Tombamento";"Com Vítimas Feridas";"Pleno dia";"Crescente";"Nublado";"Simples";"Curva";"Rural";2;0;2;0;0;0;2;1
83521119;"04/12/16";"Domingo";"10:00:00";"CE";116;"371,6";"ICO";"Defeito mecânico em veículo";"Colisão lateral";"Com Vítimas Feridas";"Pleno dia";"Decrescente";"Ceu Claro";"Simples";"Reta";"Rural";4;0;1;0;3;0;1;2
83521120;"04/12/16";"Domingo";"10:30:00";"PR";369;"148";"LONDRINA";"Desobediência à sinalização";"Colisão Transversal";"Com Vítimas Feridas";"Pleno dia";"Crescente";"Ceu Claro";"Dupla";"Reta";"Urbano";2;0;0;1;1;0;1;2
83521121;"04/12/16";"Domingo";"07:40:00";"MG";267;"9,2";"LEOPOLDINA";"Defeito mecânico em veículo";"Queda de motocicleta / bicicleta / veículo";"Com Vítimas Feridas";"Pleno dia";"Crescente";"Nublado";"Simples";"Reta";"Rural";2;0;1;0;1;0;1;1
83521122;"30/11/16";"Quarta";"22:30:00";"CE";222;"4,8";"CAUCAIA";"Outras";"Colisão Transversal";"Com Vítimas Feridas";"Plena noite";"Crescente";"Ceu Claro";"Múltipla";"Reta";"Urbano";3;0;1;1;1;0;2;2
83521123;"04/12/16";"Domingo";"10:50:00";"PR";277;"130,9";"BALSA NOVA";"Velocidade incompatível";"Tombamento";"Sem Vítimas";"Pleno dia";"Decrescente";"Nublado";"Dupla";"Curva";"Rural";1;0;0;0;1;0;0;1
83521124;"04/12/16";"Domingo";"09:00:00";"GO";251;"26,7";"CRISTALINA";"Outras";"Colisão frontal";"Com Vítimas Feridas";"Pleno dia";"Crescente";"Sol";"Simples";"Reta";"Urbano";2;0;1;0;1;0;1;2
83521125;"04/12/16";"Domingo";"09:30:00";"MG";381;"312";"ANTONIO DIAS";"Velocidade incompatível";"Capotamento";"Com Vítimas Feridas";"Pleno dia";"Crescente";"Chuva";"Simples";"Curva";"Rural";1;0;1;0;0;0;1;1
83521126;"04/12/16";"Domingo";"08:20:00";"AL";101;"136";"SAO MIGUEL DOS CAMPOS";"Desobediência à sinalização";"Colisão Transversal";"Sem Vítimas";"Pleno dia";"Crescente";"Ceu Claro";"Simples";"Reta";"Rural";5;0;0;0;4;1;0;2
83521127;"04/12/16";"Domingo";"10:00:00";"MG";381;"299";"ANTONIO DIAS";"Velocidade incompatível";"Saída de Pista";"Com Vítimas Feridas";"Pleno dia";"Crescente";"Chuva";"Simples";"Curva";"Rural";2;0;2;0;0;0;2;1
83521128;"04/12/16";"Domingo";"09:20:00";"MG";153;"150,1";"CAMPO FLORIDO";"Velocidade incompatível";"Tombamento";"Sem Vítimas";"Pleno dia";"Decrescente";"Nublado";"Simples";"Curva";"Rural";1;0;0;0;1;0;0;1
83521129;"04/12/16";"Domingo";"06:15:00";"RO";364;"139,5";"PIMENTA BUENO";"Outras";"Queda de motocicleta / bicicleta / veículo";"Com Vítimas Feridas";"Amanhecer";"Decrescente";"Nublado";"Simples";"Reta";"Rural";1;0;1;0;0;0;1;1
83521130;"04/12/16";"Domingo";"13:10:00";"SC";101;"40,8";"JOINVILLE";"Falta de atenção";"Capotamento";"Com Vítimas Feridas";"Pleno dia";"Decrescente";"Chuva";"Dupla";"Curva";"Urbano";1;0;1;0;0;0;1;1
83521131;"01/12/16";"Quinta";"05:00:00";"SP";116;"282";"EMBU";"Falta de atenção";"Colisão lateral";"Sem Vítimas";"Plena noite";"Decrescente";"Nublado";"Dupla";"Reta";"Urbano";2;0;0;0;2;0;0;2
83521134;"04/12/16";"Domingo";"09:30:00";"MT";364;"404,5";"CUIABA";"Ingestão de álcool";"Saída de Pista";"Sem Vítimas";"Pleno dia";"Crescente";"Ceu Claro";"Dupla";"Reta";"Urbano";2;0;0;0;2;0;0;1
83521135;"04/12/16";"Domingo";"07:50:00";"MG";262;"413";"IGARATINGA";"Dormindo";"Colisão lateral";"Com Vítimas Feridas";"Pleno dia";"Decrescente";"Nublado";"Dupla";"Reta";"Rural";5;0;3;1;1;0;4;2
83521136;"02/12/16";"Sexta";"13:00:00";"BA";324;"574";"SAO SEBASTIAO DO PASSE";"Velocidade incompatível";"Saída de Pista";"Sem Vítimas";"Pleno dia";"Decrescente";"Chuva";"Dupla";"Reta";"Rural";1;0;0;0;1;0;0;1
83521137;"04/12/16";"Domingo";"04:10:00";"SP";116;"282,3";"EMBU";"Velocidade incompatível";"Atropelamento de pessoa";"Com Vítimas Fatais";"Plena noite";"Crescente";"Chuva";"Dupla";"Reta";"Urbano";2;1;0;0;0;1;0;1
83521138;"04/12/16";"Domingo";"13:40:00";"ES";262;"27,8";"VIANA";"Velocidade incompatível";"Capotamento";"Sem Vítimas";"Pleno dia";"Crescente";"Chuva";"Simples";"Curva";"Rural";1;0;0;0;1;0;0;1
83521139;"04/12/16";"Domingo";"12:10:00";"RJ";393;"286";"VOLTA REDONDA";"Desobediência à sinalização";"Colisão Transversal";"Com Vítimas Feridas";"Pleno dia";"Crescente";"Nublado";"Simples";"Cruzamento";"Urbano";3;0;1;0;2;0;1;2
83521140;"01/12/16";"Quinta";"07:43:00";"MG";381;"482,3";"BETIM";"Outras";"Colisão com objeto móvel";"Com Vítimas Feridas";"Amanhecer";"Decrescente";"Chuva";"Múltipla";"Reta";"Urbano";5;0;1;0;4;0;1;2
83521141;"04/12/16";"Domingo";"13:30:00";"RJ";116;"181,6";"NOVA IGUACU";"Falta de atenção";"Atropelamento de pessoa";"Com Vítimas Feridas";"Pleno dia";"Decrescente";"Nublado";"Dupla";"Reta";"Urbano";2;0;1;0;0;1;1;1
83521142;"03/12/16";"Sábado";"04:10:00";"RN";304;"46";"MOSSORO";"Falta de atenção";"Colisão Transversal";"Com Vítimas Feridas";"Amanhecer";"Crescente";"Ceu Claro";"Dupla";"Reta";"Rural";3;0;1;0;1;1;1;2
83521143;"22/11/16";"Terça";"09:30:00";"PA";316;"12";"MARITUBA";"Desobediência à sinalização";"Colisão lateral";"Sem Vítimas";"Pleno dia";"Crescente";"Sol";"Dupla";"Reta";"Urbano";2;0;0;0;2;0;0;2
83521144;"04/12/16";"Domingo";"11:45:00";"BA";135;"170";"BARREIRAS";"Falta de atenção";"Saída de Pista";"Ignorado";"Pleno dia";"Decrescente";"Sol";"Dupla";"Curva";"Rural";1;0;0;0;0;1;0;1
83521145;"04/12/16";"Domingo";"11:00:00";"BA";135;"168";"BARREIRAS";"Falta de atenção";"Saída de Pista";"Ignorado";"Pleno dia";"Crescente";"Nublado";"Simples";"Curva";"Rural";1;0;0;0;0;1;0;1
83521146;"04/12/16";"Domingo";"12:20:00";"MG";365;"436";"PATOS DE MINAS";"Dormindo";"Saída de Pista";"Com Vítimas Feridas";"Pleno dia";"Decrescente";"Nublado";"Simples";"Curva";"Rural";3;0;2;1;0;0;3;1
83521147;"02/12/16";"Sexta";"23:55:00";"SP";116;"528";"BARRA DO TURVO";"Falta de atenção";"Colisão traseira";"Com Vítimas Fatais";"Plena noite";"Decrescente";"Nublado";"Dupla";"Reta";"Urbano";48;1;12;2;33;0;14;2
83521148;"01/12/16";"Quinta";"22:00:00";"GO";40;"7,2";"LUZIANIA";"Falta de atenção";"Atropelamento de pessoa";"Com Vítimas Feridas";"Plena noite";"Crescente";"Nublado";"Dupla";"Reta";"Urbano";4;0;1;1;2;0;2;1
83521149;"04/12/16";"Domingo";"13:28:00";"PR";116;"146";"MANDIRITUBA";"Falta de atenção";"Colisão Transversal";"Com Vítimas Feridas";"Pleno dia";"Crescente";"Nublado";"Simples";"Reta";"Rural";3;0;0;2;1;0;2;2
83521150;"04/12/16";"Domingo";"10:00:00";"MG";116;"516,3";"UBAPORANGA";"Velocidade incompatível";"Saída de Pista";"Com Vítimas Feridas";"Pleno dia";"Crescente";"Chuva";"Simples";"Reta";"Rural";1;0;1;0;0;0;1;1
83521151;"04/12/16";"Domingo";"11:30:00";"MG";40;"824,9";"SIMAO PEREIRA";"Velocidade incompatível";"Colisão com objeto fixo";"Com Vítimas Feridas";"Pleno dia";"Crescente";"Nublado";"Dupla";"Curva";"Rural";2;0;2;0;0;0;2;1
83521152;"04/12/16";"Domingo";"10:30:00";"PR";277;"660";"MEDIANEIRA";"Velocidade incompatível";"Queda de motocicleta / bicicleta / veículo";"Com Vítimas Feridas";"Pleno dia";"Decrescente";"Nublado";"Dupla";"Curva";"Rural";1;0;0;1;0;0;1;1
83521153;"22/11/16";"Terça";"19:20:00";"PA";316;"1";"BELEM";"Outras";"Colisão com bicicleta";"Com Vítimas Feridas";"Plena noite";"Crescente";"Ignorada";"Dupla";"Reta";"Urbano";2;0;1;0;0;1;1;2
83521154;"04/12/16";"Domingo";"13:00:00";"ES";101;"377,5";"ICONHA";"Não guardar distância de segurança";"Colisão com objeto fixo";"Sem Vítimas";"Pleno dia";"Decrescente";"Chuva";"Dupla";"Reta";"Urbano";2;0;0;0;2;0;0;2
83521155;"04/12/16";"Domingo";"07:00:00";"PB";230;"12,8";"CABEDELO";"Velocidade incompatível";"Colisão lateral";"Com Vítimas Feridas";"Pleno dia";"Crescente";"Nublado";"Dupla";"Reta";"Urbano";2;0;0;1;1;0;1;2
83521156;"01/12/16";"Quinta";"11:15:00";"RN";110;"47";"MOSSORO";"Outras";"Queda de motocicleta / bicicleta / veículo";"Com Vítimas Feridas";"Pleno dia";"Crescente";"Sol";"Simples";"Cruzamento";"Urbano";2;0;1;0;1;0;1;2
83521157;"04/12/16";"Domingo";"11:40:00";"SC";101;"123";"ITAJAI";"Falta de atenção";"Colisão Transversal";"Com Vítimas Feridas";"Pleno dia";"Crescente";"Nublado";"Simples";"Cruzamento";"Urbano";2;0;1;0;1;0;1;2
83521158;"02/12/16";"Sexta";"21:40:00";"PB";427;"35";"POMBAL";"Outras";"Queda de motocicleta / bicicleta / veículo";"Com Vítimas Feridas";"Plena noite";"Decrescente";"Ceu Claro";"Simples";"Curva";"Urbano";1;0;1;0;0;0;1;1
83521159;"04/10/16";"Terça";"13:00:00";"SC";116;"304,6";"CAPAO ALTO";"Velocidade incompatível";"Saída de Pista";"Com Vítimas Feridas";"Pleno dia";"Crescente";"Nublado";"Simples";"Curva";"Rural";1;0;1;0;0;0;1;1
83521160;"04/12/16";"Domingo";"15:10:00";"MG";381;"504";"BETIM";"Outras";"Colisão traseira";"Com Vítimas Feridas";"Pleno dia";"Decrescente";"Chuva";"Dupla";"Curva";"Rural";6;0;0;3;3;0;3;4
83521161;"04/12/16";"Domingo";"14:55:00";"RJ";116;"240,8";"PIRAI";"Dormindo";"Saída de Pista";"Com Vítimas Feridas";"Pleno dia";"Decrescente";"Nublado";"Dupla";"Curva";"Rural";4;0;4;0;0;0;4;1
83521162;"29/11/16";"Terça";"16:20:00";"PE";101;"96";"CABO DE SANTO AGOSTINHO";"Outras";"Saída de Pista";"Com Vítimas Feridas";"Pleno dia";"Decrescente";"Ceu Claro";"Dupla";"Curva";"Urbano";1;0;1;0;0;0;1;1
83521163;"04/12/16";"Domingo";"14:00:00";"PR";277;"33";"MORRETES";"Outras";"Colisão com objeto fixo";"Com Vítimas Feridas";"Pleno dia";"Decrescente";"Chuva";"Dupla";"Curva";"Rural";3;0;1;0;2;0;1;1
83521164;"04/12/16";"Domingo";"11:40:00";"RS";285;"320,4";"PASSO FUNDO";"Dormindo";"Saída de Pista";"Com Vítimas Feridas";"Pleno dia";"Decrescente";"Ceu Claro";"Simples";"Curva";"Rural";2;0;0;2;0;0;2;1
83521165;"04/12/16";"Domingo";"10:15:00";"PA";316;"8";"ANANINDEUA";"Ingestão de álcool";"Colisão traseira";"Com Vítimas Feridas";"Pleno dia";"Crescente";"Ceu Claro";"Simples";"Reta";"Urbano";2;0;1;0;1;0;1;2
83521166;"04/12/16";"Domingo";"15:00:00";"SC";101;"148";"ITAPEMA";"Ingestão de álcool";"Colisão traseira";"Com Vítimas Feridas";"Pleno dia";"Decrescente";"Ceu Claro";"Dupla";"Reta";"Rural";3;0;0;1;2;0;1;3
83521167;"04/12/16";"Domingo";"11:30:00";"PE";101;"122";"ESCADA";"Outras";"Colisão com objeto fixo";"Sem Vítimas";"Pleno dia";"Crescente";"Ignorada";"Dupla";"Reta";"Rural";1;0;0;0;1;0;0;1