"id";"data_inversa";"dia_semana";"horario";"uf";"br";"km";"municipio";"causa_acidente";"tipo_acidente";"classificacao_acidente";"fase_dia";"sentido_via";"condicao_metereologica";"tipo_pista";"tracado_via";"uso_solo";"pessoas";"mortos";"feridos_leves";"feridos_graves";"ilesos";"ignorados";"feridos";"veiculos"
83521276;"04/12/16";"Domingo";"17:40:00";"SC";282;"80";"RANCHO QUEIMADO";"Velocidade incompatível";"Saída de Pista";"Sem Vítimas";"Pleno dia";"Decrescente";"Chuva";"Simples";"Curva";"Rural";1;0;0;0;1;0;0;1
83521277;"04/12/16";"Domingo";"14:30:00";"MG";262;"380,7";"JUATUBA";"Velocidade incompatível";"Capotamento";"Sem Vítimas";"Pleno dia";"Decrescente";"Chuva";"Dupla";"Curva";"Rural";1;0;0;0;1;0;0;1
83521278;"04/12/16";"Domingo";"14:20:00";"SC";282;"79,9";"RANCHO QUEIMADO";"Velocidade incompatível";"Saída de Pista";"Sem Vítimas";"Pleno dia";"Decrescente";"Chuva";"Simples";"Curva";"Rural";1;0;0;0;1;0;0;1
83521279;"04/12/16";"Domingo";"23:50:00";"SC";101;"51,3";"JOINVILLE";"Outras";"Capotamento";"Com Vítimas Feridas";"Plena noite";"Crescente";"Nublado";"Dupla";"Reta";"Rural";5;0;3;0;1;1;3;2
83521280;"04/12/16";"Domingo";"19:25:00";"RJ";116;"292";"PORTO REAL";"Ingestão de álcool";"Colisão lateral";"Sem Vítimas";"Plena noite";"Decrescente";"Nublado";"Simples";"Curva";"Urbano";2;0;0;0;1;1;0;2
83521281;"26/11/16";"Sábado";"19:20:00";"ES";101;"265";"SERRA";"Não guardar distância de segurança";"Colisão traseira";"Com Vítimas Feridas";"Plena noite";"Crescente";"Chuva";"Dupla";"Reta";"Urbano";2;0;1;0;1;0;1;2
83521282;"04/12/16";"Domingo";"21:30:00";"RO";364;"427";"JARU";"Ingestão de álcool";"Colisão Transversal";"Com Vítimas Fatais";"Plena noite";"Crescente";"Ceu Claro";"Simples";"Reta";"Urbano";2;1;0;0;1;0;0;2
83521283;"04/12/16";"Domingo";"08:25:00";"RS";386;"243,6";"SOLEDADE";"Falta de atenção";"Colisão Transversal";"Sem Vítimas";"Pleno dia";"Decrescente";"Ceu Claro";"Simples";"Cruzamento";"Urbano";2;0;0;0;2;0;0;2
83521284;"26/11/16";"Sábado";"22:40:00";"ES";101;"264,5";"SERRA";"Desobediência à sinalização";"Colisão Transversal";"Com Vítimas Feridas";"Plena noite";"Decrescente";"Chuva";"Dupla";"Cruzamento";"Urbano";3;0;2;0;1;0;2;2
83521285;"04/12/16";"Domingo";"16:15:00";"AC";364;"131";"RIO BRANCO";"Velocidade incompatível";"Saída de Pista";"Sem Vítimas";"Pleno dia";"Crescente";"Chuva";"Dupla";"Curva";"Rural";1;0;0;0;1;0;0;1
83521286;"01/12/16";"Quinta";"14:00:00";"PE";101;"105";"CABO DE SANTO AGOSTINHO";"Defeito mecânico em veículo";"Capotamento";"Sem Vítimas";"Pleno dia";"Crescente";"Sol";"Múltipla";"Reta";"Rural";1;0;0;0;1;0;0;1
83521287;"04/12/16";"Domingo";"23:40:00";"RJ";101;"115";"CAMPOS DOS GOYTACAZES";"Defeito na via";"Capotamento";"Com Vítimas Feridas";"Plena noite";"Decrescente";"Chuva";"Dupla";"Reta";"Rural";1;0;1;0;0;0;1;1
83521288;"04/12/16";"Domingo";"23:10:00";"SC";101;"86,9";"BARRA VELHA";"Outras";"Colisão traseira";"Sem Vítimas";"Plena noite";"Decrescente";"Ceu Claro";"Dupla";"Reta";"Urbano";2;0;0;0;2;0;0;2
83521289;"01/12/16";"Quinta";"18:00:00";"PE";101;"179";"PALMARES";"Outras";"Saída de Pista";"Sem Vítimas";"Anoitecer";"Decrescente";"Ceu Claro";"Múltipla";"Reta";"Rural";2;0;0;0;1;1;0;2
83521290;"05/12/16";"Segunda";"00:30:00";"PR";116;"14";"CAMPINA GRANDE DO SUL";"Outras";"Capotamento";"Sem Vítimas";"Plena noite";"Crescente";"Chuva";"Dupla";"Curva";"Rural";1;0;0;0;1;0;0;1
83521291;"04/12/16";"Domingo";"19:40:00";"PR";116;"14";"CAMPINA GRANDE DO SUL";"Outras";"Capotamento";"Sem Vítimas";"Plena noite";"Crescente";"Chuva";"Dupla";"Curva";"Rural";1;0;0;0;1;0;0;1
83521292;"29/11/16";"Terça";"00:15:00";"PB";101;"99";"CONDE";"Dormindo";"Saída de Pista";"Com Vítimas Feridas";"Plena noite";"Decrescente";"Ceu Claro";"Dupla";"Curva";"Rural";1;0;1;0;0;0;1;1
83521293;"04/12/16";"Domingo";"15:50:00";"DF";60;"26,7";"BRASILIA";"Velocidade incompatível";"Saída de Pista";"Sem Vítimas";"Pleno dia";"Decrescente";"Nublado";"Dupla";"Reta";"Rural";1;0;0;0;1;0;0;1
83521294;"04/12/16";"Domingo";"16:20:00";"PB";230;"44,5";"SANTA RITA";"Defeito mecânico em veículo";"Capotamento";"Sem Vítimas";"Pleno dia";"Crescente";"Sol";"Dupla";"Reta";"Rural";1;0;0;0;1;0;0;1
83521295;"05/12/16";"Segunda";"01:00:00";"RJ";101;"278";"TANGUA";"Outras";"Colisão traseira";"Com Vítimas Feridas";"Plena noite";"Crescente";"Nublado";"Dupla";"Curva";"Rural";4;0;2;0;2;0;2;2
83521296;"04/12/16";"Domingo";"23:30:00";"DF";60;"4,5";"BRASILIA";"Falta de atenção";"Colisão Transversal";"Sem Vítimas";"Plena noite";"Decrescente";"Nublado";"Dupla";"Reta";"Urbano";2;0;0;0;2;0;0;2
83521297;"04/12/16";"Domingo";"14:59:00";"GO";158;"160";"CAIAPONIA";"Outras";"Saída de Pista";"Sem Vítimas";"Pleno dia";"Decrescente";"Nublado";"Simples";"Reta";"Rural";3;0;0;0;2;1;0;2
83521298;"05/12/16";"Segunda";"02:20:00";"SC";101;"90";"BARRA VELHA";"Ingestão de álcool";"Capotamento";"Com Vítimas Feridas";"Plena noite";"Crescente";"Ceu Claro";"Dupla";"Reta";"Rural";2;0;1;0;1;0;1;1
83521299;"04/12/16";"Domingo";"19:00:00";"MG";381;"433";"SABARA";"Outras";"Colisão lateral";"Com Vítimas Feridas";"Plena noite";"Decrescente";"Chuva";"Simples";"Reta";"Rural";16;0;6;1;9;0;7;2
83521300;"04/12/16";"Domingo";"17:00:00";"BA";101;"216";"GOVERNADOR MANGABEIRA";"Ultrapassagem indevida";"Colisão frontal";"Com Vítimas Fatais";"Pleno dia";"Crescente";"Sol";"Simples";"Curva";"Rural";2;2;0;0;0;0;0;2
83521301;"04/12/16";"Domingo";"18:50:00";"AC";364;"115";"RIO BRANCO";"Ingestão de álcool";"Atropelamento de pessoa";"Com Vítimas Feridas";"Plena noite";"Crescente";"Ignorada";"Simples";"Reta";"Urbano";2;0;1;0;1;0;1;1
83521302;"04/12/16";"Domingo";"16:15:00";"BA";324;"580";"SAO SEBASTIAO DO PASSE";"Outras";"Capotamento";"Com Vítimas Feridas";"Pleno dia";"Crescente";"Nublado";"Dupla";"Reta";"Urbano";1;0;1;0;0;0;1;1
83521303;"04/12/16";"Domingo";"06:35:00";"SC";101;"349,7";"JAGUARUNA";"Outras";"Atropelamento de pessoa";"Com Vítimas Fatais";"Pleno dia";"Decrescente";"Chuva";"Simples";"Reta";"Rural";2;1;0;0;0;1;0;1
83521304;"04/12/16";"Domingo";"12:45:00";"GO";153;"245";"SAO LUIZ DO NORTE";"Outras";"Saída de Pista";"Com Vítimas Feridas";"Pleno dia";"Crescente";"Chuva";"Simples";"Reta";"Rural";2;0;2;0;0;0;2;1
83521305;"04/12/16";"Domingo";"14:30:00";"MG";116;"187";"CARAI";"Defeito mecânico em veículo";"Saída de Pista";"Sem Vítimas";"Pleno dia";"Decrescente";"Nublado";"Simples";"Curva";"Rural";1;0;0;0;1;0;0;1
83521306;"04/12/16";"Domingo";"22:20:00";"ES";101;"141";"LINHARES";"Ingestão de álcool";"Tombamento";"Com Vítimas Feridas";"Plena noite";"Crescente";"Nublado";"Simples";"Reta";"Rural";1;0;1;0;0;0;1;1
83521308;"04/12/16";"Domingo";"18:55:00";"TO";153;"457";"BARROLANDIA";"Defeito na via";"Tombamento";"Com Vítimas Feridas";"Anoitecer";"Decrescente";"Ignorada";"Simples";"Reta";"Rural";1;0;1;0;0;0;1;1
83521309;"04/12/16";"Domingo";"19:40:00";"PI";407;"426";"JAICOS";"Ingestão de álcool";"Colisão frontal";"Com Vítimas Feridas";"Plena noite";"Crescente";"Vento";"Simples";"Reta";"Rural";2;0;0;1;1;0;1;2
83521310;"04/12/16";"Domingo";"20:40:00";"MG";262;"357,9";"BETIM";"Outras";"Queda de motocicleta / bicicleta / veículo";"Com Vítimas Fatais";"Plena noite";"Crescente";"Nublado";"Dupla";"Curva";"Rural";3;1;0;0;2;0;0;3
83521311;"05/12/16";"Segunda";"03:40:00";"PR";116;"22";"CAMPINA GRANDE DO SUL";"Outras";"Capotamento";"Com Vítimas Feridas";"Plena noite";"Crescente";"Chuva";"Dupla";"Reta";"Rural";2;0;2;0;0;0;2;1
83521312;"04/12/16";"Domingo";"22:50:00";"SP";153;"195,1";"GETULINA";"Desobediência à sinalização";"Colisão Transversal";"Com Vítimas Feridas";"Plena noite";"Crescente";"Ceu Claro";"Simples";"Cruzamento";"Rural";7;0;2;1;4;0;3;2
83521313;"05/12/16";"Segunda";"03:20:00";"SC";282;"583,5";"PINHALZINHO";"Dormindo";"Colisão lateral";"Sem Vítimas";"Plena noite";"Decrescente";"Ceu Claro";"Simples";"Curva";"Rural";2;0;0;0;2;0;0;2
83521314;"04/12/16";"Domingo";"23:00:00";"PI";230;"193,5";"OEIRAS";"Falta de atenção";"Atropelamento de pessoa";"Com Vítimas Fatais";"Plena noite";"Crescente";"Ceu Claro";"Simples";"Reta";"Rural";2;1;0;0;1;0;0;1
83521315;"04/12/16";"Domingo";"20:15:00";"PR";153;"98";"JAPIRA";"Falta de atenção";"Colisão Transversal";"Com Vítimas Feridas";"Plena noite";"Decrescente";"Ceu Claro";"Simples";"Cruzamento";"Rural";6;0;1;2;3;0;3;2
83521316;"04/12/16";"Domingo";"18:40:00";"CE";304;"97,6";"ARACATI";"Animais na Pista";"Atropelamento de animal";"Sem Vítimas";"Plena noite";"Crescente";"Ceu Claro";"Simples";"Reta";"Rural";2;0;0;0;2;0;0;1
83521317;"22/11/16";"Terça";"07:35:00";"GO";40;"0,5";"VALPARAISO DE GOIAS";"Falta de atenção";"Atropelamento de pessoa";"Com Vítimas Feridas";"Pleno dia";"Decrescente";"Nublado";"Dupla";"Reta";"Urbano";3;0;3;0;0;0;3;1
83521318;"05/12/16";"Segunda";"03:45:00";"PR";376;"463";"PONTA GROSSA";"Velocidade incompatível";"Saída de Pista";"Sem Vítimas";"Plena noite";"Crescente";"Nublado";"Dupla";"Curva";"Rural";1;0;0;0;1;0;0;1
83521319;"01/12/16";"Quinta";"22:40:00";"MG";381;"726,7";"CARMO DA CACHOEIRA";"Velocidade incompatível";"Saída de Pista";"Sem Vítimas";"Plena noite";"Decrescente";"Chuva";"Dupla";"Curva";"Rural";5;0;0;0;5;0;0;1
83521320;"04/12/16";"Domingo";"23:00:00";"BA";101;"128";"TEODORO SAMPAIO";"Outras";"Capotamento";"Ignorado";"Plena noite";"Crescente";"Ceu Claro";"Simples";"Reta";"Rural";1;0;0;0;0;1;0;1
83521321;"04/12/16";"Domingo";"23:50:00";"PR";376;"227";"CAMBIRA";"Falta de atenção";"Saída de Pista";"Sem Vítimas";"Plena noite";"Crescente";"Ceu Claro";"Dupla";"Reta";"Rural";4;0;0;0;4;0;0;1
83521322;"05/12/16";"Segunda";"03:30:00";"SC";153;"32";"AGUA DOCE";"Defeito mecânico em veículo";"Incêndio";"Sem Vítimas";"Plena noite";"Decrescente";"Ceu Claro";"Simples";"Reta";"Rural";1;0;0;0;1;0;0;1
83521323;"04/12/16";"Domingo";"18:45:00";"MG";354;"745,7";"POUSO ALTO";"Falta de atenção";"Colisão traseira";"Com Vítimas Feridas";"Pleno dia";"Decrescente";"Nublado";"Simples";"Cruzamento";"Urbano";3;0;2;0;1;0;2;2
83521324;"04/12/16";"Domingo";"23:00:00";"MG";153;"12";"ARAPORA";"Velocidade incompatível";"Saída de Pista";"Com Vítimas Feridas";"Plena noite";"Decrescente";"Chuva";"Dupla";"Curva";"Rural";2;0;2;0;0;0;2;1
83521325;"05/12/16";"Segunda";"05:35:00";"RS";290;"482";"ROSARIO DO SUL";"Ingestão de álcool";"Queda de motocicleta / bicicleta / veículo";"Sem Vítimas";"Plena noite";"Crescente";"Ceu Claro";"Simples";"Reta";"Urbano";1;0;0;0;1;0;0;1
83521326;"24/11/16";"Quinta";"10:30:00";"BA";324;"599";"SIMOES FILHO";"Falta de atenção";"Atropelamento de pessoa";"Com Vítimas Feridas";"Pleno dia";"Crescente";"Ceu Claro";"Múltipla";"Reta";"Rural";2;0;1;0;1;0;1;1
83521327;"04/12/16";"Domingo";"23:45:00";"MG";40;"624,4";"CONSELHEIRO LAFAIETE";"Velocidade incompatível";"Saída de Pista";"Com Vítimas Feridas";"Plena noite";"Decrescente";"Chuva";"Simples";"Curva";"Rural";2;0;2;0;0;0;2;1
83521328;"05/12/16";"Segunda";"02:40:00";"SP";116;"288,8";"ITAPECERICA DA SERRA";"Ingestão de álcool";"Queda de motocicleta / bicicleta / veículo";"Com Vítimas Fatais";"Plena noite";"Decrescente";"Nublado";"Dupla";"Reta";"Urbano";2;1;0;1;0;0;1;1
83521329;"04/12/16";"Domingo";"13:00:00";"GO";60;"90";"ANAPOLIS";"Não guardar distância de segurança";"Colisão traseira";"Sem Vítimas";"Pleno dia";"Decrescente";"Ceu Claro";"Dupla";"Reta";"Urbano";2;0;0;0;2;0;0;2
83521330;"04/12/16";"Domingo";"17:05:00";"MG";381;"705,3";"LAVRAS";"Velocidade incompatível";"Saída de Pista";"Com Vítimas Feridas";"Pleno dia";"Crescente";"Chuva";"Dupla";"Curva";"Rural";4;0;1;0;3;0;1;1
83521331;"04/12/16";"Domingo";"21:00:00";"GO";20;"3";"FORMOSA";"Ingestão de álcool";"Colisão lateral";"Sem Vítimas";"Plena noite";"Crescente";"Nublado";"Simples";"Reta";"Urbano";5;0;0;0;5;0;0;2
83521332;"02/12/16";"Sexta";"10:30:00";"BA";101;"911,2";"NOVA VICOSA";"Velocidade incompatível";"Saída de Pista";"Com Vítimas Feridas";"Plena noite";"Decrescente";"Chuva";"Simples";"Curva";"Rural";2;0;2;0;0;0;2;1
83521333;"02/12/16";"Sexta";"18:30:00";"RS";116;"269,5";"CANOAS";"Não guardar distância de segurança";"Colisão traseira";"Com Vítimas Feridas";"Pleno dia";"Crescente";"Sol";"Simples";"Reta";"Urbano";7;0;1;0;6;0;1;4
83521334;"05/12/16";"Segunda";"01:30:00";"MA";10;"235";"GOVERNADOR EDISON LOBAO";"Falta de atenção";"Colisão lateral";"Com Vítimas Fatais";"Plena noite";"Decrescente";"Ignorada";"Simples";"Reta";"Rural";2;1;0;0;1;0;0;2
83521335;"04/12/16";"Domingo";"17:30:00";"SP";153;"107,7";"JOSE BONIFACIO";"Falta de atenção";"Colisão Transversal";"Sem Vítimas";"Pleno dia";"Crescente";"Chuva";"Simples";"Cruzamento";"Urbano";2;0;0;0;2;0;0;2
83521336;"04/12/16";"Domingo";"23:30:00";"PE";101;"145";"RIBEIRAO";"Outras";"Saída de Pista";"Com Vítimas Feridas";"Plena noite";"Decrescente";"Ignorada";"Dupla";"Reta";"Rural";1;0;0;1;0;0;1;1
83521337;"05/12/16";"Segunda";"00:05:00";"PR";277;"416";"CANTAGALO";"Ingestão de álcool";"Colisão com objeto fixo";"Sem Vítimas";"Plena noite";"Decrescente";"Ceu Claro";"Simples";"Curva";"Rural";1;0;0;0;1;0;0;1
83521338;"30/11/16";"Quarta";"14:15:00";"RS";290;"152,2";"ARROIO DOS RATOS";"Ingestão de álcool";"Colisão Transversal";"Com Vítimas Feridas";"Pleno dia";"Crescente";"Ceu Claro";"Simples";"Reta";"Urbano";2;0;1;0;1;0;1;2
83521339;"05/12/16";"Segunda";"00:55:00";"SP";116;"270";"TABOAO DA SERRA";"Falta de atenção";"Colisão traseira";"Sem Vítimas";"Plena noite";"Decrescente";"Nublado";"Múltipla";"Reta";"Urbano";2;0;0;0;2;0;0;2
83521340;"01/12/16";"Quinta";"18:00:00";"GO";153;"104";"SANTA TEREZA DE GOIAS";"Não guardar distância de segurança";"Tombamento";"Com Vítimas Feridas";"Anoitecer";"Decrescente";"Ceu Claro";"Simples";"Reta";"Rural";8;0;7;0;1;0;7;2
83521341;"03/12/16";"Sábado";"05:40:00";"MG";40;"517";"RIBEIRAO DAS NEVES";"Falta de atenção";"Colisão Transversal";"Com Vítimas Feridas";"Plena noite";"Crescente";"Nublado";"Dupla";"Reta";"Urbano";3;0;1;0;2;0;1;3
83521342;"04/12/16";"Domingo";"18:00:00";"SP";381;"82";"SAO PAULO";"Outras";"Capotamento";"Sem Vítimas";"Anoitecer";"Crescente";"Chuva";"Dupla";"Curva";"Rural";1;0;0;0;1;0;0;1
83521343;"05/12/16";"Segunda";"01:40:00";"SC";282;"111";"ALFREDO WAGNER";"Falta de atenção";"Colisão frontal";"Com Vítimas Feridas";"Plena noite";"Decrescente";"Chuva";"Simples";"Reta";"Rural";2;0;0;2;0;0;2;2
83521344;"05/12/16";"Segunda";"06:10:00";"MS";163;"478";"CAMPO GRANDE";"Falta de atenção";"Colisão com bicicleta";"Com Vítimas Feridas";"Pleno dia";"Crescente";"Ceu Claro";"Simples";"Reta";"Urbano";2;0;2;0;0;0;2;2
83521345;"02/12/16";"Sexta";"06:00:00";"SC";101;"223";"PALHOCA";"Desobediência à sinalização";"Colisão Transversal";"Com Vítimas Feridas";"Pleno dia";"Decrescente";"Ceu Claro";"Simples";"Cruzamento";"Urbano";3;0;1;1;1;0;2;2
83521346;"01/12/16";"Quinta";"11:00:00";"MG";381;"481";"CONTAGEM";"Falta de atenção";"Queda de motocicleta / bicicleta / veículo";"Com Vítimas Feridas";"Pleno dia";"Crescente";"Nublado";"Dupla";"Reta";"Urbano";1;0;0;1;0;0;1;1
83521347;"02/12/16";"Sexta";"07:50:00";"BA";101;"262";"SANTO ANTONIO DE JESUS";"Animais na Pista";"Queda de motocicleta / bicicleta / veículo";"Com Vítimas Feridas";"Pleno dia";"Decrescente";"Ceu Claro";"Simples";"Curva";"Urbano";2;0;2;0;0;0;2;1
83521348;"01/12/16";"Quinta";"17:40:00";"PE";101;"105";"CABO DE SANTO AGOSTINHO";"Defeito mecânico em veículo";"Tombamento";"Sem Vítimas";"Anoitecer";"Decrescente";"Ceu Claro";"Dupla";"Curva";"Rural";1;0;0;0;1;0;0;1
83521349;"05/12/16";"Segunda";"06:40:00";"MG";50;"175";"UBERABA";"Outras";"Colisão com objeto móvel";"Com Vítimas Feridas";"Amanhecer";"Crescente";"Chuva";"Dupla";"Reta";"Urbano";2;0;0;1;1;0;1;2
83521350;"03/12/16";"Sábado";"04:00:00";"RS";392;"4,4";"RIO GRANDE";"Ingestão de álcool";"Colisão traseira";"Com Vítimas Fatais";"Plena noite";"Crescente";"Nublado";"Simples";"Reta";"Rural";5;1;2;0;2;0;2;3
83521351;"05/12/16";"Segunda";"04:43:00";"MA";222;"648";"ACAILANDIA";"Falta de atenção";"Atropelamento de pessoa";"Com Vítimas Fatais";"Amanhecer";"Decrescente";"Ignorada";"Simples";"Reta";"Rural";2;1;0;0;0;1;0;1
83521352;"02/12/16";"Sexta";"05:30:00";"MG";381;"380";"BARAO DE COCAIS";"Velocidade incompatível";"Colisão traseira";"Com Vítimas Feridas";"Plena noite";"Crescente";"Chuva";"Simples";"Reta";"Rural";5;0;4;0;1;0;4;2
83521353;"05/12/16";"Segunda";"07:30:00";"AL";316;"167,2";"PALMEIRA DOS INDIOS";"Falta de atenção";"Colisão lateral";"Com Vítimas Feridas";"Pleno dia";"Decrescente";"Ceu Claro";"Simples";"Reta";"Rural";3;0;2;0;1;0;2;2
83521354;"04/12/16";"Domingo";"03:30:00";"PA";316;"3";"ANANINDEUA";"Outras";"Saída de Pista";"Com Vítimas Feridas";"Plena noite";"Crescente";"Ceu Claro";"Dupla";"Reta";"Urbano";1;0;1;0;0;0;1;1
83521355;"04/12/16";"Domingo";"01:50:00";"TO";153;"140,9";"ARAGUAINA";"Desobediência à sinalização";"Colisão Transversal";"Com Vítimas Feridas";"Plena noite";"Crescente";"Ceu Claro";"Dupla";"Cruzamento";"Urbano";2;0;0;1;1;0;1;2
83521356;"02/12/16";"Sexta";"15:30:00";"SC";163;"94,5";"SAO JOSE DO CEDRO";"Falta de atenção";"Saída de Pista";"Com Vítimas Feridas";"Pleno dia";"Decrescente";"Sol";"Simples";"Curva";"Rural";1;0;1;0;0;0;1;1
83521357;"30/11/16";"Quarta";"12:50:00";"SP";381;"50";"ATIBAIA";"Velocidade incompatível";"Colisão lateral";"Sem Vítimas";"Pleno dia";"Decrescente";"Nublado";"Dupla";"Reta";"Urbano";2;0;0;0;2;0;0;2
83521358;"04/12/16";"Domingo";"00:20:00";"SC";153;"115";"CONCORDIA";"Ingestão de álcool";"Capotamento";"Sem Vítimas";"Plena noite";"Decrescente";"Ceu Claro";"Simples";"Curva";"Rural";2;0;0;0;2;0;0;1
83521359;"02/12/16";"Sexta";"21:45:00";"RS";471;"145,8";"SANTA CRUZ DO SUL";"Desobediência à sinalização";"Colisão Transversal";"Com Vítimas Feridas";"Plena noite";"Decrescente";"Ceu Claro";"Simples";"Cruzamento";"Urbano";2;0;1;0;1;0;1;2
83521360;"05/12/16";"Segunda";"08:30:00";"PR";376;"615";"SAO JOSE DOS PINHAIS";"Outras";"Colisão com objeto fixo";"Sem Vítimas";"Pleno dia";"Decrescente";"Ceu Claro";"Dupla";"Reta";"Urbano";1;0;0;0;1;0;0;1
83521361;"05/12/16";"Segunda";"00:30:00";"MS";163;"603,7";"SAO GABRIEL DO OESTE";"Ingestão de álcool";"Saída de Pista";"Sem Vítimas";"Plena noite";"Crescente";"Ceu Claro";"Simples";"Reta";"Rural";1;0;0;0;1;0;0;1
83521362;"05/12/16";"Segunda";"07:00:00";"MG";153;"76,4";"MONTE ALEGRE DE MINAS";"Velocidade incompatível";"Saída de Pista";"Com Vítimas Feridas";"Amanhecer";"Crescente";"Chuva";"Simples";"Curva";"Rural";3;0;2;0;1;0;2;1
83521363;"03/11/16";"Quinta";"07:00:00";"RJ";393;"102";"CARMO";"Outras";"Colisão com objeto fixo";"Ignorado";"Pleno dia";"Decrescente";"Ceu Claro";"Simples";"Reta";"Rural";1;0;0;0;0;1;0;1
83521364;"01/12/16";"Quinta";"16:30:00";"MG";262;"380";"JUATUBA";"Velocidade incompatível";"Saída de Pista";"Com Vítimas Feridas";"Pleno dia";"Crescente";"Ceu Claro";"Dupla";"Curva";"Rural";1;0;1;0;0;0;1;1
83521365;"29/11/16";"Terça";"14:05:00";"RJ";116;"165,6";"RIO DE JANEIRO";"Não guardar distância de segurança";"Colisão traseira";"Com Vítimas Feridas";"Pleno dia";"Crescente";"Nublado";"Múltipla";"Reta";"Urbano";4;0;1;0;3;0;1;3
83521366;"03/12/16";"Sábado";"21:00:00";"MA";316;"0";"PRESIDENTE MEDICI";"Outras";"Colisão frontal";"Com Vítimas Fatais";"Plena noite";"Decrescente";"Ceu Claro";"Simples";"Reta";"Rural";2;1;0;0;1;0;0;2
83521367;"02/12/16";"Sexta";"13:50:00";"PR";277;"239,3";"IRATI";"Falta de atenção";"Colisão com objeto fixo";"Sem Vítimas";"Pleno dia";"Crescente";"Sol";"Simples";"Reta";"Urbano";1;0;0;0;1;0;0;1
83521368;"05/12/16";"Segunda";"05:20:00";"RJ";101;"115";"CAMPOS DOS GOYTACAZES";"Defeito na via";"Tombamento";"Sem Vítimas";"Plena noite";"Decrescente";"Nublado";"Simples";"Curva";"Rural";1;0;0;0;1;0;0;1
83521369;"03/12/16";"Sábado";"04:00:00";"CE";116;"218,8";"TABULEIRO DO NORTE";"Ultrapassagem indevida";"Colisão frontal";"Com Vítimas Fatais";"Plena noite";"Decrescente";"Ceu Claro";"Simples";"Reta";"Rural";2;1;0;0;1;0;0;2
83521370;"03/12/16";"Sábado";"19:30:00";"SP";381;"75";"MAIRIPORA";"Velocidade incompatível";"Colisão com objeto fixo";"Com Vítimas Feridas";"Plena noite";"Decrescente";"Chuva";"Dupla";"Curva";"Rural";1;0;1;0;0;0;1;1
83521371;"05/12/16";"Segunda";"06:50:00";"PE";232;"78";"GRAVATA";"Falta de atenção";"Colisão traseira";"Com Vítimas Feridas";"Pleno dia";"Crescente";"Sol";"Múltipla";"Reta";"Urbano";2;0;1;0;1;0;1;2
83521372;"03/12/16";"Sábado";"21:30:00";"MT";174;"450";"COMODORO";"Outras";"Saída de Pista";"Com Vítimas Fatais";"Plena noite";"Crescente";"Ceu Claro";"Dupla";"Reta";"Urbano";1;1;0;0;0;0;0;1
83521373;"05/12/16";"Segunda";"08:00:00";"SC";101;"116,5";"ITAJAI";"Falta de atenção";"Colisão lateral";"Com Vítimas Feridas";"Pleno dia";"Decrescente";"Ceu Claro";"Simples";"Reta";"Urbano";2;0;1;0;1;0;1;2
83521374;"01/12/16";"Quinta";"10:30:00";"PR";476;"144,2";"CURITIBA";"Defeito mecânico em veículo";"Queda de motocicleta / bicicleta / veículo";"Com Vítimas Feridas";"Pleno dia";"Crescente";"Sol";"Dupla";"Reta";"Urbano";1;0;1;0;0;0;1;1
83521375;"05/12/16";"Segunda";"07:30:00";"ES";262;"4,7";"CARIACICA";"Falta de atenção";"Colisão Transversal";"Com Vítimas Feridas";"Amanhecer";"Decrescente";"Nublado";"Múltipla";"Cruzamento";"Urbano";3;0;1;1;1;0;2;2
83521377;"02/12/16";"Sexta";"20:30:00";"MG";381;"457";"BELO HORIZONTE";"Não guardar distância de segurança";"Colisão lateral";"Com Vítimas Feridas";"Anoitecer";"Crescente";"Nublado";"Dupla";"Reta";"Urbano";3;0;2;0;1;0;2;2
83521378;"01/12/16";"Quinta";"08:30:00";"SC";101;"202";"SAO JOSE";"Falta de atenção";"Atropelamento de pessoa";"Com Vítimas Feridas";"Pleno dia";"Crescente";"Ceu Claro";"Múltipla";"Reta";"Urbano";2;0;0;1;1;0;1;1
83521379;"02/12/16";"Sexta";"19:40:00";"ES";101;"287,4";"CARIACICA";"Outras";"Queda de motocicleta / bicicleta / veículo";"Com Vítimas Feridas";"Plena noite";"Crescente";"Chuva";"Dupla";"Reta";"Urbano";1;0;1;0;0;0;1;1
83521380;"02/12/16";"Sexta";"17:00:00";"BA";101;"162";"CONCEICAO DO JACUIPE";"Falta de atenção";"Colisão Transversal";"Sem Vítimas";"Pleno dia";"Crescente";"Ceu Claro";"Simples";"Cruzamento";"Rural";2;0;0;0;2;0;0;2
83521381;"05/12/16";"Segunda";"09:45:00";"DF";20;"31";"BRASILIA";"Dormindo";"Capotamento";"Sem Vítimas";"Pleno dia";"Decrescente";"Nublado";"Dupla";"Reta";"Rural";1;0;0;0;1;0;0;1
83521382;"30/09/16";"Sexta";"19:00:00";"MA";135;"12";"SAO LUIS";"Ultrapassagem indevida";"Colisão lateral";"Com Vítimas Feridas";"Plena noite";"Crescente";"Nublado";"Dupla";"Reta";"Urbano";2;0;0;1;0;1;1;2
83521383;"05/12/16";"Segunda";"05:30:00";"ES";101;"276,3";"SERRA";"Outras";"Capotamento";"Com Vítimas Feridas";"Amanhecer";"Crescente";"Chuva";"Dupla";"Curva";"Urbano";2;0;2;0;0;0;2;1