"id";"data_inversa";"dia_semana";"horario";"uf";"br";"km";"municipio";"causa_acidente";"tipo_acidente";"classificacao_acidente";"fase_dia";"sentido_via";"condicao_metereologica";"tipo_pista";"tracado_via";"uso_solo";"pessoas";"mortos";"feridos_leves";"feridos_graves";"ilesos";"ignorados";"feridos";"veiculos"
83521384;"01/12/16";"Quinta";"21:30:00";"RO";364;"243,4";"CACOAL";"Defeito na via";"Saída de Pista";"Sem Vítimas";"Plena noite";"Crescente";"Nublado";"Simples";"Reta";"Urbano";2;0;0;0;2;0;0;2
83521385;"27/11/16";"Domingo";"22:00:00";"PE";408;"59,5";"TRACUNHAEM";"Outras";"Colisão frontal";"Com Vítimas Fatais";"Plena noite";"Crescente";"Ceu Claro";"Simples";"Reta";"Rural";2;1;0;0;0;1;0;2
83521386;"01/07/16";"Sexta";"19:34:00";"SP";153;"216,8";"MARILIA";"Falta de atenção";"Colisão traseira";"Com Vítimas Feridas";"Plena noite";"Crescente";"Ceu Claro";"Simples";"Reta";"Rural";2;0;1;0;1;0;1;2
83521387;"05/12/16";"Segunda";"07:45:00";"SC";116;"181,3";"SAO CRISTOVAO DO SUL";"Não guardar distância de segurança";"Colisão traseira";"Sem Vítimas";"Pleno dia";"Decrescente";"Ceu Claro";"Simples";"Reta";"Rural";2;0;0;0;2;0;0;2
83521388;"02/12/16";"Sexta";"07:00:00";"TO";153;"145";"ARAGUAINA";"Falta de atenção";"Colisão com bicicleta";"Com Vítimas Feridas";"Pleno dia";"Crescente";"Nublado";"Dupla";"Reta";"Urbano";2;0;1;0;1;0;1;2
83521389;"01/12/16";"Quinta";"19:00:00";"RJ";101;"262";"RIO BONITO";"Outras";"Colisão traseira";"Com Vítimas Feridas";"Plena noite";"Decrescente";"Nublado";"Dupla";"Reta";"Urbano";3;0;0;1;2;0;1;3
83521390;"05/12/16";"Segunda";"07:10:00";"RS";158;"280,6";"JULIO DE CASTILHOS";"Desobediência à sinalização";"Colisão Transversal";"Sem Vítimas";"Pleno dia";"Decrescente";"Sol";"Simples";"Reta";"Urbano";2;0;0;0;2;0;0;2
83521391;"05/12/16";"Segunda";"09:20:00";"MG";262;"666,2";"IBIA";"Velocidade incompatível";"Saída de Pista";"Com Vítimas Feridas";"Pleno dia";"Crescente";"Chuva";"Simples";"Curva";"Rural";3;0;2;0;1;0;2;1
83521392;"22/01/16";"Sexta";"14:20:00";"RJ";101;"415,7";"MANGARATIBA";"Velocidade incompatível";"Colisão com objeto fixo";"Com Vítimas Fatais";"Pleno dia";"Decrescente";"Chuva";"Dupla";"Reta";"Urbano";17;5;3;8;1;0;11;3
83521393;"02/12/16";"Sexta";"01:10:00";"PB";230;"26";"JOAO PESSOA";"Velocidade incompatível";"Colisão com objeto fixo";"Ignorado";"Plena noite";"Crescente";"Ceu Claro";"Múltipla";"Reta";"Urbano";1;0;0;0;0;1;0;1
83521394;"05/12/16";"Segunda";"08:30:00";"PE";101;"65";"RECIFE";"Não guardar distância de segurança";"Colisão traseira";"Com Vítimas Feridas";"Pleno dia";"Crescente";"Ceu Claro";"Dupla";"Reta";"Urbano";4;0;1;0;3;0;1;4
83521395;"05/12/16";"Segunda";"08:00:00";"BA";101;"717,5";"EUNAPOLIS";"Outras";"Colisão Transversal";"Com Vítimas Feridas";"Pleno dia";"Crescente";"Ceu Claro";"Simples";"Cruzamento";"Urbano";2;0;1;0;1;0;1;2
83521396;"30/11/16";"Quarta";"21:00:00";"SP";381;"50";"ATIBAIA";"Defeito mecânico em veículo";"Colisão com objeto fixo";"Sem Vítimas";"Plena noite";"Decrescente";"Nublado";"Dupla";"Reta";"Urbano";1;0;0;0;1;0;0;1
83521397;"01/12/16";"Quinta";"14:15:00";"MG";381;"533,5";"ITATIAIUCU";"Velocidade incompatível";"Saída de Pista";"Com Vítimas Feridas";"Pleno dia";"Decrescente";"Chuva";"Dupla";"Curva";"Rural";1;0;1;0;0;0;1;1
83521398;"05/12/16";"Segunda";"11:00:00";"RS";290;"1,6";"OSORIO";"Desobediência à sinalização";"Colisão lateral";"Sem Vítimas";"Pleno dia";"Crescente";"Sol";"Dupla";"Reta";"Rural";2;0;0;0;2;0;0;2
83521399;"05/12/16";"Segunda";"08:30:00";"MT";70;"507";"CUIABA";"Outras";"Colisão traseira";"Sem Vítimas";"Pleno dia";"Crescente";"Ceu Claro";"Simples";"Reta";"Rural";2;0;0;0;1;1;0;2
83521400;"03/12/16";"Sábado";"07:00:00";"RJ";116;"144";"DUQUE DE CAXIAS";"Outras";"Queda de motocicleta / bicicleta / veículo";"Com Vítimas Feridas";"Amanhecer";"Crescente";"Nublado";"Simples";"Curva";"Urbano";2;0;2;0;0;0;2;1
83521401;"05/12/16";"Segunda";"06:40:00";"PR";369;"138";"IBIPORA";"Ingestão de álcool";"Colisão Transversal";"Com Vítimas Feridas";"Amanhecer";"Decrescente";"Ceu Claro";"Simples";"Reta";"Urbano";3;0;1;1;1;0;2;2
83521402;"03/12/16";"Sábado";"20:00:00";"SP";116;"208";"GUARULHOS";"Ingestão de álcool";"Colisão traseira";"Sem Vítimas";"Plena noite";"Crescente";"Chuva";"Dupla";"Reta";"Urbano";4;0;0;0;3;1;0;4
83521403;"05/12/16";"Segunda";"07:40:00";"MG";116;"592,1";"MANHUACU";"Outras";"Saída de Pista";"Sem Vítimas";"Pleno dia";"Crescente";"Chuva";"Simples";"Reta";"Rural";1;0;0;0;1;0;0;1
83521404;"05/12/16";"Segunda";"07:20:00";"MG";381;"346";"BELA VISTA DE MINAS";"Velocidade incompatível";"Saída de Pista";"Com Vítimas Feridas";"Amanhecer";"Decrescente";"Chuva";"Simples";"Curva";"Rural";4;0;1;0;3;0;1;1
83521405;"05/12/16";"Segunda";"08:30:00";"MG";262;"33,1";"MANHUACU";"Desobediência à sinalização";"Colisão lateral";"Com Vítimas Feridas";"Pleno dia";"Decrescente";"Chuva";"Simples";"Reta";"Rural";2;0;1;0;1;0;1;2
83521406;"05/12/16";"Segunda";"08:00:00";"SP";153;"71,2";"SAO JOSE DO RIO PRETO";"Dormindo";"Capotamento";"Com Vítimas Feridas";"Pleno dia";"Decrescente";"Ceu Claro";"Simples";"Reta";"Rural";1;0;1;0;0;0;1;1
83521407;"05/12/16";"Segunda";"07:30:00";"MS";262;"681,3";"CORUMBA";"Animais na Pista";"Saída de Pista";"Com Vítimas Feridas";"Amanhecer";"Decrescente";"Ceu Claro";"Simples";"Reta";"Rural";1;0;1;0;0;0;1;1
83521408;"02/12/16";"Sexta";"05:15:00";"RS";116;"225,3";"DOIS IRMAOS";"Ingestão de álcool";"Saída de Pista";"Sem Vítimas";"Amanhecer";"Crescente";"Ceu Claro";"Simples";"Curva";"Urbano";1;0;0;0;1;0;0;1
83521409;"05/12/16";"Segunda";"11:15:00";"MG";116;"414,3";"GOVERNADOR VALADARES";"Falta de atenção";"Atropelamento de pessoa";"Com Vítimas Feridas";"Pleno dia";"Decrescente";"Ceu Claro";"Dupla";"Reta";"Urbano";2;0;1;1;0;0;2;1
83521411;"06/11/16";"Domingo";"00:10:00";"PR";376;"175,7";"MARINGA";"Falta de atenção";"Colisão lateral";"Com Vítimas Feridas";"Pleno dia";"Crescente";"Ceu Claro";"Dupla";"Reta";"Urbano";2;0;0;1;1;0;1;2
83521412;"03/12/16";"Sábado";"17:30:00";"PI";135;"262";"ALVORADA DO GURGUEIA";"Defeito na via";"Tombamento";"Com Vítimas Feridas";"Anoitecer";"Decrescente";"Ceu Claro";"Simples";"Reta";"Rural";1;0;1;0;0;0;1;1
83521413;"05/12/16";"Segunda";"10:30:00";"SP";116;"224";"GUARULHOS";"Falta de atenção";"Colisão traseira";"Sem Vítimas";"Pleno dia";"Decrescente";"Sol";"Dupla";"Reta";"Urbano";3;0;0;0;3;0;0;2
83521414;"04/12/16";"Domingo";"14:15:00";"GO";153;"527";"CAIAPONIA";"Falta de atenção";"Colisão traseira";"Com Vítimas Feridas";"Pleno dia";"Decrescente";"Ceu Claro";"Dupla";"Curva";"Rural";4;0;1;0;3;0;1;2
83521415;"02/12/16";"Sexta";"05:00:00";"RN";427;"5";"CURRAIS NOVOS";"Outras";"Incêndio";"Ignorado";"Plena noite";"Decrescente";"Ceu Claro";"Simples";"Reta";"Rural";1;0;0;0;0;1;0;1
83521416;"05/12/16";"Segunda";"07:50:00";"RS";158;"326";"SANTA MARIA";"Desobediência à sinalização";"Colisão Transversal";"Com Vítimas Feridas";"Pleno dia";"Decrescente";"Ceu Claro";"Simples";"Reta";"Urbano";2;0;1;0;1;0;1;2
83521417;"05/12/16";"Segunda";"09:40:00";"MG";40;"825";"SIMAO PEREIRA";"Velocidade incompatível";"Colisão com objeto fixo";"Sem Vítimas";"Pleno dia";"Crescente";"Chuva";"Dupla";"Curva";"Rural";1;0;0;0;1;0;0;1
83521419;"26/11/16";"Sábado";"22:15:00";"ES";101;"144,2";"LINHARES";"Falta de atenção";"Queda de motocicleta / bicicleta / veículo";"Com Vítimas Feridas";"Plena noite";"Decrescente";"Ceu Claro";"Dupla";"Reta";"Urbano";1;0;0;1;0;0;1;1
83521420;"05/12/16";"Segunda";"08:50:00";"SP";101;"40";"UBATUBA";"Falta de atenção";"Queda de motocicleta / bicicleta / veículo";"Com Vítimas Feridas";"Pleno dia";"Crescente";"Ceu Claro";"Simples";"Reta";"Urbano";2;0;1;0;1;0;1;1
83521421;"05/12/16";"Segunda";"07:55:00";"SC";282;"89";"ALFREDO WAGNER";"Velocidade incompatível";"Saída de Pista";"Sem Vítimas";"Pleno dia";"Crescente";"Chuva";"Simples";"Curva";"Rural";1;0;0;0;1;0;0;1
83521422;"21/11/16";"Segunda";"13:26:00";"TO";153;"172";"ARAGUAINA";"Velocidade incompatível";"Colisão traseira";"Sem Vítimas";"Pleno dia";"Crescente";"Ceu Claro";"Simples";"Reta";"Rural";3;0;0;0;3;0;0;3
83521424;"04/12/16";"Domingo";"03:05:00";"SP";116;"273,4";"TABOAO DA SERRA";"Outras";"Capotamento";"Com Vítimas Feridas";"Plena noite";"Decrescente";"Nublado";"Dupla";"Reta";"Urbano";4;0;2;0;2;0;2;1
83521426;"05/12/16";"Segunda";"12:15:00";"PE";101;"68";"RECIFE";"Não guardar distância de segurança";"Colisão traseira";"Com Vítimas Feridas";"Pleno dia";"Crescente";"Sol";"Dupla";"Reta";"Urbano";2;0;1;0;1;0;1;2
83521427;"05/12/16";"Segunda";"12:30:00";"SC";101;"204,8";"SAO JOSE";"Falta de atenção";"Colisão traseira";"Com Vítimas Feridas";"Pleno dia";"Crescente";"Ceu Claro";"Múltipla";"Reta";"Urbano";5;0;3;0;2;0;3;4
83521428;"05/12/16";"Segunda";"13:00:00";"SC";282;"610,1";"MARAVILHA";"Não guardar distância de segurança";"Colisão traseira";"Sem Vítimas";"Pleno dia";"Decrescente";"Ceu Claro";"Simples";"Curva";"Rural";2;0;0;0;2;0;0;2
83521429;"05/12/16";"Segunda";"13:00:00";"PR";376;"2";"APUCARANA";"Falta de atenção";"Colisão Transversal";"Com Vítimas Feridas";"Pleno dia";"Decrescente";"Ceu Claro";"Simples";"Reta";"Urbano";2;0;0;1;1;0;1;2
83521430;"02/12/16";"Sexta";"03:45:00";"SC";101;"284,1";"IMBITUBA";"Dormindo";"Colisão com objeto fixo";"Sem Vítimas";"Plena noite";"Decrescente";"Ceu Claro";"Dupla";"Reta";"Urbano";1;0;0;0;1;0;0;1
83521431;"05/12/16";"Segunda";"13:00:00";"PR";277;"340";"GUARAPUAVA";"Falta de atenção";"Colisão traseira";"Com Vítimas Feridas";"Pleno dia";"Crescente";"Sol";"Dupla";"Reta";"Urbano";2;0;1;0;1;0;1;2
83521432;"15/11/16";"Terça";"21:00:00";"PR";369;"41,3";"ANDIRA";"Ultrapassagem indevida";"Colisão frontal";"Com Vítimas Fatais";"Plena noite";"Decrescente";"Nublado";"Simples";"Reta";"Rural";2;1;0;0;1;0;0;2
83521433;"28/11/16";"Segunda";"12:00:00";"ES";262;"4,8";"CARIACICA";"Defeito mecânico em veículo";"Colisão com objeto fixo";"Com Vítimas Feridas";"Pleno dia";"Decrescente";"Sol";"Simples";"Reta";"Urbano";6;0;1;0;0;5;1;6
83521434;"14/06/16";"Terça";"12:00:00";"ES";101;"399";"ICONHA";"Falta de atenção";"Colisão Transversal";"Com Vítimas Feridas";"Pleno dia";"Crescente";"Ceu Claro";"Simples";"Curva";"Urbano";2;0;0;1;1;0;1;2
83521435;"02/12/16";"Sexta";"05:15:00";"RN";427;"36";"ACARI";"Outras";"Incêndio";"Ignorado";"Plena noite";"Crescente";"Ceu Claro";"Simples";"Reta";"Rural";1;0;0;0;0;1;0;1
83521436;"02/12/16";"Sexta";"00:15:00";"SC";101;"285,5";"IMBITUBA";"Falta de atenção";"Capotamento";"Sem Vítimas";"Plena noite";"Decrescente";"Nublado";"Dupla";"Reta";"Urbano";1;0;0;0;1;0;0;1
83521437;"03/12/16";"Sábado";"00:30:00";"ES";262;"55,8";"MARECHAL FLORIANO";"Velocidade incompatível";"Tombamento";"Com Vítimas Feridas";"Plena noite";"Decrescente";"Chuva";"Simples";"Curva";"Rural";1;0;0;1;0;0;1;1
83521438;"04/12/16";"Domingo";"03:20:00";"TO";153;"232";"COLINAS DO TOCANTINS";"Ultrapassagem indevida";"Colisão frontal";"Sem Vítimas";"Plena noite";"Decrescente";"Nublado";"Simples";"Reta";"Rural";3;0;0;0;3;0;0;2
83521439;"05/12/16";"Segunda";"13:40:00";"PR";376;"521";"PONTA GROSSA";"Velocidade incompatível";"Saída de Pista";"Com Vítimas Feridas";"Pleno dia";"Crescente";"Ceu Claro";"Dupla";"Curva";"Rural";1;0;0;1;0;0;1;1
83521440;"02/12/16";"Sexta";"04:20:00";"MG";262;"427,2";"IGARATINGA";"Falta de atenção";"Colisão traseira";"Com Vítimas Fatais";"Plena noite";"Decrescente";"Vento";"Dupla";"Reta";"Rural";2;1;0;0;0;1;0;2
83521441;"05/12/16";"Segunda";"08:40:00";"GO";153;"500,2";"GOIANIA";"Falta de atenção";"Colisão lateral";"Com Vítimas Feridas";"Pleno dia";"Crescente";"Nublado";"Dupla";"Reta";"Urbano";2;0;0;1;1;0;1;2
83521442;"05/12/16";"Segunda";"10:20:00";"MG";40;"784";"JUIZ DE FORA";"Velocidade incompatível";"Saída de Pista";"Sem Vítimas";"Pleno dia";"Crescente";"Ceu Claro";"Dupla";"Reta";"Rural";1;0;0;0;1;0;0;1
83521443;"01/12/16";"Quinta";"17:00:00";"PE";232;"131";"CARUARU";"Falta de atenção";"Colisão traseira";"Sem Vítimas";"Anoitecer";"Crescente";"Ceu Claro";"Dupla";"Reta";"Rural";2;0;0;0;2;0;0;2
83521445;"05/12/16";"Segunda";"13:45:00";"MG";262;"473,1";"BOM DESPACHO";"Não guardar distância de segurança";"Colisão traseira";"Com Vítimas Feridas";"Pleno dia";"Crescente";"Chuva";"Simples";"Reta";"Rural";5;0;1;0;4;0;1;3
83521446;"04/12/16";"Domingo";"18:20:00";"CE";20;"365";"MARANGUAPE";"Falta de atenção";"Colisão com bicicleta";"Com Vítimas Fatais";"Plena noite";"Crescente";"Ceu Claro";"Simples";"Reta";"Rural";3;1;1;1;0;0;2;2
83521447;"05/12/16";"Segunda";"10:00:00";"BA";420;"265";"MUTUIPE";"Outras";"Colisão lateral";"Com Vítimas Feridas";"Pleno dia";"Crescente";"Ceu Claro";"Simples";"Reta";"Urbano";5;0;0;4;1;0;4;3
83521448;"04/12/16";"Domingo";"21:00:00";"PE";316;"28";"ARARIPINA";"Ultrapassagem indevida";"Colisão frontal";"Com Vítimas Feridas";"Plena noite";"Decrescente";"Ceu Claro";"Simples";"Curva";"Rural";16;0;13;3;0;0;16;2
83521449;"05/12/16";"Segunda";"14:30:00";"RS";290;"80,7";"GRAVATAI";"Velocidade incompatível";"Capotamento";"Com Vítimas Feridas";"Pleno dia";"Crescente";"Sol";"Dupla";"Reta";"Rural";1;0;1;0;0;0;1;1
83521450;"29/11/16";"Terça";"19:20:00";"SE";101;"35,1";"CAPELA";"Ultrapassagem indevida";"Colisão frontal";"Com Vítimas Fatais";"Plena noite";"Decrescente";"Ceu Claro";"Simples";"Reta";"Rural";3;1;0;1;1;0;1;2
83521451;"05/12/16";"Segunda";"12:50:00";"MG";262;"480";"BOM DESPACHO";"Velocidade incompatível";"Colisão frontal";"Com Vítimas Feridas";"Pleno dia";"Crescente";"Chuva";"Simples";"Reta";"Rural";3;0;2;0;1;0;2;2
83521452;"05/12/16";"Segunda";"11:38:00";"TO";153;"219";"ARAGUAINA";"Outras";"Saída de Pista";"Sem Vítimas";"Pleno dia";"Decrescente";"Ceu Claro";"Simples";"Reta";"Rural";1;0;0;0;1;0;0;1
83521453;"04/12/16";"Domingo";"19:07:00";"MT";70;"260";"PRIMAVERA DO LESTE";"Ingestão de álcool";"Saída de Pista";"Sem Vítimas";"Anoitecer";"Decrescente";"Ceu Claro";"Simples";"Reta";"Rural";1;0;0;0;1;0;0;1
83521454;"05/12/16";"Segunda";"13:30:00";"SP";116;"429,3";"REGISTRO";"Velocidade incompatível";"Saída de Pista";"Com Vítimas Feridas";"Pleno dia";"Decrescente";"Ceu Claro";"Simples";"Reta";"Rural";5;0;4;0;1;0;4;1
83521455;"02/12/16";"Sexta";"21:20:00";"MG";262;"442";"NOVA SERRANA";"Outras";"Atropelamento de pessoa";"Com Vítimas Feridas";"Plena noite";"Decrescente";"Vento";"Dupla";"Reta";"Urbano";3;0;0;1;2;0;1;2
83521456;"05/12/16";"Segunda";"07:50:00";"PR";476;"145,6";"CURITIBA";"Não guardar distância de segurança";"Colisão traseira";"Com Vítimas Feridas";"Pleno dia";"Decrescente";"Ceu Claro";"Dupla";"Reta";"Urbano";2;0;1;0;1;0;1;2
83521457;"05/12/16";"Segunda";"13:40:00";"MG";262;"388,4";"FLORESTAL";"Velocidade incompatível";"Saída de Pista";"Sem Vítimas";"Pleno dia";"Crescente";"Chuva";"Dupla";"Curva";"Rural";1;0;0;0;1;0;0;1
83521458;"05/12/16";"Segunda";"06:20:00";"MG";50;"146,5";"UBERABA";"Defeito na via";"Saída de Pista";"Sem Vítimas";"Amanhecer";"Decrescente";"Chuva";"Dupla";"Reta";"Rural";1;0;0;0;1;0;0;1
83521459;"05/12/16";"Segunda";"12:40:00";"MT";163;"101";"RONDONOPOLIS";"Velocidade incompatível";"Saída de Pista";"Com Vítimas Feridas";"Pleno dia";"Crescente";"Chuva";"Dupla";"Reta";"Rural";3;0;2;0;0;1;2;2
83521461;"05/12/16";"Segunda";"08:20:00";"MG";135;"487";"JOAQUIM FELICIO";"Velocidade incompatível";"Tombamento";"Com Vítimas Feridas";"Pleno dia";"Crescente";"Nublado";"Simples";"Reta";"Rural";1;0;1;0;0;0;1;1
83521462;"03/12/16";"Sábado";"17:20:00";"GO";20;"182";"ALVORADA DO NORTE";"Ingestão de álcool";"Colisão Transversal";"Com Vítimas Feridas";"Pleno dia";"Crescente";"Ceu Claro";"Simples";"Reta";"Urbano";4;0;4;0;0;0;4;2
83521463;"05/12/16";"Segunda";"15:20:00";"MG";116;"700,6";"MURIAE";"Falta de atenção";"Colisão Transversal";"Sem Vítimas";"Pleno dia";"Crescente";"Nevoeiro/neblina";"Simples";"Cruzamento";"Urbano";2;0;0;0;2;0;0;2
83521464;"05/12/16";"Segunda";"15:35:00";"SP";116;"453";"REGISTRO";"Velocidade incompatível";"Capotamento";"Com Vítimas Feridas";"Pleno dia";"Crescente";"Sol";"Dupla";"Curva";"Rural";1;0;1;0;0;0;1;1
83521465;"05/12/16";"Segunda";"08:25:00";"ES";101;"335";"GUARAPARI";"Outras";"Colisão frontal";"Sem Vítimas";"Pleno dia";"Decrescente";"Nublado";"Simples";"Reta";"Rural";2;0;0;0;2;0;0;2
83521466;"01/12/16";"Quinta";"14:15:00";"PE";101;"60";"RECIFE";"Outras";"Colisão lateral";"Com Vítimas Feridas";"Pleno dia";"Decrescente";"Sol";"Dupla";"Reta";"Urbano";2;0;1;0;1;0;1;2
83521467;"05/12/16";"Segunda";"15:00:00";"MG";267;"12,1";"LEOPOLDINA";"Falta de atenção";"Colisão traseira";"Sem Vítimas";"Pleno dia";"Crescente";"Ceu Claro";"Simples";"Reta";"Rural";2;0;0;0;2;0;0;2
83521468;"05/12/16";"Segunda";"11:40:00";"PA";316;"1";"BELEM";"Não guardar distância de segurança";"Colisão traseira";"Com Vítimas Feridas";"Pleno dia";"Decrescente";"Ceu Claro";"Dupla";"Reta";"Urbano";3;0;1;0;2;0;1;3
83521469;"05/12/16";"Segunda";"14:00:00";"PR";376;"209";"MANDAGUARI";"Dormindo";"Saída de Pista";"Sem Vítimas";"Pleno dia";"Crescente";"Ceu Claro";"Dupla";"Reta";"Rural";1;0;0;0;1;0;0;1
83521470;"02/12/16";"Sexta";"03:10:00";"GO";153;"504,6";"APARECIDA DE GOIANIA";"Falta de atenção";"Colisão traseira";"Com Vítimas Feridas";"Plena noite";"Crescente";"Chuva";"Dupla";"Reta";"Urbano";3;0;2;1;0;0;3;2
83521471;"04/12/16";"Domingo";"01:00:00";"GO";40;"3";"VALPARAISO DE GOIAS";"Outras";"Colisão traseira";"Com Vítimas Feridas";"Plena noite";"Decrescente";"Nublado";"Dupla";"Reta";"Urbano";3;0;1;0;2;0;1;2
83521473;"05/12/16";"Segunda";"14:50:00";"SP";116;"162,5";"JACAREI";"Defeito na via";"Queda de motocicleta / bicicleta / veículo";"Com Vítimas Feridas";"Pleno dia";"Crescente";"Ceu Claro";"Dupla";"Reta";"Rural";1;0;1;0;0;0;1;1
83521474;"05/12/16";"Segunda";"07:30:00";"PB";230;"33";"BAYEUX";"Não guardar distância de segurança";"Colisão traseira";"Sem Vítimas";"Pleno dia";"Decrescente";"Sol";"Dupla";"Reta";"Urbano";6;0;0;0;6;0;0;6
83521475;"01/12/16";"Quinta";"23:30:00";"PE";101;"175";"GAMELEIRA";"Outras";"Tombamento";"Com Vítimas Feridas";"Plena noite";"Decrescente";"Ceu Claro";"Múltipla";"Reta";"Rural";1;0;1;0;0;0;1;1
83521476;"05/12/16";"Segunda";"13:25:00";"RS";287;"248,2";"SANTA MARIA";"Não guardar distância de segurança";"Colisão traseira";"Com Vítimas Feridas";"Pleno dia";"Decrescente";"Sol";"Simples";"Reta";"Urbano";2;0;1;0;1;0;1;2
83521477;"05/12/16";"Segunda";"12:30:00";"PE";101;"43,2";"IGARASSU";"Falta de atenção";"Colisão lateral";"Sem Vítimas";"Pleno dia";"Crescente";"Sol";"Múltipla";"Reta";"Urbano";2;0;0;0;2;0;0;2
83521478;"05/12/16";"Segunda";"09:05:00";"SC";470;"87,9";"RODEIO";"Outras";"Colisão frontal";"Com Vítimas Fatais";"Pleno dia";"Crescente";"Sol";"Simples";"Reta";"Urbano";2;1;0;1;0;0;1;2
83521479;"05/12/16";"Segunda";"14:10:00";"MG";40;"789,2";"JUIZ DE FORA";"Desobediência à sinalização";"Colisão traseira";"Sem Vítimas";"Pleno dia";"Crescente";"Ceu Claro";"Dupla";"Reta";"Rural";4;0;0;0;4;0;0;2
83521480;"01/12/16";"Quinta";"16:45:00";"MG";381;"533,5";"ITATIAIUCU";"Velocidade incompatível";"Saída de Pista";"Com Vítimas Feridas";"Pleno dia";"Decrescente";"Chuva";"Dupla";"Curva";"Rural";1;0;1;0;0;0;1;1
83521481;"05/12/16";"Segunda";"15:15:00";"CE";116;"374,9";"ICO";"Defeito mecânico em veículo";"Saída de Pista";"Sem Vítimas";"Pleno dia";"Crescente";"Ceu Claro";"Simples";"Reta";"Urbano";1;0;0;0;1;0;0;1
83521483;"05/12/16";"Segunda";"12:30:00";"SC";101;"56,3";"JOINVILLE";"Falta de atenção";"Colisão traseira";"Com Vítimas Fatais";"Pleno dia";"Crescente";"Sol";"Dupla";"Reta";"Urbano";4;3;0;0;1;0;0;2
83521484;"05/12/16";"Segunda";"15:00:00";"PR";476;"129";"CURITIBA";"Outras";"Colisão traseira";"Com Vítimas Feridas";"Pleno dia";"Crescente";"Ceu Claro";"Dupla";"Reta";"Urbano";3;0;1;0;2;0;1;3
83521485;"05/12/16";"Segunda";"14:15:00";"RJ";101;"189";"CASIMIRO DE ABREU";"Falta de atenção";"Colisão com objeto fixo";"Sem Vítimas";"Pleno dia";"Crescente";"Chuva";"Dupla";"Reta";"Rural";1;0;0;0;1;0;0;1
83521486;"04/12/16";"Domingo";"01:00:00";"RO";364;"665";"PORTO VELHO";"Falta de atenção";"Colisão traseira";"Com Vítimas Feridas";"Plena noite";"Crescente";"Chuva";"Simples";"Reta";"Rural";4;0;2;0;2;0;2;2
83521487;"03/12/16";"Sábado";"19:00:00";"SP";116;"191";"SANTA ISABEL";"Outras";"Tombamento";"Sem Vítimas";"Anoitecer";"Decrescente";"Chuva";"Dupla";"Curva";"Rural";1;0;0;0;1;0;0;1
83521488;"01/12/16";"Quinta";"18:45:00";"PB";230;"103,3";"GURINHEM";"Outras";"Colisão com objeto móvel";"Sem Vítimas";"Plena noite";"Decrescente";"Ceu Claro";"Dupla";"Reta";"Rural";1;0;0;0;1;0;0;1
83521489;"05/12/16";"Segunda";"14:45:00";"MT";364;"396";"CUIABA";"Outras";"Colisão lateral";"Sem Vítimas";"Pleno dia";"Crescente";"Ceu Claro";"Simples";"Reta";"Rural";2;0;0;0;2;0;0;2
83521490;"05/12/16";"Segunda";"17:00:00";"PR";163;"343";"GUAIRA";"Falta de atenção";"Colisão Transversal";"Com Vítimas Feridas";"Pleno dia";"Decrescente";"Ceu Claro";"Simples";"Reta";"Rural";2;0;1;0;1;0;1;2
83521491;"05/12/16";"Segunda";"14:30:00";"MG";381;"544";"ITATIAIUCU";"Velocidade incompatível";"Colisão com objeto fixo";"Com Vítimas Feridas";"Pleno dia";"Decrescente";"Chuva";"Dupla";"Curva";"Rural";1;0;1;0;0;0;1;1
83521492;"05/12/16";"Segunda";"08:30:00";"MG";459;"85,7";"CONGONHAL";"Ultrapassagem indevida";"Colisão Transversal";"Com Vítimas Feridas";"Pleno dia";"Decrescente";"Sol";"Simples";"Reta";"Urbano";2;0;0;1;1;0;1;2
83521494;"05/12/16";"Segunda";"06:30:00";"PB";230;"33,7";"BAYEUX";"Não guardar distância de segurança";"Colisão traseira";"Com Vítimas Feridas";"Pleno dia";"Decrescente";"Sol";"Dupla";"Reta";"Urbano";2;0;0;1;1;0;1;2
83521495;"05/12/16";"Segunda";"13:20:00";"MG";381;"747,1";"TRES CORACOES";"Velocidade incompatível";"Colisão com objeto fixo";"Sem Vítimas";"Pleno dia";"Crescente";"Chuva";"Dupla";"Reta";"Rural";1;0;0;0;1;0;0;1
83521496;"05/12/16";"Segunda";"15:50:00";"PR";376;"204,8";"MANDAGUARI";"Falta de atenção";"Colisão Transversal";"Com Vítimas Feridas";"Pleno dia";"Crescente";"Ceu Claro";"Simples";"Reta";"Urbano";2;0;1;0;1;0;1;2
83521497;"03/12/16";"Sábado";"19:30:00";"SP";116;"187";"SANTA ISABEL";"Outras";"Capotamento";"Com Vítimas Feridas";"Anoitecer";"Decrescente";"Chuva";"Dupla";"Curva";"Rural";2;0;1;0;1;0;1;1
83521498;"05/12/16";"Segunda";"13:30:00";"MG";153;"188";"FRUTAL";"Falta de atenção";"Tombamento";"Sem Vítimas";"Pleno dia";"Crescente";"Chuva";"Simples";"Curva";"Rural";1;0;0;0;1;0;0;1
83521499;"05/12/16";"Segunda";"09:50:00";"MG";381;"494,5";"BETIM";"Outras";"Saída de Pista";"Com Vítimas Feridas";"Pleno dia";"Crescente";"Chuva";"Dupla";"Reta";"Urbano";1;0;1;0;0;0;1;1