"id";"data_inversa";"dia_semana";"horario";"uf";"br";"km";"municipio";"causa_acidente";"tipo_acidente";"classificacao_acidente";"fase_dia";"sentido_via";"condicao_metereologica";"tipo_pista";"tracado_via";"uso_solo";"pessoas";"mortos";"feridos_leves";"feridos_graves";"ilesos";"ignorados";"feridos";"veiculos"
83521608;"05/12/16";"Segunda";"18:00:00";"PB";101;"29";"MAMANGUAPE";"Ingestão de álcool";"Colisão lateral";"Com Vítimas Feridas";"Plena noite";"Crescente";"Ceu Claro";"Dupla";"Curva";"Rural";2;0;1;0;1;0;1;2
83521609;"05/12/16";"Segunda";"10:29:00";"GO";153;"337,1";"JARAGUA";"Ultrapassagem indevida";"Colisão frontal";"Com Vítimas Feridas";"Pleno dia";"Decrescente";"Nublado";"Simples";"Reta";"Rural";4;0;2;0;2;0;2;3
83521610;"05/12/16";"Segunda";"19:00:00";"ES";101;"293";"CARIACICA";"Não guardar distância de segurança";"Colisão traseira";"Com Vítimas Feridas";"Plena noite";"Crescente";"Chuva";"Múltipla";"Reta";"Urbano";3;0;2;0;1;0;2;2
83521611;"01/12/16";"Quinta";"16:10:00";"MG";262;"368";"JUATUBA";"Velocidade incompatível";"Colisão com objeto móvel";"Sem Vítimas";"Pleno dia";"Decrescente";"Nublado";"Dupla";"Curva";"Urbano";1;0;0;0;1;0;0;1
83521612;"06/12/16";"Terça";"04:40:00";"RJ";101;"264";"RIO BONITO";"Outras";"Tombamento";"Sem Vítimas";"Amanhecer";"Crescente";"Ceu Claro";"Dupla";"Reta";"Rural";1;0;0;0;1;0;0;1
83521613;"05/12/16";"Segunda";"22:40:00";"GO";40;"7";"VALPARAISO DE GOIAS";"Desobediência à sinalização";"Colisão Transversal";"Com Vítimas Feridas";"Plena noite";"Crescente";"Nublado";"Dupla";"Reta";"Urbano";2;0;1;0;1;0;1;2
83521614;"05/12/16";"Segunda";"12:50:00";"RJ";116;"220";"PIRAI";"Defeito mecânico em veículo";"Colisão com objeto fixo";"Com Vítimas Feridas";"Pleno dia";"Decrescente";"Nublado";"Simples";"Curva";"Rural";1;0;1;0;0;0;1;1
83521615;"05/12/16";"Segunda";"12:05:00";"MG";381;"756,5";"TRES CORACOES";"Outras";"Atropelamento de pessoa";"Com Vítimas Fatais";"Pleno dia";"Crescente";"Nublado";"Dupla";"Curva";"Rural";2;1;0;0;1;0;0;1
83521616;"06/12/16";"Terça";"01:10:00";"MT";70;"590";"POCONE";"Animais na Pista";"Atropelamento de animal";"Sem Vítimas";"Plena noite";"Crescente";"Ceu Claro";"Simples";"Reta";"Rural";1;0;0;0;1;0;0;1
83521617;"05/12/16";"Segunda";"13:00:00";"MG";381;"343";"BELA VISTA DE MINAS";"Velocidade incompatível";"Saída de Pista";"Sem Vítimas";"Pleno dia";"Decrescente";"Chuva";"Simples";"Curva";"Rural";2;0;0;0;2;0;0;1
83521618;"01/12/16";"Quinta";"18:30:00";"PE";232;"270";"SERTANIA";"Falta de atenção";"Colisão traseira";"Sem Vítimas";"Plena noite";"Crescente";"Ceu Claro";"Simples";"Reta";"Rural";2;0;0;0;2;0;0;2
83521619;"05/12/16";"Segunda";"17:50:00";"SP";116;"211";"GUARULHOS";"Falta de atenção";"Atropelamento de pessoa";"Com Vítimas Feridas";"Pleno dia";"Decrescente";"Ceu Claro";"Múltipla";"Reta";"Urbano";2;0;1;0;1;0;1;1
83521620;"05/12/16";"Segunda";"10:30:00";"MG";251;"493,7";"FRANCISCO SA";"Velocidade incompatível";"Saída de Pista";"Sem Vítimas";"Pleno dia";"Crescente";"Chuva";"Simples";"Reta";"Rural";1;0;0;0;1;0;0;1
83521621;"05/12/16";"Segunda";"15:30:00";"MT";163;"532";"DIAMANTINO";"Defeito na via";"Saída de Pista";"Sem Vítimas";"Pleno dia";"Decrescente";"Ceu Claro";"Simples";"Curva";"Rural";1;0;0;0;1;0;0;1
83521622;"05/12/16";"Segunda";"11:45:00";"MG";381;"518";"IGARAPE";"Outras";"Saída de Pista";"Sem Vítimas";"Pleno dia";"Decrescente";"Chuva";"Dupla";"Reta";"Rural";1;0;0;0;1;0;0;1
83521623;"05/12/16";"Segunda";"10:40:00";"MG";381;"510,7";"BETIM";"Outras";"Colisão traseira";"Com Vítimas Feridas";"Pleno dia";"Decrescente";"Chuva";"Múltipla";"Reta";"Urbano";3;0;2;0;1;0;2;2
83521624;"05/12/16";"Segunda";"15:30:00";"MG";381;"195,8";"PERIQUITO";"Defeito mecânico em veículo";"Colisão com objeto móvel";"Sem Vítimas";"Pleno dia";"Crescente";"Nublado";"Simples";"Curva";"Rural";2;0;0;0;2;0;0;2
83521625;"02/12/16";"Sexta";"07:00:00";"DF";70;"19,8";"BRASILIA";"Falta de atenção";"Colisão lateral";"Com Vítimas Feridas";"Pleno dia";"Decrescente";"Ceu Claro";"Dupla";"Curva";"Rural";2;0;1;0;1;0;1;2
83521626;"05/12/16";"Segunda";"23:45:00";"MS";163;"790";"PEDRO GOMES";"Dormindo";"Saída de Pista";"Com Vítimas Feridas";"Plena noite";"Crescente";"Nublado";"Simples";"Reta";"Rural";1;0;1;0;0;0;1;1
83521627;"06/12/16";"Terça";"05:40:00";"RS";290;"721";"URUGUAIANA";"Falta de atenção";"Saída de Pista";"Ignorado";"Plena noite";"Crescente";"Ignorada";"Simples";"Reta";"Urbano";1;0;0;0;0;1;0;1
83521628;"06/12/16";"Terça";"05:30:00";"SP";116;"542,6";"BARRA DO TURVO";"Velocidade incompatível";"Colisão com objeto fixo";"Sem Vítimas";"Amanhecer";"Crescente";"Ceu Claro";"Dupla";"Reta";"Rural";1;0;0;0;1;0;0;1
83521629;"06/12/16";"Terça";"05:15:00";"RJ";40;"123";"DUQUE DE CAXIAS";"Outras";"Atropelamento de pessoa";"Com Vítimas Feridas";"Plena noite";"Crescente";"Nublado";"Múltipla";"Reta";"Urbano";2;0;0;1;0;1;1;1
83521630;"06/12/16";"Terça";"05:35:00";"PR";376;"261,9";"CALIFORNIA";"Outras";"Saída de Pista";"Sem Vítimas";"Pleno dia";"Crescente";"Ceu Claro";"Simples";"Curva";"Rural";1;0;0;0;1;0;0;1
83521631;"03/12/16";"Sábado";"04:45:00";"RS";158;"332,2";"SANTA MARIA";"Defeito mecânico em veículo";"Saída de Pista";"Com Vítimas Feridas";"Plena noite";"Crescente";"Chuva";"Simples";"Reta";"Urbano";4;0;4;0;0;0;4;1
83521632;"05/12/16";"Segunda";"03:30:00";"MG";365;"541";"ROMARIA";"Outras";"Tombamento";"Com Vítimas Feridas";"Plena noite";"Crescente";"Chuva";"Simples";"Reta";"Rural";2;0;2;0;0;0;2;1
83521633;"27/11/16";"Domingo";"20:40:00";"CE";402;"263";"ITAPIPOCA";"Outras";"Colisão traseira";"Sem Vítimas";"Plena noite";"Crescente";"Ceu Claro";"Dupla";"Reta";"Urbano";2;0;0;0;1;1;0;2
83521634;"05/12/16";"Segunda";"10:50:00";"RJ";116;"139";"DUQUE DE CAXIAS";"Outras";"Colisão lateral";"Sem Vítimas";"Pleno dia";"Decrescente";"Nublado";"Dupla";"Reta";"Rural";2;0;0;0;2;0;0;2
83521635;"03/12/16";"Sábado";"15:10:00";"BA";324;"543";"AMELIA RODRIGUES";"Falta de atenção";"Colisão traseira";"Sem Vítimas";"Pleno dia";"Decrescente";"Ceu Claro";"Dupla";"Reta";"Urbano";2;0;0;0;2;0;0;2
83521636;"16/11/16";"Quarta";"08:00:00";"SP";116;"143,2";"SAO JOSE DOS CAMPOS";"Outras";"Tombamento";"Com Vítimas Feridas";"Amanhecer";"Crescente";"Ceu Claro";"Simples";"Reta";"Rural";1;0;1;0;0;0;1;1
83521637;"28/11/16";"Segunda";"05:20:00";"PB";230;"62,1";"CRUZ DO ESPIRITO SANTO";"Outras";"Colisão traseira";"Sem Vítimas";"Amanhecer";"Decrescente";"Ceu Claro";"Dupla";"Reta";"Rural";3;0;0;0;3;0;0;3
83521638;"06/12/16";"Terça";"05:20:00";"RS";470;"177";"VERANOPOLIS";"Não guardar distância de segurança";"Queda de motocicleta / bicicleta / veículo";"Sem Vítimas";"Amanhecer";"Crescente";"Ceu Claro";"Simples";"Curva";"Urbano";2;0;0;0;2;0;0;2
83521639;"05/12/16";"Segunda";"14:00:00";"MG";381;"550,2";"ITAGUARA";"Velocidade incompatível";"Saída de Pista";"Com Vítimas Feridas";"Pleno dia";"Decrescente";"Chuva";"Dupla";"Curva";"Rural";1;0;1;0;0;0;1;1
83521641;"27/11/16";"Domingo";"16:36:00";"DF";20;"19";"BRASILIA";"Outras";"Colisão traseira";"Sem Vítimas";"Pleno dia";"Decrescente";"Chuva";"Dupla";"Reta";"Urbano";2;0;0;0;1;1;0;2
83521643;"06/12/16";"Terça";"07:15:00";"RJ";101;"319";"SAO GONCALO";"Outras";"Colisão lateral";"Com Vítimas Feridas";"Pleno dia";"Crescente";"Ceu Claro";"Dupla";"Reta";"Rural";2;0;1;0;0;1;1;2
83521644;"02/12/16";"Sexta";"22:00:00";"ES";101;"399";"RIO NOVO DO SUL";"Defeito mecânico em veículo";"Colisão traseira";"Sem Vítimas";"Plena noite";"Crescente";"Chuva";"Dupla";"Reta";"Rural";2;0;0;0;2;0;0;2
83521645;"03/12/16";"Sábado";"07:35:00";"PR";277;"624,7";"CEU AZUL";"Falta de atenção";"Colisão traseira";"Sem Vítimas";"Amanhecer";"Crescente";"Chuva";"Simples";"Curva";"Rural";4;0;0;0;4;0;0;2
83521646;"02/12/16";"Sexta";"07:06:00";"DF";20;"8";"BRASILIA";"Falta de atenção";"Colisão com objeto fixo";"Com Vítimas Feridas";"Pleno dia";"Decrescente";"Nublado";"Dupla";"Reta";"Urbano";2;0;1;0;1;0;1;1
83521647;"04/12/16";"Domingo";"20:20:00";"PR";280;"268";"MARMELEIRO";"Velocidade incompatível";"Saída de Pista";"Com Vítimas Feridas";"Plena noite";"Decrescente";"Ceu Claro";"Simples";"Curva";"Rural";1;0;1;0;0;0;1;1
83521648;"06/12/16";"Terça";"07:00:00";"RN";226;"134";"CAMPO REDONDO";"Outras";"Colisão Transversal";"Com Vítimas Feridas";"Pleno dia";"Decrescente";"Nublado";"Simples";"Reta";"Urbano";2;0;0;2;0;0;2;2
83521649;"24/11/16";"Quinta";"08:15:00";"CE";116;"23";"ITAITINGA";"Outras";"Colisão Transversal";"Com Vítimas Feridas";"Pleno dia";"Decrescente";"Ceu Claro";"Dupla";"Reta";"Urbano";3;0;2;1;0;0;3;2
83521650;"08/08/16";"Segunda";"23:00:00";"ES";101;"255";"SERRA";"Falta de atenção";"Colisão lateral";"Com Vítimas Feridas";"Plena noite";"Decrescente";"Ceu Claro";"Múltipla";"Reta";"Urbano";2;0;1;0;1;0;1;2
83521651;"04/12/16";"Domingo";"19:45:00";"PA";316;"125";"SANTA MARIA DO PARA";"Outras";"Colisão frontal";"Com Vítimas Feridas";"Plena noite";"Decrescente";"Ceu Claro";"Simples";"Reta";"Rural";2;0;1;1;0;0;2;2
83521652;"02/12/16";"Sexta";"16:29:00";"PE";101;"95";"CABO DE SANTO AGOSTINHO";"Falta de atenção";"Colisão Transversal";"Com Vítimas Feridas";"Pleno dia";"Crescente";"Ceu Claro";"Simples";"Reta";"Urbano";2;0;1;0;1;0;1;2
83521653;"01/12/16";"Quinta";"16:06:00";"PA";308;"216";"BRAGANCA";"Falta de atenção";"Atropelamento de pessoa";"Com Vítimas Feridas";"Pleno dia";"Decrescente";"Ceu Claro";"Simples";"Reta";"Rural";2;0;2;0;0;0;2;1
83521654;"04/12/16";"Domingo";"09:30:00";"SC";282;"390,8";"JOACABA";"Outras";"Saída de Pista";"Sem Vítimas";"Amanhecer";"Decrescente";"Chuva";"Simples";"Curva";"Rural";1;0;0;0;1;0;0;1
83521655;"03/12/16";"Sábado";"19:00:00";"MG";381;"416";"NOVA UNIAO";"Velocidade incompatível";"Colisão frontal";"Com Vítimas Feridas";"Anoitecer";"Crescente";"Chuva";"Simples";"Curva";"Rural";2;0;0;1;1;0;1;2
83521656;"06/12/16";"Terça";"07:45:00";"RS";158;"326,6";"SANTA MARIA";"Falta de atenção";"Colisão traseira";"Com Vítimas Feridas";"Pleno dia";"Crescente";"Sol";"Simples";"Reta";"Urbano";2;0;1;0;1;0;1;2
83521657;"03/12/16";"Sábado";"01:50:00";"MG";40;"789,7";"JUIZ DE FORA";"Animais na Pista";"Atropelamento de animal";"Sem Vítimas";"Plena noite";"Crescente";"Ceu Claro";"Simples";"Reta";"Rural";3;0;0;0;3;0;0;1
83521658;"06/12/16";"Terça";"07:30:00";"RJ";393;"178";"PARAIBA DO SUL";"Velocidade incompatível";"Atropelamento de pessoa";"Com Vítimas Feridas";"Pleno dia";"Decrescente";"Ceu Claro";"Simples";"Reta";"Urbano";2;0;1;1;0;0;2;1
83521659;"06/11/16";"Domingo";"21:00:00";"PR";369;"245";"BOM SUCESSO";"Outras";"Colisão traseira";"Com Vítimas Feridas";"Plena noite";"Crescente";"Ignorada";"Simples";"Reta";"Rural";2;0;0;1;0;1;1;2
83521660;"12/11/16";"Sábado";"10:55:00";"SP";381;"56,3";"MAIRIPORA";"Falta de atenção";"Colisão traseira";"Sem Vítimas";"Pleno dia";"Decrescente";"Chuva";"Dupla";"Reta";"Urbano";5;0;0;0;5;0;0;5
83521661;"02/12/16";"Sexta";"12:00:00";"BA";101;"221";"CRUZ DAS ALMAS";"Não guardar distância de segurança";"Colisão traseira";"Sem Vítimas";"Pleno dia";"Crescente";"Ceu Claro";"Simples";"Reta";"Rural";6;0;0;0;6;0;0;2
83521662;"01/12/16";"Quinta";"07:00:00";"SP";116;"226,7";"GUARULHOS";"Não guardar distância de segurança";"Colisão lateral";"Com Vítimas Feridas";"Amanhecer";"Crescente";"Nublado";"Múltipla";"Reta";"Urbano";2;0;1;0;1;0;1;2
83521663;"30/08/16";"Terça";"22:40:00";"SP";116;"231";"SAO PAULO";"Velocidade incompatível";"Colisão lateral";"Sem Vítimas";"Plena noite";"Crescente";"Nublado";"Múltipla";"Reta";"Urbano";2;0;0;0;2;0;0;2
83521664;"06/12/16";"Terça";"06:10:00";"DF";70;"4";"BRASILIA";"Falta de atenção";"Colisão com bicicleta";"Com Vítimas Feridas";"Plena noite";"Decrescente";"Nublado";"Simples";"Reta";"Urbano";2;0;1;0;1;0;1;2
83521665;"06/12/16";"Terça";"07:40:00";"ES";101;"260,9";"SERRA";"Outras";"Saída de Pista";"Sem Vítimas";"Pleno dia";"Crescente";"Nublado";"Simples";"Curva";"Urbano";1;0;0;0;1;0;0;1
83521666;"02/12/16";"Sexta";"07:40:00";"MG";381;"343";"BELA VISTA DE MINAS";"Velocidade incompatível";"Colisão frontal";"Com Vítimas Feridas";"Pleno dia";"Crescente";"Nublado";"Simples";"Curva";"Rural";2;0;1;0;1;0;1;2
83521667;"03/12/16";"Sábado";"01:50:00";"BA";116;"742,8";"POCOES";"Defeito mecânico em veículo";"Saída de Pista";"Sem Vítimas";"Plena noite";"Decrescente";"Nublado";"Simples";"Reta";"Rural";1;0;0;0;1;0;0;1
83521668;"06/12/16";"Terça";"02:30:00";"MT";364;"447";"VARZEA GRANDE";"Velocidade incompatível";"Colisão frontal";"Com Vítimas Fatais";"Plena noite";"Crescente";"Ceu Claro";"Simples";"Reta";"Rural";2;1;0;0;1;0;0;2
83521669;"05/12/16";"Segunda";"21:00:00";"PB";230;"414,5";"POMBAL";"Velocidade incompatível";"Colisão Transversal";"Com Vítimas Feridas";"Plena noite";"Decrescente";"Ceu Claro";"Simples";"Reta";"Rural";4;0;3;1;0;0;4;2
83521670;"26/11/16";"Sábado";"21:00:00";"MG";153;"105";"PRATA";"Falta de atenção";"Colisão com bicicleta";"Com Vítimas Feridas";"Plena noite";"Crescente";"Nublado";"Simples";"Reta";"Rural";2;0;1;0;0;1;1;2
83521671;"06/12/16";"Terça";"08:20:00";"RJ";116;"93";"GUAPIMIRIM";"Outras";"Colisão com objeto fixo";"Sem Vítimas";"Pleno dia";"Crescente";"Ceu Claro";"Simples";"Curva";"Rural";1;0;0;0;1;0;0;1
83521672;"03/12/16";"Sábado";"04:20:00";"MG";381;"487";"BETIM";"Falta de atenção";"Colisão lateral";"Com Vítimas Feridas";"Plena noite";"Crescente";"Ignorada";"Dupla";"Reta";"Urbano";3;0;2;0;0;1;2;2
83521673;"06/12/16";"Terça";"07:00:00";"RS";290;"684";"URUGUAIANA";"Defeito na via";"Saída de Pista";"Com Vítimas Feridas";"Amanhecer";"Decrescente";"Ceu Claro";"Simples";"Reta";"Rural";1;0;1;0;0;0;1;1
83521675;"04/11/16";"Sexta";"07:00:00";"CE";222;"14";"CAUCAIA";"Falta de atenção";"Colisão lateral";"Com Vítimas Feridas";"Pleno dia";"Decrescente";"Sol";"Simples";"Reta";"Urbano";2;0;0;1;1;0;1;2
83521676;"25/11/16";"Sexta";"11:30:00";"SP";459;"22";"LORENA";"Velocidade incompatível";"Queda de motocicleta / bicicleta / veículo";"Com Vítimas Feridas";"Pleno dia";"Crescente";"Ceu Claro";"Simples";"Curva";"Rural";1;0;1;0;0;0;1;1
83521677;"06/12/16";"Terça";"08:40:00";"PR";277;"9,8";"PARANAGUA";"Velocidade incompatível";"Capotamento";"Com Vítimas Feridas";"Pleno dia";"Decrescente";"Sol";"Dupla";"Reta";"Rural";1;0;1;0;0;0;1;1
83521678;"03/12/16";"Sábado";"06:30:00";"CE";20;"319,5";"CANINDE";"Ultrapassagem indevida";"Colisão frontal";"Com Vítimas Feridas";"Pleno dia";"Crescente";"Ceu Claro";"Simples";"Reta";"Rural";5;0;5;0;0;0;5;2
83521679;"06/12/16";"Terça";"09:30:00";"SC";116;"192,6";"PONTE ALTA";"Ultrapassagem indevida";"Colisão lateral";"Sem Vítimas";"Pleno dia";"Decrescente";"Ceu Claro";"Simples";"Reta";"Rural";2;0;0;0;2;0;0;2
83521680;"06/12/16";"Terça";"08:30:00";"RS";285;"671,2";"SAO BORJA";"Desobediência à sinalização";"Colisão Transversal";"Com Vítimas Feridas";"Pleno dia";"Crescente";"Ceu Claro";"Simples";"Curva";"Urbano";2;0;1;0;1;0;1;2
83521681;"29/11/16";"Terça";"06:50:00";"RJ";393;"274";"BARRA DO PIRAI";"Defeito mecânico em veículo";"Saída de Pista";"Com Vítimas Feridas";"Pleno dia";"Decrescente";"Chuva";"Simples";"Curva";"Rural";1;0;1;0;0;0;1;1
83521682;"06/12/16";"Terça";"04:25:00";"SP";116;"103";"PINDAMONHANGABA";"Não guardar distância de segurança";"Colisão traseira";"Com Vítimas Fatais";"Plena noite";"Decrescente";"Ceu Claro";"Dupla";"Reta";"Rural";5;1;3;0;1;0;3;2
83521683;"03/12/16";"Sábado";"05:10:00";"MG";40;"739,2";"SANTOS DUMONT";"Velocidade incompatível";"Saída de Pista";"Ignorado";"Plena noite";"Crescente";"Ceu Claro";"Dupla";"Curva";"Rural";1;0;0;0;0;1;0;1
83521684;"06/12/16";"Terça";"09:10:00";"PE";232;"5,5";"RECIFE";"Falta de atenção";"Colisão traseira";"Com Vítimas Feridas";"Pleno dia";"Crescente";"Sol";"Dupla";"Reta";"Urbano";2;0;1;0;1;0;1;2
83521685;"26/11/16";"Sábado";"09:30:00";"MG";153;"1";"ARAPORA";"Falta de atenção";"Colisão Transversal";"Sem Vítimas";"Plena noite";"Decrescente";"Ceu Claro";"Dupla";"Reta";"Urbano";2;0;0;0;2;0;0;2
83521686;"06/12/16";"Terça";"07:45:00";"PR";277;"349,7";"GUARAPUAVA";"Outras";"Queda de motocicleta / bicicleta / veículo";"Com Vítimas Feridas";"Pleno dia";"Crescente";"Sol";"Simples";"Reta";"Urbano";2;0;0;1;1;0;1;2
83521687;"04/12/16";"Domingo";"19:00:00";"PA";230;"111";"MARABA";"Falta de atenção";"Colisão traseira";"Com Vítimas Feridas";"Plena noite";"Decrescente";"Nublado";"Simples";"Reta";"Rural";2;0;2;0;0;0;2;2
83521688;"06/12/16";"Terça";"10:30:00";"MG";381;"510";"IGARAPE";"Outras";"Queda de motocicleta / bicicleta / veículo";"Com Vítimas Feridas";"Pleno dia";"Decrescente";"Ceu Claro";"Dupla";"Reta";"Urbano";1;0;1;0;0;0;1;1
83521689;"06/12/16";"Terça";"08:00:00";"MG";116;"15,7";"CACHOEIRA DE PAJEU";"Outras";"Atropelamento de pessoa";"Com Vítimas Feridas";"Amanhecer";"Decrescente";"Nublado";"Simples";"Reta";"Rural";2;0;0;1;1;0;1;1
83521690;"08/10/16";"Sábado";"18:45:00";"RR";174;"518";"BOA VISTA";"Falta de atenção";"Colisão traseira";"Com Vítimas Feridas";"Anoitecer";"Decrescente";"Ceu Claro";"Simples";"Reta";"Rural";4;0;2;1;1;0;3;2
83521691;"05/12/16";"Segunda";"22:35:00";"CE";222;"11";"CAUCAIA";"Falta de atenção";"Atropelamento de animal";"Sem Vítimas";"Plena noite";"Crescente";"Ceu Claro";"Dupla";"Reta";"Urbano";3;0;0;0;3;0;0;1
83521692;"06/12/16";"Terça";"08:10:00";"SC";101;"201";"SAO JOSE";"Falta de atenção";"Colisão lateral";"Com Vítimas Feridas";"Pleno dia";"Crescente";"Ceu Claro";"Dupla";"Reta";"Urbano";2;0;1;0;1;0;1;2
83521694;"21/11/16";"Segunda";"18:10:00";"PA";316;"15";"MARITUBA";"Não guardar distância de segurança";"Colisão traseira";"Sem Vítimas";"Plena noite";"Decrescente";"Nublado";"Dupla";"Curva";"Urbano";2;0;0;0;1;1;0;2
83521695;"02/12/16";"Sexta";"04:00:00";"ES";101;"284,9";"CARIACICA";"Dormindo";"Colisão traseira";"Com Vítimas Feridas";"Plena noite";"Crescente";"Ceu Claro";"Dupla";"Reta";"Urbano";2;0;1;0;0;1;1;2
83521696;"03/12/16";"Sábado";"04:30:00";"MG";381;"718,2";"CARMO DA CACHOEIRA";"Ingestão de álcool";"Tombamento";"Sem Vítimas";"Plena noite";"Crescente";"Nublado";"Dupla";"Reta";"Rural";1;0;0;0;1;0;0;1
83521697;"06/12/16";"Terça";"12:00:00";"RJ";116;"127";"MAGE";"Outras";"Queda de motocicleta / bicicleta / veículo";"Com Vítimas Feridas";"Pleno dia";"Crescente";"Sol";"Dupla";"Curva";"Rural";1;0;1;0;0;0;1;1
83521698;"04/12/16";"Domingo";"09:50:00";"BA";116;"424,8";"FEIRA DE SANTANA";"Ingestão de álcool";"Colisão Transversal";"Com Vítimas Feridas";"Pleno dia";"Decrescente";"Ceu Claro";"Simples";"Reta";"Urbano";3;0;0;2;1;0;2;2
83521699;"06/12/16";"Terça";"08:20:00";"SP";381;"25,5";"ATIBAIA";"Falta de atenção";"Capotamento";"Sem Vítimas";"Pleno dia";"Crescente";"Sol";"Dupla";"Reta";"Urbano";1;0;0;0;1;0;0;1
83521700;"02/12/16";"Sexta";"08:07:00";"GO";40;"0,5";"VALPARAISO DE GOIAS";"Falta de atenção";"Colisão lateral";"Com Vítimas Feridas";"Pleno dia";"Decrescente";"Ceu Claro";"Simples";"Reta";"Urbano";2;0;1;0;1;0;1;2
83521701;"02/12/16";"Sexta";"15:20:00";"GO";414;"330";"COCALZINHO DE GOIAS";"Outras";"Saída de Pista";"Com Vítimas Feridas";"Plena noite";"Crescente";"Nublado";"Simples";"Reta";"Rural";2;0;2;0;0;0;2;1
83521702;"06/12/16";"Terça";"08:00:00";"RJ";101;"312";"SAO GONCALO";"Outras";"Colisão traseira";"Com Vítimas Feridas";"Pleno dia";"Crescente";"Ceu Claro";"Dupla";"Reta";"Urbano";2;0;1;0;1;0;1;2
83521703;"06/12/16";"Terça";"10:15:00";"SC";116;"246,9";"LAGES";"Falta de atenção";"Colisão traseira";"Sem Vítimas";"Pleno dia";"Crescente";"Ceu Claro";"Simples";"Cruzamento";"Urbano";2;0;0;0;2;0;0;2
83521704;"06/12/16";"Terça";"07:30:00";"GO";60;"196,4";"GUAPO";"Outras";"Saída de Pista";"Com Vítimas Feridas";"Pleno dia";"Crescente";"Sol";"Dupla";"Curva";"Rural";2;0;1;1;0;0;2;1
83521705;"06/12/16";"Terça";"08:40:00";"CE";116;"1";"FORTALEZA";"Desobediência à sinalização";"Colisão lateral";"Com Vítimas Feridas";"Pleno dia";"Decrescente";"Nublado";"Dupla";"Reta";"Urbano";2;0;1;0;0;1;1;2
83521707;"04/12/16";"Domingo";"05:27:00";"SC";470;"58,1";"BLUMENAU";"Ingestão de álcool";"Colisão frontal";"Com Vítimas Feridas";"Amanhecer";"Decrescente";"Nublado";"Simples";"Curva";"Urbano";2;0;0;1;1;0;1;2
83521708;"04/12/16";"Domingo";"22:00:00";"PA";230;"115";"MARABA";"Falta de atenção";"Colisão traseira";"Com Vítimas Feridas";"Plena noite";"Crescente";"Ceu Claro";"Dupla";"Reta";"Urbano";3;0;1;2;0;0;3;2
83521709;"06/12/16";"Terça";"11:30:00";"DF";70;"11,2";"BRASILIA";"Falta de atenção";"Colisão traseira";"Sem Vítimas";"Pleno dia";"Decrescente";"Nublado";"Dupla";"Reta";"Urbano";2;0;0;0;2;0;0;2
83521710;"09/10/16";"Domingo";"04:00:00";"PR";476;"140,8";"CURITIBA";"Ingestão de álcool";"Colisão lateral";"Com Vítimas Feridas";"Plena noite";"Decrescente";"Ceu Claro";"Múltipla";"Reta";"Urbano";3;0;2;0;1;0;2;2
83521711;"29/11/16";"Terça";"06:25:00";"GO";153;"398";"PIRENOPOLIS";"Outras";"Colisão traseira";"Sem Vítimas";"Amanhecer";"Decrescente";"Nublado";"Simples";"Reta";"Rural";2;0;0;0;2;0;0;2
83521712;"05/12/16";"Segunda";"05:20:00";"MG";40;"121,1";"JOAO PINHEIRO";"Animais na Pista";"Atropelamento de animal";"Com Vítimas Feridas";"Plena noite";"Decrescente";"Nublado";"Simples";"Reta";"Rural";2;0;0;1;0;1;1;2
83521713;"06/12/16";"Terça";"07:35:00";"DF";70;"5";"BRASILIA";"Falta de atenção";"Colisão traseira";"Sem Vítimas";"Pleno dia";"Decrescente";"Ceu Claro";"Dupla";"Reta";"Rural";3;0;0;0;3;0;0;2
83521714;"06/12/16";"Terça";"13:10:00";"MG";267;"120,9";"JUIZ DE FORA";"Defeito mecânico em veículo";"Colisão traseira";"Sem Vítimas";"Pleno dia";"Decrescente";"Sol";"Simples";"Curva";"Urbano";2;0;0;0;2;0;0;2
83521715;"06/12/16";"Terça";"11:40:00";"RJ";40;"31";"AREAL";"Outras";"Tombamento";"Com Vítimas Feridas";"Plena noite";"Decrescente";"Ceu Claro";"Dupla";"Curva";"Urbano";1;0;1;0;0;0;1;1
83521716;"06/12/16";"Terça";"08:50:00";"BA";324;"582";"CANDEIAS";"Velocidade incompatível";"Capotamento";"Com Vítimas Feridas";"Pleno dia";"Crescente";"Ceu Claro";"Dupla";"Reta";"Rural";4;0;3;1;0;0;4;1
83521717;"06/12/16";"Terça";"06:50:00";"SC";282;"1";"FLORIANOPOLIS";"Outras";"Colisão traseira";"Com Vítimas Feridas";"Amanhecer";"Decrescente";"Ceu Claro";"Dupla";"Reta";"Urbano";3;0;3;0;0;0;3;2
83521718;"03/12/16";"Sábado";"01:20:00";"RS";158;"257,3";"JULIO DE CASTILHOS";"Ingestão de álcool";"Saída de Pista";"Com Vítimas Feridas";"Plena noite";"Crescente";"Nublado";"Simples";"Reta";"Rural";5;0;5;0;0;0;5;1
83521719;"03/12/16";"Sábado";"12:45:00";"MG";262;"590,2";"CAMPOS ALTOS";"Velocidade incompatível";"Capotamento";"Sem Vítimas";"Pleno dia";"Crescente";"Chuva";"Simples";"Curva";"Rural";3;0;0;0;3;0;0;1
83521720;"06/12/16";"Terça";"12:50:00";"PR";373;"200,4";"IPIRANGA";"Dormindo";"Capotamento";"Com Vítimas Feridas";"Pleno dia";"Decrescente";"Ceu Claro";"Simples";"Reta";"Rural";1;0;1;0;0;0;1;1