"id";"data_inversa";"dia_semana";"horario";"uf";"br";"km";"municipio";"causa_acidente";"tipo_acidente";"classificacao_acidente";"fase_dia";"sentido_via";"condicao_metereologica";"tipo_pista";"tracado_via";"uso_solo";"pessoas";"mortos";"feridos_leves";"feridos_graves";"ilesos";"ignorados";"feridos";"veiculos"
83521722;"06/12/16";"Terça";"08:20:00";"RS";290;"100";"PORTO ALEGRE";"Animais na Pista";"Queda de motocicleta / bicicleta / veículo";"Com Vítimas Feridas";"Pleno dia";"Decrescente";"Ceu Claro";"Dupla";"Reta";"Urbano";1;0;1;0;0;0;1;1
83521723;"01/12/16";"Quinta";"16:30:00";"AL";101;"198,4";"SAO SEBASTIAO";"Velocidade incompatível";"Capotamento";"Com Vítimas Feridas";"Pleno dia";"Crescente";"Ceu Claro";"Dupla";"Curva";"Rural";1;0;1;0;0;0;1;1
83521724;"06/12/16";"Terça";"08:30:00";"RS";158;"211,8";"CRUZ ALTA";"Ultrapassagem indevida";"Colisão lateral";"Com Vítimas Feridas";"Pleno dia";"Crescente";"Sol";"Simples";"Reta";"Rural";3;0;2;0;1;0;2;2
83521725;"02/12/16";"Sexta";"22:40:00";"PI";316;"231";"INHUMA";"Animais na Pista";"Atropelamento de animal";"Sem Vítimas";"Plena noite";"Decrescente";"Ceu Claro";"Simples";"Reta";"Rural";4;0;0;0;4;0;0;1
83521726;"06/12/16";"Terça";"08:40:00";"PR";116;"127";"FAZENDA RIO GRANDE";"Falta de atenção";"Queda de motocicleta / bicicleta / veículo";"Com Vítimas Feridas";"Pleno dia";"Decrescente";"Sol";"Múltipla";"Reta";"Urbano";2;0;1;0;1;0;1;1
83521727;"05/12/16";"Segunda";"05:00:00";"RS";472;"477";"ITAQUI";"Animais na Pista";"Atropelamento de animal";"Com Vítimas Feridas";"Plena noite";"Crescente";"Ignorada";"Simples";"Reta";"Rural";3;0;1;0;2;0;1;1
83521728;"06/12/16";"Terça";"13:15:00";"MT";364;"379";"CUIABA";"Não guardar distância de segurança";"Colisão traseira";"Com Vítimas Feridas";"Pleno dia";"Crescente";"Ceu Claro";"Simples";"Reta";"Rural";5;0;1;0;3;1;1;2
83521729;"06/12/16";"Terça";"12:50:00";"SC";470;"56,5";"BLUMENAU";"Falta de atenção";"Colisão Transversal";"Com Vítimas Feridas";"Pleno dia";"Crescente";"Ceu Claro";"Simples";"Cruzamento";"Urbano";2;0;1;0;1;0;1;2
83521730;"06/12/16";"Terça";"11:10:00";"RS";480;"73";"ERECHIM";"Desobediência à sinalização";"Colisão Transversal";"Sem Vítimas";"Pleno dia";"Crescente";"Ceu Claro";"Simples";"Cruzamento";"Urbano";2;0;0;0;2;0;0;2
83521731;"06/12/16";"Terça";"14:15:00";"RS";116;"230";"IVOTI";"Falta de atenção";"Colisão traseira";"Com Vítimas Feridas";"Pleno dia";"Decrescente";"Ceu Claro";"Simples";"Reta";"Rural";2;0;1;0;1;0;1;2
83521732;"05/12/16";"Segunda";"20:30:00";"MT";70;"210";"PRIMAVERA DO LESTE";"Outras";"Colisão com objeto móvel";"Sem Vítimas";"Plena noite";"Crescente";"Ceu Claro";"Simples";"Reta";"Rural";2;0;0;0;2;0;0;1
83521734;"26/11/16";"Sábado";"19:30:00";"CE";222;"25";"CAUCAIA";"Defeito mecânico em veículo";"Colisão lateral";"Com Vítimas Feridas";"Pleno dia";"Crescente";"Ceu Claro";"Simples";"Reta";"Rural";2;0;1;0;1;0;1;2
83521735;"06/12/16";"Terça";"12:00:00";"BA";407;"126";"SENHOR DO BONFIM";"Falta de atenção";"Colisão lateral";"Com Vítimas Feridas";"Pleno dia";"Decrescente";"Sol";"Simples";"Reta";"Urbano";2;0;2;0;0;0;2;2
83521736;"06/12/16";"Terça";"10:00:00";"RN";226;"6,7";"NATAL";"Falta de atenção";"Colisão frontal";"Com Vítimas Feridas";"Pleno dia";"Crescente";"Nublado";"Simples";"Reta";"Urbano";5;0;3;1;1;0;4;2
83521737;"06/12/16";"Terça";"12:45:00";"MG";354;"753";"ITAMONTE";"Desobediência à sinalização";"Colisão traseira";"Com Vítimas Feridas";"Pleno dia";"Crescente";"Sol";"Simples";"Reta";"Urbano";2;0;1;0;1;0;1;2
83521738;"06/12/16";"Terça";"09:45:00";"GO";153;"503";"GOIANIA";"Não guardar distância de segurança";"Colisão traseira";"Sem Vítimas";"Pleno dia";"Crescente";"Nublado";"Dupla";"Reta";"Urbano";2;0;0;0;2;0;0;2
83521739;"26/11/16";"Sábado";"07:00:00";"PR";376;"673,5";"GUARATUBA";"Velocidade incompatível";"Colisão com objeto fixo";"Sem Vítimas";"Pleno dia";"Decrescente";"Ceu Claro";"Simples";"Curva";"Rural";3;0;0;0;3;0;0;1
83521741;"06/12/16";"Terça";"14:05:00";"SC";116;"219,8";"CORREIA PINTO";"Falta de atenção";"Atropelamento de pessoa";"Com Vítimas Feridas";"Pleno dia";"Crescente";"Sol";"Simples";"Reta";"Urbano";2;0;0;2;0;0;2;1
83521742;"06/12/16";"Terça";"13:50:00";"ES";101;"322,4";"GUARAPARI";"Desobediência à sinalização";"Capotamento";"Com Vítimas Feridas";"Pleno dia";"Crescente";"Nublado";"Simples";"Reta";"Rural";2;0;1;0;1;0;1;2
83521743;"06/12/16";"Terça";"14:18:00";"PA";163;"998";"SANTAREM";"Falta de atenção";"Colisão Transversal";"Com Vítimas Feridas";"Pleno dia";"Crescente";"Ceu Claro";"Simples";"Reta";"Rural";2;0;1;0;1;0;1;2
83521744;"06/12/16";"Terça";"05:30:00";"MT";163;"906";"CLAUDIA";"Animais na Pista";"Atropelamento de animal";"Sem Vítimas";"Amanhecer";"Decrescente";"Ceu Claro";"Simples";"Reta";"Rural";2;0;0;0;2;0;0;2
83521745;"28/11/16";"Segunda";"21:00:00";"BA";324;"572";"SAO SEBASTIAO DO PASSE";"Outras";"Capotamento";"Sem Vítimas";"Plena noite";"Crescente";"Nublado";"Dupla";"Reta";"Rural";1;0;0;0;1;0;0;1
83521746;"03/12/16";"Sábado";"21:00:00";"SC";101;"166";"TIJUCAS";"Falta de atenção";"Saída de Pista";"Sem Vítimas";"Plena noite";"Decrescente";"Chuva";"Dupla";"Reta";"Rural";1;0;0;0;1;0;0;1
83521747;"03/12/16";"Sábado";"07:30:00";"PR";277;"624,7";"CEU AZUL";"Outras";"Saída de Pista";"Com Vítimas Feridas";"Amanhecer";"Crescente";"Chuva";"Simples";"Curva";"Rural";5;0;2;2;1;0;4;1
83521748;"06/12/16";"Terça";"14:30:00";"ES";262;"0,1";"CARIACICA";"Velocidade incompatível";"Capotamento";"Com Vítimas Feridas";"Pleno dia";"Decrescente";"Ceu Claro";"Dupla";"Reta";"Urbano";1;0;1;0;0;0;1;1
83521749;"06/12/16";"Terça";"08:00:00";"RO";364;"242";"CACOAL";"Desobediência à sinalização";"Colisão Transversal";"Com Vítimas Feridas";"Pleno dia";"Crescente";"Ceu Claro";"Simples";"Reta";"Urbano";3;0;1;0;2;0;1;2
83521750;"05/12/16";"Segunda";"18:00:00";"PE";316;"16,5";"ARARIPINA";"Outras";"Atropelamento de pessoa";"Com Vítimas Feridas";"Plena noite";"Decrescente";"Ceu Claro";"Simples";"Reta";"Rural";2;0;0;2;0;0;2;1
83521751;"06/12/16";"Terça";"10:40:00";"MA";10;"253";"IMPERATRIZ";"Falta de atenção";"Colisão traseira";"Com Vítimas Feridas";"Pleno dia";"Crescente";"Ceu Claro";"Múltipla";"Reta";"Urbano";3;0;1;0;2;0;1;2
83521753;"01/12/16";"Quinta";"14:50:00";"SC";116;"294,4";"CAPAO ALTO";"Ingestão de álcool";"Colisão traseira";"Com Vítimas Feridas";"Pleno dia";"Crescente";"Ceu Claro";"Simples";"Reta";"Urbano";2;0;0;1;1;0;1;2
83521755;"03/12/16";"Sábado";"20:50:00";"BA";324;"550";"AMELIA RODRIGUES";"Outras";"Saída de Pista";"Com Vítimas Feridas";"Plena noite";"Crescente";"Ceu Claro";"Dupla";"Reta";"Rural";1;0;1;0;0;0;1;1
83521756;"06/12/16";"Terça";"12:15:00";"SP";381;"67,3";"MAIRIPORA";"Outras";"Colisão com objeto fixo";"Sem Vítimas";"Pleno dia";"Crescente";"Ceu Claro";"Dupla";"Reta";"Urbano";1;0;0;0;1;0;0;1
83521757;"06/12/16";"Terça";"13:35:00";"PI";316;"19,6";"TERESINA";"Defeito mecânico em veículo";"Tombamento";"Com Vítimas Feridas";"Pleno dia";"Decrescente";"Ceu Claro";"Simples";"Reta";"Rural";2;0;1;1;0;0;2;1
83521758;"06/12/16";"Terça";"11:20:00";"RO";364;"234,2";"CACOAL";"Falta de atenção";"Colisão lateral";"Com Vítimas Feridas";"Pleno dia";"Decrescente";"Sol";"Simples";"Curva";"Urbano";2;0;2;0;0;0;2;2
83521759;"23/11/16";"Quarta";"01:00:00";"MG";135;"603";"CURVELO";"Velocidade incompatível";"Derramamento de Carga";"Sem Vítimas";"Plena noite";"Crescente";"Chuva";"Simples";"Reta";"Rural";4;0;0;0;4;0;0;4
83521760;"03/12/16";"Sábado";"19:30:00";"SC";101;"226,7";"PALHOCA";"Velocidade incompatível";"Saída de Pista";"Com Vítimas Feridas";"Plena noite";"Decrescente";"Chuva";"Dupla";"Reta";"Urbano";2;0;1;1;0;0;2;1
83521761;"06/12/16";"Terça";"15:30:00";"RJ";101;"471";"ANGRA DOS REIS";"Outras";"Saída de Pista";"Com Vítimas Feridas";"Pleno dia";"Crescente";"Sol";"Simples";"Reta";"Urbano";1;0;0;1;0;0;1;1
83521762;"06/12/16";"Terça";"13:30:00";"RS";287;"399";"SANTIAGO";"Desobediência à sinalização";"Colisão Transversal";"Com Vítimas Feridas";"Pleno dia";"Crescente";"Ceu Claro";"Simples";"Reta";"Urbano";2;0;1;0;1;0;1;2
83521763;"06/12/16";"Terça";"13:00:00";"PI";343;"2,8";"TERESINA";"Falta de atenção";"Colisão lateral";"Sem Vítimas";"Pleno dia";"Crescente";"Ceu Claro";"Dupla";"Cruzamento";"Urbano";2;0;0;0;2;0;0;2
83521764;"20/11/16";"Domingo";"20:00:00";"MA";226;"554,7";"PORTO FRANCO";"Outras";"Capotamento";"Ignorado";"Plena noite";"Crescente";"Chuva";"Simples";"Curva";"Rural";1;0;0;0;0;1;0;1
83521765;"06/12/16";"Terça";"14:40:00";"SC";470;"61,9";"BLUMENAU";"Falta de atenção";"Colisão traseira";"Com Vítimas Feridas";"Pleno dia";"Decrescente";"Ceu Claro";"Simples";"Reta";"Rural";3;0;1;0;2;0;1;2
83521766;"06/12/16";"Terça";"14:00:00";"SE";101;"91";"NOSSA SENHORA DO SOCORRO";"Defeito mecânico em veículo";"Capotamento";"Com Vítimas Feridas";"Pleno dia";"Crescente";"Ceu Claro";"Dupla";"Reta";"Urbano";2;0;1;1;0;0;2;1
83521768;"06/12/16";"Terça";"16:15:00";"SC";282;"507,2";"XANXERE";"Outras";"Derramamento de Carga";"Sem Vítimas";"Pleno dia";"Decrescente";"Ceu Claro";"Dupla";"Reta";"Urbano";1;0;0;0;1;0;0;1
83521769;"06/12/16";"Terça";"15:45:00";"BA";101;"100";"ALAGOINHAS";"Falta de atenção";"Colisão lateral";"Sem Vítimas";"Pleno dia";"Crescente";"Sol";"Simples";"Reta";"Urbano";2;0;0;0;2;0;0;2
83521770;"06/12/16";"Terça";"07:53:00";"SP";116;"140,3";"SAO JOSE DOS CAMPOS";"Não guardar distância de segurança";"Colisão traseira";"Com Vítimas Feridas";"Pleno dia";"Crescente";"Ceu Claro";"Simples";"Reta";"Urbano";4;0;1;0;3;0;1;4
83521771;"06/12/16";"Terça";"11:00:00";"SP";116;"297";"ITAPECERICA DA SERRA";"Defeito na via";"Colisão traseira";"Com Vítimas Feridas";"Pleno dia";"Decrescente";"Sol";"Dupla";"Curva";"Rural";4;0;1;0;3;0;1;3
83521772;"06/12/16";"Terça";"16:45:00";"RS";386;"428";"MONTENEGRO";"Falta de atenção";"Colisão traseira";"Sem Vítimas";"Pleno dia";"Crescente";"Ceu Claro";"Simples";"Reta";"Rural";3;0;0;0;3;0;0;3
83521773;"27/11/16";"Domingo";"11:00:00";"MA";135;"95";"ITAPECURU MIRIM";"Ingestão de álcool";"Atropelamento de pessoa";"Com Vítimas Feridas";"Pleno dia";"Decrescente";"Ceu Claro";"Simples";"Reta";"Urbano";2;0;1;0;1;0;1;1
83521774;"06/12/16";"Terça";"15:40:00";"MT";70;"4";"BARRA DO GARCAS";"Ultrapassagem indevida";"Colisão lateral";"Com Vítimas Feridas";"Pleno dia";"Decrescente";"Ceu Claro";"Dupla";"Reta";"Urbano";2;0;0;1;1;0;1;2
83521775;"02/12/16";"Sexta";"22:00:00";"BA";101;"179";"SAO GONCALO DOS CAMPOS";"Outras";"Capotamento";"Sem Vítimas";"Plena noite";"Decrescente";"Ceu Claro";"Simples";"Reta";"Rural";1;0;0;0;1;0;0;1
83521776;"06/12/16";"Terça";"14:00:00";"SP";116;"271";"TABOAO DA SERRA";"Ingestão de álcool";"Colisão lateral";"Com Vítimas Feridas";"Pleno dia";"Crescente";"Sol";"Dupla";"Reta";"Urbano";2;0;1;0;1;0;1;2
83521777;"06/12/16";"Terça";"14:05:00";"RS";392;"8";"RIO GRANDE";"Outras";"Colisão frontal";"Com Vítimas Feridas";"Pleno dia";"Crescente";"Ceu Claro";"Simples";"Reta";"Rural";4;0;3;0;0;1;3;3
83521778;"04/12/16";"Domingo";"16:00:00";"RJ";356;"92,2";"CARDOSO MOREIRA";"Velocidade incompatível";"Saída de Pista";"Com Vítimas Fatais";"Pleno dia";"Decrescente";"Ignorada";"Simples";"Curva";"Rural";1;1;0;0;0;0;0;1
83521779;"16/10/16";"Domingo";"22:15:00";"PE";101;"77,4";"RECIFE";"Outras";"Saída de Pista";"Com Vítimas Feridas";"Plena noite";"Crescente";"Nublado";"Dupla";"Cruzamento";"Urbano";4;0;2;0;1;1;2;2
83521780;"06/12/16";"Terça";"17:40:00";"SC";470;"141,1";"RIO DO SUL";"Falta de atenção";"Colisão traseira";"Com Vítimas Feridas";"Pleno dia";"Decrescente";"Ceu Claro";"Simples";"Cruzamento";"Urbano";2;0;1;0;1;0;1;2
83521781;"06/12/16";"Terça";"17:00:00";"RS";392;"87,6";"PELOTAS";"Outras";"Queda de motocicleta / bicicleta / veículo";"Com Vítimas Feridas";"Pleno dia";"Crescente";"Sol";"Simples";"Cruzamento";"Urbano";1;0;1;0;0;0;1;1
83521782;"06/12/16";"Terça";"14:30:00";"GO";40;"65,7";"CRISTALINA";"Outras";"Saída de Pista";"Com Vítimas Feridas";"Pleno dia";"Crescente";"Chuva";"Simples";"Curva";"Rural";2;0;2;0;0;0;2;1
83521783;"06/12/16";"Terça";"14:20:00";"PB";230;"64";"SAO MIGUEL DE TAIPU";"Dormindo";"Saída de Pista";"Sem Vítimas";"Pleno dia";"Crescente";"Ceu Claro";"Dupla";"Reta";"Rural";2;0;0;0;2;0;0;1
83521785;"06/12/16";"Terça";"13:50:00";"AM";174;"1048";"PRESIDENTE FIGUEIREDO";"Outras";"Saída de Pista";"Sem Vítimas";"Pleno dia";"Decrescente";"Ceu Claro";"Simples";"Reta";"Rural";3;0;0;0;3;0;0;1
83521786;"24/11/16";"Quinta";"19:30:00";"GO";60;"305";"ACREUNA";"Outras";"Saída de Pista";"Ignorado";"Anoitecer";"Crescente";"Ignorada";"Dupla";"Reta";"Urbano";1;0;0;0;0;1;0;1
83521787;"06/12/16";"Terça";"15:55:00";"PR";116;"11,5";"COLOMBO";"Desobediência à sinalização";"Colisão Transversal";"Sem Vítimas";"Pleno dia";"Decrescente";"Ceu Claro";"Simples";"Reta";"Rural";2;0;0;0;2;0;0;2
83521788;"25/11/16";"Sexta";"07:50:00";"MS";262;"7";"TRES LAGOAS";"Outras";"Colisão traseira";"Com Vítimas Feridas";"Amanhecer";"Decrescente";"Ignorada";"Dupla";"Reta";"Urbano";2;0;1;0;0;1;1;2
83521789;"01/12/16";"Quinta";"17:12:00";"GO";20;"5";"FORMOSA";"Outras";"Colisão com objeto fixo";"Sem Vítimas";"Pleno dia";"Crescente";"Ceu Claro";"Simples";"Reta";"Urbano";2;0;0;0;2;0;0;2
83521790;"06/12/16";"Terça";"14:25:00";"RN";101;"83,3";"SAO GONCALO DO AMARANTE";"Não guardar distância de segurança";"Colisão traseira";"Com Vítimas Feridas";"Pleno dia";"Crescente";"Sol";"Dupla";"Reta";"Urbano";2;0;1;0;1;0;1;2
83521791;"04/12/16";"Domingo";"17:20:00";"PI";343;"182";"PIRIPIRI";"Outras";"Saída de Pista";"Com Vítimas Feridas";"Anoitecer";"Crescente";"Vento";"Simples";"Curva";"Urbano";2;0;1;0;0;1;1;1
83521792;"07/10/16";"Sexta";"17:00:00";"SC";101;"200";"SAO JOSE";"Outras";"Colisão traseira";"Com Vítimas Feridas";"Pleno dia";"Crescente";"Ceu Claro";"Dupla";"Reta";"Urbano";2;0;1;0;1;0;1;2
83521793;"04/12/16";"Domingo";"17:10:00";"BA";116;"388,3";"SANTA BARBARA";"Ingestão de álcool";"Colisão Transversal";"Sem Vítimas";"Pleno dia";"Crescente";"Ceu Claro";"Simples";"Reta";"Urbano";3;0;0;0;2;1;0;3
83521794;"03/12/16";"Sábado";"21:45:00";"MG";262;"594,3";"CAMPOS ALTOS";"Velocidade incompatível";"Saída de Pista";"Sem Vítimas";"Plena noite";"Decrescente";"Chuva";"Simples";"Curva";"Rural";1;0;0;0;1;0;0;1
83521795;"06/12/16";"Terça";"07:00:00";"BA";330;"808";"IBIRAPITANGA";"Falta de atenção";"Colisão Transversal";"Com Vítimas Feridas";"Pleno dia";"Decrescente";"Ceu Claro";"Simples";"Reta";"Rural";2;0;1;0;1;0;1;2
83521796;"29/11/16";"Terça";"07:00:00";"MG";40;"313,4";"TRES MARIAS";"Velocidade incompatível";"Saída de Pista";"Sem Vítimas";"Pleno dia";"Crescente";"Nublado";"Simples";"Reta";"Rural";1;0;0;0;1;0;0;1
83521797;"06/12/16";"Terça";"09:15:00";"RO";364;"198,5";"PIMENTA BUENO";"Desobediência à sinalização";"Colisão lateral";"Com Vítimas Feridas";"Pleno dia";"Crescente";"Sol";"Simples";"Reta";"Urbano";2;0;2;0;0;0;2;2
83521798;"06/12/16";"Terça";"16:40:00";"RS";470;"256";"SALVADOR DO SUL";"Falta de atenção";"Colisão Transversal";"Com Vítimas Feridas";"Pleno dia";"Crescente";"Ceu Claro";"Simples";"Reta";"Urbano";2;0;1;1;0;0;2;2
83521799;"03/12/16";"Sábado";"00:40:00";"ES";262;"156,9";"IBATIBA";"Ingestão de álcool";"Colisão Transversal";"Com Vítimas Feridas";"Plena noite";"Decrescente";"Sol";"Simples";"Reta";"Urbano";3;0;0;1;2;0;1;3
83521801;"06/12/16";"Terça";"12:46:00";"MG";40;"517";"RIBEIRAO DAS NEVES";"Dormindo";"Saída de Pista";"Sem Vítimas";"Pleno dia";"Decrescente";"Ceu Claro";"Dupla";"Reta";"Urbano";1;0;0;0;1;0;0;1
83521802;"04/12/16";"Domingo";"19:30:00";"PE";104;"48,6";"CARUARU";"Falta de atenção";"Queda de motocicleta / bicicleta / veículo";"Com Vítimas Feridas";"Plena noite";"Decrescente";"Ceu Claro";"Dupla";"Reta";"Rural";2;0;0;2;0;0;2;1
83521803;"06/12/16";"Terça";"13:48:00";"SC";282;"527,4";"CORDILHEIRA ALTA";"Falta de atenção";"Colisão Transversal";"Sem Vítimas";"Pleno dia";"Decrescente";"Ceu Claro";"Simples";"Curva";"Rural";2;0;0;0;2;0;0;2
83521804;"06/12/16";"Terça";"13:10:00";"CE";116;"150,7";"RUSSAS";"Falta de atenção";"Colisão frontal";"Com Vítimas Feridas";"Pleno dia";"Crescente";"Ceu Claro";"Simples";"Reta";"Rural";6;0;3;3;0;0;6;2
83521805;"06/12/16";"Terça";"17:30:00";"GO";60;"138";"GOIANIA";"Outras";"Colisão lateral";"Com Vítimas Feridas";"Pleno dia";"Crescente";"Nublado";"Simples";"Cruzamento";"Urbano";2;0;0;1;1;0;1;2
83521806;"06/12/16";"Terça";"15:15:00";"RN";427;"55,5";"JARDIM DO SERIDO";"Outras";"Colisão Transversal";"Com Vítimas Feridas";"Pleno dia";"Crescente";"Ceu Claro";"Simples";"Curva";"Urbano";2;0;2;0;0;0;2;2
83521807;"02/12/16";"Sexta";"00:15:00";"SC";282;"16,3";"PALHOCA";"Falta de atenção";"Colisão Transversal";"Sem Vítimas";"Plena noite";"Decrescente";"Chuva";"Simples";"Reta";"Urbano";2;0;0;0;2;0;0;2
83521808;"05/12/16";"Segunda";"05:30:00";"RR";432;"204";"CANTA";"Defeito na via";"Colisão Transversal";"Com Vítimas Fatais";"Amanhecer";"Decrescente";"Ceu Claro";"Simples";"Reta";"Rural";2;1;0;1;0;0;1;2
83521809;"06/12/16";"Terça";"15:30:00";"MT";364;"292";"CAMPO VERDE";"Velocidade incompatível";"Saída de Pista";"Com Vítimas Feridas";"Pleno dia";"Decrescente";"Sol";"Simples";"Reta";"Rural";2;0;2;0;0;0;2;1
83521810;"06/12/16";"Terça";"18:00:00";"RJ";393;"106";"SAPUCAIA";"Outras";"Colisão com objeto móvel";"Sem Vítimas";"Anoitecer";"Decrescente";"Ceu Claro";"Simples";"Reta";"Urbano";2;0;0;0;2;0;0;2
83521811;"06/12/16";"Terça";"10:00:00";"BA";324;"621";"SALVADOR";"Outras";"Queda de motocicleta / bicicleta / veículo";"Com Vítimas Feridas";"Pleno dia";"Crescente";"Sol";"Dupla";"Reta";"Urbano";1;0;1;0;0;0;1;1
83521812;"06/12/16";"Terça";"19:45:00";"RS";116;"261";"CANOAS";"Outras";"Colisão Transversal";"Com Vítimas Feridas";"Pleno dia";"Decrescente";"Sol";"Dupla";"Reta";"Urbano";2;0;1;0;1;0;1;2
83521813;"04/12/16";"Domingo";"20:00:00";"MG";262;"560";"CORREGO DANTA";"Velocidade incompatível";"Saída de Pista";"Sem Vítimas";"Plena noite";"Decrescente";"Chuva";"Simples";"Curva";"Rural";1;0;0;0;1;0;0;1
83521814;"04/12/16";"Domingo";"00:50:00";"SC";101;"214,3";"PALHOCA";"Não guardar distância de segurança";"Colisão traseira";"Sem Vítimas";"Plena noite";"Crescente";"Nublado";"Simples";"Reta";"Urbano";2;0;0;0;2;0;0;2
83521815;"06/12/16";"Terça";"18:00:00";"GO";452;"150,6";"ITUMBIARA";"Falta de atenção";"Colisão Transversal";"Com Vítimas Feridas";"Pleno dia";"Decrescente";"Ceu Claro";"Simples";"Reta";"Rural";2;0;0;1;1;0;1;2
83521816;"04/12/16";"Domingo";"00:02:00";"RJ";40;"123";"DUQUE DE CAXIAS";"Outras";"Colisão traseira";"Com Vítimas Feridas";"Plena noite";"Crescente";"Nublado";"Múltipla";"Reta";"Urbano";5;0;3;0;2;0;3;2
83521817;"06/12/16";"Terça";"15:30:00";"PI";316;"6,8";"TERESINA";"Falta de atenção";"Colisão Transversal";"Com Vítimas Feridas";"Pleno dia";"Crescente";"Ceu Claro";"Simples";"Reta";"Urbano";2;0;1;0;0;1;1;2
83521818;"02/12/16";"Sexta";"19:30:00";"MG";40;"128,5";"JOAO PINHEIRO";"Falta de atenção";"Colisão Transversal";"Com Vítimas Feridas";"Anoitecer";"Decrescente";"Ignorada";"Simples";"Reta";"Rural";4;0;1;0;3;0;1;2
83521820;"06/12/16";"Terça";"19:45:00";"PI";316;"9,3";"TERESINA";"Outras";"Colisão lateral";"Com Vítimas Feridas";"Plena noite";"Crescente";"Ceu Claro";"Simples";"Reta";"Urbano";3;0;2;0;1;0;2;2
83521821;"06/12/16";"Terça";"05:40:00";"BA";116;"701,8";"JEQUIE";"Velocidade incompatível";"Tombamento";"Com Vítimas Feridas";"Amanhecer";"Decrescente";"Ceu Claro";"Simples";"Curva";"Rural";1;0;1;0;0;0;1;1
83521822;"06/12/16";"Terça";"17:44:00";"SC";116;"19,1";"MAFRA";"Desobediência à sinalização";"Colisão frontal";"Com Vítimas Feridas";"Anoitecer";"Decrescente";"Ceu Claro";"Simples";"Reta";"Rural";2;0;1;0;1;0;1;2
83521823;"06/12/16";"Terça";"07:00:00";"ES";262;"113";"VENDA NOVA DO IMIGRANTE";"Velocidade incompatível";"Capotamento";"Ignorado";"Pleno dia";"Decrescente";"Sol";"Simples";"Curva";"Rural";1;0;0;0;0;1;0;1
83521824;"06/12/16";"Terça";"12:00:00";"AL";101;"29";"JOAQUIM GOMES";"Outras";"Tombamento";"Sem Vítimas";"Pleno dia";"Decrescente";"Ceu Claro";"Simples";"Curva";"Rural";1;0;0;0;1;0;0;1
83521825;"06/12/16";"Terça";"13:25:00";"RN";304;"297";"MACAIBA";"Desobediência à sinalização";"Colisão lateral";"Com Vítimas Feridas";"Pleno dia";"Decrescente";"Ceu Claro";"Dupla";"Cruzamento";"Urbano";3;0;1;1;0;1;2;2
83521826;"06/12/16";"Terça";"20:15:00";"BA";242;"799";"BARREIRAS";"Outras";"Capotamento";"Com Vítimas Feridas";"Plena noite";"Crescente";"Chuva";"Simples";"Reta";"Rural";1;0;1;0;0;0;1;1
83521827;"06/12/16";"Terça";"09:30:00";"SC";282;"577,6";"PINHALZINHO";"Velocidade incompatível";"Tombamento";"Sem Vítimas";"Pleno dia";"Crescente";"Ceu Claro";"Simples";"Curva";"Urbano";1;0;0;0;1;0;0;1
83521828;"06/07/16";"Quarta";"10:30:00";"AL";316;"102";"DOIS RIACHOS";"Desobediência à sinalização";"Colisão lateral";"Com Vítimas Feridas";"Pleno dia";"Crescente";"Ceu Claro";"Simples";"Reta";"Urbano";2;0;1;0;0;1;1;2
83521829;"02/12/16";"Sexta";"20:30:00";"PI";343;"459,7";"SAO PEDRO DO PIAUI";"Animais na Pista";"Atropelamento de animal";"Com Vítimas Feridas";"Plena noite";"Decrescente";"Ceu Claro";"Simples";"Reta";"Rural";2;0;2;0;0;0;2;1
83521830;"03/12/16";"Sábado";"11:37:00";"PI";135;"353";"BOM JESUS";"Outras";"Colisão traseira";"Com Vítimas Feridas";"Pleno dia";"Crescente";"Sol";"Simples";"Reta";"Urbano";2;0;1;0;1;0;1;2
83521831;"06/12/16";"Terça";"19:00:00";"RS";471;"143,5";"SANTA CRUZ DO SUL";"Falta de atenção";"Colisão Transversal";"Com Vítimas Feridas";"Pleno dia";"Decrescente";"Ceu Claro";"Simples";"Cruzamento";"Urbano";2;0;1;0;1;0;1;2
83521832;"06/12/16";"Terça";"20:55:00";"AL";316;"155,2";"PALMEIRA DOS INDIOS";"Animais na Pista";"Atropelamento de animal";"Com Vítimas Feridas";"Plena noite";"Decrescente";"Ceu Claro";"Simples";"Reta";"Urbano";1;0;0;1;0;0;1;1
83521833;"05/12/16";"Segunda";"06:00:00";"SP";116;"339";"JUQUITIBA";"Velocidade incompatível";"Capotamento";"Com Vítimas Feridas";"Amanhecer";"Decrescente";"Nublado";"Dupla";"Curva";"Rural";4;0;1;0;3;0;1;1
83521834;"06/12/16";"Terça";"10:00:00";"MG";135;"642";"CURVELO";"Outras";"Capotamento";"Com Vítimas Feridas";"Pleno dia";"Crescente";"Chuva";"Simples";"Reta";"Rural";1;0;1;0;0;0;1;1
83521835;"06/12/16";"Terça";"17:00:00";"SP";116;"270";"TABOAO DA SERRA";"Não guardar distância de segurança";"Colisão traseira";"Com Vítimas Feridas";"Pleno dia";"Decrescente";"Sol";"Dupla";"Reta";"Urbano";2;0;1;0;1;0;1;2
83521837;"06/12/16";"Terça";"21:00:00";"SP";116;"227";"SAO PAULO";"Outras";"Colisão traseira";"Sem Vítimas";"Plena noite";"Crescente";"Ceu Claro";"Múltipla";"Reta";"Urbano";3;0;0;0;2;1;0;3