"id";"data_inversa";"dia_semana";"horario";"uf";"br";"km";"municipio";"causa_acidente";"tipo_acidente";"classificacao_acidente";"fase_dia";"sentido_via";"condicao_metereologica";"tipo_pista";"tracado_via";"uso_solo";"pessoas";"mortos";"feridos_leves";"feridos_graves";"ilesos";"ignorados";"feridos";"veiculos"
83522064;"07/12/16";"Quarta";"06:35:00";"PB";101;"89,7";"JOAO PESSOA";"Falta de atenção";"Colisão Transversal";"Com Vítimas Feridas";"Pleno dia";"Crescente";"Ceu Claro";"Dupla";"Reta";"Urbano";3;0;2;0;1;0;2;2
83522065;"03/12/16";"Sábado";"17:15:00";"SC";101;"272,8";"IMBITUBA";"Velocidade incompatível";"Colisão frontal";"Sem Vítimas";"Pleno dia";"Decrescente";"Chuva";"Simples";"Curva";"Rural";2;0;0;0;2;0;0;2
83522066;"07/12/16";"Quarta";"10:30:00";"CE";20;"166,2";"PEDRA BRANCA";"Defeito mecânico em veículo";"Saída de Pista";"Com Vítimas Fatais";"Pleno dia";"Decrescente";"Ceu Claro";"Simples";"Reta";"Rural";5;1;4;0;0;0;4;1
83522067;"07/12/16";"Quarta";"18:45:00";"SP";381;"28";"ATIBAIA";"Velocidade incompatível";"Colisão traseira";"Com Vítimas Feridas";"Anoitecer";"Crescente";"Ceu Claro";"Simples";"Reta";"Rural";2;0;0;1;1;0;1;2
83522068;"07/12/16";"Quarta";"17:00:00";"MT";174;"30";"CACERES";"Outras";"Saída de Pista";"Sem Vítimas";"Pleno dia";"Decrescente";"Chuva";"Simples";"Curva";"Rural";1;0;0;0;1;0;0;1
83522069;"03/12/16";"Sábado";"18:10:00";"MG";381;"913,1";"CAMANDUCAIA";"Velocidade incompatível";"Saída de Pista";"Com Vítimas Feridas";"Pleno dia";"Crescente";"Chuva";"Dupla";"Curva";"Rural";3;0;2;0;1;0;2;1
83522070;"07/12/16";"Quarta";"11:50:00";"CE";116;"110,1";"RUSSAS";"Dormindo";"Tombamento";"Sem Vítimas";"Pleno dia";"Crescente";"Ceu Claro";"Simples";"Reta";"Rural";1;0;0;0;1;0;0;1
83522071;"07/12/16";"Quarta";"19:00:00";"PI";316;"56,8";"MONSENHOR GIL";"Animais na Pista";"Atropelamento de animal";"Com Vítimas Feridas";"Plena noite";"Crescente";"Ceu Claro";"Simples";"Reta";"Urbano";2;0;1;0;0;1;1;2
83522072;"07/12/16";"Quarta";"19:15:00";"BA";407;"139";"SENHOR DO BONFIM";"Defeito mecânico em veículo";"Colisão traseira";"Sem Vítimas";"Plena noite";"Crescente";"Ceu Claro";"Simples";"Reta";"Urbano";2;0;0;0;2;0;0;2
83522073;"07/12/16";"Quarta";"11:00:00";"MG";40;"506,3";"RIBEIRAO DAS NEVES";"Falta de atenção";"Colisão traseira";"Sem Vítimas";"Pleno dia";"Crescente";"Ceu Claro";"Dupla";"Curva";"Urbano";5;0;0;0;5;0;0;3
83522074;"07/12/16";"Quarta";"22:00:00";"MG";116;"261,9";"TEOFILO OTONI";"Animais na Pista";"Atropelamento de animal";"Com Vítimas Feridas";"Plena noite";"Decrescente";"Ceu Claro";"Simples";"Reta";"Rural";1;0;0;1;0;0;1;1
83522075;"07/12/16";"Quarta";"21:30:00";"SP";116;"505,6";"CAJATI";"Outras";"Derramamento de Carga";"Sem Vítimas";"Anoitecer";"Decrescente";"Ceu Claro";"Simples";"Reta";"Urbano";1;0;0;0;1;0;0;1
83522076;"07/12/16";"Quarta";"20:00:00";"MG";116;"711,1";"MURIAE";"Defeito mecânico em veículo";"Saída de Pista";"Sem Vítimas";"Plena noite";"Decrescente";"Ceu Claro";"Simples";"Curva";"Urbano";1;0;0;0;1;0;0;1
83522077;"07/12/16";"Quarta";"22:15:00";"RJ";101;"309";"SAO GONCALO";"Desobediência à sinalização";"Colisão frontal";"Com Vítimas Feridas";"Plena noite";"Decrescente";"Ceu Claro";"Dupla";"Reta";"Urbano";3;0;0;3;0;0;3;2
83522078;"07/12/16";"Quarta";"20:45:00";"PE";101;"58";"PAULISTA";"Outras";"Colisão lateral";"Sem Vítimas";"Plena noite";"Crescente";"Ceu Claro";"Dupla";"Reta";"Urbano";2;0;0;0;2;0;0;2
83522079;"04/12/16";"Domingo";"06:00:00";"RO";364;"341";"JI-PARANA";"Ingestão de álcool";"Colisão lateral";"Sem Vítimas";"Amanhecer";"Decrescente";"Nublado";"Simples";"Curva";"Urbano";3;0;0;0;2;1;0;2
83522080;"07/12/16";"Quarta";"17:25:00";"GO";153;"283";"NOVA GLORIA";"Ultrapassagem indevida";"Colisão lateral";"Com Vítimas Fatais";"Anoitecer";"Crescente";"Ceu Claro";"Simples";"Reta";"Rural";4;1;0;1;1;1;1;4
83522081;"07/12/16";"Quarta";"21:50:00";"GO";20;"14";"FORMOSA";"Outras";"Colisão traseira";"Sem Vítimas";"Plena noite";"Crescente";"Ignorada";"Simples";"Reta";"Rural";2;0;0;0;2;0;0;2
83522082;"07/12/16";"Quarta";"18:40:00";"SC";101;"333";"TUBARAO";"Falta de atenção";"Colisão traseira";"Sem Vítimas";"Pleno dia";"Decrescente";"Ceu Claro";"Dupla";"Reta";"Urbano";3;0;0;0;2;1;0;2
83522083;"07/11/16";"Segunda";"11:30:00";"MA";135;"158";"SAO MATEUS DO MARANHAO";"Defeito na via";"Colisão frontal";"Com Vítimas Fatais";"Pleno dia";"Decrescente";"Sol";"Simples";"Reta";"Rural";2;1;0;0;1;0;0;2
83522084;"07/12/16";"Quarta";"11:30:00";"DF";20;"12";"BRASILIA";"Falta de atenção";"Colisão Transversal";"Com Vítimas Feridas";"Pleno dia";"Crescente";"Ceu Claro";"Dupla";"Reta";"Urbano";3;0;2;0;1;0;2;2
83522085;"07/12/16";"Quarta";"22:30:00";"MS";163;"788";"SONORA";"Velocidade incompatível";"Saída de Pista";"Sem Vítimas";"Plena noite";"Decrescente";"Chuva";"Simples";"Reta";"Rural";3;0;0;0;3;0;0;1
83522086;"07/12/16";"Quarta";"12:00:00";"SE";235;"1,8";"ARACAJU";"Não guardar distância de segurança";"Colisão traseira";"Com Vítimas Feridas";"Pleno dia";"Decrescente";"Ceu Claro";"Dupla";"Reta";"Urbano";2;0;1;0;1;0;1;2
83522087;"07/12/16";"Quarta";"21:40:00";"CE";222;"7";"CAUCAIA";"Defeito mecânico em veículo";"Colisão lateral";"Com Vítimas Feridas";"Plena noite";"Crescente";"Ceu Claro";"Dupla";"Reta";"Urbano";3;0;0;2;1;0;2;2
83522088;"07/12/16";"Quarta";"23:30:00";"SC";101;"134,7";"BALNEARIO CAMBORIU";"Ingestão de álcool";"Colisão com objeto fixo";"Sem Vítimas";"Plena noite";"Decrescente";"Ceu Claro";"Simples";"Cruzamento";"Urbano";1;0;0;0;1;0;0;1
83522089;"07/12/16";"Quarta";"05:30:00";"GO";70;"391,1";"MONTES CLAROS DE GOIAS";"Outras";"Saída de Pista";"Com Vítimas Feridas";"Plena noite";"Decrescente";"Ceu Claro";"Simples";"Reta";"Rural";50;0;2;0;48;0;2;1
83522090;"07/12/16";"Quarta";"17:00:00";"MT";70;"532";"VARZEA GRANDE";"Outras";"Saída de Pista";"Com Vítimas Feridas";"Anoitecer";"Decrescente";"Chuva";"Simples";"Reta";"Rural";1;0;1;0;0;0;1;1
83522091;"07/12/16";"Quarta";"18:00:00";"MS";262;"593";"MIRANDA";"Outras";"Saída de Pista";"Sem Vítimas";"Anoitecer";"Decrescente";"Chuva";"Simples";"Curva";"Rural";1;0;0;0;1;0;0;1
83522092;"07/12/16";"Quarta";"23:40:00";"PB";230;"516";"BOM JESUS";"Animais na Pista";"Tombamento";"Sem Vítimas";"Plena noite";"Crescente";"Ceu Claro";"Simples";"Reta";"Rural";1;0;0;0;1;0;0;1
83522093;"07/12/16";"Quarta";"22:30:00";"RS";158;"565";"SANTANA DO LIVRAMENTO";"Outras";"Atropelamento de pessoa";"Com Vítimas Feridas";"Plena noite";"Crescente";"Nublado";"Simples";"Reta";"Urbano";2;0;1;0;1;0;1;1
83522094;"07/12/16";"Quarta";"20:00:00";"RO";364;"375";"OURO PRETO DO OESTE";"Ingestão de álcool";"Colisão traseira";"Sem Vítimas";"Plena noite";"Decrescente";"Ceu Claro";"Simples";"Reta";"Rural";2;0;0;0;2;0;0;2
83522095;"07/12/16";"Quarta";"15:27:00";"GO";153;"537,5";"HIDROLANDIA";"Defeito mecânico em veículo";"Saída de Pista";"Sem Vítimas";"Pleno dia";"Decrescente";"Ceu Claro";"Dupla";"Reta";"Rural";1;0;0;0;1;0;0;1
83522096;"03/12/16";"Sábado";"14:00:00";"SP";116;"208";"GUARULHOS";"Outras";"Colisão com objeto fixo";"Com Vítimas Feridas";"Pleno dia";"Crescente";"Ceu Claro";"Dupla";"Reta";"Urbano";3;0;2;0;1;0;2;1
83522097;"07/12/16";"Quarta";"20:40:00";"BA";415;"31";"ILHEUS";"Dormindo";"Colisão Transversal";"Sem Vítimas";"Plena noite";"Crescente";"Ceu Claro";"Simples";"Reta";"Rural";4;0;0;0;4;0;0;2
83522098;"07/12/16";"Quarta";"23:45:00";"MA";316;"605";"TIMON";"Outras";"Colisão traseira";"Com Vítimas Feridas";"Plena noite";"Decrescente";"Chuva";"Simples";"Reta";"Urbano";4;0;3;0;1;0;3;2
83522099;"07/12/16";"Quarta";"10:00:00";"BA";101;"950";"MUCURI";"Outras";"Capotamento";"Sem Vítimas";"Pleno dia";"Crescente";"Chuva";"Simples";"Reta";"Rural";1;0;0;0;1;0;0;1
83522100;"08/12/16";"Quinta";"02:28:00";"MG";381;"531,8";"ITATIAIUCU";"Outras";"Saída de Pista";"Sem Vítimas";"Plena noite";"Decrescente";"Ceu Claro";"Dupla";"Reta";"Rural";1;0;0;0;1;0;0;1
83522101;"08/12/16";"Quinta";"02:28:00";"RJ";101;"309,7";"SAO GONCALO";"Desobediência à sinalização";"Colisão com objeto fixo";"Sem Vítimas";"Plena noite";"Decrescente";"Ceu Claro";"Dupla";"Reta";"Urbano";1;0;0;0;1;0;0;1
83522103;"08/12/16";"Quinta";"04:50:00";"RS";285;"457,2";"IJUI";"Velocidade incompatível";"Saída de Pista";"Com Vítimas Feridas";"Plena noite";"Decrescente";"Ceu Claro";"Simples";"Cruzamento";"Urbano";1;0;1;0;0;0;1;1
83522104;"07/12/16";"Quarta";"21:30:00";"SC";101;"215,4";"PALHOCA";"Falta de atenção";"Colisão lateral";"Sem Vítimas";"Plena noite";"Crescente";"Ceu Claro";"Múltipla";"Reta";"Urbano";2;0;0;0;2;0;0;2
83522105;"07/12/16";"Quarta";"21:00:00";"GO";40;"8";"LUZIANIA";"Desobediência à sinalização";"Colisão traseira";"Com Vítimas Feridas";"Plena noite";"Decrescente";"Nublado";"Dupla";"Reta";"Urbano";3;0;1;0;1;1;1;2
83522106;"08/12/16";"Quinta";"00:40:00";"RS";287;"274,6";"SAO PEDRO DO SUL";"Outras";"Saída de Pista";"Com Vítimas Feridas";"Plena noite";"Crescente";"Chuva";"Simples";"Reta";"Rural";1;0;1;0;0;0;1;1
83522107;"07/12/16";"Quarta";"21:15:00";"PR";277;"6";"PARANAGUA";"Defeito na via";"Queda de motocicleta / bicicleta / veículo";"Com Vítimas Feridas";"Plena noite";"Crescente";"Ceu Claro";"Dupla";"Reta";"Urbano";1;0;1;0;0;0;1;1
83522108;"04/12/16";"Domingo";"05:55:00";"CE";20;"405";"CAUCAIA";"Outras";"Colisão lateral";"Com Vítimas Feridas";"Amanhecer";"Decrescente";"Ceu Claro";"Dupla";"Reta";"Rural";2;0;0;1;1;0;1;2
83522109;"07/12/16";"Quarta";"21:00:00";"PI";343;"628";"FLORIANO";"Animais na Pista";"Saída de Pista";"Sem Vítimas";"Plena noite";"Crescente";"Ceu Claro";"Simples";"Reta";"Rural";1;0;0;0;1;0;0;1
83522110;"08/12/16";"Quinta";"04:00:00";"SC";101;"147,5";"ITAPEMA";"Falta de atenção";"Colisão com objeto fixo";"Sem Vítimas";"Plena noite";"Decrescente";"Ceu Claro";"Simples";"Reta";"Urbano";1;0;0;0;1;0;0;1
83522111;"13/11/16";"Domingo";"09:00:00";"BA";101;"294";"LAJE";"Falta de atenção";"Colisão lateral";"Com Vítimas Feridas";"Pleno dia";"Crescente";"Ceu Claro";"Simples";"Reta";"Rural";2;0;0;1;0;1;1;2
83522112;"08/12/16";"Quinta";"05:00:00";"PR";476;"140";"CURITIBA";"Outras";"Queda de motocicleta / bicicleta / veículo";"Com Vítimas Feridas";"Plena noite";"Crescente";"Ceu Claro";"Dupla";"Reta";"Urbano";1;0;1;0;0;0;1;1
83522113;"07/12/16";"Quarta";"19:20:00";"SP";116;"6";"QUELUZ";"Defeito mecânico em veículo";"Queda de motocicleta / bicicleta / veículo";"Com Vítimas Feridas";"Anoitecer";"Crescente";"Ceu Claro";"Dupla";"Reta";"Rural";1;0;1;0;0;0;1;1
83522114;"08/12/16";"Quinta";"04:30:00";"SE";101;"93,5";"NOSSA SENHORA DO SOCORRO";"Falta de atenção";"Capotamento";"Sem Vítimas";"Plena noite";"Crescente";"Ignorada";"Dupla";"Curva";"Rural";1;0;0;0;1;0;0;1
83522115;"07/12/16";"Quarta";"20:50:00";"GO";153;"202";"URUACU";"Não guardar distância de segurança";"Colisão traseira";"Sem Vítimas";"Anoitecer";"Crescente";"Ceu Claro";"Simples";"Reta";"Rural";3;0;0;0;2;1;0;2
83522116;"08/12/16";"Quinta";"06:00:00";"SC";470;"147";"RIO DO SUL";"Falta de atenção";"Colisão Transversal";"Com Vítimas Feridas";"Anoitecer";"Crescente";"Ceu Claro";"Simples";"Reta";"Urbano";3;0;2;0;1;0;2;2
83522117;"08/12/16";"Quinta";"04:20:00";"SP";116;"50,1";"LORENA";"Ingestão de álcool";"Atropelamento de pessoa";"Com Vítimas Feridas";"Plena noite";"Crescente";"Ceu Claro";"Dupla";"Reta";"Urbano";2;0;0;1;0;1;1;1
83522118;"07/12/16";"Quarta";"07:30:00";"RN";304;"292,5";"MACAIBA";"Falta de atenção";"Colisão frontal";"Sem Vítimas";"Pleno dia";"Decrescente";"Ceu Claro";"Simples";"Reta";"Rural";2;0;0;0;2;0;0;2
83522119;"04/12/16";"Domingo";"18:30:00";"RJ";101;"420";"ITAGUAI";"Ingestão de álcool";"Colisão frontal";"Com Vítimas Feridas";"Pleno dia";"Crescente";"Nublado";"Simples";"Curva";"Rural";5;0;1;4;0;0;5;2
83522120;"04/12/16";"Domingo";"00:50:00";"PE";101;"57";"PAULISTA";"Ingestão de álcool";"Saída de Pista";"Sem Vítimas";"Plena noite";"Crescente";"Vento";"Múltipla";"Reta";"Urbano";1;0;0;0;1;0;0;1
83522121;"07/12/16";"Quarta";"17:10:00";"MG";251;"424,5";"GRAO MOGOL";"Velocidade incompatível";"Tombamento";"Com Vítimas Fatais";"Amanhecer";"Crescente";"Nublado";"Simples";"Curva";"Rural";1;1;0;0;0;0;0;1
83522124;"07/12/16";"Quarta";"21:00:00";"RJ";116;"169,4";"SAO JOAO DE MERITI";"Ultrapassagem indevida";"Colisão lateral";"Com Vítimas Feridas";"Plena noite";"Crescente";"Nublado";"Dupla";"Reta";"Urbano";3;0;0;1;2;0;1;3
83522125;"30/10/16";"Domingo";"06:40:00";"PA";316;"68";"CASTANHAL";"Outras";"Saída de Pista";"Com Vítimas Fatais";"Pleno dia";"Decrescente";"Ceu Claro";"Simples";"Reta";"Urbano";1;1;0;0;0;0;0;1
83522126;"08/12/16";"Quinta";"05:20:00";"SC";470;"58";"BLUMENAU";"Ingestão de álcool";"Colisão frontal";"Sem Vítimas";"Plena noite";"Crescente";"Nublado";"Simples";"Reta";"Urbano";2;0;0;0;2;0;0;2
83522127;"08/12/16";"Quinta";"00:15:00";"MS";163;"477,6";"CAMPO GRANDE";"Falta de atenção";"Queda de motocicleta / bicicleta / veículo";"Com Vítimas Feridas";"Plena noite";"Decrescente";"Ceu Claro";"Simples";"Curva";"Urbano";2;0;1;0;1;0;1;1
83522128;"04/12/16";"Domingo";"04:20:00";"PE";424;"82";"GARANHUNS";"Falta de atenção";"Tombamento";"Com Vítimas Feridas";"Amanhecer";"Decrescente";"Ceu Claro";"Simples";"Reta";"Rural";2;0;2;0;0;0;2;1
83522129;"08/12/16";"Quinta";"03:50:00";"SC";470;"65";"INDAIAL";"Ingestão de álcool";"Saída de Pista";"Sem Vítimas";"Plena noite";"Decrescente";"Ceu Claro";"Simples";"Reta";"Urbano";1;0;0;0;1;0;0;1
83522130;"12/05/16";"Quinta";"16:50:00";"RJ";101;"325";"NITEROI";"Outras";"Danos Eventuais";"Sem Vítimas";"Anoitecer";"Decrescente";"Nublado";"Dupla";"Reta";"Urbano";2;0;0;0;2;0;0;2
83522131;"22/10/16";"Sábado";"02:30:00";"SC";101;"192,1";"BIGUACU";"Dormindo";"Tombamento";"Com Vítimas Feridas";"Plena noite";"Decrescente";"Ceu Claro";"Dupla";"Curva";"Urbano";1;0;1;0;0;0;1;1
83522132;"04/12/16";"Domingo";"02:10:00";"RS";116;"643,2";"JAGUARAO";"Dormindo";"Colisão frontal";"Com Vítimas Fatais";"Plena noite";"Crescente";"Nublado";"Simples";"Reta";"Rural";3;2;1;0;0;0;1;2
83522134;"03/12/16";"Sábado";"23:45:00";"PA";163;"997";"SANTAREM";"Falta de atenção";"Queda de motocicleta / bicicleta / veículo";"Sem Vítimas";"Plena noite";"Crescente";"Ceu Claro";"Simples";"Curva";"Urbano";2;0;0;0;1;1;0;2
83522135;"03/12/16";"Sábado";"19:00:00";"SP";116;"173,4";"JACAREI";"Outras";"Saída de Pista";"Sem Vítimas";"Anoitecer";"Crescente";"Chuva";"Dupla";"Curva";"Rural";1;0;0;0;1;0;0;1
83522136;"03/12/16";"Sábado";"23:45:00";"PR";476;"99,2";"BOCAIUVA DO SUL";"Ingestão de álcool";"Colisão frontal";"Com Vítimas Feridas";"Plena noite";"Decrescente";"Chuva";"Simples";"Curva";"Rural";2;0;0;1;1;0;1;2
83522137;"28/04/16";"Quinta";"15:00:00";"SP";116;"347";"MIRACATU";"Outras";"Colisão traseira";"Com Vítimas Feridas";"Pleno dia";"Crescente";"Ceu Claro";"Dupla";"Curva";"Rural";4;0;0;2;2;0;2;4
83522138;"08/12/16";"Quinta";"06:00:00";"RJ";40;"85";"PETROPOLIS";"Outras";"Tombamento";"Com Vítimas Feridas";"Amanhecer";"Crescente";"Ceu Claro";"Simples";"Curva";"Urbano";2;0;0;2;0;0;2;1
83522139;"30/11/16";"Quarta";"18:30:00";"PB";230;"10,9";"CABEDELO";"Desobediência à sinalização";"Colisão Transversal";"Com Vítimas Feridas";"Plena noite";"Crescente";"Ceu Claro";"Dupla";"Reta";"Urbano";2;0;1;0;0;1;1;2
83522140;"04/12/16";"Domingo";"08:40:00";"PE";428;"11";"CABROBO";"Falta de atenção";"Colisão frontal";"Com Vítimas Feridas";"Pleno dia";"Decrescente";"Ceu Claro";"Simples";"Reta";"Rural";2;0;1;0;0;1;1;2
83522141;"04/12/16";"Domingo";"10:00:00";"MG";381;"374,5";"SAO GONCALO DO RIO ABAIXO";"Velocidade incompatível";"Saída de Pista";"Com Vítimas Feridas";"Pleno dia";"Crescente";"Chuva";"Simples";"Curva";"Urbano";4;0;4;0;0;0;4;1
83522142;"08/12/16";"Quinta";"07:05:00";"SP";116;"384";"MIRACATU";"Falta de atenção";"Colisão com objeto fixo";"Ignorado";"Pleno dia";"Crescente";"Ceu Claro";"Simples";"Curva";"Rural";1;0;0;0;0;1;0;1
83522143;"07/12/16";"Quarta";"08:10:00";"ES";101;"200";"JOAO NEIVA";"Ingestão de álcool";"Saída de Pista";"Sem Vítimas";"Amanhecer";"Decrescente";"Ceu Claro";"Simples";"Reta";"Rural";1;0;0;0;1;0;0;1
83522144;"08/12/16";"Quinta";"06:10:00";"BA";242;"587";"IBOTIRAMA";"Dormindo";"Saída de Pista";"Com Vítimas Feridas";"Amanhecer";"Decrescente";"Chuva";"Simples";"Reta";"Rural";2;0;2;0;0;0;2;1
83522145;"04/12/16";"Domingo";"19:30:00";"MG";365;"675,5";"UBERLANDIA";"Outras";"Saída de Pista";"Com Vítimas Feridas";"Plena noite";"Crescente";"Chuva";"Dupla";"Reta";"Rural";1;0;1;0;0;0;1;1
83522146;"04/12/16";"Domingo";"20:00:00";"MG";262;"653,5";"IBIA";"Outras";"Colisão frontal";"Com Vítimas Feridas";"Plena noite";"Crescente";"Chuva";"Simples";"Reta";"Rural";3;0;2;0;1;0;2;2
83522148;"05/12/16";"Segunda";"06:35:00";"PR";116;"126";"FAZENDA RIO GRANDE";"Falta de atenção";"Colisão lateral";"Com Vítimas Feridas";"Pleno dia";"Decrescente";"Sol";"Dupla";"Reta";"Urbano";3;0;1;0;2;0;1;3
83522149;"08/12/16";"Quinta";"07:30:00";"PR";116;"126";"FAZENDA RIO GRANDE";"Falta de atenção";"Colisão lateral";"Com Vítimas Feridas";"Pleno dia";"Decrescente";"Sol";"Dupla";"Reta";"Urbano";2;0;1;0;1;0;1;2
83522150;"04/12/16";"Domingo";"18:40:00";"MG";365;"675,3";"MONTE ALEGRE DE MINAS";"Velocidade incompatível";"Capotamento";"Com Vítimas Feridas";"Anoitecer";"Decrescente";"Chuva";"Dupla";"Curva";"Rural";1;0;1;0;0;0;1;1
83522151;"03/12/16";"Sábado";"20:30:00";"DF";20;"9,1";"BRASILIA";"Ingestão de álcool";"Colisão Transversal";"Sem Vítimas";"Plena noite";"Decrescente";"Ceu Claro";"Dupla";"Reta";"Urbano";3;0;0;0;3;0;0;2
83522152;"04/12/16";"Domingo";"22:00:00";"MS";267;"356";"RIO BRILHANTE";"Defeito mecânico em veículo";"Saída de Pista";"Com Vítimas Feridas";"Plena noite";"Crescente";"Ceu Claro";"Simples";"Reta";"Rural";3;0;2;1;0;0;3;1
83522153;"26/11/16";"Sábado";"12:30:00";"MG";381;"477,9";"CONTAGEM";"Outras";"Colisão traseira";"Com Vítimas Feridas";"Pleno dia";"Crescente";"Sol";"Dupla";"Reta";"Urbano";4;0;0;2;2;0;2;2
83522154;"20/11/16";"Domingo";"17:00:00";"SC";101;"340";"TUBARAO";"Outras";"Queda de motocicleta / bicicleta / veículo";"Com Vítimas Feridas";"Pleno dia";"Decrescente";"Ceu Claro";"Dupla";"Reta";"Urbano";2;0;2;0;0;0;2;1
83522155;"08/12/16";"Quinta";"05:30:00";"RS";285;"290";"PASSO FUNDO";"Falta de atenção";"Capotamento";"Ignorado";"Plena noite";"Decrescente";"Ceu Claro";"Dupla";"Reta";"Urbano";1;0;0;0;0;1;0;1
83522156;"28/11/16";"Segunda";"07:00:00";"MG";267;"80";"JUIZ DE FORA";"Outras";"Queda de motocicleta / bicicleta / veículo";"Com Vítimas Feridas";"Pleno dia";"Crescente";"Nublado";"Simples";"Reta";"Rural";1;0;1;0;0;0;1;1
83522157;"04/12/16";"Domingo";"15:40:00";"ES";101;"258,2";"SERRA";"Falta de atenção";"Capotamento";"Com Vítimas Feridas";"Pleno dia";"Decrescente";"Chuva";"Dupla";"Curva";"Urbano";1;0;1;0;0;0;1;1
83522158;"04/12/16";"Domingo";"18:30:00";"ES";101;"432,3";"ATILIO VIVACQUA";"Falta de atenção";"Capotamento";"Com Vítimas Feridas";"Anoitecer";"Decrescente";"Nublado";"Simples";"Reta";"Rural";3;0;1;0;2;0;1;2
83522159;"08/12/16";"Quinta";"08:20:00";"PE";232;"8,2";"RECIFE";"Falta de atenção";"Colisão lateral";"Sem Vítimas";"Pleno dia";"Decrescente";"Sol";"Dupla";"Reta";"Urbano";2;0;0;0;2;0;0;2
83522160;"04/12/16";"Domingo";"18:52:00";"SP";116;"87,5";"PINDAMONHANGABA";"Não guardar distância de segurança";"Colisão traseira";"Com Vítimas Feridas";"Pleno dia";"Decrescente";"Chuva";"Dupla";"Reta";"Rural";9;0;3;0;6;0;3;6
83522161;"04/12/16";"Domingo";"17:00:00";"BA";116;"732";"BOA NOVA";"Outras";"Queda de motocicleta / bicicleta / veículo";"Com Vítimas Feridas";"Pleno dia";"Crescente";"Sol";"Simples";"Reta";"Rural";1;0;1;0;0;0;1;1
83522162;"04/12/16";"Domingo";"15:00:00";"BA";101;"524";"BUERAREMA";"Falta de atenção";"Colisão com bicicleta";"Com Vítimas Fatais";"Pleno dia";"Decrescente";"Sol";"Simples";"Reta";"Urbano";2;1;0;0;1;0;0;2
83522163;"06/12/16";"Terça";"11:00:00";"MS";262;"6";"TRES LAGOAS";"Outras";"Queda de motocicleta / bicicleta / veículo";"Com Vítimas Feridas";"Pleno dia";"Crescente";"Nublado";"Dupla";"Reta";"Urbano";3;0;1;0;2;0;1;3
83522164;"27/11/16";"Domingo";"20:00:00";"MG";262;"449";"NOVA SERRANA";"Ingestão de álcool";"Atropelamento de pessoa";"Com Vítimas Feridas";"Plena noite";"Crescente";"Ceu Claro";"Simples";"Reta";"Rural";2;0;0;1;1;0;1;1
83522165;"04/12/16";"Domingo";"15:50:00";"DF";20;"8";"BRASILIA";"Falta de atenção";"Saída de Pista";"Sem Vítimas";"Pleno dia";"Decrescente";"Nublado";"Dupla";"Reta";"Urbano";3;0;0;0;3;0;0;2
83522166;"03/02/16";"Quarta";"03:35:00";"PR";369;"164,2";"CAMBE";"Falta de atenção";"Colisão traseira";"Sem Vítimas";"Plena noite";"Decrescente";"Ceu Claro";"Dupla";"Reta";"Urbano";2;0;0;0;1;1;0;2
83522167;"08/12/16";"Quinta";"05:55:00";"MT";163;"112,5";"RONDONOPOLIS";"Falta de atenção";"Saída de Pista";"Sem Vítimas";"Amanhecer";"Crescente";"Ceu Claro";"Dupla";"Reta";"Rural";1;0;0;0;1;0;0;1
83522168;"05/12/16";"Segunda";"07:20:00";"RN";226;"173,5";"CURRAIS NOVOS";"Falta de atenção";"Colisão Transversal";"Com Vítimas Feridas";"Pleno dia";"Crescente";"Ceu Claro";"Simples";"Reta";"Urbano";2;0;0;1;1;0;1;2
83522169;"04/12/16";"Domingo";"18:30:00";"MG";381;"705,2";"LAVRAS";"Outras";"Saída de Pista";"Com Vítimas Feridas";"Pleno dia";"Crescente";"Chuva";"Dupla";"Curva";"Rural";1;0;1;0;0;0;1;1
83522170;"05/12/16";"Segunda";"02:10:00";"RJ";101;"332";"RIO DE JANEIRO";"Falta de atenção";"Colisão com objeto fixo";"Com Vítimas Feridas";"Plena noite";"Decrescente";"Nublado";"Dupla";"Reta";"Urbano";1;0;0;1;0;0;1;1
83522171;"04/12/16";"Domingo";"11:00:00";"PA";230;"124";"MARABA";"Ingestão de álcool";"Colisão traseira";"Com Vítimas Feridas";"Pleno dia";"Decrescente";"Nublado";"Simples";"Reta";"Urbano";2;0;1;0;1;0;1;2
83522172;"08/12/16";"Quinta";"04:40:00";"SP";116;"274,3";"TABOAO DA SERRA";"Velocidade incompatível";"Colisão traseira";"Com Vítimas Feridas";"Plena noite";"Decrescente";"Ceu Claro";"Dupla";"Reta";"Urbano";2;0;1;1;0;0;2;2
83522173;"04/12/16";"Domingo";"15:20:00";"RJ";116;"227";"PIRAI";"Outras";"Colisão com objeto fixo";"Sem Vítimas";"Pleno dia";"Crescente";"Nublado";"Dupla";"Curva";"Rural";1;0;0;0;1;0;0;1
83522175;"05/12/16";"Segunda";"07:20:00";"MG";381;"526";"BRUMADINHO";"Outras";"Saída de Pista";"Sem Vítimas";"Amanhecer";"Crescente";"Chuva";"Dupla";"Curva";"Rural";1;0;0;0;1;0;0;1
83522176;"08/12/16";"Quinta";"06:40:00";"PR";277;"70";"SAO JOSE DOS PINHAIS";"Falta de atenção";"Colisão com bicicleta";"Com Vítimas Fatais";"Pleno dia";"Decrescente";"Ceu Claro";"Dupla";"Reta";"Rural";2;1;0;0;1;0;0;2
83522177;"26/11/16";"Sábado";"08:15:00";"SC";101;"215,3";"PALHOCA";"Outras";"Queda de motocicleta / bicicleta / veículo";"Com Vítimas Feridas";"Pleno dia";"Crescente";"Nublado";"Múltipla";"Reta";"Urbano";1;0;1;0;0;0;1;1