"id";"data_inversa";"dia_semana";"horario";"uf";"br";"km";"municipio";"causa_acidente";"tipo_acidente";"classificacao_acidente";"fase_dia";"sentido_via";"condicao_metereologica";"tipo_pista";"tracado_via";"uso_solo";"pessoas";"mortos";"feridos_leves";"feridos_graves";"ilesos";"ignorados";"feridos";"veiculos"
83522736;"09/12/16";"Sexta";"23:00:00";"SP";116;"271";"TABOAO DA SERRA";"Falta de atenção";"Colisão traseira";"Com Vítimas Feridas";"Plena noite";"Crescente";"Ceu Claro";"Dupla";"Reta";"Rural";2;0;1;0;1;0;1;2
83522737;"10/12/16";"Sábado";"03:30:00";"MA";10;"254,5";"IMPERATRIZ";"Dormindo";"Colisão traseira";"Sem Vítimas";"Amanhecer";"Decrescente";"Ceu Claro";"Simples";"Reta";"Urbano";2;0;0;0;2;0;0;2
83522738;"09/12/16";"Sexta";"16:20:00";"MG";381;"484";"BETIM";"Outras";"Colisão lateral";"Com Vítimas Feridas";"Pleno dia";"Decrescente";"Sol";"Múltipla";"Reta";"Urbano";2;0;1;0;1;0;1;2
83522739;"10/12/16";"Sábado";"04:40:00";"SP";116;"475";"JACUPIRANGA";"Falta de atenção";"Atropelamento de pessoa";"Com Vítimas Fatais";"Plena noite";"Crescente";"Chuva";"Múltipla";"Reta";"Urbano";3;1;0;0;0;2;0;2
83522740;"07/12/16";"Quarta";"18:40:00";"SP";381;"87,8";"GUARULHOS";"Outras";"Colisão com objeto fixo";"Com Vítimas Fatais";"Pleno dia";"Crescente";"Ceu Claro";"Múltipla";"Reta";"Urbano";1;1;0;0;0;0;0;1
83522741;"09/12/16";"Sexta";"08:00:00";"MG";262;"368,1";"JUATUBA";"Velocidade incompatível";"Colisão lateral";"Com Vítimas Fatais";"Pleno dia";"Crescente";"Nublado";"Dupla";"Curva";"Urbano";2;1;0;0;1;0;0;2
83522742;"02/12/16";"Sexta";"15:30:00";"PA";316;"15";"MARITUBA";"Não guardar distância de segurança";"Colisão traseira";"Sem Vítimas";"Pleno dia";"Decrescente";"Nublado";"Dupla";"Reta";"Urbano";2;0;0;0;2;0;0;2
83522743;"09/12/16";"Sexta";"10:30:00";"MG";116;"529,9";"CARATINGA";"Outras";"Queda de motocicleta / bicicleta / veículo";"Com Vítimas Feridas";"Pleno dia";"Crescente";"Sol";"Simples";"Curva";"Urbano";2;0;1;0;0;1;1;1
83522744;"10/12/16";"Sábado";"05:30:00";"PR";476;"134,8";"CURITIBA";"Outras";"Queda de motocicleta / bicicleta / veículo";"Com Vítimas Feridas";"Amanhecer";"Crescente";"Chuva";"Múltipla";"Curva";"Urbano";1;0;0;1;0;0;1;1
83522745;"10/12/16";"Sábado";"06:30:00";"SC";101;"11,5";"GARUVA";"Velocidade incompatível";"Saída de Pista";"Ignorado";"Amanhecer";"Decrescente";"Chuva";"Dupla";"Reta";"Rural";1;0;0;0;0;1;0;1
83522746;"10/12/16";"Sábado";"03:30:00";"MG";381;"478";"CONTAGEM";"Falta de atenção";"Colisão traseira";"Sem Vítimas";"Amanhecer";"Decrescente";"Nublado";"Múltipla";"Reta";"Urbano";3;0;0;0;3;0;0;2
83522747;"10/12/16";"Sábado";"06:40:00";"MG";262;"913";"CAMPO FLORIDO";"Outras";"Colisão com objeto fixo";"Sem Vítimas";"Amanhecer";"Crescente";"Ceu Claro";"Simples";"Reta";"Urbano";1;0;0;0;1;0;0;1
83522748;"10/12/16";"Sábado";"02:03:00";"ES";101;"146";"LINHARES";"Outras";"Colisão traseira";"Sem Vítimas";"Plena noite";"Decrescente";"Ceu Claro";"Simples";"Reta";"Urbano";2;0;0;0;1;1;0;2
83522749;"09/12/16";"Sexta";"21:10:00";"SC";282;"49,6";"AGUAS MORNAS";"Outras";"Incêndio";"Sem Vítimas";"Plena noite";"Crescente";"Nublado";"Simples";"Reta";"Rural";1;0;0;0;1;0;0;1
83522750;"06/12/16";"Terça";"16:45:00";"SC";101;"40,2";"JOINVILLE";"Falta de atenção";"Colisão lateral";"Com Vítimas Feridas";"Pleno dia";"Decrescente";"Nublado";"Dupla";"Reta";"Urbano";3;0;1;0;2;0;1;2
83522752;"10/12/16";"Sábado";"02:30:00";"RS";116;"136,8";"CAXIAS DO SUL";"Ingestão de álcool";"Saída de Pista";"Ignorado";"Plena noite";"Decrescente";"Chuva";"Simples";"Curva";"Urbano";1;0;0;0;0;1;0;1
83522753;"10/12/16";"Sábado";"05:40:00";"PI";316;"0,2";"TERESINA";"Desobediência à sinalização";"Colisão Transversal";"Com Vítimas Feridas";"Pleno dia";"Crescente";"Ceu Claro";"Múltipla";"Reta";"Urbano";2;0;1;1;0;0;2;2
83522754;"04/12/16";"Domingo";"13:30:00";"GO";60;"10,7";"SANTO ANTONIO DO DESCOBERTO";"Falta de atenção";"Colisão com objeto fixo";"Sem Vítimas";"Pleno dia";"Crescente";"Sol";"Dupla";"Reta";"Rural";1;0;0;0;1;0;0;1
83522755;"10/12/16";"Sábado";"06:25:00";"CE";116;"23";"ITAITINGA";"Desobediência à sinalização";"Colisão frontal";"Com Vítimas Feridas";"Pleno dia";"Decrescente";"Ceu Claro";"Dupla";"Curva";"Urbano";2;0;0;1;0;1;1;2
83522756;"06/12/16";"Terça";"15:00:00";"MG";153;"135";"PRATA";"Velocidade incompatível";"Colisão traseira";"Com Vítimas Feridas";"Pleno dia";"Decrescente";"Nublado";"Simples";"Reta";"Rural";6;0;2;1;3;0;3;4
83522757;"06/12/16";"Terça";"16:30:00";"GO";60;"114";"TEREZOPOLIS DE GOIAS";"Desobediência à sinalização";"Colisão traseira";"Com Vítimas Feridas";"Pleno dia";"Decrescente";"Chuva";"Dupla";"Reta";"Rural";2;0;1;0;1;0;1;2
83522758;"06/12/16";"Terça";"22:10:00";"PR";153;"345,2";"REBOUCAS";"Ingestão de álcool";"Colisão lateral";"Sem Vítimas";"Plena noite";"Decrescente";"Nublado";"Simples";"Curva";"Rural";4;0;0;0;4;0;0;4
83522759;"05/12/16";"Segunda";"17:50:00";"MG";381;"615";"OLIVEIRA";"Velocidade incompatível";"Saída de Pista";"Sem Vítimas";"Pleno dia";"Decrescente";"Chuva";"Dupla";"Curva";"Rural";1;0;0;0;1;0;0;1
83522760;"10/12/16";"Sábado";"06:45:00";"SP";116;"501,3";"CAJATI";"Dormindo";"Tombamento";"Sem Vítimas";"Amanhecer";"Crescente";"Nublado";"Simples";"Curva";"Rural";1;0;0;0;1;0;0;1
83522761;"10/12/16";"Sábado";"07:00:00";"SC";282;"6";"SAO JOSE";"Ingestão de álcool";"Saída de Pista";"Sem Vítimas";"Pleno dia";"Crescente";"Chuva";"Simples";"Curva";"Urbano";1;0;0;0;1;0;0;1
83522762;"10/12/16";"Sábado";"05:30:00";"PR";476;"130";"CURITIBA";"Ingestão de álcool";"Capotamento";"Com Vítimas Feridas";"Amanhecer";"Crescente";"Chuva";"Dupla";"Curva";"Urbano";2;0;1;0;1;0;1;2
83522763;"10/12/16";"Sábado";"08:30:00";"PR";116;"118";"CURITIBA";"Falta de atenção";"Colisão traseira";"Sem Vítimas";"Pleno dia";"Decrescente";"Chuva";"Dupla";"Reta";"Rural";2;0;0;0;2;0;0;2
83522764;"07/12/16";"Quarta";"00:15:00";"SP";381;"32,5";"ATIBAIA";"Falta de atenção";"Colisão traseira";"Com Vítimas Feridas";"Plena noite";"Crescente";"Ceu Claro";"Dupla";"Reta";"Urbano";2;0;0;1;1;0;1;2
83522765;"10/12/16";"Sábado";"09:00:00";"PR";116;"50";"CAMPINA GRANDE DO SUL";"Velocidade incompatível";"Capotamento";"Com Vítimas Feridas";"Pleno dia";"Decrescente";"Chuva";"Dupla";"Curva";"Rural";3;0;2;1;0;0;3;1
83522766;"08/12/16";"Quinta";"06:30:00";"SE";101;"33,9";"CAPELA";"Falta de atenção";"Atropelamento de pessoa";"Com Vítimas Fatais";"Pleno dia";"Crescente";"Sol";"Simples";"Reta";"Urbano";2;1;0;0;1;0;0;1
83522767;"06/12/16";"Terça";"17:00:00";"PR";116;"152";"MANDIRITUBA";"Falta de atenção";"Colisão Transversal";"Sem Vítimas";"Anoitecer";"Crescente";"Ignorada";"Dupla";"Reta";"Rural";2;0;0;0;2;0;0;2
83522768;"10/12/16";"Sábado";"06:20:00";"MG";381;"316";"NOVA ERA";"Velocidade incompatível";"Capotamento";"Sem Vítimas";"Pleno dia";"Decrescente";"Chuva";"Simples";"Curva";"Rural";1;0;0;0;1;0;0;1
83522769;"06/12/16";"Terça";"14:00:00";"GO";40;"13,5";"LUZIANIA";"Desobediência à sinalização";"Colisão Transversal";"Com Vítimas Feridas";"Pleno dia";"Crescente";"Ceu Claro";"Dupla";"Reta";"Urbano";3;0;1;0;2;0;1;2
83522770;"08/12/16";"Quinta";"22:00:00";"SC";101;"265,8";"PAULO LOPES";"Falta de atenção";"Colisão traseira";"Sem Vítimas";"Plena noite";"Crescente";"Nublado";"Dupla";"Reta";"Rural";2;0;0;0;2;0;0;2
83522771;"02/12/16";"Sexta";"11:30:00";"SP";116;"556";"BARRA DO TURVO";"Outras";"Queda de motocicleta / bicicleta / veículo";"Com Vítimas Feridas";"Pleno dia";"Decrescente";"Ignorada";"Dupla";"Reta";"Rural";1;0;0;1;0;0;1;1
83522772;"10/12/16";"Sábado";"04:30:00";"SC";101;"437,5";"SOMBRIO";"Outras";"Colisão com objeto fixo";"Ignorado";"Pleno dia";"Decrescente";"Chuva";"Dupla";"Reta";"Urbano";1;0;0;0;0;1;0;1
83522774;"02/12/16";"Sexta";"18:35:00";"MG";50;"73";"UBERLANDIA";"Outras";"Queda de motocicleta / bicicleta / veículo";"Com Vítimas Feridas";"Pleno dia";"Crescente";"Ceu Claro";"Dupla";"Reta";"Urbano";1;0;0;1;0;0;1;1
83522775;"03/12/16";"Sábado";"07:00:00";"PR";376;"655";"TIJUCAS DO SUL";"Velocidade incompatível";"Saída de Pista";"Sem Vítimas";"Pleno dia";"Decrescente";"Nevoeiro/neblina";"Múltipla";"Curva";"Rural";1;0;0;0;1;0;0;1
83522776;"10/12/16";"Sábado";"10:00:00";"RS";386;"424,3";"MONTENEGRO";"Outras";"Colisão traseira";"Sem Vítimas";"Pleno dia";"Decrescente";"Ceu Claro";"Dupla";"Reta";"Rural";2;0;0;0;2;0;0;2
83522777;"04/12/16";"Domingo";"20:00:00";"GO";60;"33,3";"ALEXANIA";"Ingestão de álcool";"Colisão lateral";"Sem Vítimas";"Plena noite";"Crescente";"Nublado";"Múltipla";"Reta";"Urbano";2;0;0;0;2;0;0;2
83522778;"10/12/16";"Sábado";"06:30:00";"PR";116;"112";"CURITIBA";"Velocidade incompatível";"Saída de Pista";"Sem Vítimas";"Pleno dia";"Crescente";"Chuva";"Dupla";"Reta";"Urbano";1;0;0;0;1;0;0;1
83522779;"02/12/16";"Sexta";"19:50:00";"RJ";101;"295";"ITABORAI";"Falta de atenção";"Colisão traseira";"Com Vítimas Feridas";"Plena noite";"Decrescente";"Ceu Claro";"Dupla";"Reta";"Urbano";3;0;2;0;1;0;2;2
83522780;"10/12/16";"Sábado";"08:00:00";"PR";116;"119";"CURITIBA";"Outras";"Queda de motocicleta / bicicleta / veículo";"Com Vítimas Feridas";"Pleno dia";"Crescente";"Chuva";"Dupla";"Curva";"Urbano";1;0;1;0;0;0;1;1
83522781;"08/12/16";"Quinta";"07:15:00";"SP";116;"125,2";"CACAPAVA";"Não guardar distância de segurança";"Colisão traseira";"Com Vítimas Feridas";"Pleno dia";"Crescente";"Ceu Claro";"Dupla";"Reta";"Urbano";2;0;1;0;1;0;1;2
83522782;"09/12/16";"Sexta";"11:00:00";"RJ";116;"177";"NOVA IGUACU";"Outras";"Queda de motocicleta / bicicleta / veículo";"Com Vítimas Feridas";"Pleno dia";"Crescente";"Nublado";"Múltipla";"Reta";"Urbano";1;0;1;0;0;0;1;1
83522783;"10/12/16";"Sábado";"09:00:00";"BA";415;"47,3";"ITABUNA";"Falta de atenção";"Colisão Transversal";"Com Vítimas Feridas";"Pleno dia";"Crescente";"Ceu Claro";"Simples";"Reta";"Urbano";2;0;1;0;1;0;1;2
83522784;"09/12/16";"Sexta";"06:35:00";"MT";364;"298";"JACIARA";"Falta de atenção";"Capotamento";"Com Vítimas Feridas";"Pleno dia";"Decrescente";"Nublado";"Simples";"Reta";"Urbano";2;0;2;0;0;0;2;1
83522785;"10/12/16";"Sábado";"09:30:00";"RS";158;"326,7";"SANTA MARIA";"Falta de atenção";"Colisão Transversal";"Com Vítimas Feridas";"Pleno dia";"Crescente";"Sol";"Simples";"Reta";"Urbano";3;0;2;0;1;0;2;2
83522787;"27/10/16";"Quinta";"13:05:00";"PB";101;"106,8";"ALHANDRA";"Defeito mecânico em veículo";"Colisão traseira";"Com Vítimas Feridas";"Pleno dia";"Crescente";"Sol";"Dupla";"Reta";"Rural";5;0;2;0;3;0;2;4
83522788;"07/12/16";"Quarta";"22:30:00";"MT";70;"76,2";"GENERAL CARNEIRO";"Defeito mecânico em veículo";"Incêndio";"Sem Vítimas";"Plena noite";"Decrescente";"Chuva";"Simples";"Curva";"Urbano";1;0;0;0;1;0;0;1
83522789;"10/12/16";"Sábado";"07:50:00";"PR";153;"50,7";"SANTO ANTONIO DA PLATINA";"Desobediência à sinalização";"Colisão frontal";"Com Vítimas Fatais";"Pleno dia";"Crescente";"Nublado";"Simples";"Reta";"Rural";2;1;1;0;0;0;1;2
83522790;"10/12/16";"Sábado";"10:20:00";"SC";101;"141";"ITAPEMA";"Outras";"Colisão com objeto fixo";"Com Vítimas Feridas";"Pleno dia";"Decrescente";"Chuva";"Simples";"Reta";"Urbano";1;0;1;0;0;0;1;1
83522791;"08/12/16";"Quinta";"22:00:00";"PA";230;"120,4";"MARABA";"Outras";"Queda de motocicleta / bicicleta / veículo";"Com Vítimas Feridas";"Plena noite";"Crescente";"Ceu Claro";"Dupla";"Curva";"Urbano";2;0;1;0;1;0;1;1
83522792;"10/12/16";"Sábado";"10:30:00";"SP";116;"347";"MIRACATU";"Outras";"Colisão com objeto fixo";"Sem Vítimas";"Pleno dia";"Crescente";"Sol";"Simples";"Reta";"Rural";1;0;0;0;1;0;0;1
83522793;"10/12/16";"Sábado";"08:30:00";"SC";101;"35";"JOINVILLE";"Falta de atenção";"Colisão traseira";"Com Vítimas Feridas";"Pleno dia";"Crescente";"Ceu Claro";"Dupla";"Reta";"Urbano";2;0;1;0;1;0;1;2
83522794;"10/12/16";"Sábado";"08:06:00";"SC";101;"367,1";"SANGAO";"Dormindo";"Colisão frontal";"Com Vítimas Feridas";"Pleno dia";"Decrescente";"Chuva";"Dupla";"Reta";"Rural";2;0;1;0;1;0;1;2
83522795;"02/12/16";"Sexta";"14:40:00";"BA";116;"277";"TUCANO";"Falta de atenção";"Colisão Transversal";"Com Vítimas Feridas";"Pleno dia";"Decrescente";"Ceu Claro";"Simples";"Reta";"Urbano";2;0;1;0;1;0;1;2
83522796;"08/12/16";"Quinta";"03:00:00";"SP";381;"86,2";"SAO PAULO";"Outras";"Colisão com objeto fixo";"Sem Vítimas";"Plena noite";"Crescente";"Ceu Claro";"Múltipla";"Curva";"Urbano";1;0;0;0;1;0;0;1
83522797;"06/12/16";"Terça";"11:15:00";"BA";116;"550";"MILAGRES";"Outras";"Capotamento";"Com Vítimas Feridas";"Pleno dia";"Decrescente";"Ceu Claro";"Simples";"Reta";"Rural";2;0;1;0;1;0;1;1
83522798;"10/12/16";"Sábado";"09:00:00";"PE";232;"240,8";"ARCOVERDE";"Não guardar distância de segurança";"Colisão traseira";"Sem Vítimas";"Pleno dia";"Crescente";"Sol";"Simples";"Reta";"Rural";3;0;0;0;3;0;0;3
83522799;"10/12/16";"Sábado";"06:10:00";"MT";364;"476";"JANGADA";"Defeito mecânico em veículo";"Queda de motocicleta / bicicleta / veículo";"Sem Vítimas";"Pleno dia";"Decrescente";"Ceu Claro";"Simples";"Reta";"Urbano";1;0;0;0;1;0;0;1
83522800;"08/12/16";"Quinta";"16:50:00";"SP";116;"365";"MIRACATU";"Outras";"Tombamento";"Com Vítimas Feridas";"Pleno dia";"Decrescente";"Chuva";"Dupla";"Curva";"Rural";1;0;1;0;0;0;1;1
83522801;"10/12/16";"Sábado";"11:10:00";"PR";369;"100,8";"CORNELIO PROCOPIO";"Velocidade incompatível";"Saída de Pista";"Sem Vítimas";"Pleno dia";"Decrescente";"Chuva";"Simples";"Curva";"Rural";1;0;0;0;1;0;0;1
83522802;"07/12/16";"Quarta";"12:30:00";"PE";232;"209,8";"PESQUEIRA";"Desobediência à sinalização";"Colisão traseira";"Sem Vítimas";"Pleno dia";"Crescente";"Ceu Claro";"Simples";"Reta";"Urbano";2;0;0;0;2;0;0;2
83522803;"10/12/16";"Sábado";"10:00:00";"SP";116;"280,1";"EMBU";"Falta de atenção";"Colisão traseira";"Com Vítimas Feridas";"Pleno dia";"Crescente";"Ceu Claro";"Dupla";"Reta";"Urbano";4;0;1;0;3;0;1;3
83522804;"10/12/16";"Sábado";"09:05:00";"SC";470;"122,9";"IBIRAMA";"Velocidade incompatível";"Colisão Transversal";"Com Vítimas Fatais";"Pleno dia";"Decrescente";"Chuva";"Múltipla";"Curva";"Rural";4;2;2;0;0;0;2;2
83522805;"10/12/16";"Sábado";"08:30:00";"SP";381;"9,7";"VARGEM";"Falta de atenção";"Colisão lateral";"Sem Vítimas";"Pleno dia";"Decrescente";"Sol";"Dupla";"Curva";"Urbano";2;0;0;0;2;0;0;2
83522806;"10/12/16";"Sábado";"10:10:00";"RS";290;"175,7";"BUTIA";"Falta de atenção";"Colisão Transversal";"Sem Vítimas";"Pleno dia";"Crescente";"Sol";"Simples";"Reta";"Urbano";3;0;0;0;3;0;0;2
83522807;"10/12/16";"Sábado";"12:00:00";"SC";101;"186";"BIGUACU";"Velocidade incompatível";"Colisão com objeto fixo";"Com Vítimas Feridas";"Pleno dia";"Crescente";"Chuva";"Dupla";"Curva";"Urbano";1;0;1;0;0;0;1;1
83522808;"10/12/16";"Sábado";"10:45:00";"AL";104;"88";"RIO LARGO";"Falta de atenção";"Colisão Transversal";"Sem Vítimas";"Pleno dia";"Decrescente";"Ceu Claro";"Dupla";"Reta";"Urbano";3;0;0;0;3;0;0;2
83522809;"10/12/16";"Sábado";"11:00:00";"SC";101;"259,8";"GAROPABA";"Velocidade incompatível";"Capotamento";"Com Vítimas Feridas";"Pleno dia";"Crescente";"Chuva";"Dupla";"Curva";"Rural";3;0;3;0;0;0;3;1
83522810;"10/12/16";"Sábado";"09:00:00";"RS";287;"476,6";"SAO BORJA";"Dormindo";"Saída de Pista";"Com Vítimas Feridas";"Amanhecer";"Crescente";"Nublado";"Simples";"Reta";"Rural";1;0;1;0;0;0;1;1
83522811;"07/12/16";"Quarta";"14:00:00";"MS";163;"208";"CAARAPO";"Outras";"Tombamento";"Com Vítimas Feridas";"Pleno dia";"Decrescente";"Nublado";"Simples";"Reta";"Rural";1;0;1;0;0;0;1;1
83522812;"10/12/16";"Sábado";"08:50:00";"SP";116;"542";"BARRA DO TURVO";"Não guardar distância de segurança";"Colisão traseira";"Sem Vítimas";"Pleno dia";"Crescente";"Nublado";"Múltipla";"Reta";"Rural";5;0;0;0;2;3;0;5
83522813;"08/12/16";"Quinta";"22:45:00";"PR";277;"507,7";"GUARANIACU";"Velocidade incompatível";"Saída de Pista";"Ignorado";"Pleno dia";"Crescente";"Nublado";"Simples";"Curva";"Rural";1;0;0;0;0;1;0;1
83522814;"07/12/16";"Quarta";"00:30:00";"RJ";116;"226";"PIRAI";"Outras";"Colisão traseira";"Com Vítimas Feridas";"Plena noite";"Crescente";"Ceu Claro";"Dupla";"Curva";"Rural";2;0;1;0;1;0;1;2
83522815;"10/12/16";"Sábado";"12:25:00";"BA";410;"9,7";"RIBEIRA DO POMBAL";"Falta de atenção";"Capotamento";"Com Vítimas Feridas";"Pleno dia";"Crescente";"Sol";"Simples";"Reta";"Rural";1;0;1;0;0;0;1;1
83522816;"10/12/16";"Sábado";"11:20:00";"MS";267;"450,4";"JARDIM";"Falta de atenção";"Saída de Pista";"Sem Vítimas";"Pleno dia";"Crescente";"Nublado";"Simples";"Reta";"Rural";1;0;0;0;1;0;0;1
83522817;"10/12/16";"Sábado";"10:00:00";"MG";381;"346";"BELA VISTA DE MINAS";"Velocidade incompatível";"Capotamento";"Com Vítimas Feridas";"Pleno dia";"Decrescente";"Chuva";"Simples";"Curva";"Rural";2;0;1;0;1;0;1;1
83522818;"07/12/16";"Quarta";"09:30:00";"BA";324;"606";"SIMOES FILHO";"Outras";"Colisão lateral";"Sem Vítimas";"Pleno dia";"Decrescente";"Ceu Claro";"Dupla";"Reta";"Urbano";2;0;0;0;1;1;0;2
83522819;"10/12/16";"Sábado";"10:15:00";"RS";290;"103";"PORTO ALEGRE";"Outras";"Colisão traseira";"Sem Vítimas";"Pleno dia";"Crescente";"Ceu Claro";"Dupla";"Reta";"Urbano";2;0;0;0;2;0;0;2
83522820;"02/12/16";"Sexta";"15:00:00";"MG";262;"826,9";"UBERABA";"Ultrapassagem indevida";"Colisão frontal";"Com Vítimas Feridas";"Pleno dia";"Decrescente";"Ceu Claro";"Simples";"Reta";"Rural";3;0;1;1;1;0;2;2
83522821;"10/12/16";"Sábado";"09:50:00";"MG";135;"372";"MONTES CLAROS";"Ultrapassagem indevida";"Colisão traseira";"Com Vítimas Feridas";"Pleno dia";"Decrescente";"Chuva";"Simples";"Reta";"Rural";3;0;1;0;2;0;1;3
83522822;"10/12/16";"Sábado";"12:45:00";"MG";381;"618,5";"OLIVEIRA";"Velocidade incompatível";"Capotamento";"Com Vítimas Feridas";"Pleno dia";"Decrescente";"Ceu Claro";"Dupla";"Reta";"Rural";2;0;2;0;0;0;2;1
83522823;"10/12/16";"Sábado";"11:30:00";"PB";104;"104,5";"SAO SEBASTIAO DE LAGOA DE ROCA";"Ingestão de álcool";"Saída de Pista";"Com Vítimas Feridas";"Pleno dia";"Decrescente";"Ceu Claro";"Simples";"Curva";"Rural";1;0;1;0;0;0;1;1
83522824;"10/12/16";"Sábado";"13:35:00";"SC";101;"141";"ITAPEMA";"Velocidade incompatível";"Capotamento";"Com Vítimas Feridas";"Pleno dia";"Crescente";"Chuva";"Dupla";"Reta";"Rural";1;0;1;0;0;0;1;1
83522825;"10/12/16";"Sábado";"06:40:00";"SC";470;"0,6";"GASPAR";"Ultrapassagem indevida";"Colisão frontal";"Com Vítimas Feridas";"Pleno dia";"Crescente";"Chuva";"Simples";"Reta";"Urbano";4;0;2;2;0;0;4;2
83522826;"03/12/16";"Sábado";"20:40:00";"RS";116;"530,1";"CAPAO DO LEAO";"Falta de atenção";"Colisão Transversal";"Sem Vítimas";"Plena noite";"Decrescente";"Ceu Claro";"Simples";"Cruzamento";"Urbano";2;0;0;0;2;0;0;2
83522827;"07/12/16";"Quarta";"05:40:00";"PR";163;"250";"TOLEDO";"Falta de atenção";"Saída de Pista";"Com Vítimas Feridas";"Amanhecer";"Crescente";"Ignorada";"Simples";"Curva";"Rural";2;0;1;0;1;0;1;1
83522828;"10/12/16";"Sábado";"09:30:00";"GO";153;"84";"PORANGATU";"Defeito mecânico em veículo";"Tombamento";"Com Vítimas Fatais";"Pleno dia";"Decrescente";"Nublado";"Simples";"Reta";"Rural";1;1;0;0;0;0;0;1
83522829;"10/12/16";"Sábado";"11:40:00";"PR";153;"504,7";"GENERAL CARNEIRO";"Outras";"Saída de Pista";"Com Vítimas Feridas";"Pleno dia";"Decrescente";"Chuva";"Simples";"Curva";"Rural";2;0;1;0;1;0;1;1
83522830;"10/12/16";"Sábado";"08:00:00";"PR";376;"666,8";"GUARATUBA";"Velocidade incompatível";"Colisão lateral";"Com Vítimas Feridas";"Pleno dia";"Decrescente";"Chuva";"Dupla";"Curva";"Rural";2;0;1;0;1;0;1;2
83522831;"10/12/16";"Sábado";"14:40:00";"PR";153;"468";"PORTO VITORIA";"Defeito mecânico em veículo";"Tombamento";"Sem Vítimas";"Pleno dia";"Crescente";"Chuva";"Simples";"Reta";"Rural";1;0;0;0;1;0;0;1
83522832;"10/12/16";"Sábado";"09:00:00";"BA";116;"467,5";"SANTO ESTEVAO";"Velocidade incompatível";"Saída de Pista";"Com Vítimas Feridas";"Pleno dia";"Decrescente";"Ceu Claro";"Dupla";"Reta";"Rural";4;0;2;0;2;0;2;1
83522833;"10/12/16";"Sábado";"08:35:00";"PR";376;"660";"TIJUCAS DO SUL";"Velocidade incompatível";"Derramamento de Carga";"Sem Vítimas";"Pleno dia";"Decrescente";"Chuva";"Dupla";"Curva";"Rural";1;0;0;0;1;0;0;1
83522834;"10/12/16";"Sábado";"09:30:00";"PR";376;"680";"GUARATUBA";"Velocidade incompatível";"Colisão com objeto fixo";"Sem Vítimas";"Pleno dia";"Crescente";"Chuva";"Dupla";"Curva";"Rural";1;0;0;0;1;0;0;1
83522835;"10/12/16";"Sábado";"11:00:00";"RJ";40;"77";"PETROPOLIS";"Outras";"Queda de motocicleta / bicicleta / veículo";"Com Vítimas Feridas";"Pleno dia";"Crescente";"Ceu Claro";"Simples";"Curva";"Rural";1;0;1;0;0;0;1;1
83522836;"10/12/16";"Sábado";"12:30:00";"PR";376;"652,8";"TIJUCAS DO SUL";"Não guardar distância de segurança";"Colisão traseira";"Sem Vítimas";"Pleno dia";"Crescente";"Chuva";"Simples";"Curva";"Rural";2;0;0;0;2;0;0;2
83522837;"08/12/16";"Quinta";"23:30:00";"DF";251;"7";"BRASILIA";"Outras";"Capotamento";"Com Vítimas Feridas";"Plena noite";"Decrescente";"Nublado";"Simples";"Reta";"Rural";3;0;1;2;0;0;3;1
83522838;"10/12/16";"Sábado";"13:30:00";"MG";381;"885";"ESTIVA";"Falta de atenção";"Queda de motocicleta / bicicleta / veículo";"Com Vítimas Feridas";"Pleno dia";"Crescente";"Nublado";"Dupla";"Curva";"Rural";1;0;1;0;0;0;1;1
83522839;"08/12/16";"Quinta";"17:00:00";"TO";153;"142";"ARAGUAINA";"Não guardar distância de segurança";"Colisão traseira";"Com Vítimas Feridas";"Pleno dia";"Crescente";"Sol";"Múltipla";"Reta";"Urbano";3;0;1;0;2;0;1;2
83522840;"10/12/16";"Sábado";"10:10:00";"ES";262;"52,5";"MARECHAL FLORIANO";"Defeito mecânico em veículo";"Saída de Pista";"Com Vítimas Feridas";"Pleno dia";"Decrescente";"Chuva";"Simples";"Curva";"Rural";2;0;2;0;0;0;2;1
83522841;"07/12/16";"Quarta";"23:30:00";"ES";262;"3,8";"CARIACICA";"Outras";"Colisão com objeto fixo";"Ignorado";"Plena noite";"Crescente";"Nublado";"Múltipla";"Cruzamento";"Urbano";1;0;0;0;0;1;0;1
83522842;"10/12/16";"Sábado";"09:50:00";"ES";101;"212,3";"IBIRACU";"Falta de atenção";"Colisão Transversal";"Com Vítimas Feridas";"Pleno dia";"Decrescente";"Chuva";"Simples";"Cruzamento";"Urbano";4;0;2;0;2;0;2;2
83522843;"10/12/16";"Sábado";"00:20:00";"AM";319;"682";"HUMAITA";"Animais na Pista";"Atropelamento de animal";"Sem Vítimas";"Plena noite";"Crescente";"Chuva";"Simples";"Reta";"Rural";1;0;0;0;1;0;0;1
83522844;"06/12/16";"Terça";"21:50:00";"GO";153;"506,9";"APARECIDA DE GOIANIA";"Velocidade incompatível";"Colisão traseira";"Sem Vítimas";"Plena noite";"Crescente";"Chuva";"Dupla";"Reta";"Urbano";3;0;0;0;3;0;0;3
83522845;"10/12/16";"Sábado";"13:30:00";"MG";381;"775,3";"CAMPANHA";"Outras";"Capotamento";"Com Vítimas Feridas";"Pleno dia";"Decrescente";"Nublado";"Dupla";"Curva";"Rural";5;0;3;2;0;0;5;1