"id";"data_inversa";"dia_semana";"horario";"uf";"br";"km";"municipio";"causa_acidente";"tipo_acidente";"classificacao_acidente";"fase_dia";"sentido_via";"condicao_metereologica";"tipo_pista";"tracado_via";"uso_solo";"pessoas";"mortos";"feridos_leves";"feridos_graves";"ilesos";"ignorados";"feridos";"veiculos"
83522846;"08/12/16";"Quinta";"14:30:00";"RO";364;"673";"CANDEIAS DO JAMARI";"Outras";"Atropelamento de pessoa";"Com Vítimas Feridas";"Pleno dia";"Crescente";"Ceu Claro";"Simples";"Reta";"Rural";2;0;1;0;0;1;1;1
83522847;"07/12/16";"Quarta";"09:45:00";"BA";324;"605";"SIMOES FILHO";"Não guardar distância de segurança";"Colisão traseira";"Sem Vítimas";"Pleno dia";"Decrescente";"Ceu Claro";"Dupla";"Reta";"Urbano";3;0;0;0;3;0;0;3
83522848;"02/12/16";"Sexta";"04:00:00";"PB";104;"3";"NOVA FLORESTA";"Ingestão de álcool";"Queda de motocicleta / bicicleta / veículo";"Com Vítimas Fatais";"Plena noite";"Crescente";"Ceu Claro";"Simples";"Reta";"Rural";1;1;0;0;0;0;0;1
83522849;"10/12/16";"Sábado";"13:00:00";"PA";316;"9";"MARITUBA";"Desobediência à sinalização";"Atropelamento de pessoa";"Com Vítimas Feridas";"Pleno dia";"Crescente";"Sol";"Dupla";"Reta";"Urbano";2;0;2;0;0;0;2;1
83522850;"10/12/16";"Sábado";"09:30:00";"PR";376;"652";"TIJUCAS DO SUL";"Velocidade incompatível";"Capotamento";"Sem Vítimas";"Pleno dia";"Crescente";"Chuva";"Dupla";"Curva";"Rural";1;0;0;0;1;0;0;1
83522851;"10/12/16";"Sábado";"13:45:00";"PE";232;"50";"POMBOS";"Outras";"Colisão traseira";"Com Vítimas Feridas";"Pleno dia";"Crescente";"Sol";"Dupla";"Reta";"Urbano";2;0;0;1;1;0;1;2
83522852;"10/12/16";"Sábado";"06:30:00";"CE";116;"499";"BREJO SANTO";"Outras";"Tombamento";"Sem Vítimas";"Pleno dia";"Crescente";"Ceu Claro";"Simples";"Reta";"Urbano";2;0;0;0;2;0;0;1
83522853;"10/12/16";"Sábado";"07:30:00";"MG";116;"250,7";"TEOFILO OTONI";"Dormindo";"Saída de Pista";"Com Vítimas Feridas";"Pleno dia";"Decrescente";"Nublado";"Simples";"Curva";"Rural";5;0;2;0;3;0;2;1
83522854;"07/12/16";"Quarta";"05:10:00";"MA";230;"5";"BARAO DE GRAJAU";"Animais na Pista";"Atropelamento de animal";"Sem Vítimas";"Amanhecer";"Crescente";"Ceu Claro";"Simples";"Reta";"Rural";2;0;0;0;2;0;0;1
83522855;"10/12/16";"Sábado";"12:35:00";"GO";60;"387";"RIO VERDE";"Outras";"Saída de Pista";"Com Vítimas Feridas";"Pleno dia";"Decrescente";"Chuva";"Dupla";"Reta";"Rural";3;0;2;0;1;0;2;1
83522856;"20/11/16";"Domingo";"18:50:00";"BA";324;"514";"FEIRA DE SANTANA";"Falta de atenção";"Colisão Transversal";"Com Vítimas Feridas";"Plena noite";"Crescente";"Ceu Claro";"Simples";"Curva";"Urbano";2;0;1;0;0;1;1;2
83522857;"10/12/16";"Sábado";"11:15:00";"RO";319;"64";"PORTO VELHO";"Desobediência à sinalização";"Colisão Transversal";"Com Vítimas Feridas";"Pleno dia";"Crescente";"Sol";"Simples";"Reta";"Urbano";2;0;1;0;1;0;1;2
83522858;"10/12/16";"Sábado";"16:10:00";"MG";381;"546,2";"RIO MANSO";"Outras";"Colisão com objeto fixo";"Sem Vítimas";"Pleno dia";"Crescente";"Nublado";"Simples";"Curva";"Rural";1;0;0;0;1;0;0;1
83522859;"10/12/16";"Sábado";"09:40:00";"PR";277;"128,5";"BALSA NOVA";"Outras";"Saída de Pista";"Sem Vítimas";"Pleno dia";"Decrescente";"Chuva";"Simples";"Curva";"Rural";1;0;0;0;1;0;0;1
83522860;"10/12/16";"Sábado";"14:10:00";"SC";282;"434";"VARGEM BONITA";"Velocidade incompatível";"Saída de Pista";"Com Vítimas Feridas";"Pleno dia";"Crescente";"Nublado";"Simples";"Reta";"Rural";3;0;2;0;1;0;2;1
83522861;"10/12/16";"Sábado";"08:30:00";"SC";282;"273,7";"SAO JOSE DO CERRITO";"Velocidade incompatível";"Saída de Pista";"Sem Vítimas";"Pleno dia";"Crescente";"Chuva";"Simples";"Curva";"Rural";1;0;0;0;1;0;0;1
83522862;"10/12/16";"Sábado";"14:20:00";"MG";381;"532";"ITATIAIUCU";"Velocidade incompatível";"Capotamento";"Sem Vítimas";"Pleno dia";"Crescente";"Nublado";"Dupla";"Curva";"Rural";1;0;0;0;1;0;0;1
83522863;"10/12/16";"Sábado";"03:45:00";"MT";163;"1010";"TERRA NOVA DO NORTE";"Defeito na via";"Saída de Pista";"Sem Vítimas";"Plena noite";"Crescente";"Chuva";"Simples";"Reta";"Rural";1;0;0;0;1;0;0;1
83522864;"10/12/16";"Sábado";"13:10:00";"CE";116;"64";"CHOROZINHO";"Desobediência à sinalização";"Colisão Transversal";"Com Vítimas Feridas";"Pleno dia";"Crescente";"Ceu Claro";"Simples";"Cruzamento";"Urbano";3;0;0;1;2;0;1;2
83522865;"06/12/16";"Terça";"18:15:00";"MG";262;"380";"JUATUBA";"Velocidade incompatível";"Colisão lateral";"Com Vítimas Feridas";"Pleno dia";"Crescente";"Ceu Claro";"Dupla";"Curva";"Rural";2;0;1;1;0;0;2;2
83522866;"10/12/16";"Sábado";"16:05:00";"PR";277;"729";"FOZ DO IGUACU";"Falta de atenção";"Colisão traseira";"Com Vítimas Feridas";"Pleno dia";"Crescente";"Ceu Claro";"Dupla";"Cruzamento";"Urbano";2;0;1;0;1;0;1;2
83522867;"06/12/16";"Terça";"13:15:00";"MG";40;"479";"SETE LAGOAS";"Velocidade incompatível";"Capotamento";"Sem Vítimas";"Pleno dia";"Decrescente";"Sol";"Dupla";"Curva";"Rural";2;0;0;0;2;0;0;1
83522868;"23/07/16";"Sábado";"05:20:00";"PR";277;"587";"CASCAVEL";"Ingestão de álcool";"Colisão Transversal";"Com Vítimas Feridas";"Amanhecer";"Crescente";"Ceu Claro";"Simples";"Cruzamento";"Urbano";3;0;0;1;2;0;1;2
83522869;"10/12/16";"Sábado";"07:40:00";"BA";116;"460";"SANTO ESTEVAO";"Ultrapassagem indevida";"Colisão frontal";"Com Vítimas Fatais";"Pleno dia";"Crescente";"Ceu Claro";"Simples";"Reta";"Urbano";2;1;1;0;0;0;1;2
83522870;"20/11/16";"Domingo";"15:30:00";"RN";101;"109";"PARNAMIRIM";"Outras";"Queda de motocicleta / bicicleta / veículo";"Com Vítimas Feridas";"Pleno dia";"Decrescente";"Sol";"Dupla";"Reta";"Rural";2;0;2;0;0;0;2;1
83522871;"10/12/16";"Sábado";"14:15:00";"RS";116;"139,4";"CAXIAS DO SUL";"Outras";"Tombamento";"Com Vítimas Feridas";"Pleno dia";"Decrescente";"Ceu Claro";"Simples";"Curva";"Rural";1;0;1;0;0;0;1;1
83522872;"10/12/16";"Sábado";"16:00:00";"RS";470;"282";"TRIUNFO";"Velocidade incompatível";"Colisão Transversal";"Com Vítimas Feridas";"Pleno dia";"Decrescente";"Ceu Claro";"Simples";"Curva";"Rural";2;0;0;1;1;0;1;2
83522873;"10/12/16";"Sábado";"10:30:00";"RO";364;"38";"VILHENA";"Falta de atenção";"Colisão traseira";"Sem Vítimas";"Pleno dia";"Crescente";"Ceu Claro";"Simples";"Reta";"Rural";5;0;0;0;5;0;0;2
83522874;"06/12/16";"Terça";"03:30:00";"SP";116;"60,6";"GUARATINGUETA";"Ingestão de álcool";"Atropelamento de pessoa";"Com Vítimas Feridas";"Plena noite";"Decrescente";"Ceu Claro";"Dupla";"Reta";"Rural";2;0;1;0;1;0;1;1
83522875;"10/12/16";"Sábado";"14:00:00";"MG";40;"739,7";"SANTOS DUMONT";"Velocidade incompatível";"Colisão com objeto fixo";"Com Vítimas Feridas";"Pleno dia";"Decrescente";"Chuva";"Simples";"Curva";"Rural";2;0;1;1;0;0;2;1
83522876;"06/12/16";"Terça";"22:15:00";"MG";40;"487";"ESMERALDAS";"Falta de atenção";"Colisão com objeto fixo";"Sem Vítimas";"Plena noite";"Decrescente";"Ceu Claro";"Dupla";"Reta";"Rural";2;0;0;0;2;0;0;2
83522877;"10/12/16";"Sábado";"15:30:00";"PE";101;"60";"RECIFE";"Outras";"Atropelamento de pessoa";"Com Vítimas Feridas";"Pleno dia";"Crescente";"Ceu Claro";"Dupla";"Curva";"Urbano";2;0;1;0;1;0;1;1
83522878;"10/12/16";"Sábado";"12:20:00";"SC";101;"213,5";"PALHOCA";"Não guardar distância de segurança";"Queda de motocicleta / bicicleta / veículo";"Com Vítimas Feridas";"Pleno dia";"Decrescente";"Chuva";"Dupla";"Reta";"Urbano";1;0;1;0;0;0;1;1
83522879;"10/12/16";"Sábado";"10:30:00";"MT";174;"389";"NOVA LACERDA";"Outras";"Danos Eventuais";"Sem Vítimas";"Pleno dia";"Decrescente";"Ceu Claro";"Simples";"Reta";"Urbano";1;0;0;0;1;0;0;1
83522880;"10/12/16";"Sábado";"16:00:00";"RJ";101;"398,8";"ITAGUAI";"Outras";"Colisão traseira";"Com Vítimas Feridas";"Pleno dia";"Decrescente";"Sol";"Dupla";"Reta";"Urbano";5;0;3;0;2;0;3;2
83522881;"10/12/16";"Sábado";"13:30:00";"SC";101;"231";"PALHOCA";"Defeito mecânico em veículo";"Colisão lateral";"Sem Vítimas";"Pleno dia";"Crescente";"Chuva";"Dupla";"Reta";"Rural";2;0;0;0;2;0;0;2
83522883;"10/12/16";"Sábado";"13:15:00";"MT";364;"479";"JANGADA";"Não guardar distância de segurança";"Colisão traseira";"Sem Vítimas";"Pleno dia";"Decrescente";"Sol";"Simples";"Reta";"Urbano";2;0;0;0;2;0;0;2
83522884;"10/12/16";"Sábado";"14:30:00";"PE";101;"60";"RECIFE";"Outras";"Colisão com objeto fixo";"Sem Vítimas";"Amanhecer";"Crescente";"Sol";"Dupla";"Curva";"Urbano";1;0;0;0;1;0;0;1
83522886;"03/12/16";"Sábado";"00:30:00";"RJ";40;"104";"DUQUE DE CAXIAS";"Falta de atenção";"Colisão com objeto fixo";"Sem Vítimas";"Plena noite";"Decrescente";"Ceu Claro";"Dupla";"Curva";"Urbano";2;0;0;0;1;1;0;2
83522887;"10/12/16";"Sábado";"15:10:00";"PR";116;"67";"CAMPINA GRANDE DO SUL";"Defeito mecânico em veículo";"Saída de Pista";"Com Vítimas Feridas";"Pleno dia";"Crescente";"Chuva";"Dupla";"Curva";"Rural";3;0;1;0;2;0;1;1
83522888;"10/12/16";"Sábado";"15:45:00";"ES";101;"457,1";"MIMOSO DO SUL";"Falta de atenção";"Colisão Transversal";"Com Vítimas Feridas";"Pleno dia";"Decrescente";"Nublado";"Simples";"Reta";"Rural";3;0;0;2;1;0;2;2
83522889;"10/12/16";"Sábado";"17:00:00";"PR";116;"2";"CAMPINA GRANDE DO SUL";"Velocidade incompatível";"Saída de Pista";"Com Vítimas Feridas";"Pleno dia";"Crescente";"Chuva";"Dupla";"Curva";"Rural";2;0;2;0;0;0;2;1
83522891;"10/12/16";"Sábado";"15:35:00";"PR";277;"6,6";"PARANAGUA";"Desobediência à sinalização";"Colisão Transversal";"Com Vítimas Feridas";"Pleno dia";"Decrescente";"Nublado";"Dupla";"Cruzamento";"Urbano";2;0;1;0;1;0;1;2
83522892;"10/12/16";"Sábado";"16:20:00";"PE";104;"61";"CARUARU";"Outras";"Colisão Transversal";"Sem Vítimas";"Pleno dia";"Decrescente";"Ceu Claro";"Dupla";"Reta";"Rural";2;0;0;0;2;0;0;2
83522893;"10/12/16";"Sábado";"17:45:00";"SC";101;"108";"PENHA";"Falta de atenção";"Colisão traseira";"Sem Vítimas";"Pleno dia";"Decrescente";"Chuva";"Múltipla";"Reta";"Rural";3;0;0;0;3;0;0;3
83522894;"10/12/16";"Sábado";"18:00:00";"RS";290;"91";"PORTO ALEGRE";"Ingestão de álcool";"Queda de motocicleta / bicicleta / veículo";"Com Vítimas Feridas";"Pleno dia";"Decrescente";"Ceu Claro";"Simples";"Curva";"Urbano";1;0;1;0;0;0;1;1
83522895;"10/12/16";"Sábado";"15:50:00";"ES";101;"297,6";"VIANA";"Animais na Pista";"Atropelamento de animal";"Com Vítimas Feridas";"Pleno dia";"Crescente";"Nublado";"Dupla";"Curva";"Urbano";1;0;1;0;0;0;1;1
83522897;"10/12/16";"Sábado";"16:30:00";"SC";101;"57,5";"ARAQUARI";"Falta de atenção";"Colisão com objeto fixo";"Com Vítimas Feridas";"Pleno dia";"Decrescente";"Nublado";"Dupla";"Curva";"Urbano";2;0;2;0;0;0;2;1
83522898;"10/12/16";"Sábado";"15:15:00";"MG";381;"881,2";"ESTIVA";"Falta de atenção";"Colisão Transversal";"Com Vítimas Feridas";"Pleno dia";"Decrescente";"Nublado";"Simples";"Reta";"Rural";2;0;1;0;1;0;1;2
83522899;"10/12/16";"Sábado";"01:00:00";"MA";230;"216";"SAO DOMINGOS DO AZEITAO";"Ingestão de álcool";"Colisão frontal";"Com Vítimas Fatais";"Plena noite";"Crescente";"Chuva";"Simples";"Reta";"Urbano";2;1;0;0;0;1;0;2
83522900;"10/12/16";"Sábado";"11:20:00";"SC";101;"30";"JOINVILLE";"Falta de atenção";"Colisão traseira";"Sem Vítimas";"Pleno dia";"Decrescente";"Nublado";"Dupla";"Reta";"Urbano";2;0;0;0;2;0;0;2
83522901;"10/12/16";"Sábado";"14:25:00";"SC";101;"405,8";"ARARANGUA";"Outras";"Capotamento";"Com Vítimas Feridas";"Pleno dia";"Decrescente";"Nublado";"Dupla";"Curva";"Rural";2;0;2;0;0;0;2;1
83522902;"07/12/16";"Quarta";"01:10:00";"BA";101;"896";"CARAVELAS";"Falta de atenção";"Saída de Pista";"Com Vítimas Fatais";"Plena noite";"Decrescente";"Chuva";"Simples";"Curva";"Rural";1;1;0;0;0;0;0;1
83522903;"10/12/16";"Sábado";"16:55:00";"SC";116;"16,5";"MAFRA";"Ultrapassagem indevida";"Saída de Pista";"Com Vítimas Feridas";"Pleno dia";"Decrescente";"Chuva";"Simples";"Reta";"Rural";4;0;1;1;2;0;2;3
83522904;"10/12/16";"Sábado";"09:30:00";"PB";230;"24";"JOAO PESSOA";"Falta de atenção";"Colisão traseira";"Sem Vítimas";"Pleno dia";"Crescente";"Nublado";"Dupla";"Reta";"Urbano";6;0;0;0;6;0;0;6
83522905;"10/12/16";"Sábado";"17:30:00";"DF";60;"3";"BRASILIA";"Falta de atenção";"Colisão traseira";"Sem Vítimas";"Pleno dia";"Decrescente";"Ceu Claro";"Dupla";"Reta";"Rural";2;0;0;0;1;1;0;2
83522906;"10/12/16";"Sábado";"13:50:00";"RS";116;"49,2";"VACARIA";"Ingestão de álcool";"Saída de Pista";"Sem Vítimas";"Pleno dia";"Crescente";"Chuva";"Simples";"Curva";"Rural";1;0;0;0;1;0;0;1
83522907;"10/12/16";"Sábado";"18:30:00";"SC";101;"147";"ITAPEMA";"Defeito mecânico em veículo";"Colisão com objeto fixo";"Com Vítimas Feridas";"Pleno dia";"Decrescente";"Chuva";"Dupla";"Reta";"Urbano";2;0;1;0;1;0;1;1
83522908;"10/12/16";"Sábado";"16:20:00";"MG";262;"379";"JUATUBA";"Outras";"Saída de Pista";"Com Vítimas Feridas";"Pleno dia";"Crescente";"Chuva";"Dupla";"Reta";"Rural";2;0;1;0;1;0;1;1
83522909;"10/12/16";"Sábado";"13:00:00";"PB";230;"35";"JOAO PESSOA";"Falta de atenção";"Queda de motocicleta / bicicleta / veículo";"Com Vítimas Feridas";"Pleno dia";"Crescente";"Ceu Claro";"Dupla";"Curva";"Urbano";1;0;0;1;0;0;1;1
83522910;"06/12/16";"Terça";"09:30:00";"PA";316;"10";"MARITUBA";"Desobediência à sinalização";"Colisão lateral";"Com Vítimas Feridas";"Pleno dia";"Crescente";"Nevoeiro/neblina";"Dupla";"Reta";"Urbano";2;0;1;0;1;0;1;2
83522911;"10/12/16";"Sábado";"15:50:00";"SP";116;"560,5";"BARRA DO TURVO";"Velocidade incompatível";"Colisão com objeto fixo";"Sem Vítimas";"Pleno dia";"Crescente";"Chuva";"Dupla";"Curva";"Rural";1;0;0;0;1;0;0;1
83522912;"06/12/16";"Terça";"14:00:00";"MG";381;"495";"BETIM";"Outras";"Queda de motocicleta / bicicleta / veículo";"Com Vítimas Feridas";"Pleno dia";"Crescente";"Ceu Claro";"Dupla";"Reta";"Urbano";1;0;1;0;0;0;1;1
83522913;"10/12/16";"Sábado";"16:33:00";"GO";70;"6";"AGUAS LINDAS DE GOIAS";"Falta de atenção";"Colisão traseira";"Com Vítimas Feridas";"Pleno dia";"Crescente";"Nublado";"Dupla";"Reta";"Urbano";2;0;1;0;1;0;1;2
83522914;"10/12/16";"Sábado";"18:20:00";"ES";101;"251,3";"SERRA";"Falta de atenção";"Colisão Transversal";"Sem Vítimas";"Pleno dia";"Decrescente";"Sol";"Simples";"Reta";"Urbano";2;0;0;0;2;0;0;2
83522915;"10/12/16";"Sábado";"17:15:00";"ES";101;"271";"SERRA";"Falta de atenção";"Colisão lateral";"Sem Vítimas";"Pleno dia";"Decrescente";"Nublado";"Múltipla";"Reta";"Urbano";4;0;0;0;4;0;0;3
83522916;"10/12/16";"Sábado";"15:50:00";"PA";316;"65,2";"CASTANHAL";"Não guardar distância de segurança";"Colisão traseira";"Sem Vítimas";"Pleno dia";"Crescente";"Chuva";"Dupla";"Reta";"Urbano";2;0;0;0;2;0;0;2
83522917;"10/12/16";"Sábado";"15:45:00";"MG";40;"131,2";"JOAO PINHEIRO";"Outras";"Queda de motocicleta / bicicleta / veículo";"Com Vítimas Feridas";"Pleno dia";"Decrescente";"Ceu Claro";"Simples";"Reta";"Rural";1;0;1;0;0;0;1;1
83522918;"10/12/16";"Sábado";"15:40:00";"MG";50;"81";"UBERLANDIA";"Dormindo";"Capotamento";"Sem Vítimas";"Pleno dia";"Decrescente";"Ceu Claro";"Dupla";"Reta";"Rural";1;0;0;0;1;0;0;1
83522919;"10/12/16";"Sábado";"19:00:00";"ES";101;"148,9";"LINHARES";"Desobediência à sinalização";"Colisão Transversal";"Com Vítimas Feridas";"Anoitecer";"Crescente";"Nublado";"Múltipla";"Cruzamento";"Urbano";7;0;4;0;3;0;4;2
83522920;"10/12/16";"Sábado";"13:30:00";"BA";242;"466";"OLIVEIRA DOS BREJINHOS";"Outras";"Tombamento";"Sem Vítimas";"Pleno dia";"Crescente";"Ceu Claro";"Simples";"Curva";"Rural";1;0;0;0;1;0;0;1
83522921;"10/12/16";"Sábado";"15:30:00";"SP";116;"147";"SAO JOSE DOS CAMPOS";"Não guardar distância de segurança";"Colisão traseira";"Sem Vítimas";"Pleno dia";"Decrescente";"Chuva";"Múltipla";"Reta";"Urbano";3;0;0;0;3;0;0;3
83522922;"10/12/16";"Sábado";"01:40:00";"PE";101;"69,5";"RECIFE";"Outras";"Colisão traseira";"Com Vítimas Fatais";"Plena noite";"Crescente";"Ceu Claro";"Dupla";"Reta";"Urbano";2;1;1;0;0;0;1;2
83522923;"10/12/16";"Sábado";"18:15:00";"MG";262;"417,9";"PARA DE MINAS";"Velocidade incompatível";"Saída de Pista";"Sem Vítimas";"Pleno dia";"Decrescente";"Nublado";"Simples";"Curva";"Rural";1;0;0;0;1;0;0;1
83522924;"10/12/16";"Sábado";"13:30:00";"BA";324;"623,8";"SALVADOR";"Falta de atenção";"Colisão traseira";"Com Vítimas Feridas";"Pleno dia";"Crescente";"Sol";"Dupla";"Reta";"Urbano";2;0;0;1;0;1;1;2
83522925;"10/12/16";"Sábado";"17:30:00";"MG";381;"518,3";"IGARAPE";"Velocidade incompatível";"Colisão com objeto fixo";"Sem Vítimas";"Pleno dia";"Decrescente";"Chuva";"Dupla";"Curva";"Rural";1;0;0;0;1;0;0;1
83522926;"07/12/16";"Quarta";"00:15:00";"SC";470;"143";"RIO DO SUL";"Ingestão de álcool";"Colisão com objeto fixo";"Com Vítimas Feridas";"Plena noite";"Crescente";"Ceu Claro";"Simples";"Reta";"Urbano";1;0;1;0;0;0;1;1
83522927;"10/12/16";"Sábado";"19:00:00";"SC";470;"230";"SAO CRISTOVAO DO SUL";"Falta de atenção";"Saída de Pista";"Com Vítimas Feridas";"Anoitecer";"Decrescente";"Chuva";"Simples";"Curva";"Rural";4;0;3;0;1;0;3;1
83522928;"10/12/16";"Sábado";"19:00:00";"SC";282;"58";"RANCHO QUEIMADO";"Velocidade incompatível";"Capotamento";"Sem Vítimas";"Anoitecer";"Decrescente";"Chuva";"Simples";"Curva";"Rural";1;0;0;0;1;0;0;1
83522929;"10/12/16";"Sábado";"16:40:00";"SP";153;"64,6";"SAO JOSE DO RIO PRETO";"Outras";"Saída de Pista";"Sem Vítimas";"Pleno dia";"Crescente";"Nublado";"Dupla";"Reta";"Urbano";1;0;0;0;1;0;0;1
83522930;"10/12/16";"Sábado";"18:50:00";"RS";290;"255,2";"CACHOEIRA DO SUL";"Dormindo";"Saída de Pista";"Com Vítimas Feridas";"Pleno dia";"Crescente";"Sol";"Simples";"Reta";"Rural";1;0;0;1;0;0;1;1
83522931;"10/12/16";"Sábado";"16:30:00";"PR";277;"101";"CURITIBA";"Velocidade incompatível";"Capotamento";"Sem Vítimas";"Pleno dia";"Crescente";"Chuva";"Simples";"Curva";"Urbano";1;0;0;0;1;0;0;1
83522932;"10/12/16";"Sábado";"17:30:00";"MS";463;"0,6";"DOURADOS";"Falta de atenção";"Colisão lateral";"Com Vítimas Feridas";"Pleno dia";"Crescente";"Nublado";"Simples";"Reta";"Urbano";4;0;1;2;1;0;3;2
83522933;"10/12/16";"Sábado";"10:20:00";"PR";277;"124";"BALSA NOVA";"Outras";"Saída de Pista";"Com Vítimas Feridas";"Pleno dia";"Crescente";"Chuva";"Dupla";"Reta";"Rural";2;0;1;0;1;0;1;2
83522934;"10/12/16";"Sábado";"16:16:00";"SC";470;"127,5";"LONTRAS";"Falta de atenção";"Colisão lateral";"Sem Vítimas";"Pleno dia";"Crescente";"Nublado";"Simples";"Reta";"Urbano";2;0;0;0;2;0;0;2
83522935;"10/12/16";"Sábado";"10:05:00";"PR";277;"132";"BALSA NOVA";"Falta de atenção";"Colisão traseira";"Sem Vítimas";"Pleno dia";"Crescente";"Nevoeiro/neblina";"Múltipla";"Reta";"Rural";2;0;0;0;2;0;0;2
83522936;"10/12/16";"Sábado";"20:40:00";"MG";40;"618,2";"CONGONHAS";"Falta de atenção";"Saída de Pista";"Com Vítimas Feridas";"Plena noite";"Decrescente";"Chuva";"Simples";"Curva";"Rural";1;0;0;1;0;0;1;1
83522937;"10/12/16";"Sábado";"19:10:00";"RJ";101;"56";"CAMPOS DOS GOYTACAZES";"Outras";"Atropelamento de animal";"Com Vítimas Feridas";"Plena noite";"Decrescente";"Chuva";"Simples";"Reta";"Urbano";6;0;3;1;2;0;4;3
83522938;"10/12/16";"Sábado";"14:30:00";"MG";381;"777";"CAMPANHA";"Falta de atenção";"Saída de Pista";"Sem Vítimas";"Pleno dia";"Decrescente";"Sol";"Dupla";"Reta";"Rural";2;0;0;0;2;0;0;1
83522939;"10/12/16";"Sábado";"19:40:00";"RS";290;"68";"GRAVATAI";"Ingestão de álcool";"Saída de Pista";"Com Vítimas Feridas";"Pleno dia";"Crescente";"Sol";"Dupla";"Reta";"Urbano";3;0;2;0;1;0;2;1
83522940;"10/12/16";"Sábado";"16:15:00";"BA";324;"623";"SALVADOR";"Falta de atenção";"Colisão traseira";"Com Vítimas Feridas";"Pleno dia";"Crescente";"Sol";"Dupla";"Reta";"Urbano";3;0;2;0;1;0;2;2
83522941;"10/12/16";"Sábado";"19:10:00";"AL";316;"156";"PALMEIRA DOS INDIOS";"Ingestão de álcool";"Saída de Pista";"Com Vítimas Feridas";"Plena noite";"Crescente";"Ceu Claro";"Simples";"Cruzamento";"Urbano";2;0;2;0;0;0;2;1
83522942;"10/12/16";"Sábado";"18:35:00";"MG";381;"528";"RIO MANSO";"Velocidade incompatível";"Capotamento";"Com Vítimas Feridas";"Pleno dia";"Crescente";"Nublado";"Dupla";"Curva";"Rural";2;0;2;0;0;0;2;1
83522943;"10/12/16";"Sábado";"13:15:00";"GO";60;"116";"TEREZOPOLIS DE GOIAS";"Defeito na via";"Atropelamento de pessoa";"Com Vítimas Feridas";"Pleno dia";"Crescente";"Chuva";"Dupla";"Reta";"Rural";3;0;2;0;1;0;2;2
83522944;"10/12/16";"Sábado";"17:30:00";"SC";282;"307";"VARGEM";"Falta de atenção";"Saída de Pista";"Sem Vítimas";"Pleno dia";"Crescente";"Ceu Claro";"Simples";"Curva";"Rural";2;0;0;0;2;0;0;1
83522945;"10/12/16";"Sábado";"18:20:00";"PR";376;"170";"MARINGA";"Falta de atenção";"Colisão com objeto fixo";"Com Vítimas Feridas";"Pleno dia";"Crescente";"Chuva";"Dupla";"Reta";"Urbano";1;0;1;0;0;0;1;1
83522946;"10/12/16";"Sábado";"09:00:00";"MG";381;"505";"BETIM";"Outras";"Queda de motocicleta / bicicleta / veículo";"Com Vítimas Feridas";"Pleno dia";"Crescente";"Nublado";"Dupla";"Reta";"Rural";2;0;2;0;0;0;2;1
83522947;"10/12/16";"Sábado";"15:50:00";"SC";282;"81";"RANCHO QUEIMADO";"Outras";"Saída de Pista";"Sem Vítimas";"Pleno dia";"Decrescente";"Chuva";"Simples";"Curva";"Rural";1;0;0;0;1;0;0;1
83522948;"10/12/16";"Sábado";"20:50:00";"GO";60;"93";"ANAPOLIS";"Outras";"Atropelamento de pessoa";"Com Vítimas Feridas";"Pleno dia";"Crescente";"Nublado";"Dupla";"Reta";"Urbano";2;0;0;1;1;0;1;1
83522949;"10/12/16";"Sábado";"17:10:00";"MG";116;"253,5";"TEOFILO OTONI";"Não guardar distância de segurança";"Colisão lateral";"Sem Vítimas";"Pleno dia";"Decrescente";"Chuva";"Simples";"Curva";"Rural";2;0;0;0;2;0;0;2
83522950;"10/12/16";"Sábado";"21:00:00";"RS";116;"493,6";"PELOTAS";"Defeito mecânico em veículo";"Colisão lateral";"Com Vítimas Feridas";"Plena noite";"Decrescente";"Nublado";"Simples";"Reta";"Rural";3;0;1;0;2;0;1;2
83522951;"10/12/16";"Sábado";"18:00:00";"PA";230;"122,2";"MARABA";"Desobediência à sinalização";"Colisão traseira";"Sem Vítimas";"Pleno dia";"Crescente";"Ceu Claro";"Dupla";"Cruzamento";"Urbano";2;0;0;0;1;1;0;2
83522952;"10/12/16";"Sábado";"14:30:00";"PI";316;"124,1";"ELESBAO VELOSO";"Defeito mecânico em veículo";"Capotamento";"Com Vítimas Feridas";"Pleno dia";"Decrescente";"Ceu Claro";"Simples";"Reta";"Rural";4;0;1;3;0;0;4;1
83522954;"10/12/16";"Sábado";"20:30:00";"GO";60;"89,4";"ANAPOLIS";"Ingestão de álcool";"Colisão lateral";"Com Vítimas Feridas";"Plena noite";"Decrescente";"Ceu Claro";"Dupla";"Reta";"Urbano";2;0;1;0;0;1;1;2
83522955;"10/12/16";"Sábado";"20:10:00";"RJ";101;"333";"RIO DE JANEIRO";"Outras";"Colisão com objeto móvel";"Sem Vítimas";"Plena noite";"Decrescente";"Ceu Claro";"Dupla";"Reta";"Urbano";2;0;0;0;2;0;0;1
83522956;"10/12/16";"Sábado";"21:00:00";"SP";116;"221";"GUARULHOS";"Falta de atenção";"Colisão traseira";"Com Vítimas Feridas";"Plena noite";"Decrescente";"Ceu Claro";"Simples";"Reta";"Urbano";4;0;1;0;2;1;1;3
83522957;"10/12/16";"Sábado";"18:00:00";"PI";343;"8";"PARNAIBA";"Falta de atenção";"Colisão Transversal";"Com Vítimas Feridas";"Plena noite";"Crescente";"Ceu Claro";"Simples";"Reta";"Urbano";3;0;2;0;1;0;2;2