"id";"data_inversa";"dia_semana";"horario";"uf";"br";"km";"municipio";"causa_acidente";"tipo_acidente";"classificacao_acidente";"fase_dia";"sentido_via";"condicao_metereologica";"tipo_pista";"tracado_via";"uso_solo";"pessoas";"mortos";"feridos_leves";"feridos_graves";"ilesos";"ignorados";"feridos";"veiculos"
83522958;"10/12/16";"Sábado";"19:00:00";"MG";381;"939,4";"EXTREMA";"Falta de atenção";"Colisão lateral";"Com Vítimas Feridas";"Anoitecer";"Decrescente";"Nublado";"Dupla";"Curva";"Rural";3;0;1;0;2;0;1;2
83522959;"10/12/16";"Sábado";"18:00:00";"MG";40;"532,5";"BELO HORIZONTE";"Outras";"Saída de Pista";"Com Vítimas Feridas";"Anoitecer";"Decrescente";"Chuva";"Dupla";"Reta";"Urbano";2;0;1;0;1;0;1;1
83522960;"10/12/16";"Sábado";"20:50:00";"TO";153;"665,2";"GURUPI";"Falta de atenção";"Colisão Transversal";"Com Vítimas Feridas";"Plena noite";"Crescente";"Chuva";"Simples";"Reta";"Rural";3;0;2;0;1;0;2;2
83522961;"10/12/16";"Sábado";"12:00:00";"BA";20;"187";"LUIS EDUARDO MAGALHAES";"Outras";"Saída de Pista";"Com Vítimas Feridas";"Pleno dia";"Crescente";"Chuva";"Simples";"Reta";"Rural";5;0;2;0;3;0;2;1
83522962;"10/12/16";"Sábado";"18:30:00";"PE";316;"46";"TRINDADE";"Animais na Pista";"Atropelamento de animal";"Sem Vítimas";"Plena noite";"Decrescente";"Ceu Claro";"Simples";"Reta";"Rural";2;0;0;0;2;0;0;2
83522963;"10/12/16";"Sábado";"16:45:00";"GO";60;"316";"ACREUNA";"Outras";"Capotamento";"Com Vítimas Feridas";"Pleno dia";"Crescente";"Chuva";"Dupla";"Reta";"Rural";2;0;2;0;0;0;2;1
83522964;"10/12/16";"Sábado";"15:50:00";"PR";373;"481";"CORONEL VIVIDA";"Desobediência à sinalização";"Colisão Transversal";"Sem Vítimas";"Pleno dia";"Crescente";"Nublado";"Simples";"Cruzamento";"Urbano";4;0;0;0;4;0;0;2
83522965;"10/12/16";"Sábado";"16:30:00";"RJ";116;"190";"QUEIMADOS";"Falta de atenção";"Atropelamento de pessoa";"Com Vítimas Feridas";"Pleno dia";"Decrescente";"Ceu Claro";"Simples";"Reta";"Urbano";2;0;1;0;1;0;1;1
83522966;"10/12/16";"Sábado";"13:45:00";"GO";60;"116";"TEREZOPOLIS DE GOIAS";"Defeito na via";"Colisão com objeto fixo";"Sem Vítimas";"Pleno dia";"Crescente";"Chuva";"Dupla";"Reta";"Rural";3;0;0;0;3;0;0;2
83522967;"10/12/16";"Sábado";"11:50:00";"SC";101;"259,8";"GAROPABA";"Falta de atenção";"Saída de Pista";"Sem Vítimas";"Pleno dia";"Crescente";"Chuva";"Dupla";"Curva";"Rural";1;0;0;0;1;0;0;1
83522968;"10/12/16";"Sábado";"18:30:00";"PI";343;"231,5";"COCAL DE TELHA";"Outras";"Saída de Pista";"Sem Vítimas";"Plena noite";"Crescente";"Ceu Claro";"Simples";"Reta";"Rural";1;0;0;0;1;0;0;1
83522969;"10/12/16";"Sábado";"16:40:00";"MG";40;"527,5";"CONTAGEM";"Outras";"Colisão traseira";"Com Vítimas Feridas";"Pleno dia";"Decrescente";"Chuva";"Dupla";"Reta";"Urbano";2;0;0;1;1;0;1;2
83522970;"10/12/16";"Sábado";"21:45:00";"SC";101;"123";"ITAJAI";"Ingestão de álcool";"Queda de motocicleta / bicicleta / veículo";"Com Vítimas Feridas";"Plena noite";"Crescente";"Nublado";"Dupla";"Reta";"Rural";2;0;2;0;0;0;2;1
83522971;"10/12/16";"Sábado";"17:30:00";"PI";343;"530";"AMARANTE";"Animais na Pista";"Atropelamento de animal";"Sem Vítimas";"Anoitecer";"Decrescente";"Chuva";"Simples";"Reta";"Rural";1;0;0;0;1;0;0;1
83522972;"10/12/16";"Sábado";"15:00:00";"MT";70;"210";"GENERAL CARNEIRO";"Falta de atenção";"Saída de Pista";"Com Vítimas Feridas";"Pleno dia";"Crescente";"Sol";"Simples";"Curva";"Rural";3;0;2;0;1;0;2;1
83522973;"10/12/16";"Sábado";"18:16:00";"DF";20;"6";"BRASILIA";"Velocidade incompatível";"Atropelamento de pessoa";"Com Vítimas Feridas";"Pleno dia";"Crescente";"Nublado";"Dupla";"Reta";"Urbano";2;0;1;0;1;0;1;1
83522974;"10/12/16";"Sábado";"21:55:00";"MG";381;"492";"BETIM";"Ingestão de álcool";"Colisão traseira";"Com Vítimas Feridas";"Plena noite";"Crescente";"Nublado";"Dupla";"Reta";"Urbano";4;0;1;0;3;0;1;3
83522975;"10/12/16";"Sábado";"16:00:00";"MT";364;"380";"SANTO ANTONIO DO LEVERGER";"Falta de atenção";"Saída de Pista";"Sem Vítimas";"Pleno dia";"Decrescente";"Ceu Claro";"Simples";"Reta";"Rural";1;0;0;0;1;0;0;1
83522976;"10/12/16";"Sábado";"22:10:00";"SC";101;"120";"ITAJAI";"Velocidade incompatível";"Capotamento";"Com Vítimas Feridas";"Plena noite";"Crescente";"Nublado";"Dupla";"Curva";"Rural";1;0;1;0;0;0;1;1
83522977;"10/12/16";"Sábado";"20:15:00";"SC";101;"439";"SOMBRIO";"Falta de atenção";"Colisão com objeto fixo";"Sem Vítimas";"Plena noite";"Crescente";"Nublado";"Dupla";"Reta";"Urbano";1;0;0;0;1;0;0;1
83522978;"10/12/16";"Sábado";"22:00:00";"SC";470;"169";"POUSO REDONDO";"Animais na Pista";"Atropelamento de animal";"Sem Vítimas";"Plena noite";"Crescente";"Nublado";"Simples";"Reta";"Urbano";1;0;0;0;1;0;0;1
83522979;"10/12/16";"Sábado";"20:30:00";"RJ";116;"226,3";"PIRAI";"Outras";"Colisão com objeto fixo";"Sem Vítimas";"Plena noite";"Crescente";"Chuva";"Simples";"Curva";"Rural";1;0;0;0;1;0;0;1
83522980;"10/12/16";"Sábado";"21:00:00";"PE";101;"72";"RECIFE";"Outras";"Atropelamento de pessoa";"Com Vítimas Feridas";"Pleno dia";"Decrescente";"Ceu Claro";"Dupla";"Reta";"Urbano";2;0;1;1;0;0;2;1
83522981;"10/12/16";"Sábado";"19:30:00";"PR";277;"643,7";"CEU AZUL";"Falta de atenção";"Colisão traseira";"Com Vítimas Feridas";"Anoitecer";"Decrescente";"Nublado";"Simples";"Curva";"Rural";4;0;1;0;3;0;1;2
83522982;"10/12/16";"Sábado";"22:00:00";"MT";163;"118";"RONDONOPOLIS";"Outras";"Queda de motocicleta / bicicleta / veículo";"Com Vítimas Feridas";"Plena noite";"Crescente";"Ceu Claro";"Simples";"Reta";"Urbano";2;0;2;0;0;0;2;1
83522983;"02/12/16";"Sexta";"21:00:00";"RJ";393;"268";"BARRA DO PIRAI";"Outras";"Colisão Transversal";"Sem Vítimas";"Plena noite";"Crescente";"Ceu Claro";"Dupla";"Cruzamento";"Urbano";2;0;0;0;2;0;0;2
83522984;"10/12/16";"Sábado";"22:30:00";"MG";153;"216,4";"FRUTAL";"Outras";"Saída de Pista";"Com Vítimas Feridas";"Plena noite";"Crescente";"Ceu Claro";"Simples";"Reta";"Rural";2;0;0;1;1;0;1;1
83522985;"10/12/16";"Sábado";"22:00:00";"MS";163;"258";"DOURADOS";"Falta de atenção";"Colisão lateral";"Com Vítimas Feridas";"Plena noite";"Crescente";"Chuva";"Dupla";"Cruzamento";"Urbano";2;0;1;0;0;1;1;2
83522986;"10/12/16";"Sábado";"22:30:00";"SC";282;"527,3";"XAXIM";"Ingestão de álcool";"Saída de Pista";"Com Vítimas Feridas";"Plena noite";"Crescente";"Ceu Claro";"Simples";"Reta";"Rural";2;0;1;0;0;1;1;1
83522987;"10/12/16";"Sábado";"18:20:00";"GO";153;"618";"MORRINHOS";"Velocidade incompatível";"Colisão com objeto fixo";"Com Vítimas Feridas";"Pleno dia";"Decrescente";"Chuva";"Dupla";"Curva";"Rural";2;0;2;0;0;0;2;1
83522988;"10/12/16";"Sábado";"23:00:00";"RJ";116;"280";"BARRA MANSA";"Não guardar distância de segurança";"Colisão traseira";"Sem Vítimas";"Plena noite";"Decrescente";"Chuva";"Dupla";"Reta";"Rural";2;0;0;0;2;0;0;2
83522989;"10/12/16";"Sábado";"20:35:00";"MA";135;"32,9";"BACABEIRA";"Outras";"Colisão lateral";"Com Vítimas Feridas";"Plena noite";"Crescente";"Ceu Claro";"Simples";"Reta";"Rural";2;0;1;0;1;0;1;2
83522992;"10/12/16";"Sábado";"19:10:00";"PR";277;"455,9";"LARANJEIRAS DO SUL";"Velocidade incompatível";"Tombamento";"Com Vítimas Feridas";"Pleno dia";"Crescente";"Nublado";"Simples";"Curva";"Rural";1;0;1;0;0;0;1;1
83522993;"10/12/16";"Sábado";"15:05:00";"GO";60;"201,8";"GUAPO";"Velocidade incompatível";"Saída de Pista";"Com Vítimas Feridas";"Pleno dia";"Crescente";"Chuva";"Dupla";"Reta";"Rural";2;0;2;0;0;0;2;1
83522994;"10/12/16";"Sábado";"18:00:00";"GO";50;"273,5";"CATALAO";"Outras";"Colisão traseira";"Com Vítimas Feridas";"Pleno dia";"Decrescente";"Nublado";"Simples";"Reta";"Urbano";4;0;1;1;1;1;2;2
83522995;"10/12/16";"Sábado";"23:50:00";"RS";285;"427,5";"PANAMBI";"Ingestão de álcool";"Saída de Pista";"Com Vítimas Feridas";"Plena noite";"Decrescente";"Ceu Claro";"Simples";"Reta";"Rural";1;0;1;0;0;0;1;1
83522997;"10/12/16";"Sábado";"05:30:00";"TO";153;"239,2";"COLINAS DO TOCANTINS";"Falta de atenção";"Colisão com bicicleta";"Com Vítimas Fatais";"Amanhecer";"Decrescente";"Nublado";"Simples";"Reta";"Rural";2;1;1;0;0;0;1;2
83522998;"10/12/16";"Sábado";"22:30:00";"SE";235;"68";"FREI PAULO";"Ingestão de álcool";"Queda de motocicleta / bicicleta / veículo";"Com Vítimas Feridas";"Plena noite";"Decrescente";"Ceu Claro";"Simples";"Curva";"Rural";1;0;0;1;0;0;1;1
83522999;"10/12/16";"Sábado";"21:40:00";"AL";316;"113,6";"CACIMBINHAS";"Ingestão de álcool";"Colisão lateral";"Com Vítimas Feridas";"Plena noite";"Crescente";"Ceu Claro";"Simples";"Curva";"Urbano";2;0;1;0;0;1;1;2
83523000;"10/12/16";"Sábado";"18:40:00";"BA";324;"561";"SAO SEBASTIAO DO PASSE";"Ingestão de álcool";"Colisão lateral";"Sem Vítimas";"Plena noite";"Decrescente";"Ceu Claro";"Dupla";"Reta";"Rural";2;0;0;0;2;0;0;2
83523001;"10/12/16";"Sábado";"18:25:00";"RS";392;"115,3";"CANGUCU";"Falta de atenção";"Colisão Transversal";"Com Vítimas Fatais";"Pleno dia";"Decrescente";"Ceu Claro";"Simples";"Reta";"Rural";3;1;0;0;2;0;0;2
83523002;"10/12/16";"Sábado";"19:00:00";"SP";381;"33,5";"ATIBAIA";"Outras";"Capotamento";"Sem Vítimas";"Anoitecer";"Crescente";"Chuva";"Dupla";"Curva";"Rural";1;0;0;0;1;0;0;1
83523003;"10/12/16";"Sábado";"17:28:00";"RR";174;"504";"BOA VISTA";"Ingestão de álcool";"Colisão lateral";"Com Vítimas Feridas";"Anoitecer";"Decrescente";"Ceu Claro";"Dupla";"Reta";"Urbano";4;0;2;0;1;1;2;3
83523004;"11/12/16";"Domingo";"00:25:00";"GO";153;"520,3";"HIDROLANDIA";"Ingestão de álcool";"Saída de Pista";"Sem Vítimas";"Plena noite";"Crescente";"Nublado";"Dupla";"Reta";"Rural";1;0;0;0;1;0;0;1
83523005;"10/12/16";"Sábado";"23:20:00";"PE";101;"4";"GOIANA";"Outras";"Atropelamento de pessoa";"Com Vítimas Feridas";"Plena noite";"Crescente";"Ceu Claro";"Dupla";"Reta";"Rural";2;0;0;1;1;0;1;1
83523006;"09/12/16";"Sexta";"22:30:00";"AM";319;"701";"HUMAITA";"Ingestão de álcool";"Colisão frontal";"Sem Vítimas";"Plena noite";"Crescente";"Chuva";"Simples";"Reta";"Rural";4;0;0;0;4;0;0;2
83523007;"10/12/16";"Sábado";"17:25:00";"SP";116;"507";"CAJATI";"Velocidade incompatível";"Capotamento";"Com Vítimas Feridas";"Pleno dia";"Decrescente";"Chuva";"Dupla";"Curva";"Rural";6;0;1;0;5;0;1;3
83523008;"10/12/16";"Sábado";"10:43:00";"PR";116;"103";"SAO JOSE DOS PINHAIS";"Velocidade incompatível";"Saída de Pista";"Com Vítimas Fatais";"Pleno dia";"Decrescente";"Chuva";"Dupla";"Reta";"Rural";2;1;0;0;1;0;0;2
83523009;"10/12/16";"Sábado";"23:45:00";"PR";376;"594,9";"CURITIBA";"Ingestão de álcool";"Atropelamento de pessoa";"Com Vítimas Feridas";"Plena noite";"Decrescente";"Nublado";"Dupla";"Reta";"Rural";2;0;0;1;0;1;1;1
83523011;"11/12/16";"Domingo";"01:20:00";"SC";101;"132,4";"BALNEARIO CAMBORIU";"Outras";"Colisão com objeto fixo";"Sem Vítimas";"Plena noite";"Crescente";"Nublado";"Dupla";"Reta";"Urbano";1;0;0;0;1;0;0;1
83523012;"10/12/16";"Sábado";"19:30:00";"MS";262;"239,5";"RIBAS DO RIO PARDO";"Desobediência à sinalização";"Colisão Transversal";"Com Vítimas Feridas";"Plena noite";"Decrescente";"Ignorada";"Simples";"Reta";"Urbano";4;0;2;0;1;1;2;2
83523013;"11/12/16";"Domingo";"00:10:00";"SP";153;"157,5";"PROMISSAO";"Animais na Pista";"Atropelamento de animal";"Com Vítimas Feridas";"Plena noite";"Decrescente";"Chuva";"Simples";"Reta";"Rural";2;0;1;1;0;0;2;1
83523014;"10/12/16";"Sábado";"10:00:00";"PB";104;"146,3";"QUEIMADAS";"Falta de atenção";"Capotamento";"Com Vítimas Feridas";"Pleno dia";"Crescente";"Ceu Claro";"Simples";"Reta";"Urbano";2;0;1;1;0;0;2;1
83523015;"10/12/16";"Sábado";"15:00:00";"BA";116;"8";"VITORIA DA CONQUISTA";"Ingestão de álcool";"Colisão frontal";"Com Vítimas Feridas";"Pleno dia";"Decrescente";"Sol";"Simples";"Reta";"Urbano";2;0;1;0;1;0;1;2
83523016;"10/12/16";"Sábado";"22:00:00";"SC";101;"315";"PESCARIA BRAVA";"Outras";"Colisão com objeto fixo";"Sem Vítimas";"Plena noite";"Decrescente";"Ceu Claro";"Dupla";"Curva";"Urbano";1;0;0;0;1;0;0;1
83523017;"10/12/16";"Sábado";"22:30:00";"SC";470;"57,4";"BLUMENAU";"Ingestão de álcool";"Colisão traseira";"Sem Vítimas";"Plena noite";"Decrescente";"Nublado";"Simples";"Reta";"Urbano";4;0;0;0;4;0;0;4
83523018;"10/12/16";"Sábado";"20:15:00";"SC";470;"52,2";"BLUMENAU";"Outras";"Colisão Transversal";"Com Vítimas Feridas";"Plena noite";"Decrescente";"Nublado";"Simples";"Curva";"Urbano";5;0;1;2;1;1;3;2
83523019;"10/12/16";"Sábado";"22:30:00";"ES";101;"255";"SERRA";"Falta de atenção";"Queda de motocicleta / bicicleta / veículo";"Com Vítimas Feridas";"Plena noite";"Crescente";"Ceu Claro";"Simples";"Cruzamento";"Urbano";1;0;1;0;0;0;1;1
83523020;"10/12/16";"Sábado";"23:25:00";"RO";319;"63,4";"PORTO VELHO";"Ingestão de álcool";"Atropelamento de pessoa";"Com Vítimas Feridas";"Plena noite";"Crescente";"Chuva";"Dupla";"Reta";"Urbano";3;0;1;0;2;0;1;1
83523021;"10/12/16";"Sábado";"22:05:00";"SC";101;"316,1";"PESCARIA BRAVA";"Outras";"Colisão traseira";"Com Vítimas Feridas";"Plena noite";"Decrescente";"Ceu Claro";"Dupla";"Curva";"Urbano";3;0;1;0;2;0;1;2
83523022;"10/12/16";"Sábado";"22:50:00";"RS";470;"154";"NOVA PRATA";"Ingestão de álcool";"Colisão Transversal";"Com Vítimas Feridas";"Plena noite";"Decrescente";"Ceu Claro";"Simples";"Reta";"Urbano";3;0;0;2;0;1;2;2
83523023;"10/12/16";"Sábado";"19:00:00";"RJ";116;"269";"BARRA MANSA";"Outras";"Tombamento";"Sem Vítimas";"Plena noite";"Crescente";"Chuva";"Dupla";"Curva";"Urbano";1;0;0;0;1;0;0;1
83523024;"11/12/16";"Domingo";"02:04:00";"ES";101;"298";"VIANA";"Desobediência à sinalização";"Colisão frontal";"Com Vítimas Feridas";"Plena noite";"Decrescente";"Ceu Claro";"Dupla";"Reta";"Urbano";2;0;0;1;1;0;1;2
83523025;"10/12/16";"Sábado";"18:20:00";"MG";381;"516";"IGARAPE";"Outras";"Capotamento";"Com Vítimas Feridas";"Pleno dia";"Decrescente";"Chuva";"Dupla";"Reta";"Urbano";1;0;1;0;0;0;1;1
83523026;"10/12/16";"Sábado";"22:50:00";"ES";262;"0,6";"CARIACICA";"Falta de atenção";"Colisão com objeto fixo";"Com Vítimas Feridas";"Plena noite";"Crescente";"Nublado";"Dupla";"Reta";"Urbano";1;0;1;0;0;0;1;1
83523027;"10/12/16";"Sábado";"21:30:00";"TO";153;"482,7";"PARAISO DO TOCANTINS";"Outras";"Saída de Pista";"Sem Vítimas";"Plena noite";"Decrescente";"Chuva";"Simples";"Curva";"Rural";1;0;0;0;1;0;0;1
83523028;"10/12/16";"Sábado";"23:30:00";"PR";376;"671";"GUARATUBA";"Velocidade incompatível";"Tombamento";"Sem Vítimas";"Plena noite";"Crescente";"Nublado";"Dupla";"Reta";"Rural";1;0;0;0;1;0;0;1
83523029;"10/12/16";"Sábado";"11:00:00";"RS";116;"242";"SAO LEOPOLDO";"Outras";"Atropelamento de animal";"Com Vítimas Feridas";"Pleno dia";"Decrescente";"Ceu Claro";"Dupla";"Reta";"Urbano";2;0;2;0;0;0;2;1
83523030;"11/12/16";"Domingo";"02:40:00";"GO";60;"137";"GOIANIA";"Ingestão de álcool";"Colisão lateral";"Sem Vítimas";"Plena noite";"Decrescente";"Nublado";"Dupla";"Reta";"Rural";2;0;0;0;2;0;0;2
83523031;"08/12/16";"Quinta";"02:00:00";"MG";381;"493,3";"BETIM";"Outras";"Colisão com objeto fixo";"Sem Vítimas";"Plena noite";"Decrescente";"Chuva";"Múltipla";"Reta";"Urbano";1;0;0;0;1;0;0;1
83523033;"07/12/16";"Quarta";"19:30:00";"PE";423;"40,5";"CACHOEIRINHA";"Outras";"Capotamento";"Sem Vítimas";"Plena noite";"Crescente";"Ceu Claro";"Simples";"Curva";"Rural";1;0;0;0;1;0;0;1
83523034;"08/12/16";"Quinta";"00:30:00";"MG";135;"653";"CURVELO";"Outras";"Saída de Pista";"Com Vítimas Feridas";"Plena noite";"Decrescente";"Chuva";"Simples";"Reta";"Urbano";5;0;3;0;2;0;3;1
83523035;"08/12/16";"Quinta";"07:30:00";"PR";277;"83";"CURITIBA";"Não guardar distância de segurança";"Colisão traseira";"Sem Vítimas";"Pleno dia";"Decrescente";"Nublado";"Dupla";"Reta";"Urbano";4;0;0;0;4;0;0;4
83523036;"08/12/16";"Quinta";"07:40:00";"SC";280;"168,2";"MAFRA";"Falta de atenção";"Queda de motocicleta / bicicleta / veículo";"Com Vítimas Feridas";"Amanhecer";"Crescente";"Ceu Claro";"Simples";"Reta";"Urbano";1;0;1;0;0;0;1;1
83523037;"07/12/16";"Quarta";"15:26:00";"SP";116;"156";"SAO JOSE DOS CAMPOS";"Outras";"Colisão traseira";"Com Vítimas Feridas";"Pleno dia";"Crescente";"Ceu Claro";"Dupla";"Reta";"Urbano";6;0;2;0;4;0;2;5
83523038;"11/12/16";"Domingo";"07:20:00";"MG";381;"870,5";"POUSO ALEGRE";"Falta de atenção";"Colisão lateral";"Sem Vítimas";"Pleno dia";"Decrescente";"Nublado";"Dupla";"Reta";"Rural";5;0;0;0;5;0;0;2
83523039;"11/12/16";"Domingo";"07:00:00";"MS";463;"1";"DOURADOS";"Não guardar distância de segurança";"Colisão traseira";"Sem Vítimas";"Pleno dia";"Crescente";"Chuva";"Simples";"Reta";"Urbano";2;0;0;0;1;1;0;2
83523040;"11/12/16";"Domingo";"05:10:00";"SC";282;"3,5";"FLORIANOPOLIS";"Ingestão de álcool";"Capotamento";"Com Vítimas Feridas";"Plena noite";"Decrescente";"Nublado";"Dupla";"Reta";"Urbano";1;0;0;1;0;0;1;1
83523041;"03/12/16";"Sábado";"06:10:00";"SC";101;"414,3";"ARARANGUA";"Falta de atenção";"Colisão lateral";"Com Vítimas Feridas";"Amanhecer";"Decrescente";"Ceu Claro";"Simples";"Curva";"Urbano";2;0;1;0;1;0;1;2
83523042;"11/12/16";"Domingo";"08:25:00";"SC";101;"192";"BIGUACU";"Não guardar distância de segurança";"Queda de motocicleta / bicicleta / veículo";"Com Vítimas Feridas";"Pleno dia";"Crescente";"Sol";"Múltipla";"Reta";"Urbano";1;0;1;0;0;0;1;1
83523043;"11/12/16";"Domingo";"01:20:00";"RS";293;"11,3";"CAPAO DO LEAO";"Ingestão de álcool";"Queda de motocicleta / bicicleta / veículo";"Com Vítimas Feridas";"Plena noite";"Decrescente";"Ceu Claro";"Simples";"Cruzamento";"Rural";2;0;2;0;0;0;2;1
83523044;"07/12/16";"Quarta";"18:50:00";"AC";364;"124";"RIO BRANCO";"Defeito na via";"Queda de motocicleta / bicicleta / veículo";"Com Vítimas Feridas";"Plena noite";"Crescente";"Ceu Claro";"Dupla";"Reta";"Urbano";1;0;0;1;0;0;1;1
83523045;"11/12/16";"Domingo";"07:50:00";"BA";101;"928";"MUCURI";"Outras";"Saída de Pista";"Sem Vítimas";"Pleno dia";"Crescente";"Ceu Claro";"Simples";"Reta";"Rural";1;0;0;0;1;0;0;1
83523046;"11/12/16";"Domingo";"05:00:00";"MG";50;"50";"ARAGUARI";"Outras";"Saída de Pista";"Com Vítimas Feridas";"Plena noite";"Crescente";"Ceu Claro";"Dupla";"Reta";"Rural";3;0;1;0;2;0;1;1
83523047;"06/12/16";"Terça";"21:45:00";"GO";153;"506,9";"APARECIDA DE GOIANIA";"Falta de atenção";"Colisão lateral";"Com Vítimas Feridas";"Plena noite";"Crescente";"Chuva";"Dupla";"Reta";"Urbano";2;0;0;2;0;0;2;2
83523048;"10/12/16";"Sábado";"03:30:00";"PE";232;"29";"MORENO";"Dormindo";"Capotamento";"Com Vítimas Feridas";"Plena noite";"Decrescente";"Nublado";"Dupla";"Reta";"Rural";2;0;2;0;0;0;2;1
83523051;"08/12/16";"Quinta";"03:00:00";"MG";262;"52";"MANHUACU";"Dormindo";"Saída de Pista";"Sem Vítimas";"Plena noite";"Decrescente";"Nublado";"Simples";"Curva";"Urbano";1;0;0;0;1;0;0;1
83523052;"11/12/16";"Domingo";"04:33:00";"RS";386;"346,8";"LAJEADO";"Outras";"Saída de Pista";"Ignorado";"Plena noite";"Decrescente";"Ceu Claro";"Dupla";"Curva";"Urbano";1;0;0;0;0;1;0;1
83523053;"11/12/16";"Domingo";"04:40:00";"SC";116;"225,9";"CORREIA PINTO";"Ingestão de álcool";"Colisão frontal";"Com Vítimas Feridas";"Plena noite";"Decrescente";"Nevoeiro/neblina";"Simples";"Reta";"Rural";2;0;1;0;1;0;1;2
83523054;"11/12/16";"Domingo";"09:00:00";"RS";116;"405,7";"CAMAQUA";"Outras";"Saída de Pista";"Sem Vítimas";"Pleno dia";"Crescente";"Ceu Claro";"Simples";"Reta";"Rural";2;0;0;0;2;0;0;1
83523055;"07/12/16";"Quarta";"23:20:00";"MS";163;"476,5";"CAMPO GRANDE";"Outras";"Tombamento";"Sem Vítimas";"Plena noite";"Crescente";"Ceu Claro";"Simples";"Reta";"Urbano";1;0;0;0;1;0;0;1
83523056;"07/12/16";"Quarta";"09:30:00";"MG";267;"71,2";"BICAS";"Velocidade incompatível";"Saída de Pista";"Com Vítimas Feridas";"Pleno dia";"Crescente";"Ceu Claro";"Simples";"Reta";"Urbano";3;0;3;0;0;0;3;1
83523057;"11/12/16";"Domingo";"06:55:00";"PI";343;"345";"TERESINA";"Falta de atenção";"Colisão traseira";"Com Vítimas Feridas";"Amanhecer";"Crescente";"Ceu Claro";"Simples";"Reta";"Urbano";2;0;2;0;0;0;2;2
83523059;"11/12/16";"Domingo";"09:30:00";"SC";101;"193,2";"BIGUACU";"Outras";"Capotamento";"Com Vítimas Feridas";"Pleno dia";"Decrescente";"Ceu Claro";"Dupla";"Curva";"Urbano";2;0;2;0;0;0;2;1
83523061;"08/12/16";"Quinta";"14:00:00";"MA";222;"547";"BURITICUPU";"Dormindo";"Saída de Pista";"Com Vítimas Feridas";"Pleno dia";"Decrescente";"Nublado";"Simples";"Curva";"Rural";1;0;0;1;0;0;1;1
83523062;"29/11/16";"Terça";"17:20:00";"SC";101;"207";"SAO JOSE";"Outras";"Tombamento";"Com Vítimas Feridas";"Pleno dia";"Decrescente";"Sol";"Dupla";"Reta";"Urbano";1;0;1;0;0;0;1;1
83523063;"05/11/16";"Sábado";"18:30:00";"SC";116;"165";"PONTE ALTA DO NORTE";"Outras";"Tombamento";"Sem Vítimas";"Pleno dia";"Crescente";"Ceu Claro";"Simples";"Reta";"Rural";1;0;0;0;1;0;0;1
83523064;"11/12/16";"Domingo";"09:45:00";"MG";40;"619,9";"CONGONHAS";"Falta de atenção";"Colisão traseira";"Com Vítimas Feridas";"Pleno dia";"Crescente";"Nublado";"Simples";"Curva";"Urbano";2;0;1;1;0;0;2;2
83523065;"10/12/16";"Sábado";"16:30:00";"PE";116;"78";"CABROBO";"Defeito mecânico em veículo";"Capotamento";"Com Vítimas Feridas";"Pleno dia";"Decrescente";"Sol";"Simples";"Reta";"Rural";4;0;3;0;1;0;3;1
83523066;"07/11/16";"Segunda";"06:30:00";"GO";153;"442,5";"ANAPOLIS";"Não guardar distância de segurança";"Colisão traseira";"Sem Vítimas";"Amanhecer";"Decrescente";"Ceu Claro";"Dupla";"Reta";"Urbano";2;0;0;0;2;0;0;2
83523067;"11/12/16";"Domingo";"07:20:00";"TO";153;"132";"ARAGUAINA";"Velocidade incompatível";"Saída de Pista";"Ignorado";"Pleno dia";"Decrescente";"Ceu Claro";"Dupla";"Cruzamento";"Rural";1;0;0;0;0;1;0;1
83523068;"11/12/16";"Domingo";"06:30:00";"MG";381;"564";"ITAGUARA";"Dormindo";"Colisão com objeto fixo";"Sem Vítimas";"Amanhecer";"Decrescente";"Nublado";"Dupla";"Curva";"Rural";1;0;0;0;1;0;0;1
83523069;"11/12/16";"Domingo";"00:45:00";"MT";163;"996";"TERRA NOVA DO NORTE";"Dormindo";"Colisão frontal";"Com Vítimas Feridas";"Plena noite";"Decrescente";"Ceu Claro";"Simples";"Reta";"Rural";3;0;2;1;0;0;3;2
83523070;"11/12/16";"Domingo";"08:40:00";"SC";470;"67,5";"INDAIAL";"Ingestão de álcool";"Colisão lateral";"Sem Vítimas";"Pleno dia";"Crescente";"Ceu Claro";"Simples";"Reta";"Urbano";2;0;0;0;1;1;0;2
83523071;"09/12/16";"Sexta";"22:31:00";"SP";116;"34,3";"CACHOEIRA PAULISTA";"Outras";"Tombamento";"Sem Vítimas";"Plena noite";"Crescente";"Nublado";"Dupla";"Reta";"Rural";1;0;0;0;1;0;0;1
83523072;"08/12/16";"Quinta";"22:50:00";"SC";101;"203,4";"SAO JOSE";"Velocidade incompatível";"Colisão traseira";"Com Vítimas Feridas";"Plena noite";"Decrescente";"Nublado";"Múltipla";"Reta";"Urbano";3;0;2;0;1;0;2;2
83523073;"08/12/16";"Quinta";"13:50:00";"DF";70;"4";"BRASILIA";"Outras";"Colisão traseira";"Sem Vítimas";"Pleno dia";"Decrescente";"Nublado";"Dupla";"Reta";"Rural";3;0;0;0;3;0;0;3
83523074;"10/12/16";"Sábado";"14:45:00";"PR";476;"344";"PAULA FREITAS";"Falta de atenção";"Colisão lateral";"Com Vítimas Feridas";"Pleno dia";"Crescente";"Chuva";"Simples";"Reta";"Rural";4;0;1;0;3;0;1;4