"id";"data_inversa";"dia_semana";"horario";"uf";"br";"km";"municipio";"causa_acidente";"tipo_acidente";"classificacao_acidente";"fase_dia";"sentido_via";"condicao_metereologica";"tipo_pista";"tracado_via";"uso_solo";"pessoas";"mortos";"feridos_leves";"feridos_graves";"ilesos";"ignorados";"feridos";"veiculos"
83523185;"11/12/16";"Domingo";"02:00:00";"MG";381;"479";"CONTAGEM";"Velocidade incompatível";"Queda de motocicleta / bicicleta / veículo";"Com Vítimas Feridas";"Plena noite";"Crescente";"Chuva";"Dupla";"Curva";"Urbano";1;0;1;0;0;0;1;1
83523186;"11/12/16";"Domingo";"17:00:00";"RS";153;"1";"MARCELINO RAMOS";"Falta de atenção";"Queda de motocicleta / bicicleta / veículo";"Com Vítimas Feridas";"Pleno dia";"Crescente";"Chuva";"Simples";"Reta";"Rural";1;0;0;1;0;0;1;1
83523187;"11/12/16";"Domingo";"13:30:00";"SP";116;"341";"MIRACATU";"Velocidade incompatível";"Saída de Pista";"Sem Vítimas";"Pleno dia";"Decrescente";"Chuva";"Dupla";"Curva";"Rural";1;0;0;0;1;0;0;1
83523188;"11/12/16";"Domingo";"16:15:00";"GO";60;"56,8";"ABADIANIA";"Velocidade incompatível";"Colisão com objeto fixo";"Sem Vítimas";"Pleno dia";"Crescente";"Chuva";"Dupla";"Curva";"Rural";1;0;0;0;1;0;0;1
83523189;"11/12/16";"Domingo";"16:10:00";"SP";381;"33";"ATIBAIA";"Outras";"Incêndio";"Sem Vítimas";"Anoitecer";"Decrescente";"Chuva";"Simples";"Reta";"Urbano";1;0;0;0;1;0;0;1
83523190;"07/12/16";"Quarta";"08:50:00";"SP";116;"229";"SAO PAULO";"Falta de atenção";"Colisão traseira";"Com Vítimas Feridas";"Pleno dia";"Crescente";"Ceu Claro";"Múltipla";"Reta";"Urbano";2;0;1;0;1;0;1;2
83523191;"08/12/16";"Quinta";"10:00:00";"GO";60;"5,5";"APARECIDA DE GOIANIA";"Falta de atenção";"Colisão Transversal";"Com Vítimas Feridas";"Pleno dia";"Crescente";"Ceu Claro";"Dupla";"Reta";"Urbano";4;0;0;1;3;0;1;2
83523192;"11/12/16";"Domingo";"08:00:00";"SP";116;"212";"GUARULHOS";"Falta de atenção";"Colisão com objeto fixo";"Com Vítimas Feridas";"Pleno dia";"Decrescente";"Ceu Claro";"Múltipla";"Reta";"Urbano";2;0;1;0;1;0;1;1
83523193;"11/12/16";"Domingo";"17:05:00";"SP";101;"34,9";"UBATUBA";"Ingestão de álcool";"Colisão frontal";"Com Vítimas Feridas";"Pleno dia";"Crescente";"Nublado";"Simples";"Reta";"Rural";3;0;1;0;2;0;1;2
83523194;"11/12/16";"Domingo";"14:15:00";"MG";116;"524,2";"CARATINGA";"Desobediência à sinalização";"Colisão Transversal";"Com Vítimas Fatais";"Pleno dia";"Crescente";"Sol";"Simples";"Reta";"Urbano";3;1;0;0;2;0;0;3
83523195;"11/12/16";"Domingo";"14:40:00";"MG";381;"521,5";"BRUMADINHO";"Velocidade incompatível";"Capotamento";"Com Vítimas Feridas";"Pleno dia";"Crescente";"Chuva";"Dupla";"Curva";"Rural";3;0;3;0;0;0;3;1
83523196;"11/12/16";"Domingo";"16:00:00";"PR";277;"142";"BALSA NOVA";"Velocidade incompatível";"Capotamento";"Sem Vítimas";"Pleno dia";"Crescente";"Chuva";"Simples";"Reta";"Rural";1;0;0;0;1;0;0;1
83523197;"11/12/16";"Domingo";"05:26:00";"MG";381;"908,2";"CAMBUI";"Velocidade incompatível";"Capotamento";"Sem Vítimas";"Plena noite";"Decrescente";"Nublado";"Dupla";"Curva";"Rural";3;0;0;0;3;0;0;1
83523198;"08/12/16";"Quinta";"17:00:00";"SP";381;"80";"SAO PAULO";"Velocidade incompatível";"Capotamento";"Com Vítimas Feridas";"Pleno dia";"Decrescente";"Ceu Claro";"Dupla";"Curva";"Urbano";1;0;1;0;0;0;1;1
83523199;"11/12/16";"Domingo";"18:00:00";"PR";277;"99,5";"CURITIBA";"Outras";"Colisão traseira";"Com Vítimas Feridas";"Pleno dia";"Crescente";"Chuva";"Dupla";"Reta";"Urbano";7;0;1;0;6;0;1;2
83523200;"11/12/16";"Domingo";"11:30:00";"RJ";116;"330";"RESENDE";"Falta de atenção";"Colisão com objeto fixo";"Com Vítimas Feridas";"Pleno dia";"Decrescente";"Ceu Claro";"Dupla";"Reta";"Rural";1;0;1;0;0;0;1;1
83523201;"11/12/16";"Domingo";"18:15:00";"RJ";393;"265";"BARRA DO PIRAI";"Outras";"Saída de Pista";"Sem Vítimas";"Pleno dia";"Crescente";"Chuva";"Simples";"Curva";"Urbano";1;0;0;0;1;0;0;1
83523202;"11/12/16";"Domingo";"00:05:00";"MG";40;"692";"ALFREDO VASCONCELOS";"Falta de atenção";"Colisão traseira";"Sem Vítimas";"Plena noite";"Crescente";"Chuva";"Simples";"Reta";"Rural";2;0;0;0;2;0;0;2
83523203;"11/12/16";"Domingo";"15:25:00";"MT";163;"107";"RONDONOPOLIS";"Falta de atenção";"Saída de Pista";"Com Vítimas Feridas";"Pleno dia";"Crescente";"Ceu Claro";"Dupla";"Reta";"Rural";1;0;1;0;0;0;1;1
83523204;"09/12/16";"Sexta";"01:50:00";"GO";153;"528";"HIDROLANDIA";"Animais na Pista";"Saída de Pista";"Sem Vítimas";"Plena noite";"Decrescente";"Ceu Claro";"Dupla";"Reta";"Urbano";2;0;0;0;2;0;0;1
83523205;"08/12/16";"Quinta";"01:00:00";"SP";116;"226,3";"GUARULHOS";"Falta de atenção";"Colisão traseira";"Sem Vítimas";"Plena noite";"Decrescente";"Nublado";"Múltipla";"Reta";"Urbano";3;0;0;0;3;0;0;3
83523206;"11/12/16";"Domingo";"15:20:00";"CE";402;"260,7";"ITAPIPOCA";"Ingestão de álcool";"Colisão lateral";"Com Vítimas Feridas";"Pleno dia";"Crescente";"Ceu Claro";"Dupla";"Reta";"Urbano";2;0;0;1;1;0;1;2
83523207;"11/12/16";"Domingo";"19:00:00";"RS";290;"187";"MINAS DO LEAO";"Falta de atenção";"Saída de Pista";"Com Vítimas Feridas";"Pleno dia";"Decrescente";"Sol";"Simples";"Reta";"Rural";2;0;2;0;0;0;2;1
83523208;"11/12/16";"Domingo";"16:20:00";"RS";470;"213";"BENTO GONCALVES";"Falta de atenção";"Colisão Transversal";"Com Vítimas Feridas";"Pleno dia";"Crescente";"Ceu Claro";"Simples";"Curva";"Urbano";3;0;1;0;2;0;1;2
83523209;"11/12/16";"Domingo";"12:40:00";"MG";262;"522";"LUZ";"Outras";"Capotamento";"Com Vítimas Feridas";"Pleno dia";"Crescente";"Chuva";"Simples";"Reta";"Rural";2;0;0;1;1;0;1;1
83523210;"11/12/16";"Domingo";"19:00:00";"SC";470;"76";"INDAIAL";"Outras";"Saída de Pista";"Com Vítimas Feridas";"Anoitecer";"Decrescente";"Chuva";"Simples";"Reta";"Urbano";2;0;0;1;0;1;1;1
83523211;"11/12/16";"Domingo";"17:45:00";"MG";262;"359";"BETIM";"Velocidade incompatível";"Saída de Pista";"Com Vítimas Feridas";"Pleno dia";"Crescente";"Nublado";"Dupla";"Reta";"Urbano";1;0;0;1;0;0;1;1
83523212;"11/12/16";"Domingo";"15:50:00";"GO";60;"37,7";"ALEXANIA";"Velocidade incompatível";"Saída de Pista";"Com Vítimas Feridas";"Pleno dia";"Crescente";"Chuva";"Dupla";"Curva";"Rural";3;0;3;0;0;0;3;1
83523213;"11/12/16";"Domingo";"18:45:00";"MG";262;"131,3";"RIO CASCA";"Outras";"Saída de Pista";"Sem Vítimas";"Anoitecer";"Decrescente";"Chuva";"Simples";"Curva";"Rural";1;0;0;0;1;0;0;1
83523214;"11/12/16";"Domingo";"18:30:00";"BA";110;"314";"ALAGOINHAS";"Outras";"Colisão com bicicleta";"Com Vítimas Feridas";"Plena noite";"Crescente";"Ceu Claro";"Simples";"Reta";"Rural";5;0;1;1;3;0;2;2
83523215;"11/12/16";"Domingo";"18:45:00";"SC";282;"429";"VARGEM BONITA";"Outras";"Saída de Pista";"Com Vítimas Feridas";"Pleno dia";"Crescente";"Chuva";"Simples";"Curva";"Rural";2;0;2;0;0;0;2;1
83523216;"11/12/16";"Domingo";"18:30:00";"MG";262;"373";"JUATUBA";"Defeito mecânico em veículo";"Queda de motocicleta / bicicleta / veículo";"Com Vítimas Feridas";"Pleno dia";"Crescente";"Chuva";"Dupla";"Reta";"Rural";2;0;2;0;0;0;2;1
83523217;"11/12/16";"Domingo";"15:30:00";"MG";262;"460,4";"ARAUJOS";"Não guardar distância de segurança";"Colisão lateral";"Com Vítimas Feridas";"Pleno dia";"Crescente";"Nublado";"Simples";"Reta";"Rural";4;0;1;0;3;0;1;2
83523218;"11/12/16";"Domingo";"01:30:00";"PE";232;"113,7";"BEZERROS";"Outras";"Colisão com objeto fixo";"Com Vítimas Feridas";"Plena noite";"Decrescente";"Ceu Claro";"Múltipla";"Reta";"Urbano";2;0;1;0;1;0;1;2
83523219;"11/12/16";"Domingo";"15:30:00";"MG";381;"492,4";"BETIM";"Outras";"Colisão com objeto fixo";"Com Vítimas Feridas";"Pleno dia";"Decrescente";"Chuva";"Múltipla";"Reta";"Urbano";2;0;1;0;1;0;1;1
83523220;"11/12/16";"Domingo";"18:30:00";"SC";282;"534,6";"CHAPECO";"Outras";"Colisão Transversal";"Com Vítimas Feridas";"Pleno dia";"Decrescente";"Nublado";"Simples";"Reta";"Rural";2;0;1;0;1;0;1;2
83523222;"11/12/16";"Domingo";"14:40:00";"MG";381;"782,9";"CAMPANHA";"Velocidade incompatível";"Saída de Pista";"Com Vítimas Feridas";"Pleno dia";"Crescente";"Nublado";"Dupla";"Curva";"Rural";4;0;2;0;2;0;2;1
83523223;"11/12/16";"Domingo";"20:00:00";"PR";476;"131";"CURITIBA";"Não guardar distância de segurança";"Colisão traseira";"Com Vítimas Feridas";"Plena noite";"Crescente";"Nublado";"Múltipla";"Reta";"Urbano";5;0;1;0;2;2;1;4
83523224;"11/12/16";"Domingo";"16:30:00";"SP";116;"204,5";"ARUJA";"Outras";"Colisão traseira";"Com Vítimas Feridas";"Pleno dia";"Decrescente";"Chuva";"Múltipla";"Reta";"Rural";4;0;1;0;3;0;1;3
83523225;"11/12/16";"Domingo";"18:30:00";"RJ";40;"91";"PETROPOLIS";"Outras";"Saída de Pista";"Sem Vítimas";"Pleno dia";"Decrescente";"Chuva";"Simples";"Curva";"Rural";5;0;0;0;5;0;0;1
83523226;"11/12/16";"Domingo";"17:00:00";"BA";415;"61";"ITAPE";"Falta de atenção";"Colisão Transversal";"Com Vítimas Feridas";"Anoitecer";"Crescente";"Sol";"Simples";"Curva";"Rural";6;0;1;0;5;0;1;2
83523227;"07/12/16";"Quarta";"05:15:00";"RJ";356;"78";"ITALVA";"Animais na Pista";"Atropelamento de animal";"Sem Vítimas";"Plena noite";"Decrescente";"Ceu Claro";"Simples";"Curva";"Rural";2;0;0;0;2;0;0;1
83523228;"11/12/16";"Domingo";"12:00:00";"PI";316;"296";"PICOS";"Falta de atenção";"Saída de Pista";"Com Vítimas Fatais";"Pleno dia";"Crescente";"Ceu Claro";"Simples";"Curva";"Rural";1;1;0;0;0;0;0;1
83523229;"11/12/16";"Domingo";"05:40:00";"PR";487;"176";"CAMPO MOURAO";"Outras";"Tombamento";"Sem Vítimas";"Plena noite";"Decrescente";"Chuva";"Simples";"Reta";"Rural";1;0;0;0;1;0;0;1
83523230;"08/12/16";"Quinta";"15:35:00";"AC";364;"126";"RIO BRANCO";"Desobediência à sinalização";"Colisão Transversal";"Sem Vítimas";"Pleno dia";"Decrescente";"Nublado";"Dupla";"Reta";"Rural";2;0;0;0;2;0;0;2
83523231;"11/12/16";"Domingo";"18:50:00";"BA";324;"595";"CANDEIAS";"Falta de atenção";"Colisão traseira";"Com Vítimas Feridas";"Plena noite";"Decrescente";"Ceu Claro";"Múltipla";"Reta";"Rural";5;0;3;0;2;0;3;2
83523232;"08/12/16";"Quinta";"12:10:00";"SC";101;"162,9";"TIJUCAS";"Falta de atenção";"Colisão Transversal";"Com Vítimas Feridas";"Pleno dia";"Decrescente";"Nublado";"Simples";"Reta";"Urbano";2;0;0;1;1;0;1;2
83523233;"11/12/16";"Domingo";"18:20:00";"TO";153;"487";"PARAISO DO TOCANTINS";"Outras";"Saída de Pista";"Sem Vítimas";"Anoitecer";"Decrescente";"Ceu Claro";"Simples";"Reta";"Rural";1;0;0;0;1;0;0;1
83523234;"11/12/16";"Domingo";"17:00:00";"MA";10;"290";"IMPERATRIZ";"Falta de atenção";"Colisão frontal";"Com Vítimas Fatais";"Pleno dia";"Crescente";"Ceu Claro";"Simples";"Reta";"Rural";2;1;0;0;1;0;0;2
83523235;"11/12/16";"Domingo";"13:40:00";"MG";116;"813,5";"ALEM PARAIBA";"Outras";"Queda de motocicleta / bicicleta / veículo";"Com Vítimas Feridas";"Pleno dia";"Crescente";"Chuva";"Simples";"Curva";"Rural";1;0;1;0;0;0;1;1
83523236;"11/12/16";"Domingo";"19:45:00";"MG";356;"265,8";"MURIAE";"Falta de atenção";"Colisão Transversal";"Com Vítimas Feridas";"Plena noite";"Crescente";"Chuva";"Simples";"Cruzamento";"Urbano";2;0;1;0;1;0;1;2
83523237;"11/12/16";"Domingo";"17:30:00";"GO";40;"6";"VALPARAISO DE GOIAS";"Não guardar distância de segurança";"Colisão traseira";"Sem Vítimas";"Pleno dia";"Decrescente";"Chuva";"Dupla";"Reta";"Urbano";2;0;0;0;2;0;0;2
83523238;"11/12/16";"Domingo";"14:40:00";"RN";101;"174";"CANGUARETAMA";"Dormindo";"Saída de Pista";"Com Vítimas Feridas";"Pleno dia";"Decrescente";"Ceu Claro";"Dupla";"Reta";"Rural";2;0;2;0;0;0;2;1
83523239;"09/12/16";"Sexta";"17:10:00";"ES";101;"241,3";"SERRA";"Desobediência à sinalização";"Colisão lateral";"Com Vítimas Feridas";"Pleno dia";"Crescente";"Nublado";"Simples";"Cruzamento";"Urbano";3;0;1;0;2;0;1;3
83523240;"11/12/16";"Domingo";"17:15:00";"TO";153;"130";"WANDERLANDIA";"Outras";"Capotamento";"Sem Vítimas";"Pleno dia";"Decrescente";"Sol";"Simples";"Reta";"Rural";2;0;0;0;2;0;0;1
83523241;"11/12/16";"Domingo";"20:50:00";"MS";163;"455,6";"CAMPO GRANDE";"Animais na Pista";"Atropelamento de animal";"Sem Vítimas";"Plena noite";"Crescente";"Ceu Claro";"Simples";"Reta";"Rural";4;0;0;0;4;0;0;1
83523242;"11/12/16";"Domingo";"14:45:00";"RJ";116;"104";"GUAPIMIRIM";"Falta de atenção";"Colisão lateral";"Com Vítimas Feridas";"Pleno dia";"Decrescente";"Nublado";"Dupla";"Reta";"Rural";3;0;1;0;2;0;1;2
83523243;"11/12/16";"Domingo";"19:00:00";"PE";407;"125,4";"PETROLINA";"Ingestão de álcool";"Colisão traseira";"Com Vítimas Feridas";"Plena noite";"Decrescente";"Ceu Claro";"Dupla";"Reta";"Urbano";3;0;0;2;1;0;2;2
83523244;"04/12/16";"Domingo";"06:00:00";"RR";174;"502";"BOA VISTA";"Ingestão de álcool";"Colisão traseira";"Com Vítimas Feridas";"Pleno dia";"Crescente";"Ceu Claro";"Dupla";"Reta";"Urbano";3;0;2;0;0;1;2;2
83523245;"11/12/16";"Domingo";"20:20:00";"SE";101;"76";"MARUIM";"Outras";"Queda de motocicleta / bicicleta / veículo";"Com Vítimas Feridas";"Plena noite";"Crescente";"Ceu Claro";"Simples";"Reta";"Rural";2;0;0;2;0;0;2;1
83523246;"11/12/16";"Domingo";"12:00:00";"GO";153;"206,5";"URUACU";"Não guardar distância de segurança";"Tombamento";"Com Vítimas Feridas";"Pleno dia";"Crescente";"Nublado";"Simples";"Reta";"Rural";5;0;1;0;4;0;1;1
83523247;"26/11/16";"Sábado";"05:00:00";"PI";343;"170";"PIRIPIRI";"Animais na Pista";"Atropelamento de animal";"Com Vítimas Feridas";"Amanhecer";"Crescente";"Ceu Claro";"Simples";"Reta";"Rural";1;0;0;1;0;0;1;1
83523248;"08/12/16";"Quinta";"16:20:00";"AP";156;"194";"MAZAGAO";"Outras";"Saída de Pista";"Com Vítimas Feridas";"Pleno dia";"Decrescente";"Ceu Claro";"Simples";"Curva";"Rural";3;0;0;1;2;0;1;1
83523249;"11/12/16";"Domingo";"13:40:00";"RO";364;"236,7";"CACOAL";"Desobediência à sinalização";"Colisão Transversal";"Com Vítimas Feridas";"Pleno dia";"Decrescente";"Nublado";"Simples";"Cruzamento";"Urbano";3;0;1;0;2;0;1;2
83523250;"11/12/16";"Domingo";"10:00:00";"MT";70;"690,5";"CACERES";"Velocidade incompatível";"Tombamento";"Com Vítimas Feridas";"Pleno dia";"Decrescente";"Sol";"Simples";"Curva";"Rural";1;0;1;0;0;0;1;1
83523251;"11/12/16";"Domingo";"17:00:00";"PR";116;"3";"CAMPINA GRANDE DO SUL";"Outras";"Tombamento";"Sem Vítimas";"Pleno dia";"Decrescente";"Nublado";"Dupla";"Curva";"Rural";2;0;0;0;2;0;0;1
83523252;"11/12/16";"Domingo";"21:10:00";"SC";470;"67,5";"INDAIAL";"Falta de atenção";"Colisão traseira";"Com Vítimas Feridas";"Plena noite";"Crescente";"Chuva";"Simples";"Reta";"Urbano";6;0;3;1;2;0;4;2
83523253;"11/12/16";"Domingo";"19:20:00";"MA";135;"240,6";"PERITORO";"Outras";"Colisão traseira";"Com Vítimas Fatais";"Plena noite";"Decrescente";"Ceu Claro";"Simples";"Reta";"Rural";2;1;0;0;1;0;0;2
83523254;"11/12/16";"Domingo";"18:30:00";"RN";226;"82";"TANGARA";"Ultrapassagem indevida";"Colisão lateral";"Com Vítimas Feridas";"Plena noite";"Crescente";"Ceu Claro";"Simples";"Curva";"Urbano";2;0;1;1;0;0;2;2
83523255;"11/12/16";"Domingo";"02:00:00";"MA";10;"245";"IMPERATRIZ";"Dormindo";"Saída de Pista";"Sem Vítimas";"Plena noite";"Crescente";"Ceu Claro";"Simples";"Reta";"Rural";1;0;0;0;1;0;0;1
83523256;"11/12/16";"Domingo";"22:00:00";"ES";101;"100";"SOORETAMA";"Falta de atenção";"Queda de motocicleta / bicicleta / veículo";"Com Vítimas Feridas";"Plena noite";"Crescente";"Ceu Claro";"Simples";"Reta";"Rural";2;0;2;0;0;0;2;1
83523257;"11/12/16";"Domingo";"22:40:00";"ES";101;"399";"RIO NOVO DO SUL";"Falta de atenção";"Colisão traseira";"Com Vítimas Feridas";"Plena noite";"Decrescente";"Chuva";"Simples";"Reta";"Rural";3;0;1;0;2;0;1;2
83523258;"11/12/16";"Domingo";"19:15:00";"AP";210;"3";"MACAPA";"Outras";"Colisão com bicicleta";"Com Vítimas Feridas";"Plena noite";"Crescente";"Ceu Claro";"Dupla";"Reta";"Urbano";2;0;1;0;1;0;1;2
83523259;"11/12/16";"Domingo";"21:50:00";"BA";324;"515";"FEIRA DE SANTANA";"Outras";"Colisão lateral";"Com Vítimas Feridas";"Plena noite";"Crescente";"Ceu Claro";"Simples";"Reta";"Urbano";2;0;0;1;0;1;1;2
83523260;"11/12/16";"Domingo";"17:45:00";"RO";364;"222,4";"PIMENTA BUENO";"Outras";"Saída de Pista";"Com Vítimas Feridas";"Pleno dia";"Crescente";"Chuva";"Simples";"Curva";"Rural";2;0;1;0;1;0;1;1
83523261;"11/12/16";"Domingo";"21:20:00";"MG";381;"743,1";"TRES CORACOES";"Defeito na via";"Saída de Pista";"Com Vítimas Feridas";"Plena noite";"Decrescente";"Chuva";"Múltipla";"Curva";"Rural";1;0;1;0;0;0;1;1
83523262;"11/12/16";"Domingo";"13:20:00";"MG";381;"810,4";"SAO GONCALO DO SAPUCAI";"Velocidade incompatível";"Saída de Pista";"Com Vítimas Feridas";"Pleno dia";"Decrescente";"Chuva";"Dupla";"Curva";"Rural";2;0;0;1;1;0;1;2
83523263;"11/12/16";"Domingo";"17:30:00";"MG";381;"528";"BRUMADINHO";"Velocidade incompatível";"Tombamento";"Sem Vítimas";"Pleno dia";"Crescente";"Chuva";"Dupla";"Curva";"Rural";6;0;0;0;6;0;0;6
83523264;"11/12/16";"Domingo";"18:30:00";"PR";277;"706";"SANTA TEREZINHA DE ITAIPU";"Ingestão de álcool";"Colisão traseira";"Com Vítimas Feridas";"Pleno dia";"Decrescente";"Sol";"Múltipla";"Reta";"Rural";5;0;2;0;3;0;2;2
83523265;"11/12/16";"Domingo";"21:30:00";"SC";101;"88,1";"BARRA VELHA";"Falta de atenção";"Colisão traseira";"Com Vítimas Feridas";"Plena noite";"Decrescente";"Chuva";"Dupla";"Reta";"Rural";2;0;2;0;0;0;2;2
83523266;"11/12/16";"Domingo";"19:30:00";"MT";364;"56";"ALTO GARCAS";"Falta de atenção";"Saída de Pista";"Sem Vítimas";"Anoitecer";"Decrescente";"Ceu Claro";"Simples";"Reta";"Rural";1;0;0;0;1;0;0;1
83523267;"11/12/16";"Domingo";"09:55:00";"MG";116;"511,4";"UBAPORANGA";"Não guardar distância de segurança";"Colisão traseira";"Sem Vítimas";"Pleno dia";"Crescente";"Ceu Claro";"Simples";"Reta";"Rural";2;0;0;0;2;0;0;2
83523268;"11/12/16";"Domingo";"12:30:00";"MG";50;"48";"ARAGUARI";"Velocidade incompatível";"Colisão traseira";"Com Vítimas Feridas";"Pleno dia";"Crescente";"Chuva";"Dupla";"Curva";"Rural";2;0;1;0;1;0;1;2
83523269;"11/12/16";"Domingo";"16:40:00";"MG";116;"495,8";"INHAPIM";"Velocidade incompatível";"Saída de Pista";"Com Vítimas Feridas";"Pleno dia";"Decrescente";"Ceu Claro";"Simples";"Curva";"Rural";2;0;2;0;0;0;2;1
83523270;"11/12/16";"Domingo";"22:50:00";"MG";262;"358,1";"BETIM";"Velocidade incompatível";"Saída de Pista";"Ignorado";"Plena noite";"Decrescente";"Chuva";"Dupla";"Reta";"Rural";1;0;0;0;0;1;0;1
83523271;"07/12/16";"Quarta";"19:00:00";"MG";381;"929,9";"ITAPEVA";"Velocidade incompatível";"Capotamento";"Com Vítimas Feridas";"Pleno dia";"Crescente";"Chuva";"Dupla";"Curva";"Rural";3;0;2;0;1;0;2;1
83523272;"11/12/16";"Domingo";"18:00:00";"BA";324;"596";"CANDEIAS";"Ingestão de álcool";"Capotamento";"Com Vítimas Feridas";"Anoitecer";"Decrescente";"Vento";"Dupla";"Reta";"Urbano";3;0;1;2;0;0;3;1
83523273;"11/12/16";"Domingo";"22:55:00";"MG";381;"481,2";"CONTAGEM";"Velocidade incompatível";"Saída de Pista";"Ignorado";"Plena noite";"Decrescente";"Nublado";"Múltipla";"Reta";"Urbano";1;0;0;0;0;1;0;1
83523274;"11/12/16";"Domingo";"22:50:00";"MG";459;"106";"POUSO ALEGRE";"Outras";"Colisão frontal";"Sem Vítimas";"Plena noite";"Crescente";"Nublado";"Simples";"Curva";"Urbano";3;0;0;0;2;1;0;2
83523275;"11/12/16";"Domingo";"22:30:00";"TO";153;"136";"ARAGUAINA";"Defeito mecânico em veículo";"Queda de motocicleta / bicicleta / veículo";"Com Vítimas Feridas";"Plena noite";"Decrescente";"Ceu Claro";"Dupla";"Reta";"Urbano";2;0;2;0;0;0;2;1
83523276;"11/12/16";"Domingo";"22:30:00";"MS";262;"482";"ANASTACIO";"Animais na Pista";"Atropelamento de animal";"Sem Vítimas";"Plena noite";"Crescente";"Nublado";"Simples";"Reta";"Rural";1;0;0;0;1;0;0;1
83523277;"11/12/16";"Domingo";"22:20:00";"PR";376;"165,1";"MARINGA";"Outras";"Saída de Pista";"Com Vítimas Feridas";"Plena noite";"Crescente";"Nublado";"Dupla";"Reta";"Rural";2;0;2;0;0;0;2;1
83523278;"03/12/16";"Sábado";"17:00:00";"SC";101;"235";"PALHOCA";"Não guardar distância de segurança";"Colisão lateral";"Com Vítimas Feridas";"Pleno dia";"Decrescente";"Chuva";"Dupla";"Curva";"Urbano";2;0;1;0;1;0;1;2
83523279;"11/12/16";"Domingo";"16:30:00";"PE";232;"54,7";"VITORIA DE SANTO ANTAO";"Falta de atenção";"Colisão lateral";"Com Vítimas Feridas";"Pleno dia";"Crescente";"Sol";"Dupla";"Reta";"Rural";3;0;2;0;1;0;2;2
83523280;"11/12/16";"Domingo";"20:00:00";"BA";324;"623";"SALVADOR";"Falta de atenção";"Queda de motocicleta / bicicleta / veículo";"Com Vítimas Feridas";"Plena noite";"Decrescente";"Vento";"Múltipla";"Reta";"Urbano";2;0;1;0;1;0;1;1
83523281;"11/12/16";"Domingo";"15:00:00";"MG";381;"349";"JOAO MONLEVADE";"Velocidade incompatível";"Colisão frontal";"Com Vítimas Fatais";"Pleno dia";"Decrescente";"Ceu Claro";"Simples";"Curva";"Rural";5;1;0;4;0;0;4;2
83523282;"11/12/16";"Domingo";"14:00:00";"BA";116;"287";"TUCANO";"Não guardar distância de segurança";"Colisão traseira";"Sem Vítimas";"Pleno dia";"Decrescente";"Sol";"Simples";"Reta";"Rural";3;0;0;0;3;0;0;3
83523283;"12/12/16";"Segunda";"01:20:00";"SC";280;"39";"ARAQUARI";"Outras";"Saída de Pista";"Com Vítimas Feridas";"Plena noite";"Decrescente";"Ceu Claro";"Simples";"Reta";"Rural";1;0;1;0;0;0;1;1
83523284;"11/12/16";"Domingo";"21:29:00";"SC";116;"227";"CORREIA PINTO";"Ingestão de álcool";"Saída de Pista";"Com Vítimas Feridas";"Plena noite";"Crescente";"Nublado";"Simples";"Reta";"Urbano";1;0;1;0;0;0;1;1
83523285;"11/12/16";"Domingo";"23:00:00";"RS";470;"227";"GARIBALDI";"Falta de atenção";"Colisão Transversal";"Com Vítimas Feridas";"Plena noite";"Crescente";"Ceu Claro";"Simples";"Curva";"Urbano";2;0;0;1;0;1;1;2
83523286;"11/12/16";"Domingo";"20:10:00";"RN";101;"73";"EXTREMOZ";"Ultrapassagem indevida";"Colisão frontal";"Com Vítimas Fatais";"Plena noite";"Decrescente";"Ceu Claro";"Simples";"Reta";"Rural";2;1;0;0;1;0;0;2
83523287;"11/12/16";"Domingo";"09:30:00";"MG";50;"69";"UBERLANDIA";"Velocidade incompatível";"Colisão traseira";"Com Vítimas Feridas";"Pleno dia";"Crescente";"Sol";"Dupla";"Reta";"Urbano";2;0;1;0;1;0;1;2
83523288;"12/12/16";"Segunda";"01:10:00";"SC";282;"224,7";"LAGES";"Outras";"Colisão frontal";"Com Vítimas Feridas";"Plena noite";"Crescente";"Ceu Claro";"Simples";"Curva";"Urbano";3;0;1;1;1;0;2;2
83523289;"11/12/16";"Domingo";"19:40:00";"PB";230;"58,1";"CRUZ DO ESPIRITO SANTO";"Animais na Pista";"Atropelamento de animal";"Com Vítimas Feridas";"Plena noite";"Decrescente";"Ceu Claro";"Dupla";"Reta";"Rural";1;0;1;0;0;0;1;1
83523290;"12/12/16";"Segunda";"01:50:00";"PR";476;"130";"CURITIBA";"Falta de atenção";"Colisão com objeto fixo";"Com Vítimas Feridas";"Plena noite";"Decrescente";"Ceu Claro";"Múltipla";"Reta";"Urbano";1;0;0;1;0;0;1;1
83523291;"12/12/16";"Segunda";"00:25:00";"BA";116;"814,3";"VITORIA DA CONQUISTA";"Não guardar distância de segurança";"Colisão traseira";"Sem Vítimas";"Plena noite";"Crescente";"Ceu Claro";"Simples";"Reta";"Urbano";2;0;0;0;2;0;0;2
83523292;"08/12/16";"Quinta";"07:50:00";"SC";101;"155";"PORTO BELO";"Falta de atenção";"Colisão frontal";"Com Vítimas Feridas";"Pleno dia";"Crescente";"Nublado";"Dupla";"Reta";"Rural";2;0;1;0;1;0;1;2