"id";"data_inversa";"dia_semana";"horario";"uf";"br";"km";"municipio";"causa_acidente";"tipo_acidente";"classificacao_acidente";"fase_dia";"sentido_via";"condicao_metereologica";"tipo_pista";"tracado_via";"uso_solo";"pessoas";"mortos";"feridos_leves";"feridos_graves";"ilesos";"ignorados";"feridos";"veiculos"
83523293;"07/12/16";"Quarta";"21:40:00";"SC";101;"93";"BARRA VELHA";"Defeito mecânico em veículo";"Incêndio";"Com Vítimas Feridas";"Plena noite";"Decrescente";"Nublado";"Dupla";"Reta";"Rural";1;0;1;0;0;0;1;1
83523294;"11/12/16";"Domingo";"18:30:00";"PB";230;"76";"SOBRADO";"Outras";"Atropelamento de pessoa";"Com Vítimas Fatais";"Anoitecer";"Decrescente";"Ceu Claro";"Dupla";"Reta";"Rural";2;1;0;0;1;0;0;1
83523295;"11/12/16";"Domingo";"16:29:00";"MG";381;"658,4";"SANTO ANTONIO DO AMPARO";"Falta de atenção";"Colisão lateral";"Sem Vítimas";"Pleno dia";"Decrescente";"Nublado";"Dupla";"Reta";"Rural";2;0;0;0;2;0;0;2
83523296;"11/12/16";"Domingo";"16:40:00";"CE";20;"351,4";"CARIDADE";"Outras";"Capotamento";"Com Vítimas Fatais";"Pleno dia";"Crescente";"Ceu Claro";"Simples";"Reta";"Rural";5;1;1;1;2;0;2;1
83523297;"11/12/16";"Domingo";"19:30:00";"SC";101;"175,1";"TIJUCAS";"Velocidade incompatível";"Capotamento";"Sem Vítimas";"Plena noite";"Decrescente";"Chuva";"Dupla";"Reta";"Urbano";1;0;0;0;1;0;0;1
83523298;"11/12/16";"Domingo";"19:00:00";"MA";135;"120,5";"MIRANDA DO NORTE";"Não guardar distância de segurança";"Colisão traseira";"Com Vítimas Feridas";"Plena noite";"Crescente";"Nublado";"Simples";"Reta";"Rural";10;0;4;3;3;0;7;3
83523299;"11/12/16";"Domingo";"15:45:00";"GO";153;"589,5";"PIRACANJUBA";"Outras";"Capotamento";"Com Vítimas Fatais";"Pleno dia";"Decrescente";"Chuva";"Dupla";"Reta";"Rural";5;1;3;1;0;0;4;1
83523300;"11/12/16";"Domingo";"21:10:00";"PR";376;"494,1";"PONTA GROSSA";"Velocidade incompatível";"Colisão traseira";"Com Vítimas Feridas";"Plena noite";"Decrescente";"Nublado";"Dupla";"Reta";"Urbano";3;0;0;1;1;1;1;3
83523301;"11/12/16";"Domingo";"15:30:00";"ES";101;"423";"ATILIO VIVACQUA";"Ultrapassagem indevida";"Tombamento";"Sem Vítimas";"Pleno dia";"Crescente";"Chuva";"Simples";"Curva";"Rural";2;0;0;0;1;1;0;2
83523302;"07/12/16";"Quarta";"22:20:00";"SP";116;"41";"CACHOEIRA PAULISTA";"Falta de atenção";"Capotamento";"Com Vítimas Feridas";"Plena noite";"Decrescente";"Ceu Claro";"Dupla";"Reta";"Rural";3;0;3;0;0;0;3;2
83523303;"11/12/16";"Domingo";"15:17:00";"MG";381;"568,5";"ITAGUARA";"Velocidade incompatível";"Tombamento";"Sem Vítimas";"Pleno dia";"Crescente";"Chuva";"Dupla";"Curva";"Rural";1;0;0;0;1;0;0;1
83523304;"08/12/16";"Quinta";"23:00:00";"ES";101;"146";"LINHARES";"Falta de atenção";"Colisão traseira";"Com Vítimas Feridas";"Plena noite";"Decrescente";"Ceu Claro";"Múltipla";"Reta";"Urbano";2;0;0;1;1;0;1;2
83523305;"11/12/16";"Domingo";"19:40:00";"SP";116;"20";"LAVRINHAS";"Outras";"Capotamento";"Com Vítimas Feridas";"Plena noite";"Decrescente";"Chuva";"Dupla";"Reta";"Rural";2;0;2;0;0;0;2;1
83523306;"12/12/16";"Segunda";"03:45:00";"SC";280;"51";"GUARAMIRIM";"Defeito na via";"Queda de motocicleta / bicicleta / veículo";"Com Vítimas Feridas";"Plena noite";"Crescente";"Nublado";"Simples";"Cruzamento";"Urbano";2;0;1;1;0;0;2;1
83523307;"11/12/16";"Domingo";"19:40:00";"PR";373;"176";"PONTA GROSSA";"Falta de atenção";"Colisão Transversal";"Com Vítimas Feridas";"Anoitecer";"Crescente";"Nublado";"Simples";"Reta";"Urbano";3;0;2;0;1;0;2;2
83523308;"11/12/16";"Domingo";"17:30:00";"MG";381;"532";"ITATIAIUCU";"Velocidade incompatível";"Saída de Pista";"Sem Vítimas";"Pleno dia";"Crescente";"Chuva";"Dupla";"Curva";"Rural";1;0;0;0;1;0;0;1
83523309;"11/12/16";"Domingo";"18:50:00";"MG";381;"932,5";"EXTREMA";"Velocidade incompatível";"Capotamento";"Sem Vítimas";"Plena noite";"Crescente";"Chuva";"Dupla";"Curva";"Rural";3;0;0;0;3;0;0;1
83523310;"12/12/16";"Segunda";"05:30:00";"RS";290;"104,9";"ELDORADO DO SUL";"Outras";"Tombamento";"Sem Vítimas";"Plena noite";"Crescente";"Ceu Claro";"Dupla";"Reta";"Rural";2;0;0;0;1;1;0;2
83523311;"12/12/16";"Segunda";"02:25:00";"PR";376;"215,9";"JANDAIA DO SUL";"Outras";"Colisão Transversal";"Sem Vítimas";"Plena noite";"Decrescente";"Nublado";"Simples";"Cruzamento";"Rural";2;0;0;0;2;0;0;2
83523312;"12/12/16";"Segunda";"02:32:00";"RS";116;"152";"CAXIAS DO SUL";"Outras";"Colisão com objeto fixo";"Sem Vítimas";"Plena noite";"Crescente";"Ceu Claro";"Dupla";"Curva";"Urbano";2;0;0;0;2;0;0;1
83523313;"11/12/16";"Domingo";"18:00:00";"PB";101;"17,5";"MAMANGUAPE";"Desobediência à sinalização";"Atropelamento de pessoa";"Com Vítimas Feridas";"Plena noite";"Decrescente";"Ceu Claro";"Dupla";"Reta";"Rural";2;0;0;1;0;1;1;1
83523314;"12/12/16";"Segunda";"04:50:00";"PR";116;"211";"RIO NEGRO";"Ingestão de álcool";"Queda de motocicleta / bicicleta / veículo";"Com Vítimas Feridas";"Plena noite";"Crescente";"Ceu Claro";"Simples";"Reta";"Urbano";1;0;1;0;0;0;1;1
83523315;"12/12/16";"Segunda";"04:50:00";"SC";470;"58,1";"BLUMENAU";"Ingestão de álcool";"Colisão com objeto fixo";"Sem Vítimas";"Plena noite";"Crescente";"Nublado";"Simples";"Reta";"Urbano";1;0;0;0;1;0;0;1
83523316;"12/12/16";"Segunda";"01:10:00";"PR";376;"176,7";"MARINGA";"Outras";"Colisão com objeto fixo";"Sem Vítimas";"Plena noite";"Crescente";"Ceu Claro";"Dupla";"Reta";"Urbano";2;0;0;0;2;0;0;1
83523317;"11/12/16";"Domingo";"18:50:00";"MA";316;"574,8";"CAXIAS";"Desobediência à sinalização";"Colisão Transversal";"Com Vítimas Fatais";"Plena noite";"Crescente";"Ceu Claro";"Simples";"Reta";"Rural";2;1;0;0;1;0;0;2
83523318;"11/12/16";"Domingo";"15:00:00";"GO";70;"335";"SANTA FE DE GOIAS";"Defeito na via";"Saída de Pista";"Com Vítimas Feridas";"Pleno dia";"Crescente";"Sol";"Simples";"Curva";"Rural";4;0;0;2;2;0;2;1
83523319;"08/12/16";"Quinta";"16:20:00";"MT";364;"510";"JANGADA";"Defeito mecânico em veículo";"Incêndio";"Sem Vítimas";"Pleno dia";"Decrescente";"Chuva";"Simples";"Reta";"Rural";1;0;0;0;1;0;0;1
83523320;"12/12/16";"Segunda";"04:40:00";"RS";285;"588,5";"SANTO ANTONIO DAS MISSOES";"Dormindo";"Colisão lateral";"Sem Vítimas";"Plena noite";"Crescente";"Ceu Claro";"Simples";"Reta";"Rural";4;0;0;0;4;0;0;2
83523321;"12/12/16";"Segunda";"01:30:00";"MG";50;"202";"DELTA";"Dormindo";"Saída de Pista";"Sem Vítimas";"Plena noite";"Decrescente";"Ceu Claro";"Dupla";"Reta";"Rural";1;0;0;0;1;0;0;1
83523322;"12/12/16";"Segunda";"04:50:00";"SE";101;"143,8";"ESTANCIA";"Outras";"Colisão com objeto fixo";"Sem Vítimas";"Amanhecer";"Decrescente";"Sol";"Dupla";"Reta";"Rural";2;0;0;0;2;0;0;1
83523323;"11/12/16";"Domingo";"15:00:00";"MG";135;"580";"CORINTO";"Outras";"Saída de Pista";"Com Vítimas Feridas";"Pleno dia";"Decrescente";"Chuva";"Simples";"Reta";"Rural";4;0;3;0;1;0;3;1
83523324;"12/12/16";"Segunda";"00:30:00";"MS";163;"626,2";"SAO GABRIEL DO OESTE";"Ingestão de álcool";"Colisão Transversal";"Com Vítimas Feridas";"Plena noite";"Decrescente";"Chuva";"Dupla";"Reta";"Rural";2;0;1;0;1;0;1;2
83523325;"11/12/16";"Domingo";"05:30:00";"PR";376;"194,1";"MARIALVA";"Dormindo";"Saída de Pista";"Com Vítimas Feridas";"Amanhecer";"Decrescente";"Chuva";"Dupla";"Curva";"Rural";3;0;2;1;0;0;3;1
83523326;"09/12/16";"Sexta";"07:10:00";"PR";376;"652";"TIJUCAS DO SUL";"Outras";"Saída de Pista";"Sem Vítimas";"Pleno dia";"Crescente";"Chuva";"Dupla";"Curva";"Rural";1;0;0;0;1;0;0;1
83523327;"12/12/16";"Segunda";"00:01:00";"RJ";116;"195";"QUEIMADOS";"Desobediência à sinalização";"Atropelamento de pessoa";"Com Vítimas Feridas";"Plena noite";"Crescente";"Chuva";"Dupla";"Reta";"Rural";2;0;0;1;1;0;1;1
83523328;"12/12/16";"Segunda";"07:30:00";"RS";285;"292,4";"PASSO FUNDO";"Falta de atenção";"Colisão lateral";"Com Vítimas Feridas";"Pleno dia";"Crescente";"Ceu Claro";"Dupla";"Curva";"Urbano";2;0;1;0;1;0;1;2
83523329;"09/12/16";"Sexta";"00:30:00";"SE";101;"79";"LARANJEIRAS";"Outras";"Incêndio";"Sem Vítimas";"Plena noite";"Decrescente";"Nublado";"Dupla";"Reta";"Rural";2;0;0;0;2;0;0;1
83523330;"11/12/16";"Domingo";"01:30:00";"GO";70;"35";"MONTES CLAROS DE GOIAS";"Falta de atenção";"Colisão traseira";"Com Vítimas Feridas";"Plena noite";"Crescente";"Ceu Claro";"Simples";"Reta";"Rural";4;0;1;0;3;0;1;2
83523331;"12/12/16";"Segunda";"05:40:00";"SC";470;"123,1";"IBIRAMA";"Falta de atenção";"Colisão traseira";"Sem Vítimas";"Amanhecer";"Crescente";"Chuva";"Simples";"Reta";"Rural";2;0;0;0;2;0;0;2
83523332;"04/12/16";"Domingo";"12:20:00";"ES";101;"213";"IBIRACU";"Não guardar distância de segurança";"Colisão lateral";"Com Vítimas Feridas";"Pleno dia";"Decrescente";"Nublado";"Simples";"Reta";"Urbano";2;0;1;0;1;0;1;2
83523333;"10/12/16";"Sábado";"15:20:00";"SP";381;"43,5";"ATIBAIA";"Falta de atenção";"Atropelamento de pessoa";"Com Vítimas Feridas";"Pleno dia";"Decrescente";"Ceu Claro";"Dupla";"Reta";"Urbano";8;0;0;1;6;1;1;4
83523334;"11/12/16";"Domingo";"05:40:00";"SC";101;"38,2";"JOINVILLE";"Desobediência à sinalização";"Colisão Transversal";"Com Vítimas Feridas";"Plena noite";"Decrescente";"Ceu Claro";"Dupla";"Cruzamento";"Urbano";5;0;3;0;2;0;3;2
83523335;"09/12/16";"Sexta";"00:10:00";"RJ";101;"406";"ITAGUAI";"Falta de atenção";"Colisão Transversal";"Com Vítimas Feridas";"Plena noite";"Decrescente";"Chuva";"Dupla";"Reta";"Urbano";3;0;1;0;2;0;1;2
83523336;"12/12/16";"Segunda";"06:30:00";"PB";230;"32,3";"BAYEUX";"Falta de atenção";"Colisão lateral";"Com Vítimas Fatais";"Pleno dia";"Decrescente";"Ceu Claro";"Simples";"Reta";"Urbano";2;1;1;0;0;0;1;2
83523337;"08/12/16";"Quinta";"21:10:00";"PI";316;"36,5";"TERESINA";"Velocidade incompatível";"Capotamento";"Com Vítimas Feridas";"Plena noite";"Decrescente";"Ceu Claro";"Simples";"Curva";"Rural";2;0;1;1;0;0;2;1
83523338;"11/12/16";"Domingo";"21:00:00";"AL";101;"127";"SAO MIGUEL DOS CAMPOS";"Outras";"Derramamento de Carga";"Com Vítimas Feridas";"Plena noite";"Crescente";"Ceu Claro";"Simples";"Reta";"Rural";2;0;1;0;1;0;1;2
83523339;"09/12/16";"Sexta";"19:30:00";"MG";40;"701,5";"BARBACENA";"Falta de atenção";"Colisão lateral";"Sem Vítimas";"Anoitecer";"Crescente";"Ceu Claro";"Simples";"Cruzamento";"Urbano";2;0;0;0;2;0;0;2
83523340;"12/12/16";"Segunda";"07:00:00";"RJ";101;"297";"ITABORAI";"Falta de atenção";"Colisão traseira";"Com Vítimas Feridas";"Pleno dia";"Decrescente";"Ceu Claro";"Dupla";"Reta";"Urbano";2;0;1;0;1;0;1;2
83523341;"09/12/16";"Sexta";"00:30:00";"PI";343;"339,3";"TERESINA";"Falta de atenção";"Saída de Pista";"Sem Vítimas";"Plena noite";"Crescente";"Nublado";"Simples";"Reta";"Urbano";1;0;0;0;1;0;0;1
83523342;"10/12/16";"Sábado";"21:20:00";"MG";459;"55,8";"IPUIUNA";"Outras";"Saída de Pista";"Sem Vítimas";"Plena noite";"Crescente";"Chuva";"Simples";"Reta";"Rural";1;0;0;0;1;0;0;1
83523343;"04/12/16";"Domingo";"06:00:00";"MG";381;"333";"NOVA ERA";"Velocidade incompatível";"Capotamento";"Sem Vítimas";"Amanhecer";"Crescente";"Chuva";"Simples";"Curva";"Rural";1;0;0;0;1;0;0;1
83523344;"12/12/16";"Segunda";"02:00:00";"SP";116;"270,3";"TABOAO DA SERRA";"Velocidade incompatível";"Capotamento";"Sem Vítimas";"Plena noite";"Decrescente";"Chuva";"Dupla";"Curva";"Urbano";1;0;0;0;1;0;0;1
83523345;"12/12/16";"Segunda";"06:40:00";"SC";470;"137,9";"RIO DO SUL";"Não guardar distância de segurança";"Colisão traseira";"Sem Vítimas";"Amanhecer";"Crescente";"Chuva";"Simples";"Reta";"Urbano";3;0;0;0;3;0;0;3
83523346;"08/12/16";"Quinta";"19:30:00";"MG";116;"299,9";"ITAMBACURI";"Velocidade incompatível";"Saída de Pista";"Com Vítimas Feridas";"Plena noite";"Decrescente";"Chuva";"Simples";"Curva";"Rural";1;0;1;0;0;0;1;1
83523347;"09/12/16";"Sexta";"02:20:00";"MG";267;"277,9";"BAEPENDI";"Velocidade incompatível";"Saída de Pista";"Sem Vítimas";"Plena noite";"Crescente";"Chuva";"Simples";"Curva";"Rural";1;0;0;0;1;0;0;1
83523348;"11/12/16";"Domingo";"14:30:00";"PR";163;"106";"CAPANEMA";"Falta de atenção";"Saída de Pista";"Sem Vítimas";"Pleno dia";"Decrescente";"Ceu Claro";"Simples";"Curva";"Rural";1;0;0;0;1;0;0;1
83523349;"12/12/16";"Segunda";"00:10:00";"RJ";116;"175,7";"NOVA IGUACU";"Falta de atenção";"Colisão com objeto fixo";"Sem Vítimas";"Plena noite";"Decrescente";"Chuva";"Dupla";"Reta";"Urbano";1;0;0;0;1;0;0;1
83523350;"08/12/16";"Quinta";"19:45:00";"RJ";116;"231";"PIRAI";"Velocidade incompatível";"Colisão lateral";"Com Vítimas Feridas";"Plena noite";"Decrescente";"Chuva";"Dupla";"Curva";"Rural";3;0;1;0;2;0;1;2
83523351;"10/12/16";"Sábado";"02:30:00";"MT";364;"364";"SANTO ANTONIO DO LEVERGER";"Ingestão de álcool";"Saída de Pista";"Sem Vítimas";"Plena noite";"Decrescente";"Ceu Claro";"Simples";"Reta";"Rural";1;0;0;0;1;0;0;1
83523352;"08/12/16";"Quinta";"12:00:00";"MG";251;"314,9";"SALINAS";"Falta de atenção";"Saída de Pista";"Com Vítimas Feridas";"Pleno dia";"Decrescente";"Nublado";"Simples";"Reta";"Rural";1;0;1;0;0;0;1;1
83523353;"09/12/16";"Sexta";"03:20:00";"MG";267;"361,2";"CAMPANHA";"Dormindo";"Saída de Pista";"Com Vítimas Fatais";"Plena noite";"Crescente";"Nublado";"Simples";"Curva";"Rural";1;1;0;0;0;0;0;1
83523354;"10/12/16";"Sábado";"05:20:00";"SP";116;"406,8";"MIRACATU";"Dormindo";"Colisão traseira";"Com Vítimas Feridas";"Amanhecer";"Crescente";"Nublado";"Dupla";"Reta";"Rural";2;0;0;1;1;0;1;2
83523355;"04/12/16";"Domingo";"14:20:00";"DF";20;"56";"BRASILIA";"Velocidade incompatível";"Saída de Pista";"Com Vítimas Feridas";"Pleno dia";"Decrescente";"Nublado";"Dupla";"Curva";"Rural";1;0;0;1;0;0;1;1
83523356;"11/12/16";"Domingo";"20:45:00";"SP";116;"156";"SAO JOSE DOS CAMPOS";"Outras";"Colisão lateral";"Sem Vítimas";"Plena noite";"Decrescente";"Ceu Claro";"Dupla";"Reta";"Rural";2;0;0;0;1;1;0;2
83523357;"11/12/16";"Domingo";"05:10:00";"SC";470;"317";"CAMPOS NOVOS";"Falta de atenção";"Colisão lateral";"Sem Vítimas";"Plena noite";"Decrescente";"Ceu Claro";"Simples";"Reta";"Urbano";2;0;0;0;1;1;0;2
83523358;"09/12/16";"Sexta";"06:40:00";"RJ";116;"176";"NOVA IGUACU";"Falta de atenção";"Atropelamento de pessoa";"Com Vítimas Feridas";"Pleno dia";"Decrescente";"Sol";"Múltipla";"Reta";"Urbano";2;0;1;0;1;0;1;1
83523360;"12/12/16";"Segunda";"07:45:00";"RS";285;"292,3";"PASSO FUNDO";"Falta de atenção";"Colisão lateral";"Sem Vítimas";"Pleno dia";"Crescente";"Ceu Claro";"Dupla";"Reta";"Urbano";2;0;0;0;2;0;0;2
83523361;"12/12/16";"Segunda";"09:00:00";"SC";101;"216";"PALHOCA";"Falta de atenção";"Colisão lateral";"Sem Vítimas";"Pleno dia";"Decrescente";"Chuva";"Dupla";"Reta";"Urbano";2;0;0;0;2;0;0;2
83523362;"09/12/16";"Sexta";"06:20:00";"RO";319;"62,1";"PORTO VELHO";"Velocidade incompatível";"Colisão Transversal";"Com Vítimas Feridas";"Amanhecer";"Decrescente";"Ceu Claro";"Dupla";"Cruzamento";"Urbano";2;0;1;0;1;0;1;2
83523363;"09/12/16";"Sexta";"19:50:00";"MG";40;"507,7";"RIBEIRAO DAS NEVES";"Outras";"Saída de Pista";"Sem Vítimas";"Pleno dia";"Decrescente";"Ceu Claro";"Dupla";"Reta";"Urbano";1;0;0;0;1;0;0;1
83523364;"09/12/16";"Sexta";"08:00:00";"SP";116;"182";"SANTA ISABEL";"Velocidade incompatível";"Colisão traseira";"Sem Vítimas";"Pleno dia";"Decrescente";"Ceu Claro";"Dupla";"Reta";"Rural";2;0;0;0;2;0;0;2
83523365;"11/12/16";"Domingo";"04:00:00";"SP";116;"513";"CAJATI";"Falta de atenção";"Tombamento";"Sem Vítimas";"Plena noite";"Crescente";"Nublado";"Simples";"Curva";"Rural";2;0;0;0;2;0;0;1
83523366;"11/12/16";"Domingo";"14:30:00";"MG";365;"615";"UBERLANDIA";"Outras";"Capotamento";"Com Vítimas Feridas";"Pleno dia";"Decrescente";"Chuva";"Dupla";"Reta";"Urbano";3;0;2;0;1;0;2;1
83523367;"12/12/16";"Segunda";"07:15:00";"SC";282;"41,7";"AGUAS MORNAS";"Outras";"Tombamento";"Com Vítimas Feridas";"Pleno dia";"Crescente";"Chuva";"Simples";"Reta";"Rural";2;0;1;0;1;0;1;1
83523368;"10/12/16";"Sábado";"19:30:00";"PI";316;"318";"PICOS";"Animais na Pista";"Saída de Pista";"Sem Vítimas";"Plena noite";"Decrescente";"Ceu Claro";"Simples";"Reta";"Rural";4;0;0;0;4;0;0;1
83523369;"09/12/16";"Sexta";"07:10:00";"MG";381;"570";"ITAGUARA";"Velocidade incompatível";"Capotamento";"Sem Vítimas";"Pleno dia";"Crescente";"Chuva";"Dupla";"Curva";"Rural";2;0;0;0;2;0;0;1
83523370;"12/12/16";"Segunda";"07:00:00";"PR";116;"128";"FAZENDA RIO GRANDE";"Falta de atenção";"Colisão Transversal";"Com Vítimas Feridas";"Pleno dia";"Decrescente";"Ceu Claro";"Dupla";"Reta";"Urbano";2;0;1;0;1;0;1;2
83523371;"07/09/16";"Quarta";"09:00:00";"RJ";101;"59";"CAMPOS DOS GOYTACAZES";"Falta de atenção";"Colisão traseira";"Com Vítimas Feridas";"Pleno dia";"Decrescente";"Ceu Claro";"Simples";"Reta";"Rural";2;0;1;0;1;0;1;2
83523372;"12/12/16";"Segunda";"07:25:00";"PR";277;"6";"PARANAGUA";"Falta de atenção";"Colisão traseira";"Com Vítimas Feridas";"Pleno dia";"Crescente";"Nublado";"Dupla";"Reta";"Urbano";2;0;1;0;1;0;1;2
83523373;"29/11/16";"Terça";"14:00:00";"PR";376;"182,1";"MARINGA";"Outras";"Colisão lateral";"Sem Vítimas";"Pleno dia";"Decrescente";"Ignorada";"Dupla";"Cruzamento";"Urbano";4;0;0;0;1;3;0;2
83523374;"09/12/16";"Sexta";"23:50:00";"MT";364;"346";"SANTO ANTONIO DO LEVERGER";"Falta de atenção";"Saída de Pista";"Sem Vítimas";"Plena noite";"Decrescente";"Ceu Claro";"Dupla";"Curva";"Rural";3;0;0;0;3;0;0;2
83523375;"10/12/16";"Sábado";"18:10:00";"SP";116;"167";"JACAREI";"Outras";"Colisão com objeto fixo";"Com Vítimas Feridas";"Pleno dia";"Decrescente";"Chuva";"Dupla";"Reta";"Rural";2;0;1;0;1;0;1;1
83523376;"12/12/16";"Segunda";"07:30:00";"PE";101;"74,1";"RECIFE";"Falta de atenção";"Colisão lateral";"Com Vítimas Feridas";"Pleno dia";"Decrescente";"Nublado";"Dupla";"Curva";"Urbano";3;0;1;0;2;0;1;2
83523377;"09/12/16";"Sexta";"07:30:00";"ES";101;"351";"ANCHIETA";"Outras";"Queda de motocicleta / bicicleta / veículo";"Sem Vítimas";"Pleno dia";"Decrescente";"Sol";"Simples";"Reta";"Rural";1;0;0;0;1;0;0;1
83523378;"10/12/16";"Sábado";"17:20:00";"MS";163;"481,9";"CAMPO GRANDE";"Outras";"Colisão Transversal";"Com Vítimas Feridas";"Pleno dia";"Crescente";"Ceu Claro";"Simples";"Reta";"Urbano";2;0;1;0;1;0;1;2
83523379;"03/12/16";"Sábado";"07:00:00";"ES";101;"399";"RIO NOVO DO SUL";"Outras";"Queda de motocicleta / bicicleta / veículo";"Com Vítimas Feridas";"Amanhecer";"Crescente";"Chuva";"Dupla";"Reta";"Rural";2;0;2;0;0;0;2;1
83523380;"10/12/16";"Sábado";"05:30:00";"SC";101;"162,5";"TIJUCAS";"Velocidade incompatível";"Capotamento";"Com Vítimas Feridas";"Plena noite";"Crescente";"Chuva";"Dupla";"Curva";"Rural";1;0;1;0;0;0;1;1
83523381;"08/12/16";"Quinta";"07:35:00";"SP";116;"125,2";"CACAPAVA";"Não guardar distância de segurança";"Colisão traseira";"Sem Vítimas";"Pleno dia";"Crescente";"Ceu Claro";"Dupla";"Reta";"Urbano";4;0;0;0;3;1;0;4
83523382;"21/02/16";"Domingo";"09:00:00";"BA";324;"611,5";"SALVADOR";"Outras";"Colisão com objeto fixo";"Com Vítimas Feridas";"Pleno dia";"Crescente";"Ceu Claro";"Dupla";"Reta";"Rural";1;0;1;0;0;0;1;1
83523384;"12/12/16";"Segunda";"09:50:00";"RS";285;"456,9";"IJUI";"Desobediência à sinalização";"Colisão Transversal";"Com Vítimas Feridas";"Pleno dia";"Decrescente";"Ceu Claro";"Simples";"Cruzamento";"Urbano";2;0;1;0;1;0;1;2
83523385;"08/12/16";"Quinta";"09:30:00";"RJ";101;"33";"CAMPOS DOS GOYTACAZES";"Falta de atenção";"Saída de Pista";"Com Vítimas Feridas";"Pleno dia";"Crescente";"Ceu Claro";"Simples";"Reta";"Rural";2;0;1;0;1;0;1;1
83523386;"12/12/16";"Segunda";"09:00:00";"MS";163;"213,5";"CAARAPO";"Outras";"Saída de Pista";"Sem Vítimas";"Pleno dia";"Decrescente";"Ceu Claro";"Simples";"Curva";"Urbano";2;0;0;0;2;0;0;1
83523387;"23/08/16";"Terça";"16:50:00";"SC";470;"162,3";"POUSO REDONDO";"Velocidade incompatível";"Colisão frontal";"Com Vítimas Fatais";"Pleno dia";"Decrescente";"Ceu Claro";"Simples";"Curva";"Urbano";5;1;2;1;1;0;3;3
83523388;"09/12/16";"Sexta";"02:20:00";"PR";116;"33";"CAMPINA GRANDE DO SUL";"Velocidade incompatível";"Tombamento";"Sem Vítimas";"Plena noite";"Decrescente";"Nublado";"Dupla";"Curva";"Rural";1;0;0;0;1;0;0;1
83523389;"12/12/16";"Segunda";"10:40:00";"RS";101;"64,1";"MAQUINE";"Dormindo";"Saída de Pista";"Sem Vítimas";"Pleno dia";"Crescente";"Ceu Claro";"Dupla";"Reta";"Rural";1;0;0;0;1;0;0;1
83523390;"11/12/16";"Domingo";"03:54:00";"RS";285;"151,1";"MUITOS CAPOES";"Ingestão de álcool";"Saída de Pista";"Com Vítimas Feridas";"Plena noite";"Crescente";"Nevoeiro/neblina";"Simples";"Curva";"Rural";1;0;1;0;0;0;1;1
83523391;"12/12/16";"Segunda";"09:50:00";"PE";232;"61,5";"POMBOS";"Falta de atenção";"Colisão lateral";"Com Vítimas Feridas";"Pleno dia";"Crescente";"Sol";"Dupla";"Reta";"Rural";2;0;1;0;1;0;1;2
83523393;"04/12/16";"Domingo";"15:00:00";"BA";101;"404";"IBIRAPITANGA";"Ingestão de álcool";"Colisão Transversal";"Com Vítimas Fatais";"Pleno dia";"Decrescente";"Ceu Claro";"Simples";"Reta";"Urbano";2;1;0;0;1;0;0;2
83523394;"08/12/16";"Quinta";"15:20:00";"MG";381;"155";"GOVERNADOR VALADARES";"Falta de atenção";"Colisão Transversal";"Com Vítimas Feridas";"Pleno dia";"Decrescente";"Ceu Claro";"Simples";"Reta";"Urbano";2;0;1;0;1;0;1;2
83523395;"12/12/16";"Segunda";"05:45:00";"CE";222;"39";"CAUCAIA";"Dormindo";"Colisão frontal";"Com Vítimas Feridas";"Pleno dia";"Crescente";"Ceu Claro";"Simples";"Reta";"Rural";4;0;0;1;3;0;1;4
83523396;"09/12/16";"Sexta";"10:00:00";"MT";70;"70,8";"GENERAL CARNEIRO";"Velocidade incompatível";"Tombamento";"Sem Vítimas";"Pleno dia";"Decrescente";"Nublado";"Simples";"Curva";"Rural";1;0;0;0;1;0;0;1
83523397;"12/12/16";"Segunda";"10:00:00";"MG";381;"925";"ITAPEVA";"Velocidade incompatível";"Colisão lateral";"Sem Vítimas";"Pleno dia";"Crescente";"Chuva";"Dupla";"Curva";"Rural";3;0;0;0;3;0;0;2
83523398;"08/12/16";"Quinta";"18:00:00";"GO";60;"92,5";"ANAPOLIS";"Falta de atenção";"Atropelamento de pessoa";"Com Vítimas Fatais";"Pleno dia";"Decrescente";"Ceu Claro";"Dupla";"Reta";"Urbano";2;1;0;0;1;0;0;1
83523399;"07/12/16";"Quarta";"23:15:00";"RJ";101;"488";"ANGRA DOS REIS";"Ingestão de álcool";"Colisão traseira";"Sem Vítimas";"Plena noite";"Crescente";"Nublado";"Simples";"Reta";"Urbano";6;0;0;0;5;1;0;2
83523401;"08/12/16";"Quinta";"06:30:00";"PR";476;"131,5";"CURITIBA";"Não guardar distância de segurança";"Colisão traseira";"Com Vítimas Feridas";"Pleno dia";"Decrescente";"Nublado";"Dupla";"Reta";"Urbano";3;0;1;0;2;0;1;2
83523402;"12/12/16";"Segunda";"08:45:00";"SC";470;"193,5";"POUSO REDONDO";"Velocidade incompatível";"Colisão com objeto fixo";"Sem Vítimas";"Pleno dia";"Decrescente";"Chuva";"Simples";"Curva";"Rural";1;0;0;0;1;0;0;1
83523403;"08/12/16";"Quinta";"19:20:00";"PE";101;"99";"CABO DE SANTO AGOSTINHO";"Outras";"Colisão Transversal";"Com Vítimas Feridas";"Plena noite";"Crescente";"Ceu Claro";"Dupla";"Reta";"Urbano";3;0;2;1;0;0;3;2