"id";"data_inversa";"dia_semana";"horario";"uf";"br";"km";"municipio";"causa_acidente";"tipo_acidente";"classificacao_acidente";"fase_dia";"sentido_via";"condicao_metereologica";"tipo_pista";"tracado_via";"uso_solo";"pessoas";"mortos";"feridos_leves";"feridos_graves";"ilesos";"ignorados";"feridos";"veiculos"
83523404;"12/12/16";"Segunda";"02:30:00";"BA";116;"63";"CHORROCHO";"Falta de atenção";"Saída de Pista";"Ignorado";"Plena noite";"Crescente";"Ceu Claro";"Simples";"Reta";"Rural";1;0;0;0;0;1;0;1
83523405;"10/12/16";"Sábado";"21:50:00";"DF";70;"15";"BRASILIA";"Outras";"Colisão lateral";"Com Vítimas Feridas";"Plena noite";"Crescente";"Ceu Claro";"Dupla";"Reta";"Urbano";4;0;2;0;1;1;2;2
83523407;"12/12/16";"Segunda";"02:30:00";"MA";230;"500";"RIACHAO";"Animais na Pista";"Atropelamento de animal";"Sem Vítimas";"Plena noite";"Crescente";"Ceu Claro";"Simples";"Reta";"Rural";3;0;0;0;3;0;0;1
83523408;"12/12/16";"Segunda";"08:10:00";"ES";101;"102";"SOORETAMA";"Desobediência à sinalização";"Colisão lateral";"Com Vítimas Feridas";"Pleno dia";"Crescente";"Nublado";"Simples";"Reta";"Rural";2;0;1;0;1;0;1;2
83523409;"12/12/16";"Segunda";"08:00:00";"GO";153;"505";"APARECIDA DE GOIANIA";"Falta de atenção";"Colisão lateral";"Sem Vítimas";"Pleno dia";"Crescente";"Ceu Claro";"Dupla";"Curva";"Urbano";2;0;0;0;2;0;0;2
83523410;"12/12/16";"Segunda";"08:40:00";"MA";10;"315";"ACAILANDIA";"Falta de atenção";"Saída de Pista";"Com Vítimas Feridas";"Amanhecer";"Crescente";"Ceu Claro";"Dupla";"Reta";"Rural";1;0;1;0;0;0;1;1
83523411;"11/12/16";"Domingo";"22:50:00";"BA";101;"952,5";"MUCURI";"Outras";"Tombamento";"Com Vítimas Fatais";"Anoitecer";"Decrescente";"Nublado";"Simples";"Curva";"Rural";1;1;0;0;0;0;0;1
83523412;"10/12/16";"Sábado";"15:00:00";"GO";60;"198,8";"GUAPO";"Falta de atenção";"Capotamento";"Com Vítimas Feridas";"Pleno dia";"Crescente";"Chuva";"Dupla";"Reta";"Rural";1;0;1;0;0;0;1;1
83523413;"09/12/16";"Sexta";"19:50:00";"SP";116;"165";"JACAREI";"Falta de atenção";"Colisão lateral";"Sem Vítimas";"Plena noite";"Crescente";"Chuva";"Múltipla";"Reta";"Rural";2;0;0;0;2;0;0;2
83523414;"12/12/16";"Segunda";"06:30:00";"MS";60;"513,7";"NIOAQUE";"Outras";"Queda de motocicleta / bicicleta / veículo";"Com Vítimas Feridas";"Pleno dia";"Crescente";"Ceu Claro";"Simples";"Curva";"Rural";2;0;2;0;0;0;2;1
83523415;"11/12/16";"Domingo";"05:20:00";"PA";316;"131";"BONITO";"Não guardar distância de segurança";"Colisão traseira";"Sem Vítimas";"Amanhecer";"Decrescente";"Ignorada";"Simples";"Reta";"Rural";2;0;0;0;2;0;0;2
83523416;"12/12/16";"Segunda";"10:30:00";"RS";285;"562,8";"SAO LUIZ GONZAGA";"Falta de atenção";"Colisão traseira";"Com Vítimas Feridas";"Pleno dia";"Decrescente";"Ceu Claro";"Simples";"Reta";"Urbano";2;0;1;0;1;0;1;2
83523417;"12/12/16";"Segunda";"12:40:00";"SP";116;"151,3";"SAO JOSE DOS CAMPOS";"Outras";"Capotamento";"Sem Vítimas";"Pleno dia";"Crescente";"Chuva";"Múltipla";"Reta";"Urbano";1;0;0;0;1;0;0;1
83523418;"12/12/16";"Segunda";"08:20:00";"PR";277;"393,2";"CANDOI";"Outras";"Saída de Pista";"Com Vítimas Feridas";"Pleno dia";"Decrescente";"Nublado";"Simples";"Reta";"Rural";2;0;2;0;0;0;2;1
83523419;"12/12/16";"Segunda";"10:10:00";"PE";428;"130";"LAGOA GRANDE";"Animais na Pista";"Atropelamento de animal";"Sem Vítimas";"Pleno dia";"Crescente";"Ceu Claro";"Simples";"Reta";"Rural";1;0;0;0;1;0;0;1
83523420;"09/12/16";"Sexta";"09:50:00";"RJ";101;"478";"ANGRA DOS REIS";"Ingestão de álcool";"Colisão Transversal";"Com Vítimas Feridas";"Plena noite";"Crescente";"Chuva";"Simples";"Curva";"Urbano";5;0;0;2;3;0;2;4
83523421;"09/12/16";"Sexta";"05:30:00";"MG";50;"20";"ARAGUARI";"Outras";"Saída de Pista";"Sem Vítimas";"Amanhecer";"Decrescente";"Ceu Claro";"Dupla";"Reta";"Rural";1;0;0;0;1;0;0;1
83523422;"12/12/16";"Segunda";"11:20:00";"MG";381;"289,4";"JAGUARACU";"Velocidade incompatível";"Tombamento";"Sem Vítimas";"Pleno dia";"Decrescente";"Nublado";"Simples";"Curva";"Rural";1;0;0;0;1;0;0;1
83523423;"11/12/16";"Domingo";"07:15:00";"BA";242;"799";"BARREIRAS";"Falta de atenção";"Colisão lateral";"Sem Vítimas";"Pleno dia";"Decrescente";"Sol";"Dupla";"Curva";"Urbano";3;0;0;0;3;0;0;2
83523424;"12/12/16";"Segunda";"11:00:00";"MG";40;"514";"RIBEIRAO DAS NEVES";"Outras";"Queda de motocicleta / bicicleta / veículo";"Ignorado";"Pleno dia";"Crescente";"Sol";"Dupla";"Reta";"Urbano";1;0;0;0;0;1;0;1
83523425;"11/12/16";"Domingo";"18:00:00";"MT";163;"983";"TERRA NOVA DO NORTE";"Ingestão de álcool";"Saída de Pista";"Com Vítimas Feridas";"Anoitecer";"Decrescente";"Chuva";"Simples";"Reta";"Rural";1;0;1;0;0;0;1;1
83523426;"12/12/16";"Segunda";"10:40:00";"RS";386;"257,9";"FONTOURA XAVIER";"Dormindo";"Colisão lateral";"Com Vítimas Feridas";"Plena noite";"Crescente";"Ceu Claro";"Simples";"Reta";"Urbano";5;0;1;1;3;0;2;3
83523427;"12/12/16";"Segunda";"11:20:00";"RJ";101;"39";"CAMPOS DOS GOYTACAZES";"Falta de atenção";"Colisão frontal";"Com Vítimas Feridas";"Pleno dia";"Crescente";"Ceu Claro";"Simples";"Reta";"Rural";3;0;3;0;0;0;3;2
83523428;"12/12/16";"Segunda";"09:45:00";"PB";230;"21,8";"JOAO PESSOA";"Não guardar distância de segurança";"Colisão lateral";"Com Vítimas Feridas";"Pleno dia";"Decrescente";"Ceu Claro";"Dupla";"Reta";"Urbano";3;0;2;0;1;0;2;2
83523429;"12/12/16";"Segunda";"09:00:00";"SP";116;"503,3";"CAJATI";"Outras";"Colisão com objeto fixo";"Sem Vítimas";"Pleno dia";"Crescente";"Nublado";"Dupla";"Reta";"Rural";4;0;0;0;4;0;0;1
83523430;"12/12/16";"Segunda";"13:00:00";"PR";277;"721";"FOZ DO IGUACU";"Outras";"Colisão traseira";"Com Vítimas Feridas";"Pleno dia";"Decrescente";"Ceu Claro";"Dupla";"Reta";"Urbano";2;0;0;1;1;0;1;2
83523431;"29/10/16";"Sábado";"20:50:00";"PR";376;"173,9";"MARINGA";"Outras";"Queda de motocicleta / bicicleta / veículo";"Com Vítimas Feridas";"Plena noite";"Crescente";"Ignorada";"Dupla";"Reta";"Urbano";1;0;1;0;0;0;1;1
83523432;"10/12/16";"Sábado";"12:45:00";"GO";20;"247,1";"GUARANI DE GOIAS";"Outras";"Saída de Pista";"Com Vítimas Feridas";"Pleno dia";"Crescente";"Chuva";"Simples";"Reta";"Rural";1;0;1;0;0;0;1;1
83523433;"09/12/16";"Sexta";"00:45:00";"RJ";356;"89";"CARDOSO MOREIRA";"Dormindo";"Colisão frontal";"Com Vítimas Feridas";"Plena noite";"Crescente";"Nublado";"Simples";"Curva";"Urbano";2;0;0;2;0;0;2;2
83523434;"04/12/16";"Domingo";"09:00:00";"RJ";40;"9";"COMENDADOR LEVY GASPARIAN";"Velocidade incompatível";"Colisão com objeto fixo";"Sem Vítimas";"Pleno dia";"Crescente";"Chuva";"Dupla";"Curva";"Rural";1;0;0;0;1;0;0;1
83523435;"25/11/16";"Sexta";"15:00:00";"RJ";393;"281";"VOLTA REDONDA";"Outras";"Colisão traseira";"Sem Vítimas";"Pleno dia";"Decrescente";"Ceu Claro";"Simples";"Reta";"Urbano";4;0;0;0;4;0;0;4
83523436;"08/12/16";"Quinta";"18:00:00";"MG";40;"500";"ESMERALDAS";"Velocidade incompatível";"Capotamento";"Com Vítimas Feridas";"Pleno dia";"Decrescente";"Chuva";"Dupla";"Reta";"Rural";5;0;0;1;4;0;1;2
83523437;"12/12/16";"Segunda";"10:50:00";"SC";101;"103";"PICARRAS";"Falta de atenção";"Colisão traseira";"Com Vítimas Feridas";"Pleno dia";"Crescente";"Chuva";"Dupla";"Reta";"Urbano";5;0;2;0;3;0;2;4
83523438;"12/12/16";"Segunda";"09:00:00";"PB";361;"25,2";"SANTA TERESINHA";"Não guardar distância de segurança";"Colisão traseira";"Sem Vítimas";"Pleno dia";"Decrescente";"Ceu Claro";"Simples";"Reta";"Rural";2;0;0;0;2;0;0;2
83523440;"12/12/16";"Segunda";"07:20:00";"SC";470;"141,3";"RIO DO SUL";"Não guardar distância de segurança";"Colisão traseira";"Com Vítimas Feridas";"Pleno dia";"Crescente";"Chuva";"Múltipla";"Reta";"Urbano";2;0;1;0;1;0;1;2
83523441;"12/12/16";"Segunda";"13:00:00";"RS";386;"35,4";"FREDERICO WESTPHALEN";"Falta de atenção";"Colisão Transversal";"Com Vítimas Feridas";"Pleno dia";"Decrescente";"Sol";"Simples";"Reta";"Urbano";4;0;0;2;2;0;2;2
83523442;"12/12/16";"Segunda";"05:20:00";"RO";364;"76";"VILHENA";"Ultrapassagem indevida";"Capotamento";"Com Vítimas Fatais";"Amanhecer";"Decrescente";"Nublado";"Simples";"Reta";"Rural";4;1;0;0;2;1;0;1
83523443;"09/12/16";"Sexta";"05:35:00";"PB";101;"121,8";"CAAPORA";"Outras";"Saída de Pista";"Ignorado";"Pleno dia";"Crescente";"Ceu Claro";"Dupla";"Reta";"Rural";1;0;0;0;0;1;0;1
83523444;"07/12/16";"Quarta";"07:00:00";"PI";316;"299";"PICOS";"Animais na Pista";"Atropelamento de animal";"Com Vítimas Feridas";"Pleno dia";"Crescente";"Ceu Claro";"Simples";"Reta";"Urbano";1;0;1;0;0;0;1;1
83523445;"12/12/16";"Segunda";"13:30:00";"PB";230;"390,5";"POMBAL";"Falta de atenção";"Colisão Transversal";"Sem Vítimas";"Pleno dia";"Crescente";"Ceu Claro";"Simples";"Cruzamento";"Urbano";2;0;0;0;2;0;0;2
83523446;"04/12/16";"Domingo";"17:00:00";"MA";135;"43,5";"BACABEIRA";"Falta de atenção";"Colisão traseira";"Sem Vítimas";"Pleno dia";"Crescente";"Ceu Claro";"Simples";"Reta";"Urbano";2;0;0;0;2;0;0;2
83523447;"12/12/16";"Segunda";"11:30:00";"PR";163;"101,9";"CAPANEMA";"Falta de atenção";"Colisão Transversal";"Sem Vítimas";"Amanhecer";"Decrescente";"Ceu Claro";"Simples";"Reta";"Rural";2;0;0;0;2;0;0;2
83523448;"08/12/16";"Quinta";"19:05:00";"AP";156;"260";"MACAPA";"Falta de atenção";"Colisão lateral";"Com Vítimas Feridas";"Plena noite";"Crescente";"Ceu Claro";"Simples";"Curva";"Rural";2;0;1;0;1;0;1;2
83523449;"12/12/16";"Segunda";"11:50:00";"PB";101;"73,5";"SANTA RITA";"Outras";"Colisão com objeto fixo";"Sem Vítimas";"Pleno dia";"Decrescente";"Ceu Claro";"Dupla";"Reta";"Rural";1;0;0;0;1;0;0;1
83523450;"11/12/16";"Domingo";"04:50:00";"RR";401;"66";"BONFIM";"Dormindo";"Capotamento";"Com Vítimas Feridas";"Amanhecer";"Decrescente";"Ceu Claro";"Simples";"Reta";"Rural";1;0;0;1;0;0;1;1
83523451;"08/12/16";"Quinta";"23:30:00";"GO";452;"151,5";"ITUMBIARA";"Defeito na via";"Colisão frontal";"Com Vítimas Fatais";"Plena noite";"Crescente";"Nublado";"Simples";"Reta";"Rural";5;1;0;1;3;0;1;4
83523452;"12/12/16";"Segunda";"08:00:00";"BA";101;"844";"TEIXEIRA DE FREITAS";"Não guardar distância de segurança";"Colisão traseira";"Sem Vítimas";"Pleno dia";"Crescente";"Nublado";"Simples";"Reta";"Rural";2;0;0;0;2;0;0;2
83523453;"08/12/16";"Quinta";"17:00:00";"MG";116;"192";"CARAI";"Falta de atenção";"Colisão lateral";"Com Vítimas Feridas";"Pleno dia";"Decrescente";"Chuva";"Simples";"Reta";"Urbano";3;0;2;0;1;0;2;2
83523454;"12/12/16";"Segunda";"09:50:00";"PR";116;"3";"QUATRO BARRAS";"Falta de atenção";"Colisão traseira";"Com Vítimas Feridas";"Pleno dia";"Decrescente";"Ceu Claro";"Dupla";"Reta";"Rural";2;0;0;1;1;0;1;2
83523455;"07/08/16";"Domingo";"07:50:00";"MG";116;"418,1";"GOVERNADOR VALADARES";"Falta de atenção";"Colisão com bicicleta";"Com Vítimas Feridas";"Amanhecer";"Crescente";"Ceu Claro";"Simples";"Reta";"Urbano";2;0;2;0;0;0;2;2
83523456;"09/12/16";"Sexta";"00:20:00";"SP";116;"122,6";"CACAPAVA";"Falta de atenção";"Colisão traseira";"Com Vítimas Feridas";"Plena noite";"Crescente";"Nublado";"Dupla";"Reta";"Rural";2;0;1;0;1;0;1;2
83523457;"12/12/16";"Segunda";"06:20:00";"BA";116;"902,7";"CANDIDO SALES";"Falta de atenção";"Colisão lateral";"Com Vítimas Feridas";"Pleno dia";"Decrescente";"Nublado";"Simples";"Curva";"Rural";3;0;0;2;1;0;2;2
83523458;"09/11/16";"Quarta";"20:40:00";"BA";101;"574";"ARATACA";"Outras";"Colisão lateral";"Com Vítimas Feridas";"Plena noite";"Decrescente";"Ignorada";"Simples";"Reta";"Rural";15;0;14;0;1;0;14;2
83523459;"12/12/16";"Segunda";"13:00:00";"SP";116;"204";"ARUJA";"Outras";"Colisão com objeto fixo";"Com Vítimas Feridas";"Pleno dia";"Decrescente";"Chuva";"Múltipla";"Reta";"Urbano";3;0;1;0;2;0;1;1
83523460;"12/12/16";"Segunda";"15:05:00";"DF";70;"15,8";"BRASILIA";"Outras";"Colisão traseira";"Sem Vítimas";"Pleno dia";"Decrescente";"Vento";"Dupla";"Curva";"Rural";2;0;0;0;2;0;0;2
83523461;"12/12/16";"Segunda";"13:00:00";"MG";381;"491,3";"BETIM";"Falta de atenção";"Colisão traseira";"Com Vítimas Feridas";"Pleno dia";"Crescente";"Chuva";"Dupla";"Reta";"Rural";2;0;1;0;1;0;1;2
83523462;"12/12/16";"Segunda";"14:00:00";"RJ";101;"304";"SAO GONCALO";"Falta de atenção";"Colisão com objeto fixo";"Com Vítimas Feridas";"Pleno dia";"Decrescente";"Ceu Claro";"Dupla";"Reta";"Urbano";1;0;1;0;0;0;1;1
83523463;"12/12/16";"Segunda";"09:40:00";"SC";282;"510,2";"XANXERE";"Não guardar distância de segurança";"Colisão traseira";"Sem Vítimas";"Pleno dia";"Decrescente";"Nublado";"Simples";"Reta";"Rural";3;0;0;0;3;0;0;3
83523464;"05/12/16";"Segunda";"06:00:00";"SP";116;"363";"MIRACATU";"Velocidade incompatível";"Tombamento";"Sem Vítimas";"Amanhecer";"Decrescente";"Nublado";"Dupla";"Curva";"Urbano";1;0;0;0;1;0;0;1
83523465;"12/12/16";"Segunda";"13:30:00";"PE";101;"64,3";"RECIFE";"Falta de atenção";"Colisão lateral";"Com Vítimas Feridas";"Pleno dia";"Decrescente";"Sol";"Dupla";"Reta";"Urbano";2;0;1;0;1;0;1;2
83523466;"12/12/16";"Segunda";"12:17:00";"MG";381;"637";"SANTO ANTONIO DO AMPARO";"Velocidade incompatível";"Capotamento";"Com Vítimas Feridas";"Pleno dia";"Decrescente";"Chuva";"Dupla";"Curva";"Rural";1;0;1;0;0;0;1;1
83523467;"12/12/16";"Segunda";"04:40:00";"CE";20;"390";"CAUCAIA";"Animais na Pista";"Colisão frontal";"Com Vítimas Feridas";"Plena noite";"Decrescente";"Ceu Claro";"Simples";"Reta";"Rural";5;0;3;1;1;0;4;2
83523469;"12/12/16";"Segunda";"06:40:00";"GO";60;"130";"GOIANIA";"Defeito mecânico em veículo";"Queda de motocicleta / bicicleta / veículo";"Com Vítimas Feridas";"Amanhecer";"Crescente";"Ceu Claro";"Dupla";"Reta";"Rural";1;0;1;0;0;0;1;1
83523470;"12/12/16";"Segunda";"07:45:00";"AM";319;"712";"HUMAITA";"Defeito mecânico em veículo";"Tombamento";"Com Vítimas Feridas";"Pleno dia";"Crescente";"Nublado";"Simples";"Reta";"Rural";2;0;1;1;0;0;2;1
83523471;"11/12/16";"Domingo";"12:00:00";"BA";101;"875";"TEIXEIRA DE FREITAS";"Outras";"Colisão Transversal";"Sem Vítimas";"Pleno dia";"Decrescente";"Ceu Claro";"Simples";"Cruzamento";"Urbano";2;0;0;0;2;0;0;2
83523472;"12/12/16";"Segunda";"11:40:00";"MT";174;"35,1";"CACERES";"Animais na Pista";"Saída de Pista";"Com Vítimas Feridas";"Plena noite";"Decrescente";"Ceu Claro";"Simples";"Reta";"Rural";2;0;2;0;0;0;2;1
83523473;"12/12/16";"Segunda";"15:05:00";"MG";381;"903,9";"CAMBUI";"Velocidade incompatível";"Queda de motocicleta / bicicleta / veículo";"Com Vítimas Feridas";"Pleno dia";"Crescente";"Chuva";"Dupla";"Curva";"Rural";1;0;1;0;0;0;1;1
83523474;"11/12/16";"Domingo";"02:00:00";"MG";365;"593,5";"INDIANOPOLIS";"Outras";"Colisão lateral";"Com Vítimas Feridas";"Plena noite";"Crescente";"Nublado";"Simples";"Reta";"Rural";2;0;1;0;1;0;1;2
83523475;"09/12/16";"Sexta";"03:00:00";"PI";316;"71,3";"MONSENHOR GIL";"Dormindo";"Saída de Pista";"Com Vítimas Feridas";"Plena noite";"Decrescente";"Nublado";"Simples";"Curva";"Rural";1;0;1;0;0;0;1;1
83523476;"09/12/16";"Sexta";"01:00:00";"RJ";393;"143";"SAPUCAIA";"Outras";"Colisão traseira";"Com Vítimas Fatais";"Plena noite";"Crescente";"Chuva";"Simples";"Reta";"Urbano";2;1;0;0;1;0;0;2
83523477;"22/02/16";"Segunda";"18:40:00";"SC";470;"177";"POUSO REDONDO";"Falta de atenção";"Colisão Transversal";"Com Vítimas Feridas";"Anoitecer";"Crescente";"Ceu Claro";"Simples";"Reta";"Urbano";4;0;1;1;2;0;2;2
83523478;"12/12/16";"Segunda";"13:45:00";"MT";70;"522";"VARZEA GRANDE";"Desobediência à sinalização";"Colisão Transversal";"Com Vítimas Feridas";"Pleno dia";"Decrescente";"Sol";"Simples";"Cruzamento";"Urbano";3;0;1;0;2;0;1;2
83523479;"12/12/16";"Segunda";"16:00:00";"RS";101;"66,4";"MAQUINE";"Defeito mecânico em veículo";"Queda de motocicleta / bicicleta / veículo";"Com Vítimas Feridas";"Pleno dia";"Decrescente";"Ceu Claro";"Dupla";"Reta";"Rural";2;0;2;0;0;0;2;1
83523480;"12/12/16";"Segunda";"08:30:00";"MG";135;"632,8";"CURVELO";"Não guardar distância de segurança";"Colisão traseira";"Com Vítimas Feridas";"Pleno dia";"Decrescente";"Nublado";"Simples";"Reta";"Rural";2;0;0;1;1;0;1;2
83523481;"11/12/16";"Domingo";"16:05:00";"RS";290;"86";"PORTO ALEGRE";"Falta de atenção";"Colisão lateral";"Com Vítimas Feridas";"Pleno dia";"Decrescente";"Sol";"Múltipla";"Reta";"Rural";4;0;2;0;2;0;2;2
83523482;"12/12/16";"Segunda";"07:15:00";"RR";174;"615";"BOA VISTA";"Falta de atenção";"Colisão traseira";"Sem Vítimas";"Amanhecer";"Crescente";"Ceu Claro";"Simples";"Reta";"Rural";2;0;0;0;2;0;0;2
83523483;"12/12/16";"Segunda";"13:50:00";"SE";101;"101";"SAO CRISTOVAO";"Falta de atenção";"Colisão traseira";"Com Vítimas Feridas";"Pleno dia";"Decrescente";"Ceu Claro";"Dupla";"Reta";"Rural";3;0;2;0;0;1;2;2
83523484;"12/12/16";"Segunda";"13:00:00";"PR";369;"178,7";"ARAPONGAS";"Falta de atenção";"Colisão Transversal";"Com Vítimas Feridas";"Pleno dia";"Decrescente";"Ceu Claro";"Dupla";"Reta";"Rural";3;0;0;2;1;0;2;2
83523485;"12/12/16";"Segunda";"16:40:00";"MG";381;"495";"BETIM";"Falta de atenção";"Colisão com objeto fixo";"Sem Vítimas";"Pleno dia";"Decrescente";"Nublado";"Múltipla";"Curva";"Urbano";1;0;0;0;1;0;0;1
83523486;"09/12/16";"Sexta";"05:50:00";"SP";116;"34";"CRUZEIRO";"Outras";"Derramamento de Carga";"Sem Vítimas";"Amanhecer";"Decrescente";"Ceu Claro";"Simples";"Curva";"Urbano";1;0;0;0;1;0;0;1
83523487;"12/12/16";"Segunda";"09:40:00";"MG";262;"491,7";"MOEMA";"Falta de atenção";"Colisão lateral";"Sem Vítimas";"Pleno dia";"Decrescente";"Nublado";"Simples";"Reta";"Rural";2;0;0;0;2;0;0;2
83523488;"05/12/16";"Segunda";"00:37:00";"MA";135;"6,5";"SAO LUIS";"Outras";"Colisão traseira";"Sem Vítimas";"Plena noite";"Crescente";"Ceu Claro";"Dupla";"Reta";"Urbano";3;0;0;0;2;1;0;2
83523489;"12/12/16";"Segunda";"17:10:00";"MG";381;"526";"BRUMADINHO";"Velocidade incompatível";"Capotamento";"Sem Vítimas";"Pleno dia";"Crescente";"Nublado";"Dupla";"Curva";"Rural";1;0;0;0;1;0;0;1
83523490;"09/12/16";"Sexta";"04:00:00";"MG";365;"629";"UBERLANDIA";"Outras";"Colisão com objeto fixo";"Sem Vítimas";"Plena noite";"Crescente";"Chuva";"Dupla";"Curva";"Urbano";1;0;0;0;1;0;0;1
83523491;"12/12/16";"Segunda";"14:00:00";"RS";386;"429";"NOVA SANTA RITA";"Outras";"Saída de Pista";"Com Vítimas Fatais";"Pleno dia";"Decrescente";"Ceu Claro";"Simples";"Reta";"Rural";1;1;0;0;0;0;0;1
83523492;"12/12/16";"Segunda";"08:30:00";"BA";116;"343";"TEOFILANDIA";"Defeito mecânico em veículo";"Tombamento";"Sem Vítimas";"Pleno dia";"Decrescente";"Sol";"Simples";"Reta";"Rural";1;0;0;0;1;0;0;1
83523493;"12/12/16";"Segunda";"17:00:00";"MG";381;"530";"ITATIAIUCU";"Velocidade incompatível";"Saída de Pista";"Sem Vítimas";"Pleno dia";"Decrescente";"Nublado";"Dupla";"Curva";"Rural";1;0;0;0;1;0;0;1
83523494;"12/12/16";"Segunda";"14:15:00";"RJ";101;"455";"MANGARATIBA";"Falta de atenção";"Colisão traseira";"Com Vítimas Feridas";"Pleno dia";"Decrescente";"Nublado";"Dupla";"Reta";"Urbano";3;0;1;0;1;1;1;3
83523496;"12/12/16";"Segunda";"15:10:00";"RS";386;"442";"CANOAS";"Outras";"Colisão traseira";"Com Vítimas Feridas";"Pleno dia";"Crescente";"Ceu Claro";"Simples";"Reta";"Urbano";2;0;1;0;1;0;1;2
83523497;"12/12/16";"Segunda";"16:20:00";"PE";101;"44";"IGARASSU";"Falta de atenção";"Colisão Transversal";"Com Vítimas Feridas";"Pleno dia";"Crescente";"Sol";"Dupla";"Reta";"Urbano";2;0;1;0;1;0;1;2
83523498;"12/12/16";"Segunda";"09:00:00";"PI";316;"20,6";"TERESINA";"Outras";"Colisão traseira";"Com Vítimas Feridas";"Pleno dia";"Crescente";"Ceu Claro";"Simples";"Reta";"Rural";3;0;1;0;2;0;1;2
83523499;"12/12/16";"Segunda";"15:30:00";"MG";381;"686,7";"LAVRAS";"Velocidade incompatível";"Colisão com objeto fixo";"Sem Vítimas";"Pleno dia";"Crescente";"Chuva";"Dupla";"Curva";"Rural";1;0;0;0;1;0;0;1
83523500;"12/12/16";"Segunda";"16:45:00";"GO";60;"384";"RIO VERDE";"Defeito mecânico em veículo";"Colisão traseira";"Com Vítimas Feridas";"Pleno dia";"Decrescente";"Ceu Claro";"Dupla";"Reta";"Urbano";2;0;1;0;1;0;1;2
83523501;"12/12/16";"Segunda";"17:30:00";"MG";116;"761,5";"LEOPOLDINA";"Falta de atenção";"Colisão traseira";"Sem Vítimas";"Pleno dia";"Crescente";"Ceu Claro";"Simples";"Reta";"Rural";2;0;0;0;2;0;0;2
83523502;"08/12/16";"Quinta";"05:00:00";"MT";70;"211";"GENERAL CARNEIRO";"Dormindo";"Capotamento";"Com Vítimas Feridas";"Amanhecer";"Decrescente";"Ceu Claro";"Simples";"Reta";"Urbano";3;0;3;0;0;0;3;1
83523503;"12/12/16";"Segunda";"12:00:00";"MG";381;"908";"CAMBUI";"Velocidade incompatível";"Saída de Pista";"Sem Vítimas";"Pleno dia";"Decrescente";"Chuva";"Dupla";"Curva";"Rural";1;0;0;0;1;0;0;1
83523504;"25/09/16";"Domingo";"00:10:00";"BA";324;"523";"FEIRA DE SANTANA";"Ingestão de álcool";"Colisão traseira";"Com Vítimas Feridas";"Plena noite";"Crescente";"Nublado";"Dupla";"Reta";"Rural";2;0;1;0;0;1;1;2
83523505;"09/12/16";"Sexta";"18:00:00";"SP";116;"24";"LAVRINHAS";"Outras";"Colisão com objeto fixo";"Sem Vítimas";"Pleno dia";"Decrescente";"Chuva";"Dupla";"Curva";"Rural";1;0;0;0;1;0;0;1
83523506;"12/12/16";"Segunda";"17:35:00";"PR";116;"147";"MANDIRITUBA";"Falta de atenção";"Colisão lateral";"Sem Vítimas";"Pleno dia";"Decrescente";"Nublado";"Simples";"Curva";"Rural";2;0;0;0;2;0;0;2
83523507;"06/12/16";"Terça";"01:30:00";"GO";153;"516,4";"APARECIDA DE GOIANIA";"Velocidade incompatível";"Colisão traseira";"Com Vítimas Feridas";"Plena noite";"Decrescente";"Ceu Claro";"Dupla";"Reta";"Urbano";2;0;1;0;1;0;1;2
83523508;"12/12/16";"Segunda";"14:45:00";"GO";153;"654";"GOIATUBA";"Dormindo";"Saída de Pista";"Com Vítimas Feridas";"Pleno dia";"Decrescente";"Ceu Claro";"Dupla";"Reta";"Rural";4;0;1;1;2;0;2;1
83523509;"12/12/16";"Segunda";"17:06:00";"MS";359;"516";"CORUMBA";"Falta de atenção";"Saída de Pista";"Com Vítimas Feridas";"Pleno dia";"Crescente";"Ceu Claro";"Simples";"Curva";"Rural";2;0;1;0;1;0;1;1
83523510;"08/12/16";"Quinta";"18:10:00";"MG";40;"510";"RIBEIRAO DAS NEVES";"Outras";"Colisão com objeto fixo";"Sem Vítimas";"Pleno dia";"Decrescente";"Chuva";"Dupla";"Reta";"Urbano";1;0;0;0;1;0;0;1
83523511;"12/12/16";"Segunda";"17:00:00";"MG";381;"631,2";"OLIVEIRA";"Outras";"Capotamento";"Com Vítimas Feridas";"Pleno dia";"Crescente";"Chuva";"Dupla";"Curva";"Rural";3;0;2;0;0;1;2;2
83523512;"10/12/16";"Sábado";"02:40:00";"SP";116;"3";"QUELUZ";"Outras";"Derramamento de Carga";"Sem Vítimas";"Plena noite";"Crescente";"Ceu Claro";"Dupla";"Reta";"Rural";1;0;0;0;1;0;0;1
83523513;"12/12/16";"Segunda";"09:40:00";"MA";10;"276";"IMPERATRIZ";"Não guardar distância de segurança";"Colisão traseira";"Com Vítimas Feridas";"Pleno dia";"Decrescente";"Chuva";"Simples";"Reta";"Rural";3;0;1;1;1;0;2;2
83523514;"12/12/16";"Segunda";"10:30:00";"SE";235;"6,2";"NOSSA SENHORA DO SOCORRO";"Outras";"Queda de motocicleta / bicicleta / veículo";"Com Vítimas Feridas";"Pleno dia";"Decrescente";"Ceu Claro";"Dupla";"Curva";"Urbano";1;0;1;0;0;0;1;1
83523515;"12/12/16";"Segunda";"16:30:00";"MG";267;"164,7";"LIMA DUARTE";"Falta de atenção";"Colisão Transversal";"Com Vítimas Feridas";"Pleno dia";"Crescente";"Nublado";"Simples";"Cruzamento";"Urbano";2;0;1;1;0;0;2;2