"id";"data_inversa";"dia_semana";"horario";"uf";"br";"km";"municipio";"causa_acidente";"tipo_acidente";"classificacao_acidente";"fase_dia";"sentido_via";"condicao_metereologica";"tipo_pista";"tracado_via";"uso_solo";"pessoas";"mortos";"feridos_leves";"feridos_graves";"ilesos";"ignorados";"feridos";"veiculos"
83523516;"12/12/16";"Segunda";"10:50:00";"GO";20;"110";"VILA BOA";"Velocidade incompatível";"Saída de Pista";"Sem Vítimas";"Pleno dia";"Decrescente";"Chuva";"Simples";"Reta";"Rural";1;0;0;0;1;0;0;1
83523517;"12/12/16";"Segunda";"15:30:00";"RS";472;"134";"TRES DE MAIO";"Dormindo";"Colisão lateral";"Sem Vítimas";"Pleno dia";"Crescente";"Sol";"Simples";"Reta";"Rural";2;0;0;0;2;0;0;2
83523518;"12/12/16";"Segunda";"13:45:00";"SC";101;"13";"GARUVA";"Falta de atenção";"Colisão traseira";"Sem Vítimas";"Pleno dia";"Decrescente";"Ceu Claro";"Dupla";"Reta";"Urbano";2;0;0;0;2;0;0;2
83523519;"10/12/16";"Sábado";"20:30:00";"RJ";116;"105";"GUAPIMIRIM";"Falta de atenção";"Colisão traseira";"Sem Vítimas";"Plena noite";"Decrescente";"Nublado";"Dupla";"Curva";"Rural";2;0;0;0;2;0;0;2
83523520;"12/12/16";"Segunda";"13:53:00";"PE";428;"173";"PETROLINA";"Ingestão de álcool";"Colisão traseira";"Sem Vítimas";"Pleno dia";"Decrescente";"Ceu Claro";"Simples";"Reta";"Rural";3;0;0;0;3;0;0;2
83523521;"12/12/16";"Segunda";"15:35:00";"SC";101;"47";"JOINVILLE";"Falta de atenção";"Queda de motocicleta / bicicleta / veículo";"Com Vítimas Feridas";"Pleno dia";"Crescente";"Ceu Claro";"Dupla";"Reta";"Urbano";1;0;1;0;0;0;1;1
83523522;"12/12/16";"Segunda";"08:20:00";"SC";470;"67,7";"INDAIAL";"Ultrapassagem indevida";"Colisão frontal";"Com Vítimas Fatais";"Pleno dia";"Decrescente";"Ceu Claro";"Simples";"Reta";"Urbano";3;1;0;0;2;0;0;3
83523523;"10/12/16";"Sábado";"21:40:00";"RJ";116;"107";"GUAPIMIRIM";"Desobediência à sinalização";"Colisão frontal";"Com Vítimas Fatais";"Plena noite";"Crescente";"Nublado";"Dupla";"Reta";"Rural";2;1;0;1;0;0;1;2
83523524;"12/10/16";"Quarta";"16:15:00";"PB";230;"31,9";"BAYEUX";"Não guardar distância de segurança";"Colisão traseira";"Sem Vítimas";"Pleno dia";"Crescente";"Nublado";"Dupla";"Reta";"Urbano";7;0;0;0;7;0;0;7
83523525;"10/12/16";"Sábado";"19:15:00";"MG";40;"750";"SANTOS DUMONT";"Velocidade incompatível";"Saída de Pista";"Sem Vítimas";"Plena noite";"Decrescente";"Chuva";"Dupla";"Curva";"Rural";1;0;0;0;1;0;0;1
83523526;"12/12/16";"Segunda";"09:20:00";"SE";101;"73";"MARUIM";"Falta de atenção";"Colisão lateral";"Sem Vítimas";"Pleno dia";"Crescente";"Ceu Claro";"Simples";"Reta";"Rural";2;0;0;0;1;1;0;2
83523527;"04/12/16";"Domingo";"18:45:00";"RJ";40;"92";"DUQUE DE CAXIAS";"Velocidade incompatível";"Capotamento";"Sem Vítimas";"Pleno dia";"Crescente";"Nublado";"Simples";"Curva";"Urbano";1;0;0;0;1;0;0;1
83523528;"12/12/16";"Segunda";"11:30:00";"MG";365;"851,5";"SANTA VITORIA";"Defeito mecânico em veículo";"Incêndio";"Sem Vítimas";"Pleno dia";"Crescente";"Ceu Claro";"Simples";"Reta";"Urbano";1;0;0;0;1;0;0;1
83523529;"12/12/16";"Segunda";"13:10:00";"AP";156;"289";"PORTO GRANDE";"Falta de atenção";"Colisão lateral";"Com Vítimas Feridas";"Pleno dia";"Decrescente";"Sol";"Simples";"Reta";"Rural";3;0;1;0;2;0;1;2
83523530;"12/12/16";"Segunda";"09:00:00";"DF";20;"22,4";"BRASILIA";"Falta de atenção";"Colisão traseira";"Sem Vítimas";"Pleno dia";"Decrescente";"Ceu Claro";"Dupla";"Reta";"Rural";2;0;0;0;2;0;0;2
83523531;"06/12/16";"Terça";"13:30:00";"ES";101;"448";"MIMOSO DO SUL";"Outras";"Tombamento";"Sem Vítimas";"Pleno dia";"Crescente";"Nublado";"Simples";"Curva";"Rural";1;0;0;0;1;0;0;1
83523532;"12/12/16";"Segunda";"15:35:00";"DF";20;"22";"BRASILIA";"Falta de atenção";"Colisão Transversal";"Com Vítimas Feridas";"Pleno dia";"Crescente";"Nublado";"Dupla";"Reta";"Urbano";3;0;1;0;2;0;1;2
83523533;"12/12/16";"Segunda";"13:40:00";"MG";116;"413,7";"GOVERNADOR VALADARES";"Falta de atenção";"Colisão Transversal";"Com Vítimas Feridas";"Pleno dia";"Decrescente";"Ceu Claro";"Simples";"Cruzamento";"Urbano";3;0;2;0;1;0;2;2
83523534;"12/12/16";"Segunda";"17:35:00";"PR";373;"178";"PONTA GROSSA";"Falta de atenção";"Colisão Transversal";"Com Vítimas Feridas";"Pleno dia";"Decrescente";"Chuva";"Simples";"Curva";"Urbano";2;0;1;0;1;0;1;2
83523535;"12/12/16";"Segunda";"16:00:00";"SC";101;"207";"SAO JOSE";"Não guardar distância de segurança";"Colisão Transversal";"Com Vítimas Feridas";"Pleno dia";"Crescente";"Sol";"Múltipla";"Reta";"Urbano";3;0;2;0;1;0;2;2
83523536;"12/12/16";"Segunda";"12:10:00";"MG";262;"547";"LUZ";"Velocidade incompatível";"Capotamento";"Sem Vítimas";"Pleno dia";"Crescente";"Chuva";"Simples";"Reta";"Rural";1;0;0;0;1;0;0;1
83523537;"12/12/16";"Segunda";"14:30:00";"SC";101;"204";"SAO JOSE";"Velocidade incompatível";"Colisão traseira";"Com Vítimas Feridas";"Pleno dia";"Decrescente";"Sol";"Dupla";"Reta";"Urbano";4;0;1;0;3;0;1;4
83523538;"12/12/16";"Segunda";"19:30:00";"PR";376;"507";"PONTA GROSSA";"Ingestão de álcool";"Tombamento";"Sem Vítimas";"Anoitecer";"Crescente";"Nublado";"Simples";"Curva";"Rural";1;0;0;0;1;0;0;1
83523539;"08/12/16";"Quinta";"07:35:00";"RS";116;"521,7";"PELOTAS";"Defeito mecânico em veículo";"Colisão traseira";"Sem Vítimas";"Pleno dia";"Crescente";"Ceu Claro";"Simples";"Reta";"Rural";2;0;0;0;2;0;0;2
83523540;"10/12/16";"Sábado";"18:00:00";"DF";20;"12";"BRASILIA";"Ingestão de álcool";"Colisão traseira";"Sem Vítimas";"Pleno dia";"Decrescente";"Ceu Claro";"Dupla";"Reta";"Urbano";3;0;0;0;3;0;0;3
83523541;"12/12/16";"Segunda";"13:40:00";"SC";101;"202";"SAO JOSE";"Não guardar distância de segurança";"Colisão lateral";"Com Vítimas Feridas";"Pleno dia";"Decrescente";"Sol";"Múltipla";"Reta";"Urbano";3;0;1;0;2;0;1;3
83523542;"12/12/16";"Segunda";"04:15:00";"SP";116;"198";"ARUJA";"Velocidade incompatível";"Tombamento";"Sem Vítimas";"Amanhecer";"Crescente";"Chuva";"Múltipla";"Reta";"Urbano";1;0;0;0;1;0;0;1
83523543;"12/12/16";"Segunda";"15:15:00";"SC";470;"3,6";"NAVEGANTES";"Falta de atenção";"Colisão Transversal";"Com Vítimas Feridas";"Pleno dia";"Crescente";"Nublado";"Simples";"Reta";"Urbano";2;0;2;0;0;0;2;2
83523544;"12/12/16";"Segunda";"18:45:00";"SC";101;"125,9";"ITAJAI";"Outras";"Queda de motocicleta / bicicleta / veículo";"Com Vítimas Feridas";"Pleno dia";"Crescente";"Ceu Claro";"Dupla";"Curva";"Urbano";1;0;0;1;0;0;1;1
83523545;"12/12/16";"Segunda";"18:35:00";"SC";101;"267,6";"IMBITUBA";"Falta de atenção";"Colisão lateral";"Sem Vítimas";"Pleno dia";"Decrescente";"Ceu Claro";"Dupla";"Curva";"Rural";2;0;0;0;2;0;0;2
83523546;"12/12/16";"Segunda";"18:15:00";"SC";101;"196";"BIGUACU";"Outras";"Queda de motocicleta / bicicleta / veículo";"Sem Vítimas";"Pleno dia";"Crescente";"Ceu Claro";"Simples";"Reta";"Urbano";2;0;0;0;2;0;0;2
83523547;"12/12/16";"Segunda";"17:40:00";"MG";381;"946";"EXTREMA";"Dormindo";"Colisão traseira";"Com Vítimas Feridas";"Pleno dia";"Decrescente";"Nublado";"Dupla";"Reta";"Rural";2;0;1;0;1;0;1;2
83523548;"12/12/16";"Segunda";"19:50:00";"SC";101;"118";"ITAJAI";"Falta de atenção";"Colisão traseira";"Com Vítimas Feridas";"Anoitecer";"Crescente";"Ceu Claro";"Simples";"Cruzamento";"Urbano";2;0;0;1;1;0;1;2
83523549;"08/12/16";"Quinta";"13:10:00";"RJ";116;"144";"DUQUE DE CAXIAS";"Falta de atenção";"Queda de motocicleta / bicicleta / veículo";"Com Vítimas Feridas";"Pleno dia";"Decrescente";"Sol";"Dupla";"Curva";"Urbano";2;0;2;0;0;0;2;1
83523550;"05/12/16";"Segunda";"07:50:00";"SP";116;"144";"SAO JOSE DOS CAMPOS";"Falta de atenção";"Colisão lateral";"Com Vítimas Feridas";"Pleno dia";"Crescente";"Chuva";"Simples";"Reta";"Urbano";2;0;1;0;1;0;1;2
83523551;"12/12/16";"Segunda";"19:10:00";"SC";101;"201";"SAO JOSE";"Outras";"Colisão lateral";"Com Vítimas Feridas";"Pleno dia";"Decrescente";"Ceu Claro";"Dupla";"Curva";"Urbano";3;0;0;1;1;1;1;3
83523552;"12/12/16";"Segunda";"15:15:00";"MG";116;"557,3";"MANHUACU";"Outras";"Tombamento";"Com Vítimas Feridas";"Pleno dia";"Crescente";"Ceu Claro";"Simples";"Curva";"Rural";2;0;1;1;0;0;2;1
83523553;"12/12/16";"Segunda";"19:45:00";"RS";386;"128,5";"SARANDI";"Não guardar distância de segurança";"Colisão lateral";"Com Vítimas Feridas";"Pleno dia";"Decrescente";"Ceu Claro";"Dupla";"Cruzamento";"Urbano";2;0;1;0;0;1;1;2
83523554;"12/12/16";"Segunda";"20:00:00";"GO";60;"178";"ABADIA DE GOIAS";"Defeito mecânico em veículo";"Queda de motocicleta / bicicleta / veículo";"Com Vítimas Feridas";"Plena noite";"Crescente";"Nublado";"Dupla";"Reta";"Rural";2;0;1;1;0;0;2;1
83523555;"11/12/16";"Domingo";"07:30:00";"MT";70;"4";"BARRA DO GARCAS";"Falta de atenção";"Danos Eventuais";"Sem Vítimas";"Plena noite";"Decrescente";"Nublado";"Dupla";"Reta";"Urbano";2;0;0;0;2;0;0;2
83523556;"12/12/16";"Segunda";"07:30:00";"PA";222;"222";"MARABA";"Outras";"Saída de Pista";"Com Vítimas Feridas";"Pleno dia";"Decrescente";"Chuva";"Simples";"Reta";"Rural";3;0;1;0;2;0;1;1
83523557;"12/12/16";"Segunda";"17:30:00";"PE";232;"406,3";"SERRA TALHADA";"Falta de atenção";"Queda de motocicleta / bicicleta / veículo";"Com Vítimas Feridas";"Pleno dia";"Crescente";"Ceu Claro";"Simples";"Reta";"Rural";1;0;1;0;0;0;1;1
83523558;"12/12/16";"Segunda";"19:10:00";"RJ";40;"112";"DUQUE DE CAXIAS";"Outras";"Colisão traseira";"Com Vítimas Feridas";"Plena noite";"Crescente";"Chuva";"Múltipla";"Reta";"Urbano";2;0;1;0;1;0;1;2
83523559;"09/12/16";"Sexta";"20:10:00";"MG";381;"482";"BETIM";"Não guardar distância de segurança";"Colisão traseira";"Com Vítimas Feridas";"Plena noite";"Crescente";"Ceu Claro";"Dupla";"Reta";"Urbano";2;0;0;1;1;0;1;2
83523560;"01/12/16";"Quinta";"05:30:00";"MS";163;"795";"COXIM";"Dormindo";"Saída de Pista";"Com Vítimas Feridas";"Amanhecer";"Decrescente";"Ceu Claro";"Simples";"Reta";"Rural";1;0;1;0;0;0;1;1
83523561;"12/12/16";"Segunda";"11:00:00";"PR";476;"140";"CURITIBA";"Não guardar distância de segurança";"Colisão traseira";"Com Vítimas Feridas";"Pleno dia";"Crescente";"Nublado";"Múltipla";"Reta";"Urbano";2;0;1;0;1;0;1;2
83523562;"09/12/16";"Sexta";"06:00:00";"ES";101;"102";"SOORETAMA";"Desobediência à sinalização";"Colisão traseira";"Com Vítimas Feridas";"Pleno dia";"Crescente";"Ceu Claro";"Dupla";"Reta";"Rural";4;0;2;0;2;0;2;2
83523564;"12/12/16";"Segunda";"07:30:00";"SE";101;"109";"SAO CRISTOVAO";"Falta de atenção";"Queda de motocicleta / bicicleta / veículo";"Com Vítimas Feridas";"Pleno dia";"Crescente";"Ceu Claro";"Dupla";"Reta";"Rural";2;0;0;1;1;0;1;2
83523565;"10/12/16";"Sábado";"17:45:00";"RS";116;"432,3";"CRISTAL";"Falta de atenção";"Colisão lateral";"Sem Vítimas";"Pleno dia";"Crescente";"Sol";"Simples";"Reta";"Rural";2;0;0;0;2;0;0;2
83523566;"12/12/16";"Segunda";"16:13:00";"SC";282;"517,7";"XAXIM";"Desobediência à sinalização";"Colisão Transversal";"Sem Vítimas";"Pleno dia";"Decrescente";"Sol";"Simples";"Cruzamento";"Rural";2;0;0;0;2;0;0;2
83523567;"12/12/16";"Segunda";"14:30:00";"MT";158;"606";"AGUA BOA";"Outras";"Colisão frontal";"Com Vítimas Fatais";"Pleno dia";"Crescente";"Ceu Claro";"Simples";"Reta";"Rural";2;1;0;0;0;1;0;2
83523568;"07/12/16";"Quarta";"11:40:00";"AL";101;"101";"PILAR";"Outras";"Tombamento";"Sem Vítimas";"Pleno dia";"Crescente";"Ceu Claro";"Simples";"Curva";"Rural";1;0;0;0;1;0;0;1
83523569;"18/11/16";"Sexta";"19:00:00";"SP";116;"218";"GUARULHOS";"Velocidade incompatível";"Colisão traseira";"Com Vítimas Feridas";"Pleno dia";"Crescente";"Ignorada";"Dupla";"Reta";"Urbano";2;0;0;1;0;1;1;2
83523570;"08/12/16";"Quinta";"03:30:00";"RN";304;"289,8";"MACAIBA";"Dormindo";"Capotamento";"Sem Vítimas";"Plena noite";"Crescente";"Ceu Claro";"Simples";"Reta";"Rural";1;0;0;0;1;0;0;1
83523571;"12/12/16";"Segunda";"18:20:00";"PB";230;"471,6";"SOUSA";"Animais na Pista";"Atropelamento de animal";"Com Vítimas Feridas";"Plena noite";"Crescente";"Ceu Claro";"Simples";"Reta";"Rural";1;0;1;0;0;0;1;1
83523572;"12/12/16";"Segunda";"12:50:00";"MG";381;"686";"LAVRAS";"Outras";"Colisão com objeto fixo";"Sem Vítimas";"Pleno dia";"Crescente";"Nublado";"Dupla";"Curva";"Rural";1;0;0;0;1;0;0;1
83523573;"05/12/16";"Segunda";"18:48:00";"MT";364;"264";"SAO PEDRO DA CIPA";"Falta de atenção";"Colisão traseira";"Sem Vítimas";"Plena noite";"Decrescente";"Ceu Claro";"Simples";"Reta";"Rural";2;0;0;0;2;0;0;2
83523574;"12/12/16";"Segunda";"20:40:00";"RJ";393;"268,2";"BARRA DO PIRAI";"Desobediência à sinalização";"Colisão Transversal";"Sem Vítimas";"Plena noite";"Decrescente";"Nublado";"Simples";"Cruzamento";"Urbano";2;0;0;0;2;0;0;2
83523575;"12/12/16";"Segunda";"17:00:00";"RJ";101;"116";"CAMPOS DOS GOYTACAZES";"Defeito mecânico em veículo";"Saída de Pista";"Com Vítimas Feridas";"Pleno dia";"Crescente";"Chuva";"Dupla";"Curva";"Rural";2;0;1;0;1;0;1;1
83523576;"12/12/16";"Segunda";"09:40:00";"RS";471;"567,8";"SANTA VITORIA DO PALMAR";"Animais na Pista";"Atropelamento de animal";"Sem Vítimas";"Pleno dia";"Decrescente";"Ceu Claro";"Simples";"Reta";"Rural";1;0;0;0;1;0;0;1
83523577;"12/12/16";"Segunda";"20:40:00";"SP";381;"31";"ATIBAIA";"Falta de atenção";"Colisão lateral";"Com Vítimas Feridas";"Plena noite";"Decrescente";"Ceu Claro";"Dupla";"Reta";"Urbano";2;0;1;0;0;1;1;2
83523578;"12/12/16";"Segunda";"09:40:00";"SP";116;"221";"GUARULHOS";"Não guardar distância de segurança";"Colisão traseira";"Sem Vítimas";"Pleno dia";"Decrescente";"Chuva";"Dupla";"Reta";"Urbano";4;0;0;0;4;0;0;4
83523580;"12/12/16";"Segunda";"09:30:00";"MG";381;"457";"SABARA";"Outras";"Colisão traseira";"Sem Vítimas";"Pleno dia";"Decrescente";"Nublado";"Simples";"Reta";"Urbano";6;0;0;0;6;0;0;3
83523581;"12/12/16";"Segunda";"20:40:00";"MS";163;"261,7";"DOURADOS";"Outras";"Colisão lateral";"Com Vítimas Feridas";"Plena noite";"Decrescente";"Ceu Claro";"Dupla";"Reta";"Urbano";2;0;1;0;1;0;1;2
83523582;"11/12/16";"Domingo";"23:30:00";"MG";116;"65";"MEDINA";"Outras";"Tombamento";"Sem Vítimas";"Plena noite";"Decrescente";"Chuva";"Simples";"Curva";"Rural";1;0;0;0;1;0;0;1
83523583;"12/12/16";"Segunda";"19:30:00";"BA";116;"510";"SANTA TERESINHA";"Não guardar distância de segurança";"Saída de Pista";"Sem Vítimas";"Plena noite";"Decrescente";"Ceu Claro";"Simples";"Reta";"Rural";3;0;0;0;2;1;0;2
83523584;"12/12/16";"Segunda";"08:00:00";"MG";356;"278,8";"EUGENOPOLIS";"Velocidade incompatível";"Saída de Pista";"Ignorado";"Pleno dia";"Decrescente";"Ceu Claro";"Simples";"Curva";"Rural";1;0;0;0;0;1;0;1
83523585;"12/12/16";"Segunda";"21:45:00";"PR";116;"138";"MANDIRITUBA";"Animais na Pista";"Atropelamento de animal";"Sem Vítimas";"Plena noite";"Crescente";"Nublado";"Dupla";"Reta";"Rural";1;0;0;0;1;0;0;1
83523586;"08/12/16";"Quinta";"16:00:00";"ES";101;"223";"IBIRACU";"Outras";"Saída de Pista";"Sem Vítimas";"Pleno dia";"Crescente";"Ceu Claro";"Dupla";"Curva";"Rural";1;0;0;0;1;0;0;1
83523587;"12/12/16";"Segunda";"17:40:00";"RJ";116;"223,8";"PIRAI";"Velocidade incompatível";"Tombamento";"Sem Vítimas";"Pleno dia";"Decrescente";"Chuva";"Simples";"Curva";"Rural";2;0;0;0;2;0;0;2
83523588;"12/12/16";"Segunda";"09:20:00";"ES";101;"68";"SAO MATEUS";"Falta de atenção";"Colisão Transversal";"Com Vítimas Feridas";"Pleno dia";"Crescente";"Ceu Claro";"Dupla";"Reta";"Urbano";2;0;0;1;1;0;1;2
83523589;"12/12/16";"Segunda";"16:05:00";"PE";407;"126,5";"PETROLINA";"Ultrapassagem indevida";"Colisão traseira";"Com Vítimas Feridas";"Pleno dia";"Crescente";"Ceu Claro";"Simples";"Reta";"Urbano";2;0;0;1;1;0;1;2
83523590;"12/12/16";"Segunda";"20:30:00";"SC";101;"185,5";"BIGUACU";"Falta de atenção";"Colisão traseira";"Com Vítimas Feridas";"Anoitecer";"Crescente";"Vento";"Dupla";"Curva";"Rural";2;0;1;0;1;0;1;2
83523591;"24/05/16";"Terça";"09:30:00";"RO";364;"643";"CANDEIAS DO JAMARI";"Outras";"Atropelamento de pessoa";"Com Vítimas Feridas";"Pleno dia";"Crescente";"Ignorada";"Simples";"Reta";"Rural";2;0;0;1;0;1;1;1
83523592;"12/12/16";"Segunda";"01:00:00";"MG";116;"136,2";"PONTO DOS VOLANTES";"Outras";"Capotamento";"Com Vítimas Feridas";"Plena noite";"Crescente";"Chuva";"Simples";"Reta";"Rural";1;0;1;0;0;0;1;1
83523593;"12/12/16";"Segunda";"21:00:00";"SC";101;"214";"PALHOCA";"Falta de atenção";"Colisão traseira";"Com Vítimas Feridas";"Plena noite";"Crescente";"Ceu Claro";"Múltipla";"Reta";"Urbano";2;0;1;0;1;0;1;2
83523594;"12/12/16";"Segunda";"20:40:00";"RS";386;"46,7";"SEBERI";"Defeito na via";"Colisão frontal";"Com Vítimas Feridas";"Plena noite";"Decrescente";"Ceu Claro";"Simples";"Reta";"Urbano";2;0;1;0;1;0;1;2
83523595;"12/12/16";"Segunda";"10:30:00";"CE";116;"20";"ITAITINGA";"Desobediência à sinalização";"Colisão frontal";"Com Vítimas Feridas";"Amanhecer";"Decrescente";"Sol";"Dupla";"Reta";"Urbano";2;0;1;0;1;0;1;2
83523597;"12/12/16";"Segunda";"19:00:00";"MS";262;"357,5";"CAMPO GRANDE";"Outras";"Capotamento";"Com Vítimas Feridas";"Anoitecer";"Decrescente";"Nublado";"Simples";"Curva";"Rural";2;0;0;2;0;0;2;1
83523598;"12/12/16";"Segunda";"20:30:00";"GO";153;"504";"APARECIDA DE GOIANIA";"Outras";"Queda de motocicleta / bicicleta / veículo";"Com Vítimas Feridas";"Plena noite";"Crescente";"Chuva";"Dupla";"Reta";"Urbano";4;0;1;1;1;1;2;3
83523599;"06/12/16";"Terça";"14:20:00";"AL";101;"180,4";"JUNQUEIRO";"Velocidade incompatível";"Tombamento";"Com Vítimas Fatais";"Pleno dia";"Decrescente";"Nublado";"Dupla";"Curva";"Rural";1;1;0;0;0;0;0;1
83523600;"12/12/16";"Segunda";"19:40:00";"RJ";116;"209";"SEROPEDICA";"Outras";"Colisão com objeto fixo";"Sem Vítimas";"Anoitecer";"Crescente";"Chuva";"Dupla";"Curva";"Rural";1;0;0;0;1;0;0;1
83523601;"12/12/16";"Segunda";"15:13:00";"PA";230;"118";"MARABA";"Falta de atenção";"Colisão lateral";"Sem Vítimas";"Pleno dia";"Decrescente";"Sol";"Simples";"Reta";"Urbano";5;0;0;0;5;0;0;5
83523602;"11/12/16";"Domingo";"13:00:00";"MG";116;"171";"PADRE PARAISO";"Outras";"Saída de Pista";"Com Vítimas Feridas";"Pleno dia";"Decrescente";"Nublado";"Simples";"Curva";"Rural";1;0;1;0;0;0;1;1
83523603;"12/12/16";"Segunda";"10:50:00";"SC";101;"341";"TUBARAO";"Desobediência à sinalização";"Colisão lateral";"Com Vítimas Feridas";"Pleno dia";"Decrescente";"Ceu Claro";"Dupla";"Reta";"Urbano";2;0;1;0;1;0;1;2
83523605;"08/12/16";"Quinta";"16:30:00";"MG";251;"248,5";"CURRAL DE DENTRO";"Outras";"Saída de Pista";"Sem Vítimas";"Plena noite";"Decrescente";"Chuva";"Simples";"Reta";"Urbano";1;0;0;0;1;0;0;1
83523606;"12/12/16";"Segunda";"16:40:00";"MG";40;"511";"RIBEIRAO DAS NEVES";"Outras";"Colisão lateral";"Com Vítimas Feridas";"Pleno dia";"Crescente";"Chuva";"Dupla";"Reta";"Urbano";3;0;1;0;2;0;1;3
83523607;"04/12/16";"Domingo";"16:00:00";"RJ";465;"14";"SEROPEDICA";"Outras";"Atropelamento de pessoa";"Com Vítimas Feridas";"Pleno dia";"Crescente";"Ceu Claro";"Simples";"Curva";"Urbano";2;0;0;1;0;1;1;1
83523608;"12/12/16";"Segunda";"07:55:00";"RO";364;"343,1";"JI-PARANA";"Falta de atenção";"Colisão lateral";"Com Vítimas Feridas";"Amanhecer";"Crescente";"Ceu Claro";"Simples";"Reta";"Urbano";2;0;1;0;1;0;1;2
83523609;"12/12/16";"Segunda";"10:20:00";"AC";364;"134";"RIO BRANCO";"Falta de atenção";"Colisão traseira";"Sem Vítimas";"Pleno dia";"Crescente";"Sol";"Simples";"Reta";"Urbano";3;0;0;0;3;0;0;3
83523610;"12/12/16";"Segunda";"11:50:00";"PR";376;"651,9";"TIJUCAS DO SUL";"Outras";"Derramamento de Carga";"Sem Vítimas";"Pleno dia";"Crescente";"Ceu Claro";"Dupla";"Reta";"Urbano";1;0;0;0;1;0;0;1
83523611;"12/12/16";"Segunda";"20:40:00";"PE";232;"5,8";"RECIFE";"Outras";"Queda de motocicleta / bicicleta / veículo";"Com Vítimas Feridas";"Plena noite";"Decrescente";"Nublado";"Dupla";"Reta";"Urbano";3;0;2;0;0;1;2;2
83523612;"06/12/16";"Terça";"19:00:00";"CE";222;"4";"CAUCAIA";"Outras";"Atropelamento de pessoa";"Com Vítimas Feridas";"Plena noite";"Crescente";"Ceu Claro";"Dupla";"Reta";"Urbano";2;0;0;1;1;0;1;1
83523613;"12/12/16";"Segunda";"07:00:00";"RS";392;"6,2";"RIO GRANDE";"Desobediência à sinalização";"Colisão traseira";"Com Vítimas Feridas";"Pleno dia";"Crescente";"Ceu Claro";"Simples";"Reta";"Urbano";2;0;1;0;1;0;1;2
83523614;"12/12/16";"Segunda";"16:15:00";"MG";40;"116,5";"LAGOA GRANDE";"Falta de atenção";"Saída de Pista";"Com Vítimas Feridas";"Pleno dia";"Decrescente";"Nublado";"Simples";"Reta";"Rural";1;0;1;0;0;0;1;1
83523615;"12/12/16";"Segunda";"23:00:00";"PR";476;"115";"COLOMBO";"Falta de atenção";"Colisão frontal";"Com Vítimas Feridas";"Plena noite";"Crescente";"Ceu Claro";"Simples";"Reta";"Urbano";2;0;1;0;1;0;1;2
83523616;"12/12/16";"Segunda";"19:25:00";"TO";153;"143,9";"ARAGUAINA";"Falta de atenção";"Colisão Transversal";"Com Vítimas Feridas";"Plena noite";"Decrescente";"Ceu Claro";"Simples";"Reta";"Urbano";2;0;1;0;1;0;1;2
83523617;"13/12/16";"Terça";"00:20:00";"SC";470;"136";"RIO DO SUL";"Falta de atenção";"Colisão com objeto fixo";"Sem Vítimas";"Plena noite";"Crescente";"Nublado";"Simples";"Cruzamento";"Urbano";1;0;0;0;1;0;0;1
83523618;"10/12/16";"Sábado";"10:20:00";"PA";10;"163";"PARAGOMINAS";"Falta de atenção";"Colisão lateral";"Com Vítimas Feridas";"Pleno dia";"Crescente";"Sol";"Simples";"Reta";"Urbano";2;0;0;1;1;0;1;2
83523619;"12/12/16";"Segunda";"22:20:00";"GO";50;"250,2";"CATALAO";"Falta de atenção";"Colisão Transversal";"Com Vítimas Feridas";"Plena noite";"Crescente";"Nublado";"Simples";"Reta";"Rural";3;0;1;1;1;0;2;2
83523620;"12/12/16";"Segunda";"22:40:00";"BA";116;"670";"JEQUIE";"Outras";"Tombamento";"Sem Vítimas";"Plena noite";"Crescente";"Ceu Claro";"Simples";"Curva";"Rural";1;0;0;0;1;0;0;1
83523621;"12/12/16";"Segunda";"23:55:00";"MG";116;"750,4";"LEOPOLDINA";"Outras";"Atropelamento de pessoa";"Com Vítimas Fatais";"Plena noite";"Crescente";"Chuva";"Simples";"Reta";"Rural";3;1;0;0;2;0;0;1
83523622;"13/12/16";"Terça";"00:50:00";"RJ";116;"238";"PIRAI";"Velocidade incompatível";"Tombamento";"Com Vítimas Feridas";"Plena noite";"Decrescente";"Chuva";"Dupla";"Reta";"Rural";1;0;1;0;0;0;1;1
83523623;"12/12/16";"Segunda";"09:40:00";"ES";262;"2,1";"CARIACICA";"Falta de atenção";"Atropelamento de pessoa";"Com Vítimas Feridas";"Pleno dia";"Crescente";"Ceu Claro";"Dupla";"Reta";"Urbano";2;0;1;0;1;0;1;1
83523624;"12/12/16";"Segunda";"18:50:00";"GO";60;"166,1";"GOIANIA";"Outras";"Colisão traseira";"Com Vítimas Feridas";"Pleno dia";"Decrescente";"Nublado";"Dupla";"Cruzamento";"Urbano";2;0;0;1;1;0;1;2
83523625;"13/12/16";"Terça";"00:00:00";"BA";418;"89";"NOVA VICOSA";"Animais na Pista";"Atropelamento de animal";"Com Vítimas Feridas";"Plena noite";"Decrescente";"Ceu Claro";"Simples";"Curva";"Urbano";1;0;0;1;0;0;1;1
83523626;"12/12/16";"Segunda";"16:00:00";"PE";232;"5,1";"RECIFE";"Outras";"Colisão traseira";"Com Vítimas Feridas";"Pleno dia";"Decrescente";"Ceu Claro";"Dupla";"Reta";"Urbano";3;0;1;1;0;1;2;2