"id";"data_inversa";"dia_semana";"horario";"uf";"br";"km";"municipio";"causa_acidente";"tipo_acidente";"classificacao_acidente";"fase_dia";"sentido_via";"condicao_metereologica";"tipo_pista";"tracado_via";"uso_solo";"pessoas";"mortos";"feridos_leves";"feridos_graves";"ilesos";"ignorados";"feridos";"veiculos"
83523740;"10/12/16";"Sábado";"01:50:00";"RJ";393;"277";"BARRA DO PIRAI";"Outras";"Saída de Pista";"Com Vítimas Feridas";"Plena noite";"Decrescente";"Nublado";"Simples";"Reta";"Urbano";1;0;1;0;0;0;1;1
83523741;"13/12/16";"Terça";"11:10:00";"ES";101;"125,4";"SOORETAMA";"Ingestão de álcool";"Colisão Transversal";"Com Vítimas Feridas";"Pleno dia";"Crescente";"Nublado";"Simples";"Reta";"Urbano";2;0;1;0;1;0;1;2
83523742;"11/12/16";"Domingo";"19:35:00";"MG";50;"138,4";"UBERABA";"Defeito mecânico em veículo";"Saída de Pista";"Com Vítimas Feridas";"Anoitecer";"Crescente";"Nublado";"Dupla";"Reta";"Rural";1;0;1;0;0;0;1;1
83523743;"10/12/16";"Sábado";"12:30:00";"MT";70;"201";"GENERAL CARNEIRO";"Falta de atenção";"Saída de Pista";"Sem Vítimas";"Pleno dia";"Decrescente";"Sol";"Simples";"Curva";"Rural";1;0;0;0;1;0;0;1
83523744;"21/08/16";"Domingo";"23:40:00";"MG";40;"717,8";"BARBACENA";"Velocidade incompatível";"Colisão com objeto fixo";"Com Vítimas Feridas";"Plena noite";"Crescente";"Nublado";"Dupla";"Curva";"Rural";1;0;1;0;0;0;1;1
83523745;"13/12/16";"Terça";"08:45:00";"SP";116;"35,8";"CACHOEIRA PAULISTA";"Velocidade incompatível";"Colisão traseira";"Sem Vítimas";"Pleno dia";"Crescente";"Ceu Claro";"Dupla";"Reta";"Rural";2;0;0;0;2;0;0;2
83523746;"13/12/16";"Terça";"12:00:00";"GO";60;"184,8";"GUAPO";"Velocidade incompatível";"Saída de Pista";"Sem Vítimas";"Pleno dia";"Decrescente";"Chuva";"Dupla";"Curva";"Rural";1;0;0;0;1;0;0;1
83523747;"13/12/16";"Terça";"10:52:00";"PR";376;"3,5";"APUCARANA";"Falta de atenção";"Colisão traseira";"Sem Vítimas";"Pleno dia";"Decrescente";"Ceu Claro";"Dupla";"Reta";"Urbano";3;0;0;0;2;1;0;2
83523749;"13/12/16";"Terça";"10:30:00";"RS";386;"438,5";"NOVA SANTA RITA";"Outras";"Colisão traseira";"Sem Vítimas";"Pleno dia";"Decrescente";"Ceu Claro";"Dupla";"Reta";"Urbano";3;0;0;0;3;0;0;2
83523750;"11/12/16";"Domingo";"15:20:00";"MG";262;"587";"CAMPOS ALTOS";"Velocidade incompatível";"Saída de Pista";"Sem Vítimas";"Pleno dia";"Crescente";"Chuva";"Simples";"Curva";"Rural";1;0;0;0;1;0;0;1
83523751;"10/12/16";"Sábado";"12:00:00";"PR";277;"659,7";"MATELANDIA";"Defeito mecânico em veículo";"Colisão com objeto fixo";"Sem Vítimas";"Pleno dia";"Decrescente";"Chuva";"Dupla";"Curva";"Rural";1;0;0;0;1;0;0;1
83523752;"13/12/16";"Terça";"09:00:00";"ES";262;"168,5";"IBATIBA";"Desobediência à sinalização";"Colisão lateral";"Sem Vítimas";"Pleno dia";"Crescente";"Nublado";"Simples";"Curva";"Rural";2;0;0;0;2;0;0;2
83523753;"13/12/16";"Terça";"11:30:00";"MG";381;"677";"PERDOES";"Falta de atenção";"Derramamento de Carga";"Sem Vítimas";"Pleno dia";"Crescente";"Nublado";"Dupla";"Cruzamento";"Urbano";1;0;0;0;1;0;0;1
83523754;"13/12/16";"Terça";"09:05:00";"SC";101;"205,9";"SAO JOSE";"Velocidade incompatível";"Colisão traseira";"Com Vítimas Feridas";"Pleno dia";"Decrescente";"Ceu Claro";"Dupla";"Reta";"Urbano";2;0;0;1;1;0;1;2
83523755;"13/12/16";"Terça";"09:45:00";"SC";282;"535,3";"CHAPECO";"Desobediência à sinalização";"Colisão Transversal";"Sem Vítimas";"Pleno dia";"Decrescente";"Sol";"Simples";"Cruzamento";"Urbano";2;0;0;0;2;0;0;2
83523756;"09/12/16";"Sexta";"22:30:00";"AL";423;"66,9";"AGUA BRANCA";"Animais na Pista";"Atropelamento de animal";"Com Vítimas Feridas";"Plena noite";"Crescente";"Ceu Claro";"Simples";"Reta";"Rural";9;0;1;0;8;0;1;1
83523757;"08/12/16";"Quinta";"16:15:00";"MG";135;"660,5";"CURVELO";"Velocidade incompatível";"Capotamento";"Com Vítimas Feridas";"Pleno dia";"Crescente";"Chuva";"Simples";"Curva";"Rural";2;0;0;2;0;0;2;1
83523758;"09/12/16";"Sexta";"11:30:00";"BA";116;"923";"ENCRUZILHADA";"Ultrapassagem indevida";"Colisão frontal";"Com Vítimas Feridas";"Pleno dia";"Crescente";"Ceu Claro";"Simples";"Reta";"Rural";4;0;1;0;3;0;1;3
83523759;"12/12/16";"Segunda";"00:10:00";"SP";153;"154,7";"PROMISSAO";"Outras";"Colisão frontal";"Com Vítimas Feridas";"Plena noite";"Crescente";"Nublado";"Simples";"Reta";"Rural";8;0;4;3;1;0;7;3
83523760;"09/12/16";"Sexta";"13:45:00";"BA";324;"544";"AMELIA RODRIGUES";"Não guardar distância de segurança";"Colisão traseira";"Com Vítimas Feridas";"Pleno dia";"Crescente";"Ceu Claro";"Dupla";"Reta";"Urbano";4;0;1;0;3;0;1;4
83523761;"10/12/16";"Sábado";"00:10:00";"SC";116;"81,9";"MONTE CASTELO";"Outras";"Colisão com objeto fixo";"Sem Vítimas";"Plena noite";"Decrescente";"Chuva";"Simples";"Reta";"Rural";1;0;0;0;1;0;0;1
83523762;"13/12/16";"Terça";"09:00:00";"RJ";393;"106";"SAPUCAIA";"Falta de atenção";"Colisão Transversal";"Com Vítimas Feridas";"Pleno dia";"Crescente";"Ceu Claro";"Simples";"Reta";"Urbano";2;0;1;0;1;0;1;2
83523763;"13/12/16";"Terça";"13:30:00";"PR";277;"730";"FOZ DO IGUACU";"Não guardar distância de segurança";"Colisão lateral";"Sem Vítimas";"Pleno dia";"Crescente";"Ceu Claro";"Dupla";"Reta";"Urbano";2;0;0;0;2;0;0;2
83523764;"10/12/16";"Sábado";"05:00:00";"MA";135;"329,8";"PRESIDENTE DUTRA";"Ultrapassagem indevida";"Colisão lateral";"Com Vítimas Feridas";"Amanhecer";"Decrescente";"Ceu Claro";"Simples";"Reta";"Rural";4;0;2;1;1;0;3;2
83523765;"13/12/16";"Terça";"10:10:00";"RJ";393;"105";"SAPUCAIA";"Falta de atenção";"Colisão Transversal";"Com Vítimas Feridas";"Pleno dia";"Crescente";"Ceu Claro";"Simples";"Reta";"Urbano";3;0;1;0;2;0;1;2
83523766;"13/12/16";"Terça";"12:30:00";"PR";116;"126";"FAZENDA RIO GRANDE";"Falta de atenção";"Colisão traseira";"Com Vítimas Feridas";"Pleno dia";"Decrescente";"Ceu Claro";"Dupla";"Reta";"Rural";2;0;1;0;1;0;1;2
83523767;"16/09/16";"Sexta";"09:00:00";"MG";365;"10";"MONTES CLAROS";"Falta de atenção";"Queda de motocicleta / bicicleta / veículo";"Com Vítimas Feridas";"Pleno dia";"Crescente";"Ignorada";"Simples";"Reta";"Rural";1;0;1;0;0;0;1;1
83523768;"10/12/16";"Sábado";"00:40:00";"CE";116;"3";"FORTALEZA";"Ingestão de álcool";"Colisão com objeto fixo";"Sem Vítimas";"Plena noite";"Crescente";"Ignorada";"Dupla";"Reta";"Urbano";1;0;0;0;1;0;0;1
83523769;"13/12/16";"Terça";"11:00:00";"SC";470;"56,8";"BLUMENAU";"Desobediência à sinalização";"Colisão frontal";"Com Vítimas Feridas";"Pleno dia";"Decrescente";"Sol";"Simples";"Reta";"Urbano";2;0;0;1;1;0;1;2
83523770;"13/12/16";"Terça";"07:00:00";"GO";40;"1,8";"VALPARAISO DE GOIAS";"Falta de atenção";"Colisão traseira";"Com Vítimas Feridas";"Pleno dia";"Decrescente";"Nublado";"Dupla";"Reta";"Urbano";7;0;3;0;4;0;3;4
83523771;"10/12/16";"Sábado";"07:20:00";"SP";116;"153,3";"SAO JOSE DOS CAMPOS";"Defeito mecânico em veículo";"Colisão traseira";"Sem Vítimas";"Amanhecer";"Decrescente";"Ceu Claro";"Dupla";"Reta";"Urbano";2;0;0;0;2;0;0;2
83523772;"13/12/16";"Terça";"12:30:00";"MG";116;"702,8";"MURIAE";"Desobediência à sinalização";"Colisão lateral";"Com Vítimas Feridas";"Pleno dia";"Decrescente";"Nublado";"Simples";"Curva";"Urbano";3;0;1;0;2;0;1;2
83523773;"13/12/16";"Terça";"10:40:00";"PR";369;"523";"CASCAVEL";"Falta de atenção";"Colisão Transversal";"Com Vítimas Feridas";"Pleno dia";"Decrescente";"Ceu Claro";"Simples";"Reta";"Rural";3;0;1;0;2;0;1;2
83523774;"13/12/16";"Terça";"11:30:00";"RJ";101;"398";"ITAGUAI";"Falta de atenção";"Colisão traseira";"Sem Vítimas";"Pleno dia";"Decrescente";"Ceu Claro";"Dupla";"Reta";"Urbano";2;0;0;0;2;0;0;2
83523775;"11/12/16";"Domingo";"22:00:00";"SP";381;"83,5";"SAO PAULO";"Falta de atenção";"Atropelamento de pessoa";"Com Vítimas Fatais";"Plena noite";"Decrescente";"Nublado";"Dupla";"Reta";"Urbano";2;1;0;0;0;1;0;1
83523776;"13/12/16";"Terça";"09:30:00";"PE";101;"93";"CABO DE SANTO AGOSTINHO";"Outras";"Colisão traseira";"Sem Vítimas";"Pleno dia";"Crescente";"Ceu Claro";"Simples";"Reta";"Urbano";2;0;0;0;2;0;0;2
83523777;"11/11/16";"Sexta";"18:30:00";"MA";316;"238";"BOM JARDIM";"Outras";"Saída de Pista";"Com Vítimas Feridas";"Anoitecer";"Crescente";"Ceu Claro";"Simples";"Reta";"Rural";3;0;0;1;2;0;1;1
83523778;"13/12/16";"Terça";"08:10:00";"PR";376;"181,1";"MARINGA";"Não guardar distância de segurança";"Colisão traseira";"Com Vítimas Feridas";"Pleno dia";"Decrescente";"Ceu Claro";"Dupla";"Reta";"Urbano";6;0;1;0;5;0;1;5
83523779;"13/12/16";"Terça";"11:20:00";"GO";60;"274,5";"JANDAIA";"Outras";"Saída de Pista";"Com Vítimas Feridas";"Pleno dia";"Crescente";"Chuva";"Dupla";"Reta";"Rural";2;0;2;0;0;0;2;1
83523780;"01/12/16";"Quinta";"05:45:00";"RJ";116;"288,6";"BARRA MANSA";"Outras";"Atropelamento de pessoa";"Com Vítimas Feridas";"Amanhecer";"Crescente";"Nublado";"Dupla";"Curva";"Rural";2;0;1;0;1;0;1;1
83523781;"13/12/16";"Terça";"09:48:00";"SC";101;"14,4";"GARUVA";"Falta de atenção";"Colisão traseira";"Sem Vítimas";"Pleno dia";"Decrescente";"Ceu Claro";"Dupla";"Reta";"Rural";2;0;0;0;2;0;0;2
83523782;"09/12/16";"Sexta";"16:20:00";"MG";381;"511";"IGARAPE";"Falta de atenção";"Colisão lateral";"Com Vítimas Feridas";"Pleno dia";"Crescente";"Nublado";"Dupla";"Reta";"Urbano";2;0;1;0;1;0;1;2
83523783;"10/12/16";"Sábado";"02:15:00";"PR";376;"351,2";"ORTIGUEIRA";"Ingestão de álcool";"Colisão lateral";"Com Vítimas Feridas";"Plena noite";"Decrescente";"Nublado";"Simples";"Curva";"Urbano";2;0;1;0;1;0;1;2
83523784;"13/12/16";"Terça";"14:00:00";"SP";116;"270";"TABOAO DA SERRA";"Falta de atenção";"Colisão traseira";"Com Vítimas Feridas";"Pleno dia";"Crescente";"Nublado";"Dupla";"Curva";"Urbano";2;0;1;0;0;1;1;2
83523785;"13/12/16";"Terça";"13:31:00";"TO";153;"140";"ARAGUAINA";"Outras";"Colisão com objeto fixo";"Sem Vítimas";"Pleno dia";"Decrescente";"Chuva";"Múltipla";"Reta";"Urbano";1;0;0;0;1;0;0;1
83523786;"13/12/16";"Terça";"12:20:00";"GO";60;"270";"JANDAIA";"Outras";"Saída de Pista";"Sem Vítimas";"Pleno dia";"Crescente";"Chuva";"Dupla";"Reta";"Rural";1;0;0;0;1;0;0;1
83523787;"04/12/16";"Domingo";"10:45:00";"PA";316;"9";"ANANINDEUA";"Desobediência à sinalização";"Colisão lateral";"Com Vítimas Feridas";"Pleno dia";"Crescente";"Sol";"Dupla";"Reta";"Urbano";2;0;0;1;0;1;1;2
83523788;"18/10/16";"Terça";"22:20:00";"SC";101;"209";"SAO JOSE";"Desobediência à sinalização";"Colisão Transversal";"Com Vítimas Feridas";"Plena noite";"Decrescente";"Ceu Claro";"Dupla";"Cruzamento";"Urbano";2;0;1;0;0;1;1;2
83523789;"13/12/16";"Terça";"14:10:00";"MS";163;"215,9";"CAARAPO";"Outras";"Saída de Pista";"Sem Vítimas";"Pleno dia";"Crescente";"Ceu Claro";"Simples";"Reta";"Urbano";1;0;0;0;1;0;0;1
83523791;"11/12/16";"Domingo";"02:20:00";"CE";304;"63,6";"ARACATI";"Defeito mecânico em veículo";"Saída de Pista";"Sem Vítimas";"Plena noite";"Crescente";"Ceu Claro";"Simples";"Reta";"Rural";1;0;0;0;1;0;0;1
83523792;"13/12/16";"Terça";"11:00:00";"MS";163;"622,4";"SAO GABRIEL DO OESTE";"Ingestão de álcool";"Tombamento";"Com Vítimas Feridas";"Pleno dia";"Decrescente";"Nublado";"Dupla";"Reta";"Rural";1;0;1;0;0;0;1;1
83523794;"09/12/16";"Sexta";"16:45:00";"PE";232;"144,5";"SAO CAITANO";"Falta de atenção";"Colisão traseira";"Sem Vítimas";"Pleno dia";"Crescente";"Ceu Claro";"Dupla";"Reta";"Rural";2;0;0;0;2;0;0;2
83523795;"13/12/16";"Terça";"11:00:00";"PR";153;"135,9";"VENTANIA";"Velocidade incompatível";"Tombamento";"Com Vítimas Feridas";"Pleno dia";"Crescente";"Ceu Claro";"Simples";"Curva";"Rural";1;0;1;0;0;0;1;1
83523796;"11/12/16";"Domingo";"22:00:00";"SP";116;"225";"GUARULHOS";"Defeito mecânico em veículo";"Colisão traseira";"Com Vítimas Feridas";"Plena noite";"Crescente";"Nublado";"Múltipla";"Reta";"Urbano";4;0;1;0;3;0;1;3
83523797;"05/12/16";"Segunda";"08:30:00";"RJ";116;"258";"VOLTA REDONDA";"Outras";"Queda de motocicleta / bicicleta / veículo";"Com Vítimas Feridas";"Pleno dia";"Decrescente";"Nublado";"Simples";"Curva";"Rural";1;0;1;0;0;0;1;1
83523798;"13/12/16";"Terça";"09:15:00";"GO";60;"195";"GUAPO";"Outras";"Saída de Pista";"Com Vítimas Feridas";"Pleno dia";"Crescente";"Chuva";"Dupla";"Curva";"Rural";1;0;1;0;0;0;1;1
83523799;"13/12/16";"Terça";"14:20:00";"MG";381;"490,7";"BETIM";"Falta de atenção";"Colisão traseira";"Sem Vítimas";"Pleno dia";"Decrescente";"Ceu Claro";"Dupla";"Reta";"Urbano";3;0;0;0;3;0;0;3
83523800;"10/12/16";"Sábado";"05:50:00";"GO";153;"511,9";"APARECIDA DE GOIANIA";"Ingestão de álcool";"Colisão Transversal";"Com Vítimas Feridas";"Amanhecer";"Crescente";"Ceu Claro";"Dupla";"Reta";"Urbano";2;0;2;0;0;0;2;2
83523801;"13/12/16";"Terça";"14:00:00";"SP";116;"146";"SAO JOSE DOS CAMPOS";"Falta de atenção";"Saída de Pista";"Sem Vítimas";"Pleno dia";"Decrescente";"Ceu Claro";"Múltipla";"Reta";"Urbano";1;0;0;0;1;0;0;1
83523802;"09/12/16";"Sexta";"23:40:00";"GO";153;"508,9";"APARECIDA DE GOIANIA";"Ingestão de álcool";"Colisão lateral";"Com Vítimas Feridas";"Plena noite";"Crescente";"Nublado";"Dupla";"Reta";"Urbano";4;0;3;0;1;0;3;2
83523803;"13/12/16";"Terça";"11:55:00";"PR";376;"628,5";"SAO JOSE DOS PINHAIS";"Desobediência à sinalização";"Colisão lateral";"Com Vítimas Feridas";"Pleno dia";"Crescente";"Ceu Claro";"Dupla";"Reta";"Urbano";3;0;0;2;1;0;2;2
83523804;"12/12/16";"Segunda";"06:40:00";"BA";116;"643,6";"JAGUAQUARA";"Defeito mecânico em veículo";"Colisão traseira";"Sem Vítimas";"Pleno dia";"Crescente";"Ceu Claro";"Simples";"Curva";"Rural";2;0;0;0;2;0;0;2
83523805;"13/12/16";"Terça";"15:00:00";"SC";101;"44,2";"JOINVILLE";"Outras";"Colisão lateral";"Sem Vítimas";"Pleno dia";"Decrescente";"Ceu Claro";"Dupla";"Reta";"Urbano";2;0;0;0;2;0;0;2
83523806;"10/12/16";"Sábado";"00:40:00";"SC";101;"105,5";"PENHA";"Outras";"Saída de Pista";"Sem Vítimas";"Plena noite";"Decrescente";"Chuva";"Dupla";"Reta";"Rural";1;0;0;0;1;0;0;1
83523807;"13/12/16";"Terça";"08:35:00";"RS";392;"309,6";"SAO SEPE";"Falta de atenção";"Colisão Transversal";"Com Vítimas Feridas";"Pleno dia";"Decrescente";"Sol";"Simples";"Reta";"Rural";2;0;1;1;0;0;2;2
83523808;"13/12/16";"Terça";"08:00:00";"GO";60;"455,6";"JATAI";"Falta de atenção";"Saída de Pista";"Sem Vítimas";"Amanhecer";"Crescente";"Nublado";"Dupla";"Reta";"Rural";4;0;0;0;4;0;0;1
83523809;"13/12/16";"Terça";"09:00:00";"PE";232;"370";"FLORES";"Outras";"Colisão traseira";"Sem Vítimas";"Pleno dia";"Crescente";"Sol";"Simples";"Reta";"Rural";2;0;0;0;2;0;0;2
83523810;"13/12/16";"Terça";"09:00:00";"MG";381;"429";"SABARA";"Velocidade incompatível";"Saída de Pista";"Sem Vítimas";"Pleno dia";"Decrescente";"Chuva";"Dupla";"Curva";"Rural";2;0;0;0;2;0;0;1
83523811;"13/12/16";"Terça";"13:50:00";"MT";364;"464";"VARZEA GRANDE";"Não guardar distância de segurança";"Saída de Pista";"Sem Vítimas";"Pleno dia";"Crescente";"Chuva";"Dupla";"Reta";"Urbano";1;0;0;0;1;0;0;1
83523812;"13/12/16";"Terça";"09:30:00";"GO";60;"274,8";"JANDAIA";"Velocidade incompatível";"Saída de Pista";"Sem Vítimas";"Pleno dia";"Decrescente";"Chuva";"Dupla";"Reta";"Rural";1;0;0;0;1;0;0;1
83523813;"06/12/16";"Terça";"18:00:00";"ES";259;"23,9";"JOAO NEIVA";"Outras";"Incêndio";"Sem Vítimas";"Anoitecer";"Decrescente";"Ceu Claro";"Simples";"Reta";"Rural";1;0;0;0;1;0;0;1
83523814;"13/12/16";"Terça";"12:40:00";"PE";101;"66,1";"RECIFE";"Falta de atenção";"Colisão lateral";"Com Vítimas Feridas";"Pleno dia";"Decrescente";"Ceu Claro";"Dupla";"Reta";"Urbano";4;0;1;0;3;0;1;3
83523815;"13/12/16";"Terça";"11:27:00";"RO";364;"237,1";"CACOAL";"Falta de atenção";"Colisão lateral";"Com Vítimas Feridas";"Pleno dia";"Crescente";"Ceu Claro";"Simples";"Reta";"Urbano";2;0;1;0;1;0;1;2
83523816;"02/12/16";"Sexta";"08:30:00";"RJ";116;"167";"SAO JOAO DE MERITI";"Outras";"Colisão traseira";"Com Vítimas Feridas";"Pleno dia";"Decrescente";"Sol";"Múltipla";"Reta";"Urbano";2;0;1;0;1;0;1;2
83523817;"13/12/16";"Terça";"16:05:00";"ES";262;"24";"VIANA";"Velocidade incompatível";"Queda de motocicleta / bicicleta / veículo";"Com Vítimas Feridas";"Pleno dia";"Decrescente";"Nublado";"Simples";"Curva";"Rural";1;0;0;1;0;0;1;1
83523818;"13/12/16";"Terça";"06:15:00";"PB";230;"130,2";"MASSARANDUBA";"Velocidade incompatível";"Saída de Pista";"Com Vítimas Feridas";"Amanhecer";"Decrescente";"Chuva";"Dupla";"Curva";"Rural";1;0;1;0;0;0;1;1
83523819;"13/12/16";"Terça";"07:30:00";"MG";365;"107";"JEQUITAI";"Velocidade incompatível";"Saída de Pista";"Sem Vítimas";"Pleno dia";"Decrescente";"Chuva";"Simples";"Reta";"Rural";1;0;0;0;1;0;0;1
83523820;"13/12/16";"Terça";"15:30:00";"RJ";393;"152";"TRES RIOS";"Velocidade incompatível";"Tombamento";"Com Vítimas Feridas";"Pleno dia";"Crescente";"Sol";"Simples";"Curva";"Rural";2;0;2;0;0;0;2;1
83523822;"13/12/16";"Terça";"15:30:00";"RS";392;"90,5";"PELOTAS";"Outras";"Saída de Pista";"Sem Vítimas";"Pleno dia";"Crescente";"Ceu Claro";"Simples";"Curva";"Rural";1;0;0;0;1;0;0;1
83523823;"13/12/16";"Terça";"16:00:00";"BA";407;"125";"SENHOR DO BONFIM";"Falta de atenção";"Colisão Transversal";"Sem Vítimas";"Pleno dia";"Decrescente";"Sol";"Simples";"Reta";"Rural";2;0;0;0;2;0;0;2
83523824;"13/12/16";"Terça";"07:30:00";"CE";222;"297";"TIANGUA";"Defeito na via";"Colisão frontal";"Com Vítimas Feridas";"Amanhecer";"Crescente";"Nevoeiro/neblina";"Simples";"Curva";"Rural";3;0;1;0;2;0;1;2
83523825;"13/12/16";"Terça";"15:40:00";"SP";488;"0,8";"APARECIDA";"Falta de atenção";"Colisão Transversal";"Com Vítimas Feridas";"Pleno dia";"Crescente";"Nublado";"Dupla";"Reta";"Urbano";2;0;0;1;1;0;1;2
83523826;"09/12/16";"Sexta";"15:00:00";"RO";364;"183,9";"PIMENTA BUENO";"Outras";"Saída de Pista";"Sem Vítimas";"Pleno dia";"Decrescente";"Chuva";"Simples";"Curva";"Rural";1;0;0;0;1;0;0;1
83523827;"13/12/16";"Terça";"13:00:00";"MG";146;"514,3";"POCOS DE CALDAS";"Não guardar distância de segurança";"Colisão traseira";"Com Vítimas Feridas";"Pleno dia";"Decrescente";"Ceu Claro";"Simples";"Reta";"Rural";3;0;1;0;2;0;1;3
83523828;"10/12/16";"Sábado";"19:00:00";"MT";70;"1";"BARRA DO GARCAS";"Falta de atenção";"Colisão lateral";"Com Vítimas Feridas";"Plena noite";"Decrescente";"Nublado";"Simples";"Reta";"Urbano";2;0;0;1;0;1;1;2
83523829;"13/12/16";"Terça";"10:20:00";"BA";242;"781";"BARREIRAS";"Velocidade incompatível";"Colisão com objeto fixo";"Sem Vítimas";"Pleno dia";"Crescente";"Chuva";"Simples";"Curva";"Rural";2;0;0;0;2;0;0;1
83523830;"13/12/16";"Terça";"12:00:00";"SC";163;"92";"GUARACIABA";"Ultrapassagem indevida";"Colisão lateral";"Com Vítimas Feridas";"Pleno dia";"Crescente";"Ceu Claro";"Simples";"Reta";"Rural";2;0;1;0;1;0;1;2
83523831;"13/12/16";"Terça";"17:00:00";"SC";101;"111,4";"NAVEGANTES";"Falta de atenção";"Colisão lateral";"Com Vítimas Feridas";"Pleno dia";"Crescente";"Ceu Claro";"Dupla";"Cruzamento";"Urbano";2;0;1;0;1;0;1;2
83523832;"13/12/16";"Terça";"17:00:00";"GO";60;"92,1";"ANAPOLIS";"Falta de atenção";"Colisão traseira";"Sem Vítimas";"Pleno dia";"Decrescente";"Ceu Claro";"Simples";"Curva";"Urbano";7;0;0;0;7;0;0;2
83523833;"13/12/16";"Terça";"07:00:00";"MG";381;"732,5";"CARMO DA CACHOEIRA";"Velocidade incompatível";"Saída de Pista";"Sem Vítimas";"Pleno dia";"Decrescente";"Ignorada";"Dupla";"Curva";"Rural";1;0;0;0;1;0;0;1
83523834;"31/10/16";"Segunda";"18:10:00";"BA";116;"422";"FEIRA DE SANTANA";"Falta de atenção";"Colisão lateral";"Sem Vítimas";"Plena noite";"Crescente";"Ceu Claro";"Dupla";"Reta";"Urbano";2;0;0;0;2;0;0;2
83523835;"13/12/16";"Terça";"13:40:00";"MG";146;"495,6";"BOTELHOS";"Velocidade incompatível";"Saída de Pista";"Sem Vítimas";"Pleno dia";"Crescente";"Nublado";"Simples";"Curva";"Rural";2;0;0;0;2;0;0;1
83523836;"13/12/16";"Terça";"15:15:00";"PR";376;"136,9";"NOVA ESPERANCA";"Outras";"Tombamento";"Sem Vítimas";"Pleno dia";"Crescente";"Sol";"Dupla";"Reta";"Urbano";1;0;0;0;1;0;0;1
83523837;"13/12/16";"Terça";"16:30:00";"RS";101;"39";"TRES FORQUILHAS";"Falta de atenção";"Atropelamento de pessoa";"Com Vítimas Fatais";"Pleno dia";"Crescente";"Sol";"Dupla";"Curva";"Rural";2;1;0;0;1;0;0;1
83523838;"13/12/16";"Terça";"13:30:00";"SC";280;"66";"JARAGUA DO SUL";"Falta de atenção";"Colisão Transversal";"Com Vítimas Feridas";"Pleno dia";"Crescente";"Sol";"Simples";"Reta";"Urbano";3;0;2;0;1;0;2;2
83523839;"13/12/16";"Terça";"15:30:00";"PI";316;"317";"PICOS";"Falta de atenção";"Colisão Transversal";"Com Vítimas Feridas";"Pleno dia";"Crescente";"Nublado";"Simples";"Reta";"Rural";6;0;2;0;4;0;2;2
83523840;"13/12/16";"Terça";"13:55:00";"BA";324;"555";"AMELIA RODRIGUES";"Falta de atenção";"Colisão traseira";"Com Vítimas Feridas";"Pleno dia";"Decrescente";"Nublado";"Dupla";"Reta";"Urbano";2;0;1;0;1;0;1;2
83523841;"10/12/16";"Sábado";"06:57:00";"MS";163;"481,2";"CAMPO GRANDE";"Falta de atenção";"Saída de Pista";"Ignorado";"Amanhecer";"Decrescente";"Ceu Claro";"Simples";"Curva";"Rural";1;0;0;0;0;1;0;1
83523842;"13/12/16";"Terça";"11:20:00";"BA";324;"622";"SALVADOR";"Falta de atenção";"Colisão traseira";"Com Vítimas Feridas";"Pleno dia";"Crescente";"Nublado";"Dupla";"Reta";"Rural";3;0;1;0;2;0;1;2
83523843;"08/12/16";"Quinta";"07:15:00";"BA";407;"125,5";"SENHOR DO BONFIM";"Falta de atenção";"Colisão Transversal";"Com Vítimas Feridas";"Pleno dia";"Decrescente";"Ceu Claro";"Simples";"Reta";"Urbano";2;0;1;0;1;0;1;2
83523844;"13/12/16";"Terça";"15:50:00";"SP";116;"129,1";"CACAPAVA";"Outras";"Colisão lateral";"Com Vítimas Fatais";"Pleno dia";"Decrescente";"Nublado";"Dupla";"Reta";"Urbano";4;1;1;0;1;1;1;3
83523845;"09/12/16";"Sexta";"22:00:00";"RS";116;"346";"SENTINELA DO SUL";"Outras";"Saída de Pista";"Sem Vítimas";"Plena noite";"Crescente";"Nublado";"Simples";"Reta";"Rural";1;0;0;0;1;0;0;1
83523846;"13/12/16";"Terça";"12:15:00";"MG";381;"671,5";"PERDOES";"Velocidade incompatível";"Capotamento";"Com Vítimas Feridas";"Pleno dia";"Crescente";"Ignorada";"Dupla";"Curva";"Rural";2;0;2;0;0;0;2;1
83523847;"29/11/16";"Terça";"07:00:00";"DF";40;"3";"BRASILIA";"Falta de atenção";"Colisão traseira";"Com Vítimas Feridas";"Pleno dia";"Decrescente";"Ceu Claro";"Dupla";"Reta";"Urbano";3;0;1;0;2;0;1;2
83523848;"13/12/16";"Terça";"14:00:00";"SC";163;"97";"SAO JOSE DO CEDRO";"Falta de atenção";"Saída de Pista";"Com Vítimas Feridas";"Pleno dia";"Decrescente";"Ceu Claro";"Simples";"Reta";"Rural";2;0;1;0;1;0;1;1
83523849;"12/12/16";"Segunda";"19:25:00";"RO";364;"710";"PORTO VELHO";"Falta de atenção";"Atropelamento de pessoa";"Com Vítimas Feridas";"Plena noite";"Decrescente";"Ceu Claro";"Dupla";"Reta";"Urbano";2;0;1;0;1;0;1;1
83523851;"13/12/16";"Terça";"13:50:00";"SP";101;"45,1";"UBATUBA";"Falta de atenção";"Colisão Transversal";"Com Vítimas Feridas";"Pleno dia";"Crescente";"Nublado";"Simples";"Reta";"Urbano";3;0;1;1;1;0;2;2
83523852;"13/12/16";"Terça";"18:10:00";"PR";369;"149,4";"LONDRINA";"Outras";"Queda de motocicleta / bicicleta / veículo";"Com Vítimas Feridas";"Pleno dia";"Decrescente";"Ceu Claro";"Dupla";"Reta";"Urbano";1;0;1;0;0;0;1;1