"id";"data_inversa";"dia_semana";"horario";"uf";"br";"km";"municipio";"causa_acidente";"tipo_acidente";"classificacao_acidente";"fase_dia";"sentido_via";"condicao_metereologica";"tipo_pista";"tracado_via";"uso_solo";"pessoas";"mortos";"feridos_leves";"feridos_graves";"ilesos";"ignorados";"feridos";"veiculos"
83523853;"13/12/16";"Terça";"12:00:00";"MS";262;"325";"CAMPO GRANDE";"Outras";"Colisão lateral";"Com Vítimas Feridas";"Pleno dia";"Crescente";"Chuva";"Simples";"Reta";"Urbano";8;0;0;1;7;0;1;3
83523854;"13/12/16";"Terça";"14:45:00";"MG";262;"61,6";"MATIPO";"Velocidade incompatível";"Tombamento";"Com Vítimas Feridas";"Pleno dia";"Crescente";"Ceu Claro";"Simples";"Curva";"Rural";1;0;1;0;0;0;1;1
83523855;"10/12/16";"Sábado";"07:20:00";"SP";381;"84";"SAO PAULO";"Velocidade incompatível";"Capotamento";"Com Vítimas Feridas";"Amanhecer";"Crescente";"Ceu Claro";"Múltipla";"Reta";"Urbano";2;0;1;0;0;1;1;1
83523856;"13/12/16";"Terça";"16:00:00";"SE";235;"54";"ITABAIANA";"Falta de atenção";"Colisão Transversal";"Com Vítimas Feridas";"Pleno dia";"Crescente";"Ceu Claro";"Simples";"Reta";"Urbano";2;0;1;0;1;0;1;2
83523857;"13/12/16";"Terça";"12:30:00";"SC";282;"143,5";"BOM RETIRO";"Velocidade incompatível";"Saída de Pista";"Com Vítimas Feridas";"Pleno dia";"Decrescente";"Ceu Claro";"Simples";"Curva";"Rural";1;0;0;1;0;0;1;1
83523858;"13/12/16";"Terça";"17:20:00";"RS";285;"493,2";"ENTRE IJUIS";"Falta de atenção";"Saída de Pista";"Sem Vítimas";"Pleno dia";"Decrescente";"Chuva";"Simples";"Curva";"Rural";2;0;0;0;2;0;0;1
83523859;"12/12/16";"Segunda";"00:30:00";"SC";470;"184";"POUSO REDONDO";"Outras";"Capotamento";"Sem Vítimas";"Plena noite";"Decrescente";"Ceu Claro";"Simples";"Reta";"Urbano";1;0;0;0;1;0;0;1
83523860;"13/12/16";"Terça";"15:35:00";"MG";262;"460,1";"NOVA SERRANA";"Outras";"Colisão com objeto fixo";"Sem Vítimas";"Pleno dia";"Crescente";"Nublado";"Simples";"Reta";"Rural";1;0;0;0;1;0;0;1
83523861;"13/12/16";"Terça";"18:30:00";"MG";40;"274";"TRES MARIAS";"Falta de atenção";"Colisão traseira";"Com Vítimas Feridas";"Pleno dia";"Decrescente";"Ceu Claro";"Simples";"Reta";"Urbano";2;0;0;1;1;0;1;2
83523862;"09/12/16";"Sexta";"17:30:00";"BA";101;"912";"NOVA VICOSA";"Não guardar distância de segurança";"Colisão traseira";"Sem Vítimas";"Anoitecer";"Decrescente";"Ceu Claro";"Simples";"Reta";"Rural";2;0;0;0;2;0;0;2
83523864;"13/12/16";"Terça";"18:10:00";"PI";343;"301,1";"ALTOS";"Animais na Pista";"Atropelamento de animal";"Com Vítimas Feridas";"Plena noite";"Crescente";"Nublado";"Simples";"Reta";"Rural";2;0;1;0;1;0;1;1
83523865;"13/12/16";"Terça";"19:30:00";"SC";101;"219";"PALHOCA";"Defeito mecânico em veículo";"Queda de motocicleta / bicicleta / veículo";"Com Vítimas Feridas";"Anoitecer";"Decrescente";"Chuva";"Dupla";"Reta";"Urbano";2;0;1;1;0;0;2;1
83523866;"13/12/16";"Terça";"13:00:00";"MA";230;"318";"SAO RAIMUNDO DAS MANGABEIRAS";"Falta de atenção";"Tombamento";"Com Vítimas Fatais";"Pleno dia";"Crescente";"Nublado";"Simples";"Curva";"Rural";2;1;0;0;1;0;0;1
83523867;"13/12/16";"Terça";"16:40:00";"MG";262;"594,5";"CAMPOS ALTOS";"Velocidade incompatível";"Colisão frontal";"Com Vítimas Feridas";"Pleno dia";"Crescente";"Chuva";"Simples";"Curva";"Rural";2;0;1;0;1;0;1;2
83523868;"13/12/16";"Terça";"11:50:00";"BA";242;"780";"BARREIRAS";"Velocidade incompatível";"Colisão lateral";"Sem Vítimas";"Pleno dia";"Decrescente";"Chuva";"Simples";"Curva";"Rural";3;0;0;0;2;1;0;2
83523869;"13/12/16";"Terça";"18:50:00";"SC";282;"45,9";"AGUAS MORNAS";"Velocidade incompatível";"Colisão lateral";"Com Vítimas Feridas";"Anoitecer";"Crescente";"Chuva";"Simples";"Curva";"Rural";2;0;1;0;1;0;1;2
83523870;"13/12/16";"Terça";"13:00:00";"PI";135;"371";"BOM JESUS";"Outras";"Saída de Pista";"Com Vítimas Feridas";"Pleno dia";"Crescente";"Chuva";"Simples";"Reta";"Rural";1;0;0;1;0;0;1;1
83523871;"11/12/16";"Domingo";"19:00:00";"MG";381;"912,9";"CAMANDUCAIA";"Velocidade incompatível";"Colisão com objeto fixo";"Sem Vítimas";"Anoitecer";"Decrescente";"Chuva";"Dupla";"Curva";"Rural";5;0;0;0;5;0;0;1
83523872;"13/12/16";"Terça";"17:00:00";"MG";50;"62";"UBERLANDIA";"Velocidade incompatível";"Saída de Pista";"Com Vítimas Feridas";"Pleno dia";"Crescente";"Chuva";"Dupla";"Curva";"Rural";1;0;1;0;0;0;1;1
83523873;"13/12/16";"Terça";"17:05:00";"SC";101;"243";"PALHOCA";"Outras";"Colisão com objeto fixo";"Sem Vítimas";"Pleno dia";"Decrescente";"Ceu Claro";"Dupla";"Reta";"Urbano";1;0;0;0;1;0;0;1
83523874;"13/12/16";"Terça";"17:25:00";"MG";381;"688";"LAVRAS";"Dormindo";"Saída de Pista";"Sem Vítimas";"Pleno dia";"Crescente";"Ignorada";"Dupla";"Reta";"Rural";1;0;0;0;1;0;0;1
83523876;"10/12/16";"Sábado";"23:10:00";"TO";153;"147";"ARAGUAINA";"Falta de atenção";"Colisão com bicicleta";"Com Vítimas Feridas";"Plena noite";"Decrescente";"Nublado";"Múltipla";"Reta";"Urbano";3;0;3;0;0;0;3;2
83523877;"13/12/16";"Terça";"15:40:00";"PR";369;"113";"URAI";"Defeito mecânico em veículo";"Saída de Pista";"Sem Vítimas";"Pleno dia";"Decrescente";"Ceu Claro";"Simples";"Curva";"Rural";1;0;0;0;1;0;0;1
83523878;"13/12/16";"Terça";"17:00:00";"MG";50;"54";"ARAGUARI";"Outras";"Tombamento";"Sem Vítimas";"Pleno dia";"Crescente";"Chuva";"Dupla";"Reta";"Rural";1;0;0;0;1;0;0;1
83523879;"11/12/16";"Domingo";"05:49:00";"BA";101;"366";"GANDU";"Velocidade incompatível";"Colisão Transversal";"Com Vítimas Fatais";"Amanhecer";"Crescente";"Ceu Claro";"Simples";"Curva";"Urbano";5;4;0;0;1;0;0;2
83523880;"13/12/16";"Terça";"14:30:00";"PE";232;"4";"RECIFE";"Outras";"Colisão traseira";"Com Vítimas Feridas";"Pleno dia";"Decrescente";"Ceu Claro";"Dupla";"Curva";"Urbano";3;0;2;0;0;1;2;2
83523881;"13/12/16";"Terça";"15:00:00";"BA";101;"186,5";"SAO GONCALO DOS CAMPOS";"Não guardar distância de segurança";"Colisão traseira";"Com Vítimas Feridas";"Pleno dia";"Decrescente";"Sol";"Simples";"Reta";"Rural";4;0;1;0;3;0;1;2
83523882;"13/12/16";"Terça";"19:05:00";"RJ";101;"400";"ITAGUAI";"Outras";"Capotamento";"Sem Vítimas";"Pleno dia";"Decrescente";"Nublado";"Dupla";"Reta";"Urbano";3;0;0;0;2;1;0;2
83523883;"13/12/16";"Terça";"20:10:00";"PR";116;"87";"SAO JOSE DOS PINHAIS";"Outras";"Atropelamento de pessoa";"Com Vítimas Feridas";"Pleno dia";"Crescente";"Ceu Claro";"Dupla";"Reta";"Rural";2;0;1;0;1;0;1;1
83523884;"13/12/16";"Terça";"20:15:00";"PR";116;"97";"SAO JOSE DOS PINHAIS";"Outras";"Queda de motocicleta / bicicleta / veículo";"Com Vítimas Feridas";"Pleno dia";"Crescente";"Ceu Claro";"Dupla";"Reta";"Rural";1;0;0;1;0;0;1;1
83523885;"13/12/16";"Terça";"08:00:00";"PR";476;"114";"COLOMBO";"Falta de atenção";"Atropelamento de pessoa";"Com Vítimas Feridas";"Pleno dia";"Crescente";"Nublado";"Simples";"Cruzamento";"Rural";2;0;0;1;1;0;1;1
83523886;"13/12/16";"Terça";"17:20:00";"MG";381;"559";"ITAGUARA";"Velocidade incompatível";"Colisão com objeto fixo";"Sem Vítimas";"Pleno dia";"Crescente";"Chuva";"Dupla";"Curva";"Rural";1;0;0;0;1;0;0;1
83523887;"04/12/16";"Domingo";"18:30:00";"RR";174;"512";"BOA VISTA";"Outras";"Atropelamento de pessoa";"Com Vítimas Feridas";"Plena noite";"Decrescente";"Ceu Claro";"Simples";"Curva";"Rural";3;0;1;0;1;1;1;1
83523888;"04/12/16";"Domingo";"20:05:00";"RJ";101;"51";"CAMPOS DOS GOYTACAZES";"Falta de atenção";"Colisão Transversal";"Com Vítimas Feridas";"Plena noite";"Decrescente";"Ceu Claro";"Simples";"Reta";"Urbano";2;0;1;0;1;0;1;2
83523889;"13/12/16";"Terça";"17:00:00";"RS";116;"222,1";"DOIS IRMAOS";"Falta de atenção";"Colisão lateral";"Com Vítimas Feridas";"Pleno dia";"Decrescente";"Ceu Claro";"Dupla";"Reta";"Urbano";3;0;1;1;1;0;2;2
83523890;"13/12/16";"Terça";"05:00:00";"PB";230;"126,5";"RIACHAO DO BACAMARTE";"Defeito mecânico em veículo";"Colisão traseira";"Com Vítimas Feridas";"Amanhecer";"Crescente";"Nublado";"Dupla";"Curva";"Rural";2;0;1;0;1;0;1;2
83523891;"13/12/16";"Terça";"12:40:00";"BA";242;"812";"BARREIRAS";"Velocidade incompatível";"Colisão Transversal";"Com Vítimas Feridas";"Pleno dia";"Decrescente";"Chuva";"Simples";"Curva";"Rural";2;0;1;0;1;0;1;2
83523892;"13/12/16";"Terça";"11:00:00";"MG";381;"311";"ANTONIO DIAS";"Velocidade incompatível";"Colisão frontal";"Com Vítimas Feridas";"Pleno dia";"Crescente";"Chuva";"Simples";"Curva";"Rural";2;0;1;0;1;0;1;2
83523893;"13/12/16";"Terça";"17:00:00";"PR";277;"649,9";"MATELANDIA";"Não guardar distância de segurança";"Colisão traseira";"Com Vítimas Feridas";"Pleno dia";"Crescente";"Ceu Claro";"Simples";"Reta";"Rural";5;0;2;0;2;1;2;3
83523894;"13/12/16";"Terça";"18:20:00";"BA";116;"426";"FEIRA DE SANTANA";"Desobediência à sinalização";"Colisão frontal";"Com Vítimas Feridas";"Plena noite";"Crescente";"Ceu Claro";"Simples";"Reta";"Urbano";2;0;0;1;1;0;1;2
83523895;"13/12/16";"Terça";"17:45:00";"MT";364;"278";"JACIARA";"Outras";"Saída de Pista";"Sem Vítimas";"Anoitecer";"Decrescente";"Chuva";"Dupla";"Curva";"Rural";4;0;0;0;4;0;0;1
83523896;"13/12/16";"Terça";"15:30:00";"MT";364;"264";"SAO PEDRO DA CIPA";"Falta de atenção";"Colisão frontal";"Sem Vítimas";"Pleno dia";"Decrescente";"Ceu Claro";"Simples";"Reta";"Urbano";2;0;0;0;2;0;0;2
83523897;"13/12/16";"Terça";"19:30:00";"RJ";116;"314,3";"RESENDE";"Outras";"Colisão traseira";"Com Vítimas Feridas";"Anoitecer";"Crescente";"Chuva";"Dupla";"Reta";"Rural";4;0;1;0;3;0;1;4
83523898;"13/12/16";"Terça";"15:30:00";"GO";50;"305,9";"CUMARI";"Velocidade incompatível";"Capotamento";"Com Vítimas Feridas";"Pleno dia";"Crescente";"Chuva";"Simples";"Curva";"Rural";1;0;0;1;0;0;1;1
83523899;"13/12/16";"Terça";"18:00:00";"SC";470;"237,4";"CURITIBANOS";"Falta de atenção";"Colisão traseira";"Sem Vítimas";"Pleno dia";"Decrescente";"Ceu Claro";"Simples";"Reta";"Rural";2;0;0;0;2;0;0;2
83523900;"13/12/16";"Terça";"16:40:00";"SC";280;"168";"MAFRA";"Falta de atenção";"Queda de motocicleta / bicicleta / veículo";"Com Vítimas Feridas";"Pleno dia";"Decrescente";"Ceu Claro";"Simples";"Reta";"Urbano";2;0;2;0;0;0;2;2
83523901;"13/12/16";"Terça";"20:30:00";"GO";60;"113,1";"GOIANAPOLIS";"Falta de atenção";"Colisão traseira";"Com Vítimas Feridas";"Plena noite";"Decrescente";"Nublado";"Dupla";"Reta";"Rural";3;0;0;1;2;0;1;2
83523902;"13/12/16";"Terça";"20:45:00";"SP";116;"37,5";"CACHOEIRA PAULISTA";"Outras";"Colisão traseira";"Com Vítimas Feridas";"Plena noite";"Decrescente";"Chuva";"Dupla";"Reta";"Rural";2;0;1;0;1;0;1;2
83523903;"13/12/16";"Terça";"22:20:00";"MG";40;"276,5";"TRES MARIAS";"Velocidade incompatível";"Saída de Pista";"Com Vítimas Feridas";"Plena noite";"Decrescente";"Chuva";"Simples";"Reta";"Urbano";1;0;1;0;0;0;1;1
83523904;"01/12/16";"Quinta";"12:50:00";"PR";376;"660";"TIJUCAS DO SUL";"Defeito mecânico em veículo";"Saída de Pista";"Sem Vítimas";"Pleno dia";"Crescente";"Ceu Claro";"Dupla";"Curva";"Rural";1;0;0;0;1;0;0;1
83523905;"09/12/16";"Sexta";"13:40:00";"PR";376;"421";"TIBAGI";"Velocidade incompatível";"Saída de Pista";"Sem Vítimas";"Pleno dia";"Decrescente";"Chuva";"Simples";"Curva";"Rural";1;0;0;0;1;0;0;1
83523906;"13/12/16";"Terça";"20:40:00";"SC";116;"214,1";"PONTE ALTA";"Velocidade incompatível";"Capotamento";"Com Vítimas Feridas";"Plena noite";"Crescente";"Ceu Claro";"Simples";"Reta";"Rural";2;0;2;0;0;0;2;1
83523907;"13/12/16";"Terça";"18:30:00";"MT";174;"432";"COMODORO";"Outras";"Colisão lateral";"Com Vítimas Feridas";"Anoitecer";"Decrescente";"Chuva";"Simples";"Curva";"Rural";2;0;0;1;1;0;1;2
83523908;"13/12/16";"Terça";"20:00:00";"PR";376;"600,6";"CURITIBA";"Falta de atenção";"Colisão lateral";"Sem Vítimas";"Plena noite";"Decrescente";"Ceu Claro";"Dupla";"Reta";"Urbano";2;0;0;0;2;0;0;2
83523909;"09/12/16";"Sexta";"19:30:00";"RN";427;"98,5";"CAICO";"Falta de atenção";"Colisão Transversal";"Com Vítimas Feridas";"Plena noite";"Crescente";"Ceu Claro";"Simples";"Reta";"Urbano";3;0;1;0;2;0;1;2
83523910;"13/12/16";"Terça";"22:30:00";"GO";153;"226,5";"HIDROLINA";"Não guardar distância de segurança";"Colisão traseira";"Com Vítimas Feridas";"Plena noite";"Decrescente";"Chuva";"Simples";"Reta";"Rural";3;0;1;0;2;0;1;2
83523911;"13/12/16";"Terça";"21:45:00";"MG";381;"481";"BETIM";"Outras";"Atropelamento de pessoa";"Com Vítimas Feridas";"Plena noite";"Crescente";"Nublado";"Dupla";"Reta";"Urbano";3;0;2;1;0;0;3;1
83523912;"13/12/16";"Terça";"18:30:00";"RS";116;"247,9";"SAO LEOPOLDO";"Ultrapassagem indevida";"Queda de motocicleta / bicicleta / veículo";"Com Vítimas Feridas";"Pleno dia";"Decrescente";"Nublado";"Dupla";"Reta";"Urbano";1;0;1;0;0;0;1;1
83523914;"13/12/16";"Terça";"22:30:00";"PE";101;"10,8";"GOIANA";"Dormindo";"Colisão traseira";"Sem Vítimas";"Plena noite";"Crescente";"Ceu Claro";"Dupla";"Reta";"Rural";2;0;0;0;1;1;0;2
83523915;"13/12/16";"Terça";"18:00:00";"SC";101;"39";"JOINVILLE";"Falta de atenção";"Colisão lateral";"Sem Vítimas";"Pleno dia";"Decrescente";"Ceu Claro";"Dupla";"Reta";"Urbano";2;0;0;0;2;0;0;2
83523916;"13/12/16";"Terça";"19:40:00";"MT";364;"78";"ALTO GARCAS";"Ultrapassagem indevida";"Colisão traseira";"Sem Vítimas";"Anoitecer";"Decrescente";"Chuva";"Simples";"Reta";"Rural";2;0;0;0;2;0;0;2
83523917;"13/12/16";"Terça";"10:00:00";"SP";116;"171,3";"JACAREI";"Outras";"Colisão lateral";"Com Vítimas Feridas";"Pleno dia";"Decrescente";"Ceu Claro";"Dupla";"Reta";"Rural";2;0;0;1;1;0;1;2
83523918;"14/12/16";"Quarta";"00:30:00";"SP";153;"75,5";"BADY BASSITT";"Outras";"Saída de Pista";"Sem Vítimas";"Plena noite";"Crescente";"Chuva";"Dupla";"Reta";"Rural";1;0;0;0;1;0;0;1
83523919;"13/12/16";"Terça";"17:00:00";"AL";101;"129";"SAO MIGUEL DOS CAMPOS";"Desobediência à sinalização";"Colisão Transversal";"Com Vítimas Fatais";"Anoitecer";"Decrescente";"Ceu Claro";"Simples";"Reta";"Rural";5;1;1;1;2;0;2;2
83523920;"13/12/16";"Terça";"07:15:00";"SC";101;"259,7";"PAULO LOPES";"Dormindo";"Colisão com objeto fixo";"Com Vítimas Feridas";"Pleno dia";"Crescente";"Nublado";"Dupla";"Curva";"Rural";1;0;1;0;0;0;1;1
83523921;"13/12/16";"Terça";"15:45:00";"SP";153;"73";"SAO JOSE DO RIO PRETO";"Defeito mecânico em veículo";"Queda de motocicleta / bicicleta / veículo";"Com Vítimas Feridas";"Pleno dia";"Crescente";"Nublado";"Simples";"Reta";"Rural";1;0;1;0;0;0;1;1
83523922;"13/12/16";"Terça";"15:15:00";"RS";285;"315";"PASSO FUNDO";"Velocidade incompatível";"Saída de Pista";"Sem Vítimas";"Pleno dia";"Decrescente";"Chuva";"Simples";"Curva";"Rural";2;0;0;0;2;0;0;1
83523923;"14/12/16";"Quarta";"01:30:00";"PR";153;"29,5";"SANTO ANTONIO DA PLATINA";"Outras";"Saída de Pista";"Ignorado";"Plena noite";"Decrescente";"Nublado";"Simples";"Curva";"Rural";1;0;0;0;0;1;0;1
83523924;"13/12/16";"Terça";"20:45:00";"SC";101;"284,5";"IMBITUBA";"Defeito mecânico em veículo";"Saída de Pista";"Sem Vítimas";"Plena noite";"Decrescente";"Chuva";"Dupla";"Reta";"Urbano";1;0;0;0;1;0;0;1
83523925;"13/12/16";"Terça";"21:24:00";"MS";163;"483,2";"CAMPO GRANDE";"Desobediência à sinalização";"Colisão frontal";"Com Vítimas Feridas";"Plena noite";"Crescente";"Chuva";"Simples";"Reta";"Urbano";4;0;0;3;1;0;3;3
83523926;"13/12/16";"Terça";"14:05:00";"RS";116;"248,7";"SAO LEOPOLDO";"Outras";"Colisão lateral";"Sem Vítimas";"Pleno dia";"Decrescente";"Nublado";"Dupla";"Reta";"Urbano";2;0;0;0;1;1;0;2
83523927;"14/12/16";"Quarta";"01:00:00";"MG";381;"192,7";"PERIQUITO";"Dormindo";"Saída de Pista";"Com Vítimas Feridas";"Plena noite";"Crescente";"Chuva";"Simples";"Reta";"Rural";1;0;1;0;0;0;1;1
83523928;"14/12/16";"Quarta";"02:00:00";"MG";381;"487";"BETIM";"Outras";"Capotamento";"Sem Vítimas";"Plena noite";"Crescente";"Chuva";"Dupla";"Curva";"Urbano";2;0;0;0;2;0;0;2
83523929;"13/12/16";"Terça";"11:30:00";"CE";116;"5,5";"FORTALEZA";"Falta de atenção";"Colisão lateral";"Com Vítimas Feridas";"Pleno dia";"Crescente";"Ceu Claro";"Simples";"Reta";"Urbano";2;0;1;0;1;0;1;2
83523930;"13/12/16";"Terça";"23:45:00";"SC";101;"37,8";"JOINVILLE";"Outras";"Colisão lateral";"Com Vítimas Feridas";"Plena noite";"Crescente";"Nublado";"Dupla";"Reta";"Urbano";3;0;1;1;1;0;2;3
83523932;"13/12/16";"Terça";"16:45:00";"GO";251;"29,2";"CRISTALINA";"Desobediência à sinalização";"Colisão Transversal";"Com Vítimas Feridas";"Pleno dia";"Decrescente";"Ceu Claro";"Simples";"Reta";"Urbano";4;0;1;1;2;0;2;2
83523933;"14/12/16";"Quarta";"03:20:00";"MG";365;"411";"PATOS DE MINAS";"Outras";"Incêndio";"Ignorado";"Plena noite";"Crescente";"Nevoeiro/neblina";"Simples";"Reta";"Rural";1;0;0;0;0;1;0;1
83523934;"14/12/16";"Quarta";"02:00:00";"SP";116;"461,2";"PARIQUERA-ACU";"Ingestão de álcool";"Colisão traseira";"Sem Vítimas";"Plena noite";"Crescente";"Nublado";"Dupla";"Reta";"Rural";3;0;0;0;3;0;0;3
83523935;"14/12/16";"Quarta";"03:10:00";"DF";60;"30";"BRASILIA";"Outras";"Saída de Pista";"Com Vítimas Feridas";"Plena noite";"Decrescente";"Ceu Claro";"Dupla";"Curva";"Rural";1;0;1;0;0;0;1;1
83523936;"13/12/16";"Terça";"06:40:00";"RJ";101;"72";"CAMPOS DOS GOYTACAZES";"Outras";"Queda de motocicleta / bicicleta / veículo";"Com Vítimas Feridas";"Pleno dia";"Decrescente";"Nublado";"Simples";"Reta";"Urbano";1;0;1;0;0;0;1;1
83523937;"01/12/16";"Quinta";"22:50:00";"PB";230;"92";"GURINHEM";"Ingestão de álcool";"Colisão com objeto fixo";"Com Vítimas Feridas";"Plena noite";"Crescente";"Ceu Claro";"Dupla";"Reta";"Urbano";1;0;1;0;0;0;1;1
83523938;"13/12/16";"Terça";"10:30:00";"RJ";116;"228";"PIRAI";"Outras";"Tombamento";"Com Vítimas Feridas";"Pleno dia";"Crescente";"Ceu Claro";"Simples";"Curva";"Urbano";1;0;1;0;0;0;1;1
83523939;"14/12/16";"Quarta";"02:19:00";"PR";277;"568";"CASCAVEL";"Falta de atenção";"Colisão lateral";"Sem Vítimas";"Plena noite";"Crescente";"Ignorada";"Simples";"Curva";"Rural";2;0;0;0;2;0;0;2
83523940;"13/12/16";"Terça";"22:35:00";"MT";174;"387,8";"NOVA LACERDA";"Outras";"Derramamento de Carga";"Sem Vítimas";"Plena noite";"Crescente";"Chuva";"Simples";"Reta";"Rural";1;0;0;0;1;0;0;1
83523941;"13/12/16";"Terça";"08:10:00";"PA";316;"2";"ANANINDEUA";"Falta de atenção";"Colisão traseira";"Sem Vítimas";"Pleno dia";"Crescente";"Sol";"Dupla";"Reta";"Urbano";3;0;0;0;3;0;0;3
83523942;"13/12/16";"Terça";"08:55:00";"SE";101;"28";"MURIBECA";"Falta de atenção";"Colisão traseira";"Sem Vítimas";"Pleno dia";"Crescente";"Ceu Claro";"Simples";"Reta";"Rural";2;0;0;0;2;0;0;2
83523943;"13/12/16";"Terça";"17:50:00";"MG";50;"69";"UBERLANDIA";"Velocidade incompatível";"Colisão traseira";"Sem Vítimas";"Pleno dia";"Decrescente";"Chuva";"Dupla";"Reta";"Urbano";7;0;0;0;7;0;0;3
83523944;"14/12/16";"Quarta";"03:15:00";"SC";101;"107";"PENHA";"Dormindo";"Saída de Pista";"Com Vítimas Feridas";"Plena noite";"Decrescente";"Ceu Claro";"Dupla";"Reta";"Urbano";1;0;1;0;0;0;1;1
83523945;"13/12/16";"Terça";"21:00:00";"MG";50;"7";"UBERLANDIA";"Velocidade incompatível";"Saída de Pista";"Sem Vítimas";"Plena noite";"Decrescente";"Chuva";"Dupla";"Curva";"Rural";1;0;0;0;1;0;0;1
83523946;"09/12/16";"Sexta";"13:00:00";"SP";116;"208";"GUARULHOS";"Falta de atenção";"Queda de motocicleta / bicicleta / veículo";"Sem Vítimas";"Pleno dia";"Decrescente";"Sol";"Dupla";"Reta";"Urbano";1;0;0;0;1;0;0;1
83523947;"13/12/16";"Terça";"22:00:00";"SC";101;"235,3";"PALHOCA";"Outras";"Queda de motocicleta / bicicleta / veículo";"Com Vítimas Feridas";"Plena noite";"Crescente";"Chuva";"Simples";"Reta";"Rural";2;0;1;1;0;0;2;1
83523948;"13/12/16";"Terça";"19:30:00";"PR";373;"400,2";"CANDOI";"Ingestão de álcool";"Colisão traseira";"Com Vítimas Fatais";"Anoitecer";"Crescente";"Ceu Claro";"Simples";"Reta";"Urbano";3;1;1;0;1;0;1;2
83523949;"13/12/16";"Terça";"22:00:00";"BA";418;"92";"MUCURI";"Outras";"Saída de Pista";"Sem Vítimas";"Plena noite";"Crescente";"Nublado";"Simples";"Reta";"Urbano";1;0;0;0;1;0;0;1
83523950;"22/08/16";"Segunda";"08:10:00";"PB";230;"68,1";"SOBRADO";"Falta de atenção";"Colisão traseira";"Com Vítimas Feridas";"Pleno dia";"Crescente";"Sol";"Dupla";"Reta";"Rural";3;0;2;0;1;0;2;2
83523951;"07/12/16";"Quarta";"17:30:00";"MA";135;"11";"SAO LUIS";"Não guardar distância de segurança";"Colisão traseira";"Sem Vítimas";"Pleno dia";"Crescente";"Sol";"Simples";"Reta";"Urbano";2;0;0;0;2;0;0;2
83523952;"13/12/16";"Terça";"14:15:00";"SC";101;"132,9";"BALNEARIO CAMBORIU";"Outras";"Atropelamento de pessoa";"Com Vítimas Fatais";"Pleno dia";"Decrescente";"Sol";"Dupla";"Reta";"Urbano";2;1;0;0;1;0;0;1
83523953;"10/12/16";"Sábado";"08:40:00";"BA";324;"582";"CANDEIAS";"Dormindo";"Saída de Pista";"Sem Vítimas";"Pleno dia";"Decrescente";"Sol";"Dupla";"Reta";"Rural";1;0;0;0;1;0;0;1
83523954;"14/12/16";"Quarta";"06:55:00";"SC";101;"28,3";"JOINVILLE";"Falta de atenção";"Colisão lateral";"Com Vítimas Feridas";"Amanhecer";"Decrescente";"Ceu Claro";"Dupla";"Reta";"Urbano";3;0;1;0;2;0;1;3
83523955;"13/12/16";"Terça";"20:00:00";"MT";364;"577";"NOBRES";"Desobediência à sinalização";"Queda de motocicleta / bicicleta / veículo";"Com Vítimas Feridas";"Plena noite";"Decrescente";"Chuva";"Simples";"Reta";"Rural";1;0;1;0;0;0;1;1
83523956;"13/12/16";"Terça";"19:40:00";"MG";267;"213,4";"BOM JARDIM DE MINAS";"Velocidade incompatível";"Colisão Transversal";"Com Vítimas Feridas";"Plena noite";"Crescente";"Chuva";"Simples";"Reta";"Urbano";2;0;1;0;1;0;1;2
83523957;"09/12/16";"Sexta";"15:40:00";"PR";277;"430,3";"VIRMOND";"Falta de atenção";"Colisão Transversal";"Com Vítimas Feridas";"Pleno dia";"Decrescente";"Chuva";"Simples";"Reta";"Urbano";2;0;1;0;1;0;1;2
83523958;"14/12/16";"Quarta";"08:05:00";"PR";277;"583";"CASCAVEL";"Falta de atenção";"Colisão traseira";"Sem Vítimas";"Pleno dia";"Decrescente";"Ceu Claro";"Simples";"Reta";"Rural";2;0;0;0;2;0;0;2
83523959;"14/12/16";"Quarta";"04:15:00";"RJ";116;"165";"RIO DE JANEIRO";"Velocidade incompatível";"Colisão com objeto fixo";"Sem Vítimas";"Plena noite";"Decrescente";"Chuva";"Múltipla";"Reta";"Urbano";2;0;0;0;2;0;0;2
83523960;"11/12/16";"Domingo";"01:00:00";"DF";70;"12";"BRASILIA";"Outras";"Saída de Pista";"Com Vítimas Feridas";"Plena noite";"Crescente";"Ceu Claro";"Simples";"Reta";"Urbano";3;0;2;1;0;0;3;1
83523961;"12/12/16";"Segunda";"11:00:00";"MG";381;"913";"CAMANDUCAIA";"Velocidade incompatível";"Saída de Pista";"Com Vítimas Feridas";"Pleno dia";"Decrescente";"Chuva";"Dupla";"Reta";"Rural";1;0;0;1;0;0;1;1
83523962;"14/12/16";"Quarta";"04:40:00";"MG";365;"755";"ITUIUTABA";"Animais na Pista";"Atropelamento de animal";"Sem Vítimas";"Plena noite";"Decrescente";"Chuva";"Simples";"Curva";"Urbano";1;0;0;0;1;0;0;1
83523963;"11/12/16";"Domingo";"01:45:00";"PR";116;"126";"FAZENDA RIO GRANDE";"Ingestão de álcool";"Colisão Transversal";"Sem Vítimas";"Amanhecer";"Crescente";"Ignorada";"Dupla";"Reta";"Urbano";2;0;0;0;2;0;0;2