"id";"data_inversa";"dia_semana";"horario";"uf";"br";"km";"municipio";"causa_acidente";"tipo_acidente";"classificacao_acidente";"fase_dia";"sentido_via";"condicao_metereologica";"tipo_pista";"tracado_via";"uso_solo";"pessoas";"mortos";"feridos_leves";"feridos_graves";"ilesos";"ignorados";"feridos";"veiculos"
83523964;"06/12/16";"Terça";"14:15:00";"MG";356;"277,2";"EUGENOPOLIS";"Velocidade incompatível";"Tombamento";"Com Vítimas Feridas";"Pleno dia";"Decrescente";"Nublado";"Simples";"Curva";"Rural";1;0;1;0;0;0;1;1
83523965;"14/12/16";"Quarta";"06:00:00";"MG";146;"506";"BANDEIRA DO SUL";"Velocidade incompatível";"Colisão lateral";"Com Vítimas Feridas";"Pleno dia";"Crescente";"Nublado";"Simples";"Curva";"Rural";2;0;1;0;1;0;1;2
83523966;"10/12/16";"Sábado";"07:30:00";"MG";251;"380";"GRAO MOGOL";"Defeito mecânico em veículo";"Saída de Pista";"Sem Vítimas";"Pleno dia";"Decrescente";"Ceu Claro";"Simples";"Reta";"Rural";1;0;0;0;1;0;0;1
83523967;"03/12/16";"Sábado";"14:40:00";"SP";116;"556,4";"BARRA DO TURVO";"Velocidade incompatível";"Saída de Pista";"Com Vítimas Feridas";"Pleno dia";"Crescente";"Nublado";"Simples";"Reta";"Rural";2;0;1;0;1;0;1;1
83523968;"13/12/16";"Terça";"18:10:00";"PE";104;"84,4";"AGRESTINA";"Ingestão de álcool";"Colisão frontal";"Sem Vítimas";"Plena noite";"Decrescente";"Ceu Claro";"Simples";"Reta";"Rural";3;0;0;0;3;0;0;3
83523969;"10/12/16";"Sábado";"18:45:00";"RJ";116;"83";"TERESOPOLIS";"Falta de atenção";"Colisão Transversal";"Com Vítimas Feridas";"Anoitecer";"Crescente";"Nublado";"Simples";"Reta";"Urbano";2;0;1;0;1;0;1;2
83523970;"13/12/16";"Terça";"22:00:00";"RR";174;"502";"BOA VISTA";"Ingestão de álcool";"Queda de motocicleta / bicicleta / veículo";"Com Vítimas Feridas";"Plena noite";"Crescente";"Nublado";"Dupla";"Curva";"Urbano";1;0;1;0;0;0;1;1
83523971;"01/12/16";"Quinta";"16:20:00";"SP";116;"158,3";"JACAREI";"Velocidade incompatível";"Colisão traseira";"Sem Vítimas";"Pleno dia";"Crescente";"Nublado";"Dupla";"Reta";"Urbano";2;0;0;0;2;0;0;2
83523972;"29/11/16";"Terça";"19:30:00";"MG";381;"403,5";"BOM JESUS DO AMPARO";"Outras";"Colisão Transversal";"Com Vítimas Feridas";"Plena noite";"Crescente";"Chuva";"Simples";"Curva";"Rural";4;0;2;1;1;0;3;3
83523973;"14/12/16";"Quarta";"02:40:00";"SP";116;"146,2";"SAO JOSE DOS CAMPOS";"Dormindo";"Colisão traseira";"Com Vítimas Feridas";"Plena noite";"Decrescente";"Ceu Claro";"Dupla";"Reta";"Urbano";2;0;0;1;1;0;1;2
83523974;"14/12/16";"Quarta";"07:00:00";"RJ";40;"78";"PETROPOLIS";"Velocidade incompatível";"Tombamento";"Sem Vítimas";"Pleno dia";"Decrescente";"Chuva";"Dupla";"Reta";"Rural";1;0;0;0;1;0;0;1
83523975;"14/12/16";"Quarta";"06:00:00";"SP";116;"341,2";"MIRACATU";"Dormindo";"Colisão traseira";"Sem Vítimas";"Amanhecer";"Decrescente";"Nublado";"Dupla";"Reta";"Rural";2;0;0;0;2;0;0;2
83523976;"11/12/16";"Domingo";"05:20:00";"MG";116;"765";"LEOPOLDINA";"Outras";"Queda de motocicleta / bicicleta / veículo";"Com Vítimas Feridas";"Amanhecer";"Crescente";"Nublado";"Simples";"Curva";"Rural";1;0;1;0;0;0;1;1
83523977;"14/12/16";"Quarta";"07:30:00";"RS";285;"300,5";"PASSO FUNDO";"Defeito mecânico em veículo";"Colisão lateral";"Sem Vítimas";"Pleno dia";"Crescente";"Ceu Claro";"Simples";"Reta";"Urbano";6;0;0;0;6;0;0;2
83523978;"10/12/16";"Sábado";"16:20:00";"GO";153;"545";"HIDROLANDIA";"Outras";"Saída de Pista";"Sem Vítimas";"Pleno dia";"Crescente";"Chuva";"Dupla";"Curva";"Rural";1;0;0;0;1;0;0;1
83523979;"11/12/16";"Domingo";"02:00:00";"MG";40;"714,8";"BARBACENA";"Outras";"Incêndio";"Sem Vítimas";"Plena noite";"Crescente";"Ignorada";"Dupla";"Reta";"Rural";1;0;0;0;1;0;0;1
83523980;"10/12/16";"Sábado";"06:15:00";"CE";222;"51,1";"SAO GONCALO DO AMARANTE";"Outras";"Tombamento";"Ignorado";"Pleno dia";"Crescente";"Nublado";"Simples";"Reta";"Rural";1;0;0;0;0;1;0;1
83523981;"10/12/16";"Sábado";"12:50:00";"PR";277;"221";"TEIXEIRA SOARES";"Outras";"Saída de Pista";"Com Vítimas Feridas";"Pleno dia";"Decrescente";"Chuva";"Simples";"Reta";"Rural";4;0;4;0;0;0;4;1
83523982;"07/12/16";"Quarta";"21:00:00";"SP";116;"346";"MIRACATU";"Velocidade incompatível";"Colisão traseira";"Sem Vítimas";"Plena noite";"Crescente";"Ignorada";"Dupla";"Curva";"Rural";5;0;0;0;5;0;0;4
83523983;"11/12/16";"Domingo";"05:30:00";"SC";470;"52,9";"BLUMENAU";"Falta de atenção";"Colisão frontal";"Sem Vítimas";"Plena noite";"Decrescente";"Nublado";"Simples";"Reta";"Urbano";2;0;0;0;1;1;0;2
83523984;"11/12/16";"Domingo";"05:00:00";"SC";163;"83,7";"GUARACIABA";"Outras";"Saída de Pista";"Ignorado";"Plena noite";"Crescente";"Ceu Claro";"Simples";"Reta";"Urbano";1;0;0;0;0;1;0;1
83523985;"14/12/16";"Quarta";"07:20:00";"SP";153;"62,2";"SAO JOSE DO RIO PRETO";"Não guardar distância de segurança";"Colisão traseira";"Com Vítimas Feridas";"Pleno dia";"Crescente";"Nublado";"Dupla";"Reta";"Urbano";5;0;1;0;4;0;1;3
83523986;"10/12/16";"Sábado";"23:30:00";"MG";153;"47";"CANAPOLIS";"Falta de atenção";"Colisão traseira";"Com Vítimas Feridas";"Plena noite";"Decrescente";"Nublado";"Dupla";"Reta";"Rural";4;0;2;0;1;1;2;2
83523989;"25/09/16";"Domingo";"13:20:00";"RJ";101;"322";"NITEROI";"Defeito na via";"Colisão com objeto fixo";"Ignorado";"Pleno dia";"Decrescente";"Ceu Claro";"Simples";"Curva";"Urbano";2;0;0;0;0;2;0;1
83523990;"11/12/16";"Domingo";"03:40:00";"GO";60;"45,6";"APARECIDA DE GOIANIA";"Desobediência à sinalização";"Colisão traseira";"Com Vítimas Feridas";"Plena noite";"Decrescente";"Ceu Claro";"Dupla";"Reta";"Urbano";3;0;1;0;2;0;1;2
83523991;"14/12/16";"Quarta";"07:30:00";"SC";282;"589,4";"PINHALZINHO";"Defeito na via";"Saída de Pista";"Com Vítimas Feridas";"Pleno dia";"Crescente";"Nublado";"Simples";"Reta";"Rural";1;0;1;0;0;0;1;1
83523992;"14/12/16";"Quarta";"05:15:00";"RO";364;"381,4";"OURO PRETO DO OESTE";"Falta de atenção";"Capotamento";"Sem Vítimas";"Amanhecer";"Crescente";"Nublado";"Simples";"Curva";"Urbano";1;0;0;0;1;0;0;1
83523993;"11/12/16";"Domingo";"02:10:00";"PR";376;"492,8";"PONTA GROSSA";"Velocidade incompatível";"Capotamento";"Com Vítimas Feridas";"Plena noite";"Decrescente";"Chuva";"Dupla";"Reta";"Urbano";2;0;2;0;0;0;2;1
83523994;"07/12/16";"Quarta";"13:30:00";"AL";316;"254,3";"PILAR";"Falta de atenção";"Colisão lateral";"Com Vítimas Feridas";"Pleno dia";"Crescente";"Ceu Claro";"Simples";"Reta";"Urbano";2;0;1;0;1;0;1;2
83523995;"11/12/16";"Domingo";"00:50:00";"ES";101;"85,9";"SAO MATEUS";"Outras";"Colisão com objeto fixo";"Com Vítimas Feridas";"Plena noite";"Decrescente";"Ceu Claro";"Simples";"Reta";"Rural";2;0;1;0;0;1;1;1
83523996;"10/12/16";"Sábado";"22:00:00";"PA";316;"9";"ANANINDEUA";"Ingestão de álcool";"Atropelamento de pessoa";"Com Vítimas Feridas";"Plena noite";"Crescente";"Ceu Claro";"Dupla";"Reta";"Urbano";2;0;1;0;0;1;1;1
83523997;"03/12/16";"Sábado";"05:00:00";"MG";262;"41,9";"MANHUACU";"Velocidade incompatível";"Tombamento";"Com Vítimas Feridas";"Amanhecer";"Decrescente";"Chuva";"Simples";"Curva";"Rural";1;0;1;0;0;0;1;1
83523998;"14/12/16";"Quarta";"08:00:00";"PR";116;"128";"FAZENDA RIO GRANDE";"Outras";"Queda de motocicleta / bicicleta / veículo";"Com Vítimas Feridas";"Pleno dia";"Decrescente";"Nublado";"Dupla";"Reta";"Urbano";1;0;1;0;0;0;1;1
83523999;"12/12/16";"Segunda";"00:40:00";"SC";101;"324,6";"PESCARIA BRAVA";"Falta de atenção";"Colisão traseira";"Com Vítimas Feridas";"Plena noite";"Crescente";"Ceu Claro";"Dupla";"Reta";"Rural";2;0;1;0;0;1;1;2
83524000;"10/12/16";"Sábado";"18:40:00";"MG";365;"776";"GURINHATA";"Velocidade incompatível";"Tombamento";"Sem Vítimas";"Pleno dia";"Decrescente";"Nublado";"Simples";"Reta";"Rural";1;0;0;0;1;0;0;1
83524001;"14/12/16";"Quarta";"07:15:00";"SC";101;"145";"ITAPEMA";"Ingestão de álcool";"Colisão traseira";"Com Vítimas Feridas";"Pleno dia";"Crescente";"Ceu Claro";"Dupla";"Reta";"Urbano";3;0;1;0;2;0;1;2
83524002;"14/12/16";"Quarta";"08:10:00";"MT";70;"640,7";"CACERES";"Outras";"Capotamento";"Com Vítimas Feridas";"Pleno dia";"Decrescente";"Nublado";"Simples";"Curva";"Rural";2;0;1;0;1;0;1;1
83524003;"05/12/16";"Segunda";"04:50:00";"MT";158;"694";"NOVA XAVANTINA";"Outras";"Colisão traseira";"Com Vítimas Feridas";"Plena noite";"Decrescente";"Ignorada";"Simples";"Reta";"Rural";3;0;1;0;1;1;1;2
83524005;"10/12/16";"Sábado";"19:00:00";"GO";153;"502";"GOIANIA";"Outras";"Queda de motocicleta / bicicleta / veículo";"Com Vítimas Feridas";"Pleno dia";"Crescente";"Nublado";"Dupla";"Reta";"Urbano";1;0;0;1;0;0;1;1
83524006;"14/12/16";"Quarta";"06:10:00";"CE";222;"8";"CAUCAIA";"Outras";"Saída de Pista";"Com Vítimas Feridas";"Pleno dia";"Crescente";"Ceu Claro";"Dupla";"Reta";"Urbano";3;0;1;0;2;0;1;1
83524007;"14/12/16";"Quarta";"09:25:00";"PR";277;"32";"MORRETES";"Outras";"Saída de Pista";"Com Vítimas Feridas";"Pleno dia";"Crescente";"Nublado";"Dupla";"Curva";"Rural";1;0;1;0;0;0;1;1
83524008;"11/12/16";"Domingo";"01:25:00";"SP";116;"448";"REGISTRO";"Ingestão de álcool";"Saída de Pista";"Sem Vítimas";"Plena noite";"Decrescente";"Chuva";"Múltipla";"Reta";"Rural";1;0;0;0;1;0;0;1
83524009;"10/12/16";"Sábado";"18:00:00";"MG";40;"473";"SETE LAGOAS";"Velocidade incompatível";"Saída de Pista";"Com Vítimas Feridas";"Anoitecer";"Decrescente";"Nublado";"Simples";"Curva";"Urbano";1;0;1;0;0;0;1;1
83524010;"10/12/16";"Sábado";"09:20:00";"BA";324;"575";"SAO SEBASTIAO DO PASSE";"Defeito mecânico em veículo";"Incêndio";"Sem Vítimas";"Pleno dia";"Crescente";"Sol";"Dupla";"Reta";"Rural";1;0;0;0;1;0;0;1
83524011;"11/12/16";"Domingo";"04:45:00";"CE";222;"14";"CAUCAIA";"Outras";"Colisão frontal";"Com Vítimas Feridas";"Amanhecer";"Crescente";"Ignorada";"Simples";"Reta";"Urbano";3;0;0;2;0;1;2;2
83524012;"10/12/16";"Sábado";"20:30:00";"RO";364;"615";"CANDEIAS DO JAMARI";"Animais na Pista";"Atropelamento de animal";"Sem Vítimas";"Plena noite";"Decrescente";"Ceu Claro";"Simples";"Reta";"Rural";2;0;0;0;2;0;0;1
83524013;"10/12/16";"Sábado";"10:30:00";"PE";101;"54";"PAULISTA";"Outras";"Colisão lateral";"Sem Vítimas";"Pleno dia";"Crescente";"Sol";"Dupla";"Reta";"Urbano";2;0;0;0;1;1;0;2
83524014;"29/09/16";"Quinta";"18:40:00";"MT";163;"728,7";"SORRISO";"Falta de atenção";"Colisão frontal";"Com Vítimas Fatais";"Plena noite";"Decrescente";"Ceu Claro";"Simples";"Reta";"Rural";2;1;0;1;0;0;1;2
83524015;"10/12/16";"Sábado";"13:00:00";"RO";364;"645";"CANDEIAS DO JAMARI";"Outras";"Saída de Pista";"Com Vítimas Feridas";"Pleno dia";"Crescente";"Sol";"Simples";"Reta";"Rural";2;0;1;1;0;0;2;1
83524016;"14/12/16";"Quarta";"10:27:00";"PR";476;"170,1";"CONTENDA";"Desobediência à sinalização";"Colisão lateral";"Com Vítimas Feridas";"Pleno dia";"Crescente";"Sol";"Simples";"Curva";"Rural";3;0;2;0;1;0;2;2
83524017;"10/12/16";"Sábado";"09:45:00";"MG";365;"309";"SAO GONCALO DO ABAETE";"Defeito na via";"Saída de Pista";"Com Vítimas Feridas";"Pleno dia";"Decrescente";"Chuva";"Dupla";"Reta";"Rural";1;0;1;0;0;0;1;1
83524018;"12/12/16";"Segunda";"10:40:00";"RJ";116;"6";"SAPUCAIA";"Outras";"Colisão lateral";"Com Vítimas Feridas";"Pleno dia";"Decrescente";"Nublado";"Simples";"Curva";"Rural";4;0;3;0;1;0;3;2
83524019;"12/12/16";"Segunda";"15:00:00";"ES";101;"28,2";"CONCEICAO DA BARRA";"Falta de atenção";"Colisão traseira";"Com Vítimas Fatais";"Pleno dia";"Crescente";"Sol";"Simples";"Reta";"Rural";7;1;3;1;2;0;4;4
83524020;"14/12/16";"Quarta";"10:40:00";"GO";153;"612,7";"MORRINHOS";"Falta de atenção";"Saída de Pista";"Sem Vítimas";"Pleno dia";"Crescente";"Ceu Claro";"Dupla";"Reta";"Rural";2;0;0;0;2;0;0;1
83524021;"14/12/16";"Quarta";"09:45:00";"RN";101;"123";"SAO JOSE DE MIPIBU";"Outras";"Queda de motocicleta / bicicleta / veículo";"Com Vítimas Feridas";"Pleno dia";"Decrescente";"Ceu Claro";"Dupla";"Reta";"Urbano";1;0;1;0;0;0;1;1
83524022;"13/12/16";"Terça";"19:00:00";"PI";343;"580";"FLORIANO";"Animais na Pista";"Atropelamento de animal";"Sem Vítimas";"Plena noite";"Decrescente";"Nublado";"Simples";"Reta";"Rural";1;0;0;0;1;0;0;1
83524023;"14/12/16";"Quarta";"08:30:00";"MG";116;"549,8";"SANTA BARBARA DO LESTE";"Velocidade incompatível";"Saída de Pista";"Sem Vítimas";"Pleno dia";"Decrescente";"Nublado";"Dupla";"Reta";"Rural";1;0;0;0;1;0;0;1
83524024;"14/12/16";"Quarta";"07:50:00";"RS";153;"47";"ERECHIM";"Não guardar distância de segurança";"Colisão traseira";"Sem Vítimas";"Pleno dia";"Decrescente";"Nublado";"Simples";"Cruzamento";"Urbano";3;0;0;0;3;0;0;2
83524025;"14/12/16";"Quarta";"08:40:00";"BA";324;"2";"FEIRA DE SANTANA";"Falta de atenção";"Atropelamento de pessoa";"Com Vítimas Fatais";"Pleno dia";"Decrescente";"Ceu Claro";"Dupla";"Reta";"Urbano";3;1;1;0;1;0;1;1
83524027;"14/12/16";"Quarta";"11:20:00";"SC";101;"123";"ITAJAI";"Falta de atenção";"Colisão traseira";"Com Vítimas Feridas";"Pleno dia";"Decrescente";"Nublado";"Dupla";"Cruzamento";"Urbano";4;0;1;0;3;0;1;3
83524028;"13/12/16";"Terça";"23:00:00";"MG";381;"420";"CAETE";"Falta de atenção";"Colisão Transversal";"Com Vítimas Feridas";"Plena noite";"Crescente";"Chuva";"Simples";"Curva";"Rural";5;0;1;0;4;0;1;3
83524029;"14/12/16";"Quarta";"09:30:00";"RJ";116;"214";"SEROPEDICA";"Falta de atenção";"Saída de Pista";"Sem Vítimas";"Pleno dia";"Decrescente";"Chuva";"Dupla";"Curva";"Urbano";1;0;0;0;1;0;0;1
83524030;"14/12/16";"Quarta";"09:50:00";"PR";376;"660";"TIJUCAS DO SUL";"Velocidade incompatível";"Saída de Pista";"Sem Vítimas";"Pleno dia";"Decrescente";"Chuva";"Simples";"Curva";"Rural";2;0;0;0;2;0;0;2
83524031;"14/12/16";"Quarta";"11:25:00";"SC";282;"1";"FLORIANOPOLIS";"Falta de atenção";"Queda de motocicleta / bicicleta / veículo";"Com Vítimas Feridas";"Pleno dia";"Decrescente";"Ceu Claro";"Dupla";"Reta";"Urbano";1;0;1;0;0;0;1;1
83524032;"14/12/16";"Quarta";"08:45:00";"RJ";101;"390";"RIO DE JANEIRO";"Velocidade incompatível";"Colisão com objeto fixo";"Com Vítimas Feridas";"Pleno dia";"Decrescente";"Chuva";"Dupla";"Curva";"Rural";1;0;1;0;0;0;1;1
83524033;"14/12/16";"Quarta";"10:45:00";"RS";153;"44,4";"ERECHIM";"Não guardar distância de segurança";"Colisão traseira";"Sem Vítimas";"Pleno dia";"Decrescente";"Ceu Claro";"Múltipla";"Cruzamento";"Urbano";2;0;0;0;2;0;0;2
83524034;"11/12/16";"Domingo";"02:00:00";"DF";20;"22";"BRASILIA";"Ingestão de álcool";"Colisão traseira";"Sem Vítimas";"Plena noite";"Decrescente";"Ceu Claro";"Dupla";"Reta";"Rural";3;0;0;0;3;0;0;2
83524035;"14/12/16";"Quarta";"10:50:00";"SC";282;"1";"FLORIANOPOLIS";"Não guardar distância de segurança";"Colisão traseira";"Sem Vítimas";"Pleno dia";"Decrescente";"Nublado";"Dupla";"Reta";"Urbano";3;0;0;0;3;0;0;3
83524036;"10/12/16";"Sábado";"23:56:00";"SP";116;"445";"REGISTRO";"Outras";"Colisão com bicicleta";"Com Vítimas Feridas";"Plena noite";"Decrescente";"Ceu Claro";"Dupla";"Reta";"Urbano";3;0;0;1;2;0;1;2
83524037;"10/12/16";"Sábado";"07:35:00";"PR";158;"507";"PATO BRANCO";"Outras";"Saída de Pista";"Com Vítimas Feridas";"Pleno dia";"Decrescente";"Chuva";"Simples";"Reta";"Rural";1;0;1;0;0;0;1;1
83524038;"14/12/16";"Quarta";"11:40:00";"PI";343;"303,9";"ALTOS";"Animais na Pista";"Atropelamento de animal";"Sem Vítimas";"Pleno dia";"Crescente";"Nublado";"Simples";"Reta";"Rural";1;0;0;0;1;0;0;1
83524039;"13/12/16";"Terça";"13:15:00";"AM";174;"910";"MANAUS";"Animais na Pista";"Capotamento";"Com Vítimas Feridas";"Pleno dia";"Crescente";"Chuva";"Simples";"Reta";"Rural";2;0;2;0;0;0;2;1
83524041;"14/12/16";"Quarta";"13:00:00";"RS";116;"142,1";"CAXIAS DO SUL";"Desobediência à sinalização";"Colisão Transversal";"Sem Vítimas";"Pleno dia";"Crescente";"Ceu Claro";"Dupla";"Cruzamento";"Urbano";2;0;0;0;2;0;0;2
83524042;"10/12/16";"Sábado";"16:16:00";"SC";470;"127";"LONTRAS";"Ingestão de álcool";"Colisão frontal";"Com Vítimas Feridas";"Pleno dia";"Decrescente";"Nublado";"Simples";"Reta";"Urbano";2;0;1;0;1;0;1;2
83524043;"14/12/16";"Quarta";"10:40:00";"SC";101;"56,1";"ARAQUARI";"Falta de atenção";"Colisão lateral";"Com Vítimas Feridas";"Pleno dia";"Crescente";"Nublado";"Dupla";"Reta";"Rural";4;0;0;1;3;0;1;2
83524044;"10/12/16";"Sábado";"18:10:00";"PE";428;"160,5";"PETROLINA";"Falta de atenção";"Atropelamento de pessoa";"Com Vítimas Feridas";"Plena noite";"Crescente";"Ceu Claro";"Simples";"Reta";"Rural";2;0;0;2;0;0;2;1
83524045;"14/12/16";"Quarta";"08:05:00";"PR";376;"621";"SAO JOSE DOS PINHAIS";"Outras";"Colisão traseira";"Com Vítimas Feridas";"Pleno dia";"Crescente";"Nublado";"Simples";"Reta";"Rural";2;0;1;0;1;0;1;2
83524046;"11/12/16";"Domingo";"00:10:00";"ES";101;"144";"LINHARES";"Outras";"Colisão traseira";"Com Vítimas Feridas";"Plena noite";"Decrescente";"Nublado";"Múltipla";"Reta";"Urbano";8;0;1;0;6;1;1;3
83524047;"14/12/16";"Quarta";"09:12:00";"RO";364;"710";"PORTO VELHO";"Falta de atenção";"Atropelamento de pessoa";"Com Vítimas Fatais";"Pleno dia";"Decrescente";"Nublado";"Dupla";"Reta";"Urbano";2;1;0;0;1;0;0;1
83524048;"30/04/16";"Sábado";"23:40:00";"ES";101;"291,5";"CARIACICA";"Velocidade incompatível";"Colisão com objeto fixo";"Com Vítimas Feridas";"Plena noite";"Decrescente";"Nublado";"Dupla";"Reta";"Urbano";3;0;1;2;0;0;3;1
83524049;"16/10/16";"Domingo";"20:45:00";"SC";101;"266";"PAULO LOPES";"Velocidade incompatível";"Colisão frontal";"Sem Vítimas";"Plena noite";"Crescente";"Chuva";"Dupla";"Reta";"Rural";3;0;0;0;3;0;0;3
83524050;"27/11/16";"Domingo";"06:50:00";"BA";324;"576";"CANDEIAS";"Falta de atenção";"Colisão traseira";"Com Vítimas Feridas";"Pleno dia";"Crescente";"Sol";"Dupla";"Reta";"Rural";2;0;1;0;1;0;1;2
83524051;"14/12/16";"Quarta";"09:20:00";"MG";40;"547,3";"NOVA LIMA";"Outras";"Colisão lateral";"Com Vítimas Feridas";"Pleno dia";"Decrescente";"Chuva";"Dupla";"Reta";"Rural";2;0;0;1;1;0;1;2
83524052;"14/12/16";"Quarta";"11:30:00";"RS";293;"2";"PELOTAS";"Falta de atenção";"Colisão lateral";"Sem Vítimas";"Pleno dia";"Decrescente";"Sol";"Simples";"Cruzamento";"Urbano";2;0;0;0;2;0;0;2
83524053;"14/12/16";"Quarta";"12:30:00";"SC";101;"235,1";"PALHOCA";"Não guardar distância de segurança";"Colisão lateral";"Sem Vítimas";"Pleno dia";"Crescente";"Ceu Claro";"Dupla";"Reta";"Urbano";2;0;0;0;2;0;0;2
83524054;"10/12/16";"Sábado";"15:20:00";"MG";262;"441,3";"NOVA SERRANA";"Falta de atenção";"Colisão lateral";"Com Vítimas Feridas";"Pleno dia";"Decrescente";"Nublado";"Simples";"Reta";"Urbano";2;0;1;0;1;0;1;2
83524055;"14/12/16";"Quarta";"08:00:00";"PB";230;"20,1";"JOAO PESSOA";"Defeito mecânico em veículo";"Queda de motocicleta / bicicleta / veículo";"Com Vítimas Feridas";"Pleno dia";"Decrescente";"Sol";"Dupla";"Reta";"Urbano";1;0;0;1;0;0;1;1
83524056;"14/12/16";"Quarta";"11:15:00";"SP";116;"546";"BARRA DO TURVO";"Velocidade incompatível";"Derramamento de Carga";"Sem Vítimas";"Pleno dia";"Crescente";"Nublado";"Dupla";"Curva";"Rural";1;0;0;0;1;0;0;1
83524057;"14/12/16";"Quarta";"09:00:00";"PE";101;"100";"CABO DE SANTO AGOSTINHO";"Falta de atenção";"Atropelamento de pessoa";"Com Vítimas Feridas";"Pleno dia";"Crescente";"Sol";"Dupla";"Reta";"Urbano";2;0;0;1;1;0;1;1
83524058;"10/12/16";"Sábado";"21:30:00";"MG";50;"186,2";"UBERABA";"Ingestão de álcool";"Saída de Pista";"Com Vítimas Feridas";"Plena noite";"Crescente";"Nublado";"Dupla";"Reta";"Rural";3;0;2;1;0;0;3;1
83524059;"14/12/16";"Quarta";"11:00:00";"MS";158;"112";"PARANAIBA";"Velocidade incompatível";"Colisão traseira";"Sem Vítimas";"Pleno dia";"Decrescente";"Sol";"Simples";"Reta";"Rural";4;0;0;0;4;0;0;4
83524060;"14/12/16";"Quarta";"10:00:00";"MG";40;"521";"CONTAGEM";"Falta de atenção";"Colisão com objeto móvel";"Com Vítimas Feridas";"Pleno dia";"Crescente";"Nublado";"Dupla";"Reta";"Rural";3;0;1;0;1;1;1;3
83524061;"14/12/16";"Quarta";"10:10:00";"BA";101;"541";"SAO JOSE DA VITORIA";"Falta de atenção";"Colisão traseira";"Sem Vítimas";"Pleno dia";"Decrescente";"Ceu Claro";"Simples";"Reta";"Urbano";2;0;0;0;2;0;0;2
83524063;"14/12/16";"Quarta";"11:35:00";"MG";40;"812,1";"MATIAS BARBOSA";"Velocidade incompatível";"Saída de Pista";"Com Vítimas Feridas";"Pleno dia";"Decrescente";"Nublado";"Simples";"Curva";"Rural";1;0;1;0;0;0;1;1
83524064;"11/12/16";"Domingo";"13:43:00";"MG";40;"0,1";"PARACATU";"Velocidade incompatível";"Saída de Pista";"Com Vítimas Feridas";"Pleno dia";"Decrescente";"Ceu Claro";"Simples";"Curva";"Rural";2;0;0;2;0;0;2;1
83524065;"10/03/16";"Quinta";"10:00:00";"MG";116;"161,6";"PADRE PARAISO";"Outras";"Saída de Pista";"Com Vítimas Feridas";"Pleno dia";"Decrescente";"Ceu Claro";"Simples";"Curva";"Rural";1;0;0;1;0;0;1;1
83524066;"14/12/16";"Quarta";"11:30:00";"MG";365;"601";"UBERLANDIA";"Falta de atenção";"Tombamento";"Com Vítimas Feridas";"Pleno dia";"Decrescente";"Ceu Claro";"Simples";"Reta";"Rural";1;0;1;0;0;0;1;1
83524067;"10/12/16";"Sábado";"23:00:00";"PE";101;"46";"IGARASSU";"Falta de atenção";"Colisão traseira";"Com Vítimas Feridas";"Plena noite";"Crescente";"Ceu Claro";"Múltipla";"Reta";"Urbano";2;0;0;1;1;0;1;2
83524068;"12/07/16";"Terça";"06:10:00";"PR";116;"98,3";"SAO JOSE DOS PINHAIS";"Outras";"Queda de motocicleta / bicicleta / veículo";"Com Vítimas Feridas";"Plena noite";"Decrescente";"Nublado";"Dupla";"Reta";"Urbano";1;0;1;0;0;0;1;1
83524069;"14/12/16";"Quarta";"13:55:00";"MG";146;"508";"POCOS DE CALDAS";"Velocidade incompatível";"Saída de Pista";"Sem Vítimas";"Pleno dia";"Crescente";"Chuva";"Simples";"Reta";"Rural";1;0;0;0;1;0;0;1
83524070;"11/12/16";"Domingo";"17:45:00";"SP";381;"67,8";"MAIRIPORA";"Velocidade incompatível";"Capotamento";"Com Vítimas Feridas";"Pleno dia";"Decrescente";"Chuva";"Múltipla";"Curva";"Rural";2;0;1;0;1;0;1;1
83524071;"10/12/16";"Sábado";"18:30:00";"RJ";116;"53";"TERESOPOLIS";"Velocidade incompatível";"Tombamento";"Com Vítimas Feridas";"Pleno dia";"Crescente";"Chuva";"Simples";"Curva";"Rural";2;0;1;1;0;0;2;1
83524072;"14/12/16";"Quarta";"12:10:00";"MT";364;"445";"VARZEA GRANDE";"Outras";"Tombamento";"Sem Vítimas";"Pleno dia";"Crescente";"Chuva";"Simples";"Curva";"Rural";1;0;0;0;1;0;0;1
83524073;"14/12/16";"Quarta";"09:10:00";"MG";381;"532";"ITATIAIUCU";"Velocidade incompatível";"Saída de Pista";"Sem Vítimas";"Pleno dia";"Crescente";"Chuva";"Dupla";"Curva";"Rural";1;0;0;0;1;0;0;1
83524074;"11/12/16";"Domingo";"05:30:00";"RO";364;"340,5";"JI-PARANA";"Falta de atenção";"Atropelamento de pessoa";"Com Vítimas Feridas";"Amanhecer";"Crescente";"Nublado";"Simples";"Reta";"Urbano";2;0;0;1;1;0;1;1
83524075;"11/12/16";"Domingo";"03:00:00";"MG";381;"531,9";"ITATIAIUCU";"Velocidade incompatível";"Colisão com objeto fixo";"Com Vítimas Feridas";"Plena noite";"Decrescente";"Nublado";"Dupla";"Curva";"Rural";3;0;1;0;2;0;1;1
83524076;"10/12/16";"Sábado";"18:45:00";"GO";153;"618";"MORRINHOS";"Velocidade incompatível";"Colisão com objeto fixo";"Com Vítimas Fatais";"Plena noite";"Decrescente";"Chuva";"Dupla";"Curva";"Rural";9;1;7;0;1;0;7;3