"id";"data_inversa";"dia_semana";"horario";"uf";"br";"km";"municipio";"causa_acidente";"tipo_acidente";"classificacao_acidente";"fase_dia";"sentido_via";"condicao_metereologica";"tipo_pista";"tracado_via";"uso_solo";"pessoas";"mortos";"feridos_leves";"feridos_graves";"ilesos";"ignorados";"feridos";"veiculos"
83524188;"14/12/16";"Quarta";"19:42:00";"MG";40;"525,8";"CONTAGEM";"Falta de atenção";"Queda de motocicleta / bicicleta / veículo";"Com Vítimas Feridas";"Plena noite";"Decrescente";"Chuva";"Dupla";"Reta";"Urbano";2;0;2;0;0;0;2;1
83524189;"14/12/16";"Quarta";"07:00:00";"MG";251;"469,9";"FRANCISCO SA";"Defeito mecânico em veículo";"Saída de Pista";"Sem Vítimas";"Amanhecer";"Crescente";"Chuva";"Simples";"Reta";"Rural";1;0;0;0;1;0;0;1
83524190;"14/12/16";"Quarta";"18:30:00";"SP";116;"292,3";"ITAPECERICA DA SERRA";"Outras";"Queda de motocicleta / bicicleta / veículo";"Com Vítimas Feridas";"Pleno dia";"Decrescente";"Nublado";"Dupla";"Reta";"Rural";1;0;1;0;0;0;1;1
83524191;"14/12/16";"Quarta";"16:35:00";"PE";101;"157";"RIBEIRAO";"Falta de atenção";"Colisão lateral";"Sem Vítimas";"Anoitecer";"Decrescente";"Ceu Claro";"Simples";"Curva";"Rural";2;0;0;0;2;0;0;2
83524192;"14/12/16";"Quarta";"17:07:00";"RO";319;"63,8";"PORTO VELHO";"Falta de atenção";"Colisão lateral";"Com Vítimas Feridas";"Pleno dia";"Crescente";"Nublado";"Dupla";"Reta";"Urbano";2;0;1;0;1;0;1;2
83524193;"14/12/16";"Quarta";"09:00:00";"MG";381;"516,7";"IGARAPE";"Velocidade incompatível";"Saída de Pista";"Sem Vítimas";"Pleno dia";"Decrescente";"Chuva";"Dupla";"Curva";"Rural";1;0;0;0;1;0;0;1
83524194;"14/12/16";"Quarta";"19:45:00";"PR";376;"600,3";"CURITIBA";"Falta de atenção";"Colisão lateral";"Com Vítimas Feridas";"Anoitecer";"Crescente";"Ceu Claro";"Dupla";"Reta";"Urbano";3;0;2;0;1;0;2;2
83524195;"14/12/16";"Quarta";"20:30:00";"GO";153;"349,7";"JARAGUA";"Falta de atenção";"Colisão lateral";"Com Vítimas Feridas";"Pleno dia";"Crescente";"Nublado";"Simples";"Reta";"Rural";2;0;0;1;1;0;1;2
83524196;"14/12/16";"Quarta";"12:20:00";"BA";116;"655";"JEQUIE";"Velocidade incompatível";"Colisão lateral";"Com Vítimas Feridas";"Pleno dia";"Decrescente";"Ceu Claro";"Simples";"Curva";"Rural";2;0;1;0;0;1;1;2
83524197;"14/12/16";"Quarta";"09:00:00";"SP";116;"475,5";"JACUPIRANGA";"Outras";"Colisão com objeto fixo";"Sem Vítimas";"Pleno dia";"Crescente";"Nublado";"Simples";"Reta";"Urbano";1;0;0;0;1;0;0;1
83524198;"14/12/16";"Quarta";"21:40:00";"CE";116;"413,4";"IPAUMIRIM";"Desobediência à sinalização";"Colisão frontal";"Com Vítimas Fatais";"Plena noite";"Decrescente";"Ceu Claro";"Simples";"Reta";"Rural";3;1;2;0;0;0;2;2
83524199;"14/12/16";"Quarta";"20:30:00";"PE";423;"153";"AGUAS BELAS";"Dormindo";"Saída de Pista";"Com Vítimas Feridas";"Plena noite";"Crescente";"Ceu Claro";"Simples";"Curva";"Rural";3;0;3;0;0;0;3;1
83524200;"14/12/16";"Quarta";"09:20:00";"MG";381;"621,1";"OLIVEIRA";"Velocidade incompatível";"Colisão traseira";"Com Vítimas Fatais";"Pleno dia";"Decrescente";"Chuva";"Dupla";"Reta";"Rural";11;4;1;2;4;0;3;7
83524201;"10/12/16";"Sábado";"21:10:00";"CE";222;"7";"CAUCAIA";"Outras";"Atropelamento de pessoa";"Com Vítimas Fatais";"Plena noite";"Crescente";"Ceu Claro";"Dupla";"Reta";"Urbano";2;1;0;1;0;0;1;1
83524202;"14/12/16";"Quarta";"13:30:00";"ES";101;"266";"SERRA";"Outras";"Tombamento";"Com Vítimas Feridas";"Pleno dia";"Crescente";"Sol";"Dupla";"Reta";"Urbano";2;0;1;0;0;1;1;2
83524203;"14/12/16";"Quarta";"20:45:00";"ES";101;"358,2";"ANCHIETA";"Não guardar distância de segurança";"Colisão traseira";"Com Vítimas Feridas";"Plena noite";"Crescente";"Nublado";"Simples";"Reta";"Rural";2;0;0;1;1;0;1;2
83524204;"14/12/16";"Quarta";"23:40:00";"MT";364;"230";"RONDONOPOLIS";"Outras";"Tombamento";"Com Vítimas Feridas";"Plena noite";"Crescente";"Chuva";"Simples";"Reta";"Rural";1;0;1;0;0;0;1;1
83524205;"14/12/16";"Quarta";"19:00:00";"PB";230;"332";"PATOS";"Falta de atenção";"Colisão traseira";"Com Vítimas Feridas";"Plena noite";"Decrescente";"Vento";"Simples";"Reta";"Rural";2;0;0;1;0;1;1;2
83524206;"14/12/16";"Quarta";"23:54:00";"SC";282;"479";"FAXINAL DOS GUEDES";"Ingestão de álcool";"Colisão frontal";"Com Vítimas Fatais";"Plena noite";"Decrescente";"Ceu Claro";"Simples";"Reta";"Rural";8;1;3;1;3;0;4;2
83524207;"15/12/16";"Quinta";"00:01:00";"RS";116;"321";"BARRA DO RIBEIRO";"Falta de atenção";"Colisão com objeto fixo";"Com Vítimas Feridas";"Plena noite";"Decrescente";"Ceu Claro";"Simples";"Reta";"Rural";2;0;2;0;0;0;2;1
83524208;"14/12/16";"Quarta";"23:40:00";"PE";101;"46";"IGARASSU";"Falta de atenção";"Colisão Transversal";"Ignorado";"Plena noite";"Crescente";"Ceu Claro";"Múltipla";"Reta";"Urbano";2;0;0;0;0;2;0;2
83524209;"14/12/16";"Quarta";"19:10:00";"PR";277;"76";"SAO JOSE DOS PINHAIS";"Velocidade incompatível";"Colisão traseira";"Com Vítimas Feridas";"Pleno dia";"Decrescente";"Nublado";"Dupla";"Reta";"Urbano";2;0;1;0;1;0;1;2
83524210;"15/12/16";"Quinta";"00:30:00";"MG";381;"155";"GOVERNADOR VALADARES";"Outras";"Saída de Pista";"Com Vítimas Feridas";"Plena noite";"Crescente";"Ceu Claro";"Simples";"Reta";"Urbano";1;0;1;0;0;0;1;1
83524211;"15/12/16";"Quinta";"00:05:00";"MG";381;"153,8";"GOVERNADOR VALADARES";"Velocidade incompatível";"Tombamento";"Com Vítimas Feridas";"Plena noite";"Decrescente";"Nublado";"Simples";"Curva";"Rural";1;0;1;0;0;0;1;1
83524212;"11/12/16";"Domingo";"08:30:00";"PI";230;"307";"FLORIANO";"Falta de atenção";"Colisão traseira";"Com Vítimas Feridas";"Pleno dia";"Decrescente";"Ceu Claro";"Simples";"Reta";"Rural";3;0;0;2;1;0;2;2
83524213;"15/12/16";"Quinta";"02:00:00";"PE";423;"88,5";"GARANHUNS";"Animais na Pista";"Atropelamento de animal";"Sem Vítimas";"Plena noite";"Decrescente";"Ceu Claro";"Simples";"Reta";"Rural";1;0;0;0;1;0;0;1
83524214;"14/12/16";"Quarta";"17:40:00";"SC";470;"55";"BLUMENAU";"Não guardar distância de segurança";"Queda de motocicleta / bicicleta / veículo";"Com Vítimas Feridas";"Pleno dia";"Crescente";"Nublado";"Simples";"Reta";"Urbano";1;0;1;0;0;0;1;1
83524215;"14/12/16";"Quarta";"11:30:00";"PR";163;"152";"SANTA LUCIA";"Outras";"Tombamento";"Com Vítimas Feridas";"Pleno dia";"Decrescente";"Ceu Claro";"Simples";"Reta";"Rural";1;0;0;1;0;0;1;1
83524216;"14/12/16";"Quarta";"14:20:00";"RS";116;"395,3";"CAMAQUA";"Dormindo";"Saída de Pista";"Com Vítimas Feridas";"Pleno dia";"Decrescente";"Ceu Claro";"Simples";"Reta";"Urbano";1;0;1;0;0;0;1;1
83524217;"15/12/16";"Quinta";"01:20:00";"SP";153;"179,2";"LINS";"Falta de atenção";"Colisão traseira";"Com Vítimas Feridas";"Plena noite";"Decrescente";"Ceu Claro";"Simples";"Cruzamento";"Rural";40;0;1;0;39;0;1;2
83524218;"14/12/16";"Quarta";"20:20:00";"PE";232;"252";"ARCOVERDE";"Animais na Pista";"Atropelamento de animal";"Sem Vítimas";"Plena noite";"Decrescente";"Nublado";"Simples";"Reta";"Urbano";1;0;0;0;1;0;0;1
83524219;"10/12/16";"Sábado";"15:00:00";"BA";324;"417";"NOVA FATIMA";"Ultrapassagem indevida";"Saída de Pista";"Sem Vítimas";"Pleno dia";"Crescente";"Ceu Claro";"Simples";"Reta";"Rural";1;0;0;0;1;0;0;1
83524220;"15/12/16";"Quinta";"02:10:00";"SP";153;"227,5";"MARILIA";"Defeito mecânico em veículo";"Tombamento";"Com Vítimas Feridas";"Plena noite";"Decrescente";"Ceu Claro";"Simples";"Reta";"Rural";1;0;1;0;0;0;1;1
83524221;"14/12/16";"Quarta";"13:30:00";"MG";116;"268,8";"TEOFILO OTONI";"Falta de atenção";"Capotamento";"Com Vítimas Feridas";"";"Crescente";"Chuva";"Simples";"Reta";"Rural";1;0;1;0;0;0;1;1
83524222;"14/12/16";"Quarta";"15:10:00";"PR";373;"178";"PONTA GROSSA";"Falta de atenção";"Colisão Transversal";"Sem Vítimas";"Pleno dia";"Crescente";"Ceu Claro";"Dupla";"Reta";"Urbano";3;0;0;0;3;0;0;2
83524223;"14/12/16";"Quarta";"19:00:00";"PR";116;"116";"CURITIBA";"Falta de atenção";"Colisão traseira";"Com Vítimas Feridas";"Anoitecer";"Crescente";"Nublado";"Dupla";"Reta";"Urbano";2;0;1;0;1;0;1;2
83524224;"14/12/16";"Quarta";"15:05:00";"PB";230;"33,7";"BAYEUX";"Falta de atenção";"Atropelamento de pessoa";"Com Vítimas Feridas";"Pleno dia";"Crescente";"Sol";"Dupla";"Reta";"Urbano";2;0;0;1;0;1;1;1
83524225;"14/12/16";"Quarta";"17:00:00";"MS";463;"18";"DOURADOS";"Defeito mecânico em veículo";"Saída de Pista";"Com Vítimas Feridas";"Pleno dia";"Crescente";"Ceu Claro";"Simples";"Cruzamento";"Rural";2;0;2;0;0;0;2;1
83524227;"14/12/16";"Quarta";"20:00:00";"GO";60;"175,6";"ABADIA DE GOIAS";"Falta de atenção";"Saída de Pista";"Ignorado";"Plena noite";"Crescente";"Nublado";"Dupla";"Reta";"Rural";1;0;0;0;0;1;0;1
83524229;"14/12/16";"Quarta";"21:50:00";"SC";282;"3";"FLORIANOPOLIS";"Falta de atenção";"Tombamento";"Com Vítimas Feridas";"Plena noite";"Crescente";"Nublado";"Dupla";"Reta";"Urbano";2;0;1;0;1;0;1;2
83524230;"15/12/16";"Quinta";"03:00:00";"BA";242;"399";"SEABRA";"Outras";"Capotamento";"Sem Vítimas";"Plena noite";"Decrescente";"Ceu Claro";"Simples";"Reta";"Rural";1;0;0;0;1;0;0;1
83524231;"10/12/16";"Sábado";"10:40:00";"PR";277;"101";"CURITIBA";"Outras";"Saída de Pista";"Com Vítimas Feridas";"Pleno dia";"Decrescente";"Chuva";"Dupla";"Curva";"Rural";1;0;1;0;0;0;1;1
83524232;"14/12/16";"Quarta";"18:40:00";"SE";101;"94";"NOSSA SENHORA DO SOCORRO";"Não guardar distância de segurança";"Colisão lateral";"Com Vítimas Feridas";"Plena noite";"Crescente";"Ceu Claro";"Dupla";"Reta";"Urbano";3;0;1;1;1;0;2;2
83524233;"15/12/16";"Quinta";"04:00:00";"SP";116;"279";"EMBU";"Ingestão de álcool";"Colisão com objeto fixo";"Sem Vítimas";"Plena noite";"Crescente";"Chuva";"Dupla";"Curva";"Urbano";1;0;0;0;1;0;0;1
83524234;"14/12/16";"Quarta";"14:55:00";"RS";392;"352,8";"SANTA MARIA";"Não guardar distância de segurança";"Colisão traseira";"Sem Vítimas";"Pleno dia";"Decrescente";"Ceu Claro";"Simples";"Reta";"Urbano";3;0;0;0;3;0;0;3
83524235;"14/12/16";"Quarta";"11:00:00";"ES";101;"292,8";"CARIACICA";"Falta de atenção";"Colisão traseira";"Com Vítimas Feridas";"Pleno dia";"Decrescente";"Nublado";"Dupla";"Reta";"Urbano";2;0;1;0;1;0;1;2
83524236;"10/12/16";"Sábado";"22:30:00";"PR";158;"1,9";"CAMPO MOURAO";"Falta de atenção";"Colisão Transversal";"Com Vítimas Feridas";"Plena noite";"Decrescente";"Ceu Claro";"Simples";"Reta";"Urbano";2;0;0;1;1;0;1;2
83524237;"15/12/16";"Quinta";"04:30:00";"RS";116;"2";"PORTO ALEGRE";"Outras";"Capotamento";"Ignorado";"Plena noite";"Crescente";"Ceu Claro";"Dupla";"Reta";"Urbano";1;0;0;0;0;1;0;1
83524238;"14/12/16";"Quarta";"22:45:00";"GO";452;"182";"ITUMBIARA";"Ingestão de álcool";"Colisão traseira";"Com Vítimas Feridas";"Plena noite";"Decrescente";"Nublado";"Simples";"Reta";"Rural";2;0;1;0;1;0;1;2
83524239;"11/12/16";"Domingo";"15:35:00";"MG";262;"460,4";"ARAUJOS";"Não guardar distância de segurança";"Colisão traseira";"Sem Vítimas";"Pleno dia";"Crescente";"Chuva";"Simples";"Reta";"Rural";2;0;0;0;2;0;0;2
83524240;"12/12/16";"Segunda";"02:00:00";"PR";369;"148";"LONDRINA";"Outras";"Colisão traseira";"Com Vítimas Feridas";"Pleno dia";"Crescente";"Ceu Claro";"Dupla";"Cruzamento";"Urbano";2;0;1;0;1;0;1;2
83524241;"15/12/16";"Quinta";"03:30:00";"RJ";393;"208,7";"VASSOURAS";"Dormindo";"Saída de Pista";"Sem Vítimas";"Plena noite";"Decrescente";"Nublado";"Simples";"Reta";"Rural";1;0;0;0;1;0;0;1
83524242;"07/12/16";"Quarta";"21:40:00";"ES";101;"265";"SERRA";"Falta de atenção";"Colisão lateral";"Com Vítimas Feridas";"Plena noite";"Crescente";"Ceu Claro";"Múltipla";"Reta";"Urbano";4;0;2;0;2;0;2;2
83524243;"15/12/16";"Quinta";"04:50:00";"GO";153;"643";"MORRINHOS";"Velocidade incompatível";"Colisão traseira";"Sem Vítimas";"Plena noite";"Decrescente";"Ignorada";"Dupla";"Reta";"Rural";2;0;0;0;2;0;0;2
83524244;"15/12/16";"Quinta";"02:30:00";"PA";316;"146";"CAPANEMA";"Defeito na via";"Capotamento";"Com Vítimas Feridas";"Plena noite";"Crescente";"Ceu Claro";"Simples";"Reta";"Rural";2;0;2;0;0;0;2;1
83524245;"15/12/16";"Quinta";"04:30:00";"PE";101;"2";"GOIANA";"Outras";"Tombamento";"Com Vítimas Feridas";"Amanhecer";"Crescente";"Nublado";"Dupla";"Reta";"Rural";1;0;0;1;0;0;1;1
83524246;"15/12/16";"Quinta";"06:18:00";"PR";277;"84";"SAO JOSE DOS PINHAIS";"Velocidade incompatível";"Capotamento";"Com Vítimas Feridas";"Amanhecer";"Crescente";"Nublado";"Dupla";"Curva";"Urbano";1;0;0;1;0;0;1;1
83524247;"14/12/16";"Quarta";"22:20:00";"MG";381;"656,4";"SANTO ANTONIO DO AMPARO";"Velocidade incompatível";"Capotamento";"Sem Vítimas";"Plena noite";"Crescente";"Chuva";"Dupla";"Curva";"Rural";1;0;0;0;1;0;0;1
83524248;"14/12/16";"Quarta";"09:10:00";"SP";116;"158";"SAO JOSE DOS CAMPOS";"Outras";"Colisão com objeto fixo";"Sem Vítimas";"Pleno dia";"Crescente";"Ceu Claro";"Dupla";"Reta";"Rural";1;0;0;0;1;0;0;1
83524249;"15/12/16";"Quinta";"02:50:00";"PR";116;"91,5";"SAO JOSE DOS PINHAIS";"Dormindo";"Derramamento de Carga";"Sem Vítimas";"Plena noite";"Crescente";"Nevoeiro/neblina";"Dupla";"Reta";"Rural";1;0;0;0;1;0;0;1
83524250;"12/12/16";"Segunda";"06:30:00";"SC";101;"128";"BALNEARIO CAMBORIU";"Ultrapassagem indevida";"Colisão lateral";"Com Vítimas Feridas";"Pleno dia";"Decrescente";"Ceu Claro";"Dupla";"Reta";"Urbano";2;0;0;1;1;0;1;2
83524251;"13/12/16";"Terça";"05:40:00";"SP";116;"315,7";"JUQUITIBA";"Outras";"Atropelamento de pessoa";"Com Vítimas Fatais";"Plena noite";"Crescente";"Ceu Claro";"Dupla";"Reta";"Rural";2;1;0;0;1;0;0;1
83524252;"15/12/16";"Quinta";"07:00:00";"SC";101;"189";"BIGUACU";"Falta de atenção";"Queda de motocicleta / bicicleta / veículo";"Com Vítimas Feridas";"Pleno dia";"Crescente";"Sol";"Dupla";"Reta";"Urbano";1;0;1;0;0;0;1;1
83524253;"14/12/16";"Quarta";"22:10:00";"RJ";40;"13";"TRES RIOS";"Falta de atenção";"Saída de Pista";"Sem Vítimas";"Plena noite";"Crescente";"Chuva";"Dupla";"Curva";"Rural";1;0;0;0;1;0;0;1
83524254;"14/12/16";"Quarta";"21:30:00";"PR";158;"199,3";"PEABIRU";"Desobediência à sinalização";"Colisão Transversal";"Com Vítimas Feridas";"Plena noite";"Decrescente";"Ceu Claro";"Simples";"Reta";"Urbano";4;0;2;1;1;0;3;2
83524255;"11/12/16";"Domingo";"16:20:00";"GO";153;"513";"APARECIDA DE GOIANIA";"Outras";"Saída de Pista";"Ignorado";"Pleno dia";"Decrescente";"Nublado";"Dupla";"Reta";"Urbano";1;0;0;0;0;1;0;1
83524256;"11/12/16";"Domingo";"01:10:00";"BA";324;"5";"FEIRA DE SANTANA";"Falta de atenção";"Atropelamento de pessoa";"Com Vítimas Feridas";"Plena noite";"Decrescente";"Ceu Claro";"Dupla";"Reta";"Urbano";2;0;0;1;0;1;1;1
83524257;"24/11/16";"Quinta";"18:50:00";"PR";277;"482,9";"NOVA LARANJEIRAS";"Outras";"Colisão traseira";"Com Vítimas Feridas";"Pleno dia";"Decrescente";"Sol";"Simples";"Curva";"Rural";4;0;1;0;3;0;1;4
83524258;"15/12/16";"Quinta";"00:20:00";"RJ";116;"216";"PARACAMBI";"Falta de atenção";"Colisão com objeto fixo";"Sem Vítimas";"Amanhecer";"Crescente";"Chuva";"Dupla";"Reta";"Urbano";1;0;0;0;1;0;0;1
83524259;"11/12/16";"Domingo";"19:30:00";"MG";381;"912,9";"CAMANDUCAIA";"Velocidade incompatível";"Saída de Pista";"Com Vítimas Feridas";"Anoitecer";"Decrescente";"Nublado";"Dupla";"Curva";"Rural";2;0;1;1;0;0;2;1
83524260;"11/12/16";"Domingo";"23:20:00";"SC";101;"114,9";"ITAJAI";"Velocidade incompatível";"Queda de motocicleta / bicicleta / veículo";"Com Vítimas Feridas";"Plena noite";"Crescente";"Chuva";"Dupla";"Curva";"Urbano";2;0;1;1;0;0;2;1
83524261;"11/12/16";"Domingo";"17:30:00";"BA";324;"475";"TANQUINHO";"Defeito mecânico em veículo";"Danos Eventuais";"Sem Vítimas";"Pleno dia";"Crescente";"Ceu Claro";"Simples";"Reta";"Urbano";1;0;0;0;1;0;0;1
83524262;"14/12/16";"Quarta";"13:00:00";"PA";230;"763";"MEDICILANDIA";"Outras";"Tombamento";"Sem Vítimas";"Pleno dia";"Crescente";"Sol";"Simples";"Curva";"Rural";1;0;0;0;1;0;0;1
83524263;"14/12/16";"Quarta";"13:30:00";"PA";155;"287";"ELDORADO DOS CARAJAS";"Falta de atenção";"Tombamento";"Com Vítimas Feridas";"Pleno dia";"Crescente";"Nublado";"Simples";"Curva";"Rural";1;0;1;0;0;0;1;1
83524264;"13/12/16";"Terça";"11:30:00";"MG";365;"132";"VARZEA DA PALMA";"Velocidade incompatível";"Saída de Pista";"Com Vítimas Feridas";"Pleno dia";"Decrescente";"Chuva";"Simples";"Reta";"Rural";1;0;1;0;0;0;1;1
83524265;"10/12/16";"Sábado";"18:40:00";"GO";153;"618";"MORRINHOS";"Velocidade incompatível";"Colisão com objeto fixo";"Com Vítimas Feridas";"Anoitecer";"Decrescente";"Chuva";"Dupla";"Curva";"Rural";2;0;2;0;0;0;2;1
83524266;"11/12/16";"Domingo";"20:00:00";"MG";365;"606";"UBERLANDIA";"Falta de atenção";"Colisão lateral";"Sem Vítimas";"Plena noite";"Crescente";"Ceu Claro";"Simples";"Reta";"Urbano";2;0;0;0;1;1;0;2
83524267;"11/12/16";"Domingo";"09:30:00";"MG";262;"553,3";"LUZ";"Defeito mecânico em veículo";"Saída de Pista";"Sem Vítimas";"Pleno dia";"Decrescente";"Chuva";"Simples";"Curva";"Rural";1;0;0;0;1;0;0;1
83524268;"10/12/16";"Sábado";"09:00:00";"MG";135;"615";"CURVELO";"Falta de atenção";"Colisão com objeto móvel";"Sem Vítimas";"Pleno dia";"Crescente";"Nublado";"Simples";"Reta";"Rural";2;0;0;0;2;0;0;2
83524269;"11/12/16";"Domingo";"23:30:00";"MG";40;"424";"CURVELO";"Desobediência à sinalização";"Queda de motocicleta / bicicleta / veículo";"Com Vítimas Feridas";"Plena noite";"Decrescente";"Chuva";"Dupla";"Reta";"Urbano";1;0;1;0;0;0;1;1
83524270;"11/12/16";"Domingo";"17:00:00";"SP";116;"561";"BARRA DO TURVO";"Velocidade incompatível";"Colisão com objeto fixo";"Com Vítimas Feridas";"Pleno dia";"Crescente";"Nublado";"Simples";"Curva";"Rural";4;0;1;0;3;0;1;1
83524271;"03/06/16";"Sexta";"20:00:00";"AP";210;"6";"MACAPA";"Falta de atenção";"Colisão com objeto fixo";"Com Vítimas Feridas";"Plena noite";"Crescente";"Ceu Claro";"Dupla";"Reta";"Urbano";2;0;2;0;0;0;2;1
83524272;"15/12/16";"Quinta";"05:30:00";"MT";70;"675,5";"CACERES";"Outras";"Saída de Pista";"Sem Vítimas";"Amanhecer";"Decrescente";"Chuva";"Simples";"Reta";"Rural";1;0;0;0;1;0;0;1
83524273;"15/12/16";"Quinta";"08:10:00";"MG";365;"720,5";"MONTE ALEGRE DE MINAS";"Falta de atenção";"Colisão lateral";"Com Vítimas Feridas";"Pleno dia";"Decrescente";"Chuva";"Simples";"Reta";"Rural";2;0;1;0;1;0;1;2
83524275;"15/12/16";"Quinta";"06:20:00";"PE";232;"409,6";"SERRA TALHADA";"Outras";"Colisão Transversal";"Com Vítimas Feridas";"Pleno dia";"Decrescente";"Ceu Claro";"Simples";"Cruzamento";"Urbano";2;0;1;0;1;0;1;2
83524276;"11/12/16";"Domingo";"15:40:00";"DF";20;"50";"BRASILIA";"Outras";"Saída de Pista";"Com Vítimas Feridas";"Pleno dia";"Crescente";"Chuva";"Dupla";"Curva";"Rural";3;0;2;0;1;0;2;1
83524277;"12/12/16";"Segunda";"05:45:00";"RJ";356;"80,2";"ITALVA";"Dormindo";"Capotamento";"Com Vítimas Feridas";"Amanhecer";"Decrescente";"Ceu Claro";"Simples";"Curva";"Rural";1;0;1;0;0;0;1;1
83524278;"15/12/16";"Quinta";"09:10:00";"PR";116;"152";"MANDIRITUBA";"Defeito mecânico em veículo";"Queda de motocicleta / bicicleta / veículo";"Com Vítimas Feridas";"Pleno dia";"Crescente";"Nublado";"Simples";"Reta";"Rural";1;0;1;0;0;0;1;1
83524279;"13/12/16";"Terça";"08:20:00";"MG";40;"606,2";"CONGONHAS";"Velocidade incompatível";"Tombamento";"Com Vítimas Feridas";"Pleno dia";"Crescente";"Nublado";"Simples";"Curva";"Urbano";1;0;1;0;0;0;1;1
83524280;"11/12/16";"Domingo";"12:00:00";"MG";40;"531";"BELO HORIZONTE";"Não guardar distância de segurança";"Colisão traseira";"Sem Vítimas";"Pleno dia";"Decrescente";"Ceu Claro";"Dupla";"Curva";"Urbano";2;0;0;0;2;0;0;2
83524281;"15/12/16";"Quinta";"09:00:00";"RJ";101;"315,8";"SAO GONCALO";"Outras";"Colisão lateral";"Com Vítimas Feridas";"Pleno dia";"Crescente";"Chuva";"Dupla";"Reta";"Urbano";2;0;1;0;1;0;1;2
83524282;"11/12/16";"Domingo";"22:30:00";"SC";101;"79,3";"BARRA VELHA";"Ingestão de álcool";"Colisão traseira";"Sem Vítimas";"Plena noite";"Decrescente";"Ceu Claro";"Dupla";"Reta";"Rural";2;0;0;0;2;0;0;2
83524283;"15/12/16";"Quinta";"09:00:00";"PR";277;"717";"SANTA TEREZINHA DE ITAIPU";"Falta de atenção";"Colisão lateral";"Com Vítimas Feridas";"Pleno dia";"Decrescente";"Sol";"Dupla";"Reta";"Rural";6;0;1;0;5;0;1;2
83524284;"11/12/16";"Domingo";"21:50:00";"BA";324;"517";"FEIRA DE SANTANA";"Outras";"Colisão traseira";"Com Vítimas Feridas";"Plena noite";"Crescente";"Ceu Claro";"Simples";"Reta";"Urbano";3;0;1;0;0;2;1;2
83524285;"12/12/16";"Segunda";"17:50:00";"RS";386;"32";"FREDERICO WESTPHALEN";"Desobediência à sinalização";"Colisão Transversal";"Com Vítimas Feridas";"Pleno dia";"Crescente";"Ceu Claro";"Simples";"Cruzamento";"Urbano";2;0;1;0;1;0;1;2
83524286;"10/12/16";"Sábado";"21:10:00";"PR";277;"3";"PARANAGUA";"Ingestão de álcool";"Colisão frontal";"Sem Vítimas";"Plena noite";"Crescente";"Nublado";"Simples";"Reta";"Urbano";2;0;0;0;2;0;0;2
83524288;"15/12/16";"Quinta";"09:00:00";"MG";381;"345";"BELA VISTA DE MINAS";"Velocidade incompatível";"Capotamento";"Com Vítimas Feridas";"Pleno dia";"Decrescente";"Chuva";"Simples";"Curva";"Rural";1;0;1;0;0;0;1;1
83524289;"12/12/16";"Segunda";"00:30:00";"RJ";101;"502";"ANGRA DOS REIS";"Ingestão de álcool";"Colisão lateral";"Com Vítimas Feridas";"Plena noite";"Crescente";"Chuva";"Simples";"Reta";"Urbano";5;0;3;0;2;0;3;2
83524290;"15/11/16";"Terça";"05:40:00";"BA";242;"737";"CRISTOPOLIS";"Falta de atenção";"Colisão traseira";"Sem Vítimas";"Pleno dia";"Crescente";"Ceu Claro";"Simples";"Reta";"Rural";2;0;0;0;1;1;0;2
83524291;"15/12/16";"Quinta";"07:50:00";"SC";101;"209";"SAO JOSE";"Não guardar distância de segurança";"Colisão traseira";"Com Vítimas Feridas";"Pleno dia";"Decrescente";"Ceu Claro";"Múltipla";"Reta";"Urbano";3;0;1;0;2;0;1;2
83524292;"04/12/16";"Domingo";"04:50:00";"SP";116;"216";"GUARULHOS";"Outras";"Colisão traseira";"Com Vítimas Feridas";"Plena noite";"Decrescente";"Ceu Claro";"Múltipla";"Reta";"Urbano";2;0;1;0;0;1;1;2
83524293;"15/12/16";"Quinta";"06:20:00";"ES";101;"294";"CARIACICA";"Falta de atenção";"Queda de motocicleta / bicicleta / veículo";"Com Vítimas Feridas";"Amanhecer";"Decrescente";"Ceu Claro";"Múltipla";"Reta";"Urbano";2;0;1;0;0;1;1;2
83524294;"12/12/16";"Segunda";"04:00:00";"CE";116;"20,7";"ITAITINGA";"Animais na Pista";"Atropelamento de animal";"Com Vítimas Feridas";"Plena noite";"Decrescente";"Ceu Claro";"Dupla";"Reta";"Urbano";1;0;1;0;0;0;1;1
83524295;"11/12/16";"Domingo";"22:00:00";"MG";365;"785";"ITUIUTABA";"Outras";"Capotamento";"Com Vítimas Feridas";"Plena noite";"Crescente";"Chuva";"Simples";"Curva";"Rural";1;0;0;1;0;0;1;1
83524296;"13/12/16";"Terça";"05:00:00";"RS";386;"443";"CANOAS";"Animais na Pista";"Atropelamento de animal";"Com Vítimas Feridas";"Plena noite";"Crescente";"Ignorada";"Simples";"Reta";"Urbano";1;0;0;1;0;0;1;1
83524297;"11/12/16";"Domingo";"12:00:00";"PE";232;"110";"BEZERROS";"Defeito mecânico em veículo";"Capotamento";"Com Vítimas Feridas";"Pleno dia";"Decrescente";"Ceu Claro";"Dupla";"Reta";"Urbano";2;0;2;0;0;0;2;1