"id";"data_inversa";"dia_semana";"horario";"uf";"br";"km";"municipio";"causa_acidente";"tipo_acidente";"classificacao_acidente";"fase_dia";"sentido_via";"condicao_metereologica";"tipo_pista";"tracado_via";"uso_solo";"pessoas";"mortos";"feridos_leves";"feridos_graves";"ilesos";"ignorados";"feridos";"veiculos"
83524298;"15/12/16";"Quinta";"09:50:00";"PR";476;"154,2";"ARAUCARIA";"Velocidade incompatível";"Colisão Transversal";"Com Vítimas Feridas";"Pleno dia";"Crescente";"Nublado";"Dupla";"Reta";"Urbano";2;0;1;0;1;0;1;2
83524299;"15/12/16";"Quinta";"08:30:00";"PR";376;"660";"TIJUCAS DO SUL";"Velocidade incompatível";"Colisão traseira";"Sem Vítimas";"Pleno dia";"Decrescente";"Chuva";"Dupla";"Reta";"Urbano";9;0;0;0;8;1;0;9
83524300;"15/12/16";"Quinta";"08:30:00";"PR";376;"660";"TIJUCAS DO SUL";"Velocidade incompatível";"Colisão traseira";"Sem Vítimas";"Pleno dia";"Decrescente";"Chuva";"Dupla";"Curva";"Rural";14;0;0;0;14;0;0;7
83524301;"14/12/16";"Quarta";"04:40:00";"MA";316;"380,5";"CODO";"Outras";"Colisão lateral";"Com Vítimas Fatais";"Amanhecer";"Decrescente";"Chuva";"Simples";"Reta";"Rural";6;3;1;2;0;0;3;2
83524302;"19/11/16";"Sábado";"13:40:00";"BA";415;"60,4";"ITABUNA";"Defeito mecânico em veículo";"Queda de motocicleta / bicicleta / veículo";"Com Vítimas Feridas";"Pleno dia";"Decrescente";"Sol";"Simples";"Curva";"Rural";2;0;2;0;0;0;2;1
83524303;"08/10/16";"Sábado";"07:05:00";"MA";135;"1";"SAO LUIS";"Outras";"Colisão com objeto fixo";"Com Vítimas Fatais";"Pleno dia";"Crescente";"Ceu Claro";"Dupla";"Reta";"Urbano";3;1;0;1;1;0;1;2
83524304;"12/12/16";"Segunda";"05:50:00";"MG";381;"782,4";"CAMPANHA";"Outras";"Tombamento";"Sem Vítimas";"Pleno dia";"Decrescente";"Nublado";"Dupla";"Curva";"Rural";3;0;0;0;3;0;0;1
83524305;"11/12/16";"Domingo";"17:50:00";"MG";40;"462,5";"SETE LAGOAS";"Outras";"Saída de Pista";"Com Vítimas Feridas";"Pleno dia";"Crescente";"Chuva";"Dupla";"Curva";"Rural";5;0;2;1;2;0;3;1
83524306;"13/12/16";"Terça";"05:05:00";"RS";386;"445";"CANOAS";"Animais na Pista";"Colisão com objeto móvel";"Com Vítimas Feridas";"Plena noite";"Crescente";"Ceu Claro";"Dupla";"Reta";"Rural";2;0;1;1;0;0;2;2
83524307;"15/12/16";"Quinta";"09:30:00";"RS";287;"403,1";"SANTIAGO";"Não guardar distância de segurança";"Colisão traseira";"Sem Vítimas";"Pleno dia";"Crescente";"Sol";"Simples";"Reta";"Rural";7;0;0;0;7;0;0;2
83524308;"15/12/16";"Quinta";"10:50:00";"RS";290;"97";"PORTO ALEGRE";"Defeito mecânico em veículo";"Incêndio";"Sem Vítimas";"Pleno dia";"Decrescente";"Ceu Claro";"Simples";"Reta";"Urbano";1;0;0;0;1;0;0;1
83524309;"15/12/16";"Quinta";"09:25:00";"MG";381;"526";"BRUMADINHO";"Velocidade incompatível";"Tombamento";"Sem Vítimas";"Pleno dia";"Crescente";"Chuva";"Dupla";"Curva";"Rural";1;0;0;0;1;0;0;1
83524310;"06/12/16";"Terça";"18:50:00";"PE";232;"524,8";"SALGUEIRO";"Animais na Pista";"Queda de motocicleta / bicicleta / veículo";"Com Vítimas Feridas";"Plena noite";"Decrescente";"Ceu Claro";"Simples";"Reta";"Rural";2;0;1;1;0;0;2;1
83524313;"11/12/16";"Domingo";"20:45:00";"BA";101;"345";"TEOLANDIA";"Ultrapassagem indevida";"Colisão lateral";"Sem Vítimas";"Plena noite";"Crescente";"Ceu Claro";"Simples";"Reta";"Rural";2;0;0;0;2;0;0;2
83524314;"15/12/16";"Quinta";"08:10:00";"RJ";101;"102";"CAMPOS DOS GOYTACAZES";"Falta de atenção";"Saída de Pista";"Sem Vítimas";"Pleno dia";"Decrescente";"Chuva";"Dupla";"Reta";"Rural";1;0;0;0;1;0;0;1
83524315;"15/12/16";"Quinta";"10:50:00";"MG";40;"283,9";"TRES MARIAS";"Ultrapassagem indevida";"Capotamento";"Sem Vítimas";"Pleno dia";"Decrescente";"Chuva";"Simples";"Reta";"Urbano";2;0;0;0;2;0;0;1
83524316;"15/12/16";"Quinta";"01:30:00";"RS";290;"261";"CACHOEIRA DO SUL";"Não guardar distância de segurança";"Colisão traseira";"Sem Vítimas";"Plena noite";"Crescente";"Ceu Claro";"Simples";"Reta";"Rural";2;0;0;0;1;1;0;2
83524317;"12/12/16";"Segunda";"08:50:00";"AC";364;"124";"RIO BRANCO";"Falta de atenção";"Colisão traseira";"Sem Vítimas";"Pleno dia";"Crescente";"Ceu Claro";"Dupla";"Reta";"Urbano";2;0;0;0;1;1;0;2
83524318;"15/12/16";"Quinta";"07:55:00";"PR";369;"149";"LONDRINA";"Falta de atenção";"Colisão lateral";"Com Vítimas Feridas";"Pleno dia";"Crescente";"Ceu Claro";"Dupla";"Reta";"Urbano";2;0;1;0;1;0;1;2
83524319;"15/12/16";"Quinta";"07:10:00";"BA";101;"193";"CONCEICAO DA FEIRA";"Falta de atenção";"Colisão traseira";"Com Vítimas Feridas";"Pleno dia";"Crescente";"Ceu Claro";"Simples";"Reta";"Rural";2;0;1;0;0;1;1;2
83524320;"15/11/16";"Terça";"20:30:00";"BA";324;"521";"FEIRA DE SANTANA";"Defeito mecânico em veículo";"Queda de motocicleta / bicicleta / veículo";"Com Vítimas Feridas";"Plena noite";"Crescente";"Nublado";"Dupla";"Reta";"Rural";2;0;2;0;0;0;2;1
83524321;"15/12/16";"Quinta";"08:55:00";"GO";153;"641,5";"MORRINHOS";"Falta de atenção";"Saída de Pista";"Com Vítimas Feridas";"Pleno dia";"Crescente";"Nublado";"Dupla";"Reta";"Rural";3;0;3;0;0;0;3;1
83524323;"15/12/16";"Quinta";"11:10:00";"MG";381;"338";"NOVA ERA";"Velocidade incompatível";"Colisão frontal";"Com Vítimas Feridas";"Pleno dia";"Crescente";"Chuva";"Simples";"Curva";"Rural";4;0;3;0;1;0;3;2
83524324;"15/12/16";"Quinta";"12:20:00";"MG";381;"344";"BELA VISTA DE MINAS";"Outras";"Saída de Pista";"Com Vítimas Feridas";"Pleno dia";"Crescente";"Chuva";"Simples";"Curva";"Rural";1;0;1;0;0;0;1;1
83524325;"15/12/16";"Quinta";"07:00:00";"MA";10;"285";"IMPERATRIZ";"Falta de atenção";"Saída de Pista";"Sem Vítimas";"Pleno dia";"Decrescente";"Chuva";"Simples";"Reta";"Rural";1;0;0;0;1;0;0;1
83524326;"15/12/16";"Quinta";"11:35:00";"MG";354;"743";"POUSO ALTO";"Falta de atenção";"Queda de motocicleta / bicicleta / veículo";"Com Vítimas Feridas";"Pleno dia";"Crescente";"Nublado";"Simples";"Curva";"Rural";1;0;1;0;0;0;1;1
83524327;"15/12/16";"Quinta";"07:50:00";"MG";116;"331";"CAMPANARIO";"Desobediência à sinalização";"Colisão traseira";"Com Vítimas Feridas";"Pleno dia";"Decrescente";"Ceu Claro";"Simples";"Reta";"Rural";7;0;1;0;6;0;1;2
83524328;"15/12/16";"Quinta";"09:00:00";"SC";480;"131";"CHAPECO";"Desobediência à sinalização";"Colisão frontal";"Com Vítimas Feridas";"Pleno dia";"Decrescente";"Sol";"Simples";"Reta";"Urbano";2;0;1;0;1;0;1;2
83524329;"15/12/16";"Quinta";"07:20:00";"SP";153;"285,5";"OCAUCU";"Defeito mecânico em veículo";"Tombamento";"Com Vítimas Feridas";"Pleno dia";"Crescente";"Nublado";"Simples";"Reta";"Rural";2;0;2;0;0;0;2;1
83524330;"15/12/16";"Quinta";"10:30:00";"MG";459;"95,2";"POUSO ALEGRE";"Velocidade incompatível";"Saída de Pista";"Com Vítimas Feridas";"Pleno dia";"Decrescente";"Ceu Claro";"Simples";"Curva";"Rural";2;0;2;0;0;0;2;1
83524331;"15/12/16";"Quinta";"12:00:00";"SC";101;"216";"PALHOCA";"Desobediência à sinalização";"Colisão Transversal";"Com Vítimas Feridas";"Pleno dia";"Crescente";"Ceu Claro";"Dupla";"Cruzamento";"Urbano";2;0;1;0;0;1;1;2
83524332;"15/12/16";"Quinta";"12:20:00";"GO";60;"111";"GOIANAPOLIS";"Outras";"Queda de motocicleta / bicicleta / veículo";"Com Vítimas Feridas";"Pleno dia";"Crescente";"Nublado";"Dupla";"Curva";"Rural";1;0;0;1;0;0;1;1
83524333;"12/12/16";"Segunda";"01:30:00";"SC";282;"393";"JOACABA";"Dormindo";"Saída de Pista";"Sem Vítimas";"Plena noite";"Crescente";"Ceu Claro";"Simples";"Curva";"Urbano";1;0;0;0;1;0;0;1
83524334;"10/12/16";"Sábado";"21:00:00";"MG";116;"101,5";"ITAOBIM";"Defeito na via";"Colisão traseira";"Sem Vítimas";"Plena noite";"Decrescente";"Chuva";"Simples";"Curva";"Rural";2;0;0;0;2;0;0;2
83524335;"15/12/16";"Quinta";"12:30:00";"PR";116;"118";"CURITIBA";"Velocidade incompatível";"Saída de Pista";"Sem Vítimas";"Pleno dia";"Crescente";"Nublado";"Dupla";"Reta";"Rural";1;0;0;0;1;0;0;1
83524336;"08/12/16";"Quinta";"00:10:00";"MG";116;"400,1";"GOVERNADOR VALADARES";"Defeito na via";"Colisão traseira";"Com Vítimas Feridas";"Plena noite";"Crescente";"Nublado";"Simples";"Reta";"Rural";3;0;1;1;1;0;2;3
83524337;"15/12/16";"Quinta";"11:00:00";"AL";104;"52,6";"BRANQUINHA";"Velocidade incompatível";"Saída de Pista";"Com Vítimas Feridas";"Pleno dia";"Decrescente";"Chuva";"Simples";"Curva";"Rural";1;0;1;0;0;0;1;1
83524338;"02/08/16";"Terça";"20:00:00";"ES";101;"234";"FUNDAO";"Velocidade incompatível";"Saída de Pista";"Com Vítimas Feridas";"Plena noite";"Decrescente";"Nublado";"Simples";"Curva";"Rural";1;0;1;0;0;0;1;1
83524339;"12/12/16";"Segunda";"05:40:00";"SP";116;"230";"SAO PAULO";"Não guardar distância de segurança";"Colisão traseira";"Sem Vítimas";"Amanhecer";"Decrescente";"Nublado";"Múltipla";"Reta";"Urbano";4;0;0;0;4;0;0;2
83524340;"11/12/16";"Domingo";"22:50:00";"SC";101;"353,9";"JAGUARUNA";"Ingestão de álcool";"Colisão frontal";"Com Vítimas Fatais";"Plena noite";"Decrescente";"Ceu Claro";"Dupla";"Reta";"Urbano";2;1;0;0;1;0;0;2
83524341;"15/12/16";"Quinta";"09:30:00";"RJ";101;"399";"ITAGUAI";"Animais na Pista";"Colisão traseira";"Sem Vítimas";"Pleno dia";"Crescente";"Chuva";"Dupla";"Reta";"Urbano";3;0;0;0;3;0;0;3
83524342;"15/12/16";"Quinta";"11:10:00";"RJ";101;"423";"MANGARATIBA";"Defeito na via";"Saída de Pista";"Com Vítimas Feridas";"Pleno dia";"Decrescente";"Chuva";"Simples";"Curva";"Urbano";1;0;1;0;0;0;1;1
83524344;"14/12/16";"Quarta";"14:05:00";"MG";40;"601,2";"OURO PRETO";"Velocidade incompatível";"Colisão lateral";"Sem Vítimas";"Pleno dia";"Decrescente";"Chuva";"Simples";"Reta";"Rural";2;0;0;0;2;0;0;2
83524345;"15/12/16";"Quinta";"11:15:00";"MG";381;"744";"TRES CORACOES";"Falta de atenção";"Colisão lateral";"Sem Vítimas";"Pleno dia";"Decrescente";"Nublado";"Dupla";"Reta";"Rural";3;0;0;0;3;0;0;2
83524346;"15/12/16";"Quinta";"08:30:00";"PE";232;"62,8";"POMBOS";"Defeito mecânico em veículo";"Colisão traseira";"Com Vítimas Feridas";"Pleno dia";"Decrescente";"Sol";"Simples";"Curva";"Rural";6;0;4;2;0;0;6;2
83524347;"12/11/16";"Sábado";"03:00:00";"BA";324;"620";"SALVADOR";"Falta de atenção";"Capotamento";"Ignorado";"Plena noite";"Decrescente";"Ceu Claro";"Dupla";"Reta";"Urbano";1;0;0;0;0;1;0;1
83524348;"15/12/16";"Quinta";"11:30:00";"RO";364;"15";"VILHENA";"Falta de atenção";"Colisão traseira";"Com Vítimas Feridas";"Pleno dia";"Decrescente";"Sol";"Dupla";"Cruzamento";"Urbano";2;0;1;0;1;0;1;2
83524349;"15/12/16";"Quinta";"11:51:00";"MG";381;"478,2";"CONTAGEM";"Velocidade incompatível";"Queda de motocicleta / bicicleta / veículo";"Com Vítimas Feridas";"Pleno dia";"Decrescente";"Chuva";"Dupla";"Reta";"Urbano";1;0;1;0;0;0;1;1
83524350;"15/12/16";"Quinta";"11:10:00";"PB";230;"35";"BAYEUX";"Falta de atenção";"Colisão traseira";"Com Vítimas Feridas";"Pleno dia";"Decrescente";"Sol";"Dupla";"Reta";"Urbano";4;0;1;0;1;2;1;4
83524351;"15/12/16";"Quinta";"09:40:00";"BA";242;"826";"BARREIRAS";"Falta de atenção";"Colisão lateral";"Com Vítimas Fatais";"Pleno dia";"Crescente";"Ceu Claro";"Simples";"Reta";"Rural";4;1;2;0;1;0;2;2
83524352;"15/12/16";"Quinta";"13:30:00";"RS";290;"140";"ELDORADO DO SUL";"Defeito mecânico em veículo";"Saída de Pista";"Com Vítimas Feridas";"Pleno dia";"Crescente";"Sol";"Simples";"Reta";"Rural";1;0;1;0;0;0;1;1
83524353;"15/12/16";"Quinta";"14:40:00";"MG";381;"351";"JOAO MONLEVADE";"Falta de atenção";"Colisão traseira";"Sem Vítimas";"Pleno dia";"Crescente";"Chuva";"Simples";"Reta";"Rural";2;0;0;0;2;0;0;2
83524354;"11/12/16";"Domingo";"22:35:00";"DF";40;"5";"BRASILIA";"Outras";"Colisão lateral";"Sem Vítimas";"Plena noite";"Crescente";"Nublado";"Simples";"Reta";"Urbano";3;0;0;0;3;0;0;3
83524355;"15/12/16";"Quinta";"08:00:00";"SP";116;"226,9";"GUARULHOS";"Outras";"Queda de motocicleta / bicicleta / veículo";"Com Vítimas Feridas";"Pleno dia";"Crescente";"Nublado";"Dupla";"Reta";"Urbano";1;0;1;0;0;0;1;1
83524358;"10/12/16";"Sábado";"12:30:00";"AL";104;"58,6";"MURICI";"Ultrapassagem indevida";"Colisão frontal";"Sem Vítimas";"Pleno dia";"Crescente";"Sol";"Simples";"Reta";"Rural";2;0;0;0;2;0;0;2
83524359;"15/12/16";"Quinta";"12:10:00";"MG";262;"499,3";"MOEMA";"Outras";"Saída de Pista";"Com Vítimas Feridas";"Pleno dia";"Decrescente";"Chuva";"Simples";"Curva";"Rural";4;0;2;1;1;0;3;1
83524360;"15/12/16";"Quinta";"11:15:00";"MG";262;"460,1";"ARAUJOS";"Desobediência à sinalização";"Colisão frontal";"Com Vítimas Fatais";"Pleno dia";"Crescente";"Chuva";"Simples";"Reta";"Rural";2;1;1;0;0;0;1;2
83524361;"11/12/16";"Domingo";"22:00:00";"MG";116;"414";"GOVERNADOR VALADARES";"Outras";"Colisão frontal";"Com Vítimas Feridas";"Plena noite";"Decrescente";"Chuva";"Simples";"Reta";"Urbano";2;0;0;1;1;0;1;2
83524362;"14/12/16";"Quarta";"10:00:00";"MG";381;"623,5";"OLIVEIRA";"Velocidade incompatível";"Colisão traseira";"Com Vítimas Fatais";"Pleno dia";"Decrescente";"Chuva";"Dupla";"Reta";"Rural";6;4;0;0;2;0;0;3
83524363;"15/12/16";"Quinta";"13:20:00";"MG";381;"315";"ANTONIO DIAS";"Não guardar distância de segurança";"Colisão traseira";"Sem Vítimas";"Pleno dia";"Crescente";"Chuva";"Simples";"Curva";"Rural";2;0;0;0;2;0;0;2
83524364;"15/12/16";"Quinta";"15:05:00";"RJ";101;"278";"TANGUA";"Outras";"Capotamento";"Sem Vítimas";"Pleno dia";"Decrescente";"Chuva";"Dupla";"Curva";"Rural";1;0;0;0;1;0;0;1
83524365;"15/12/16";"Quinta";"13:45:00";"GO";60;"400";"RIO VERDE";"Velocidade incompatível";"Saída de Pista";"Sem Vítimas";"Pleno dia";"Decrescente";"Chuva";"Dupla";"Reta";"Rural";1;0;0;0;1;0;0;1
83524366;"15/12/16";"Quinta";"15:45:00";"SC";470;"140";"RIO DO SUL";"Falta de atenção";"Colisão Transversal";"Com Vítimas Feridas";"Pleno dia";"Decrescente";"Sol";"Simples";"Cruzamento";"Urbano";2;0;2;0;0;0;2;2
83524367;"15/12/16";"Quinta";"14:30:00";"SC";101;"136,3";"BALNEARIO CAMBORIU";"Falta de atenção";"Colisão traseira";"Com Vítimas Feridas";"Pleno dia";"Decrescente";"Sol";"Simples";"Reta";"Urbano";2;0;1;0;1;0;1;2
83524368;"15/12/16";"Quinta";"14:10:00";"MG";40;"548";"NOVA LIMA";"Outras";"Saída de Pista";"Com Vítimas Feridas";"Pleno dia";"Decrescente";"Chuva";"Dupla";"Curva";"Urbano";1;0;1;0;0;0;1;1
83524370;"15/12/16";"Quinta";"07:00:00";"BA";242;"324,5";"LENCOIS";"Falta de atenção";"Capotamento";"Com Vítimas Feridas";"Pleno dia";"Crescente";"Sol";"Simples";"Curva";"Rural";1;0;1;0;0;0;1;1
83524371;"15/12/16";"Quinta";"14:30:00";"MG";116;"537,8";"SANTA RITA DE MINAS";"Falta de atenção";"Colisão Transversal";"Com Vítimas Feridas";"Pleno dia";"Crescente";"Ceu Claro";"Simples";"Reta";"Rural";4;0;2;2;0;0;4;2
83524373;"06/08/16";"Sábado";"00:10:00";"BA";101;"249";"CONCEICAO DO ALMEIDA";"Outras";"Colisão traseira";"Com Vítimas Fatais";"Plena noite";"Crescente";"Ceu Claro";"Simples";"Reta";"Rural";2;1;0;0;0;1;0;2
83524374;"15/12/16";"Quinta";"14:30:00";"RJ";101;"99";"CAMPOS DOS GOYTACAZES";"Outras";"Saída de Pista";"Sem Vítimas";"Plena noite";"Crescente";"Chuva";"Simples";"Curva";"Rural";1;0;0;0;1;0;0;1
83524375;"12/12/16";"Segunda";"06:30:00";"SC";101;"212";"PALHOCA";"Falta de atenção";"Colisão lateral";"Com Vítimas Feridas";"Amanhecer";"Decrescente";"Chuva";"Dupla";"Reta";"Urbano";2;0;1;0;1;0;1;2
83524376;"15/12/16";"Quinta";"15:40:00";"MG";40;"609,8";"CONGONHAS";"Velocidade incompatível";"Colisão frontal";"Com Vítimas Feridas";"Pleno dia";"Crescente";"Chuva";"Simples";"Curva";"Rural";3;0;1;0;2;0;1;2
83524377;"05/12/16";"Segunda";"09:30:00";"RO";364;"507";"ARIQUEMES";"Outras";"Saída de Pista";"Com Vítimas Feridas";"Pleno dia";"Crescente";"Ceu Claro";"Simples";"Reta";"Rural";5;0;4;0;0;1;4;2
83524378;"15/12/16";"Quinta";"07:51:00";"RO";319;"62";"PORTO VELHO";"Falta de atenção";"Colisão traseira";"Com Vítimas Feridas";"Pleno dia";"Crescente";"Ceu Claro";"Dupla";"Reta";"Urbano";2;0;1;0;1;0;1;2
83524379;"15/12/16";"Quinta";"09:00:00";"PR";277;"13,1";"PARANAGUA";"Defeito mecânico em veículo";"Queda de motocicleta / bicicleta / veículo";"Com Vítimas Feridas";"Pleno dia";"Decrescente";"Nublado";"Dupla";"Reta";"Rural";2;0;2;0;0;0;2;1
83524380;"12/12/16";"Segunda";"22:00:00";"RR";174;"681";"PACARAIMA";"Defeito mecânico em veículo";"Saída de Pista";"Com Vítimas Feridas";"Plena noite";"Decrescente";"Nublado";"Simples";"Curva";"Rural";1;0;0;1;0;0;1;1
83524381;"15/12/16";"Quinta";"15:00:00";"PE";101;"25";"IGARASSU";"Falta de atenção";"Saída de Pista";"Sem Vítimas";"Pleno dia";"Decrescente";"Sol";"Dupla";"Reta";"Rural";1;0;0;0;1;0;0;1
83524382;"15/12/16";"Quinta";"12:45:00";"MG";267;"57,1";"GUARARA";"Velocidade incompatível";"Capotamento";"Com Vítimas Feridas";"Pleno dia";"Crescente";"Chuva";"Simples";"Curva";"Urbano";1;0;1;0;0;0;1;1
83524383;"15/12/16";"Quinta";"07:00:00";"MG";381;"498";"BETIM";"Outras";"Colisão com objeto fixo";"Com Vítimas Feridas";"Pleno dia";"Decrescente";"Chuva";"Dupla";"Reta";"Urbano";1;0;1;0;0;0;1;1
83524384;"15/12/16";"Quinta";"16:00:00";"SP";116;"551,5";"BARRA DO TURVO";"Falta de atenção";"Saída de Pista";"Sem Vítimas";"Pleno dia";"Decrescente";"Chuva";"Dupla";"Curva";"Rural";1;0;0;0;1;0;0;1
83524385;"15/12/16";"Quinta";"14:00:00";"PR";116;"15";"CAMPINA GRANDE DO SUL";"Velocidade incompatível";"Saída de Pista";"Sem Vítimas";"Pleno dia";"Crescente";"Chuva";"Dupla";"Curva";"Rural";1;0;0;0;1;0;0;1
83524386;"15/12/16";"Quinta";"08:30:00";"PR";277;"66,5";"SAO JOSE DOS PINHAIS";"Falta de atenção";"Saída de Pista";"Sem Vítimas";"Pleno dia";"Crescente";"Chuva";"Dupla";"Reta";"Urbano";1;0;0;0;1;0;0;1
83524387;"15/12/16";"Quinta";"15:20:00";"PR";116;"210,8";"RIO NEGRO";"Falta de atenção";"Colisão Transversal";"Com Vítimas Feridas";"Pleno dia";"Decrescente";"Nublado";"Simples";"Reta";"Urbano";2;0;1;0;1;0;1;2
83524388;"15/12/16";"Quinta";"08:50:00";"PR";116;"39,9";"CAMPINA GRANDE DO SUL";"Velocidade incompatível";"Saída de Pista";"Sem Vítimas";"Pleno dia";"Crescente";"Chuva";"Dupla";"Reta";"Rural";1;0;0;0;1;0;0;1
83524389;"10/12/16";"Sábado";"20:00:00";"MG";50;"66,8";"UBERLANDIA";"Outras";"Colisão frontal";"Com Vítimas Feridas";"Plena noite";"Decrescente";"Chuva";"Dupla";"Reta";"Rural";2;0;0;1;1;0;1;2
83524390;"11/12/16";"Domingo";"23:00:00";"PE";101;"50";"ABREU E LIMA";"Outras";"Colisão traseira";"Com Vítimas Feridas";"Plena noite";"Decrescente";"Ceu Claro";"Múltipla";"Curva";"Urbano";2;0;1;0;0;1;1;2
83524392;"15/12/16";"Quinta";"17:00:00";"MG";116;"768,4";"LEOPOLDINA";"Falta de atenção";"Colisão Transversal";"Sem Vítimas";"Pleno dia";"Decrescente";"Chuva";"Simples";"Reta";"Urbano";2;0;0;0;2;0;0;2
83524393;"15/12/16";"Quinta";"13:40:00";"MG";365;"372";"PATOS DE MINAS";"Outras";"Colisão Transversal";"Sem Vítimas";"Pleno dia";"Decrescente";"Chuva";"Simples";"Curva";"Rural";2;0;0;0;2;0;0;2
83524394;"08/12/16";"Quinta";"23:45:00";"RJ";356;"165";"SAO JOAO DA BARRA";"Animais na Pista";"Atropelamento de animal";"Com Vítimas Feridas";"Plena noite";"Crescente";"Nublado";"Simples";"Reta";"Rural";2;0;1;0;1;0;1;1
83524395;"09/12/16";"Sexta";"15:10:00";"BA";324;"571";"SAO SEBASTIAO DO PASSE";"Falta de atenção";"Saída de Pista";"Sem Vítimas";"Pleno dia";"Crescente";"Ceu Claro";"Dupla";"Reta";"Rural";1;0;0;0;1;0;0;1
83524396;"08/12/16";"Quinta";"01:30:00";"BA";110;"306";"INHAMBUPE";"Falta de atenção";"Colisão traseira";"Com Vítimas Feridas";"Plena noite";"Crescente";"Ceu Claro";"Simples";"Reta";"Urbano";3;0;2;0;1;0;2;2
83524397;"15/12/16";"Quinta";"15:00:00";"ES";101;"295";"CARIACICA";"Outras";"Colisão lateral";"Sem Vítimas";"Pleno dia";"Decrescente";"Nublado";"Múltipla";"Reta";"Rural";4;0;0;0;3;1;0;4
83524398;"15/12/16";"Quinta";"09:30:00";"MG";153;"218";"FRUTAL";"Falta de atenção";"Colisão traseira";"Com Vítimas Feridas";"Pleno dia";"Decrescente";"Nublado";"Simples";"Reta";"Rural";3;0;2;0;1;0;2;2
83524399;"15/12/16";"Quinta";"09:00:00";"MT";364;"605";"DIAMANTINO";"Velocidade incompatível";"Tombamento";"Com Vítimas Feridas";"Pleno dia";"Decrescente";"Ceu Claro";"Simples";"Curva";"Rural";1;0;1;0;0;0;1;1
83524400;"15/12/16";"Quinta";"17:30:00";"RS";386;"49,2";"SEBERI";"Não guardar distância de segurança";"Colisão traseira";"Sem Vítimas";"Pleno dia";"Crescente";"Ceu Claro";"Simples";"Cruzamento";"Urbano";2;0;0;0;2;0;0;2
83524401;"15/12/16";"Quinta";"17:10:00";"ES";101;"268,1";"SERRA";"Falta de atenção";"Colisão lateral";"Com Vítimas Feridas";"Pleno dia";"Decrescente";"Ceu Claro";"Múltipla";"Reta";"Urbano";3;0;1;0;2;0;1;3
83524402;"15/12/16";"Quinta";"07:30:00";"GO";60;"223";"CEZARINA";"Outras";"Saída de Pista";"Com Vítimas Feridas";"Pleno dia";"Crescente";"Chuva";"Dupla";"Curva";"Rural";1;0;1;0;0;0;1;1
83524403;"15/12/16";"Quinta";"12:30:00";"RJ";116;"26,6";"SAPUCAIA";"Outras";"Capotamento";"Com Vítimas Feridas";"Pleno dia";"Crescente";"Chuva";"Simples";"Curva";"Rural";4;0;4;0;0;0;4;1
83524404;"15/12/16";"Quinta";"09:30:00";"MG";116;"25";"CACHOEIRA DE PAJEU";"Falta de atenção";"Colisão Transversal";"Sem Vítimas";"Pleno dia";"Decrescente";"Ceu Claro";"Simples";"Cruzamento";"Rural";2;0;0;0;2;0;0;2
83524405;"11/12/16";"Domingo";"13:30:00";"MG";381;"350";"JOAO MONLEVADE";"Desobediência à sinalização";"Colisão Transversal";"Com Vítimas Feridas";"Pleno dia";"Decrescente";"Ceu Claro";"Simples";"Reta";"Rural";4;0;2;0;2;0;2;2
83524406;"09/12/16";"Sexta";"18:20:00";"BA";324;"574";"SAO SEBASTIAO DO PASSE";"Outras";"Atropelamento de pessoa";"Com Vítimas Fatais";"Anoitecer";"Crescente";"Ceu Claro";"Dupla";"Reta";"Rural";2;1;0;0;1;0;0;1
83524407;"15/12/16";"Quinta";"14:30:00";"GO";153;"276";"NOVA GLORIA";"Velocidade incompatível";"Colisão com objeto fixo";"Com Vítimas Feridas";"Pleno dia";"Crescente";"Chuva";"Simples";"Reta";"Rural";1;0;1;0;0;0;1;1
83524408;"15/12/16";"Quinta";"16:40:00";"MG";381;"351";"JOAO MONLEVADE";"Outras";"Saída de Pista";"Com Vítimas Feridas";"Pleno dia";"Crescente";"Chuva";"Simples";"Curva";"Rural";2;0;1;0;1;0;1;1
83524409;"15/12/16";"Quinta";"11:15:00";"MG";40;"460,1";"SETE LAGOAS";"Velocidade incompatível";"Capotamento";"Sem Vítimas";"Pleno dia";"Crescente";"Chuva";"Dupla";"Curva";"Rural";2;0;0;0;2;0;0;1
83524410;"15/12/16";"Quinta";"13:00:00";"MG";40;"450,4";"CAETANOPOLIS";"Outras";"Saída de Pista";"Sem Vítimas";"Pleno dia";"Crescente";"Chuva";"Dupla";"Curva";"Rural";1;0;0;0;1;0;0;1
83524411;"14/12/16";"Quarta";"05:30:00";"PE";232;"484,9";"SALGUEIRO";"Outras";"Tombamento";"Com Vítimas Fatais";"Amanhecer";"Crescente";"Ceu Claro";"Simples";"Reta";"Rural";1;1;0;0;0;0;0;1
83524412;"15/12/16";"Quinta";"17:00:00";"PR";277;"595";"CASCAVEL";"Outras";"Colisão Transversal";"Com Vítimas Feridas";"Pleno dia";"Decrescente";"Ceu Claro";"Simples";"Reta";"Urbano";2;0;0;1;1;0;1;2
83524413;"15/12/16";"Quinta";"17:30:00";"RS";116;"264";"CANOAS";"Falta de atenção";"Colisão traseira";"Com Vítimas Feridas";"Pleno dia";"Decrescente";"Sol";"Dupla";"Reta";"Urbano";2;0;1;0;1;0;1;2