"id";"data_inversa";"dia_semana";"horario";"uf";"br";"km";"municipio";"causa_acidente";"tipo_acidente";"classificacao_acidente";"fase_dia";"sentido_via";"condicao_metereologica";"tipo_pista";"tracado_via";"uso_solo";"pessoas";"mortos";"feridos_leves";"feridos_graves";"ilesos";"ignorados";"feridos";"veiculos"
83524746;"16/12/16";"Sexta";"17:00:00";"PR";376;"665,5";"GUARATUBA";"Outras";"Capotamento";"Com Vítimas Feridas";"Pleno dia";"Crescente";"Chuva";"Dupla";"Curva";"Rural";2;0;2;0;0;0;2;1
83524747;"16/12/16";"Sexta";"17:00:00";"PE";101;"50";"ABREU E LIMA";"Defeito na via";"Colisão lateral";"Sem Vítimas";"Pleno dia";"Decrescente";"Vento";"Múltipla";"Reta";"Urbano";2;0;0;0;2;0;0;2
83524748;"16/12/16";"Sexta";"18:15:00";"PR";376;"184,8";"SARANDI";"Falta de atenção";"Colisão lateral";"Com Vítimas Feridas";"Pleno dia";"Decrescente";"Sol";"Dupla";"Reta";"Rural";2;0;1;0;1;0;1;2
83524749;"16/12/16";"Sexta";"19:15:00";"RJ";116;"165";"RIO DE JANEIRO";"Não guardar distância de segurança";"Queda de motocicleta / bicicleta / veículo";"Com Vítimas Feridas";"Plena noite";"Crescente";"Ceu Claro";"Múltipla";"Reta";"Urbano";1;0;1;0;0;0;1;1
83524750;"16/12/16";"Sexta";"15:00:00";"AL";101;"187,8";"TEOTONIO VILELA";"Falta de atenção";"Colisão lateral";"Sem Vítimas";"Pleno dia";"Decrescente";"Ceu Claro";"Simples";"Curva";"Rural";2;0;0;0;1;1;0;2
83524751;"16/12/16";"Sexta";"16:00:00";"AL";101;"174";"TEOTONIO VILELA";"Velocidade incompatível";"Atropelamento de pessoa";"Com Vítimas Feridas";"Pleno dia";"Crescente";"Ceu Claro";"Dupla";"Reta";"Urbano";3;0;0;2;0;1;2;1
83524752;"16/12/16";"Sexta";"18:45:00";"PE";424;"88,7";"GARANHUNS";"Outras";"Colisão Transversal";"Com Vítimas Feridas";"Plena noite";"Decrescente";"Ceu Claro";"Simples";"Curva";"Urbano";3;0;0;2;0;1;2;2
83524753;"16/12/16";"Sexta";"19:50:00";"ES";101;"291";"CARIACICA";"Falta de atenção";"Colisão Transversal";"Com Vítimas Feridas";"Plena noite";"Decrescente";"Chuva";"Dupla";"Reta";"Urbano";5;0;3;0;1;1;3;2
83524754;"16/12/16";"Sexta";"16:20:00";"MG";262;"41,1";"MANHUACU";"Falta de atenção";"Colisão lateral";"Com Vítimas Feridas";"Pleno dia";"Decrescente";"Nublado";"Simples";"Reta";"Rural";3;0;1;0;2;0;1;3
83524755;"16/12/16";"Sexta";"18:00:00";"MT";163;"943";"ITAUBA";"Ingestão de álcool";"Queda de motocicleta / bicicleta / veículo";"Com Vítimas Feridas";"Pleno dia";"Decrescente";"Chuva";"Simples";"Reta";"Rural";1;0;1;0;0;0;1;1
83524756;"16/12/16";"Sexta";"15:00:00";"SP";116;"137,7";"SAO JOSE DOS CAMPOS";"Falta de atenção";"Colisão traseira";"Sem Vítimas";"Pleno dia";"Crescente";"Ceu Claro";"Dupla";"Reta";"Rural";3;0;0;0;3;0;0;3
83524757;"16/12/16";"Sexta";"18:00:00";"MT";70;"417";"CAMPO VERDE";"Não guardar distância de segurança";"Colisão traseira";"Sem Vítimas";"Anoitecer";"Decrescente";"Chuva";"Simples";"Reta";"Rural";2;0;0;0;2;0;0;2
83524758;"16/12/16";"Sexta";"15:45:00";"PE";316;"52,7";"TRINDADE";"Falta de atenção";"Colisão traseira";"Com Vítimas Feridas";"Pleno dia";"Decrescente";"Ceu Claro";"Simples";"Reta";"Rural";2;0;0;1;1;0;1;2
83524759;"14/12/16";"Quarta";"20:30:00";"SP";381;"75";"SAO PAULO";"Outras";"Capotamento";"Sem Vítimas";"Plena noite";"Decrescente";"Chuva";"Dupla";"Curva";"Rural";1;0;0;0;1;0;0;1
83524760;"16/12/16";"Sexta";"16:40:00";"PB";405;"5,1";"UIRAUNA";"Outras";"Saída de Pista";"Com Vítimas Fatais";"Anoitecer";"Crescente";"Nublado";"Simples";"Reta";"Rural";2;1;0;1;0;0;1;1
83524761;"16/12/16";"Sexta";"21:50:00";"MG";381;"752";"TRES CORACOES";"Outras";"Saída de Pista";"Sem Vítimas";"Plena noite";"Decrescente";"Ceu Claro";"Dupla";"Reta";"Rural";1;0;0;0;1;0;0;1
83524762;"16/12/16";"Sexta";"17:30:00";"SC";282;"47,5";"AGUAS MORNAS";"Velocidade incompatível";"Colisão lateral";"Com Vítimas Feridas";"Pleno dia";"Decrescente";"Chuva";"Simples";"Curva";"Rural";2;0;1;0;1;0;1;2
83524763;"16/12/16";"Sexta";"17:20:00";"MG";262;"38,8";"MANHUACU";"Falta de atenção";"Colisão Transversal";"Sem Vítimas";"Pleno dia";"Decrescente";"Nublado";"Simples";"Cruzamento";"Urbano";2;0;0;0;2;0;0;2
83524764;"16/12/16";"Sexta";"15:30:00";"RR";174;"506";"BOA VISTA";"Falta de atenção";"Colisão traseira";"Com Vítimas Feridas";"Pleno dia";"Decrescente";"Sol";"Dupla";"Reta";"Urbano";2;0;1;0;1;0;1;2
83524765;"16/12/16";"Sexta";"08:40:00";"DF";20;"15";"BRASILIA";"Outras";"Incêndio";"Sem Vítimas";"Pleno dia";"Decrescente";"Ceu Claro";"Simples";"Reta";"Urbano";1;0;0;0;1;0;0;1
83524766;"14/12/16";"Quarta";"05:15:00";"AL";101;"28";"JOAQUIM GOMES";"Velocidade incompatível";"Tombamento";"Com Vítimas Feridas";"Amanhecer";"Decrescente";"Sol";"Simples";"Curva";"Rural";1;0;0;1;0;0;1;1
83524767;"16/12/16";"Sexta";"14:00:00";"PR";163;"11,1";"BARRACAO";"Outras";"Saída de Pista";"Com Vítimas Feridas";"Pleno dia";"Crescente";"Sol";"Simples";"Reta";"Rural";1;0;1;0;0;0;1;1
83524768;"16/12/16";"Sexta";"10:00:00";"PR";163;"66";"PEROLA DOESTE";"Falta de atenção";"Colisão Transversal";"Com Vítimas Feridas";"Pleno dia";"Crescente";"Ceu Claro";"Simples";"Curva";"Rural";3;0;2;0;1;0;2;2
83524769;"16/12/16";"Sexta";"19:40:00";"MA";135;"5,4";"SAO LUIS";"Não guardar distância de segurança";"Colisão traseira";"Sem Vítimas";"Plena noite";"Decrescente";"Chuva";"Dupla";"Reta";"Urbano";3;0;0;0;3;0;0;3
83524770;"16/12/16";"Sexta";"15:00:00";"PB";230;"43,2";"SANTA RITA";"Falta de atenção";"Saída de Pista";"Com Vítimas Feridas";"Pleno dia";"Crescente";"Sol";"Dupla";"Reta";"Rural";1;0;0;1;0;0;1;1
83524771;"16/12/16";"Sexta";"10:19:00";"MA";135;"0,8";"SAO LUIS";"Falta de atenção";"Colisão lateral";"Sem Vítimas";"Pleno dia";"Decrescente";"Sol";"Dupla";"Reta";"Urbano";2;0;0;0;2;0;0;2
83524772;"16/12/16";"Sexta";"15:30:00";"AC";364;"124";"RIO BRANCO";"Falta de atenção";"Colisão traseira";"Sem Vítimas";"Pleno dia";"Decrescente";"Nublado";"Dupla";"Reta";"Urbano";3;0;0;0;2;1;0;2
83524773;"13/12/16";"Terça";"04:30:00";"MG";116;"609,5";"SAO JOAO DO MANHUACU";"Outras";"Queda de motocicleta / bicicleta / veículo";"Com Vítimas Fatais";"Plena noite";"Decrescente";"Chuva";"Simples";"Reta";"Rural";1;1;0;0;0;0;0;1
83524774;"16/12/16";"Sexta";"06:15:00";"MT";158;"334,2";"BOM JESUS DO ARAGUAIA";"Falta de atenção";"Saída de Pista";"Com Vítimas Fatais";"Amanhecer";"Crescente";"Chuva";"Simples";"Curva";"Rural";1;1;0;0;0;0;0;1
83524775;"16/12/16";"Sexta";"20:35:00";"RS";290;"86";"PORTO ALEGRE";"Ingestão de álcool";"Saída de Pista";"Sem Vítimas";"Anoitecer";"Decrescente";"Ceu Claro";"Dupla";"Curva";"Urbano";1;0;0;0;1;0;0;1
83524776;"16/12/16";"Sexta";"22:30:00";"PR";116;"129";"FAZENDA RIO GRANDE";"Outras";"Colisão com objeto fixo";"Sem Vítimas";"Plena noite";"Decrescente";"Chuva";"Dupla";"Reta";"Urbano";1;0;0;0;1;0;0;1
83524777;"16/12/16";"Sexta";"22:50:00";"SP";116;"514";"CAJATI";"Falta de atenção";"Colisão com objeto fixo";"Sem Vítimas";"Plena noite";"Decrescente";"Chuva";"Simples";"Curva";"Rural";2;0;0;0;2;0;0;1
83524778;"16/12/16";"Sexta";"21:35:00";"RS";470;"217";"BENTO GONCALVES";"Falta de atenção";"Colisão Transversal";"Com Vítimas Feridas";"Plena noite";"Decrescente";"Ceu Claro";"Dupla";"Reta";"Urbano";4;0;1;0;3;0;1;2
83524779;"16/12/16";"Sexta";"20:00:00";"MG";116;"708,5";"MURIAE";"Dormindo";"Colisão lateral";"Sem Vítimas";"Plena noite";"Decrescente";"Nublado";"Simples";"Curva";"Rural";2;0;0;0;2;0;0;2
83524781;"14/11/16";"Segunda";"19:47:00";"RJ";116;"206";"SEROPEDICA";"Outras";"Colisão com objeto fixo";"Sem Vítimas";"Plena noite";"Crescente";"Chuva";"Dupla";"Reta";"Urbano";1;0;0;0;1;0;0;1
83524782;"12/12/16";"Segunda";"18:30:00";"GO";20;"21,5";"FORMOSA";"Falta de atenção";"Capotamento";"Com Vítimas Feridas";"Plena noite";"Decrescente";"Chuva";"Dupla";"Reta";"Rural";5;0;3;0;2;0;3;1
83524783;"16/12/16";"Sexta";"22:30:00";"PE";101;"72,2";"RECIFE";"Falta de atenção";"Colisão traseira";"Sem Vítimas";"Plena noite";"Crescente";"Ceu Claro";"Dupla";"Reta";"Urbano";2;0;0;0;2;0;0;2
83524784;"16/12/16";"Sexta";"18:00:00";"RS";285;"466,1";"IJUI";"Falta de atenção";"Colisão Transversal";"Com Vítimas Feridas";"Pleno dia";"Crescente";"Sol";"Simples";"Reta";"Urbano";2;0;1;1;0;0;2;2
83524785;"16/12/16";"Sexta";"19:40:00";"MG";365;"388";"PATOS DE MINAS";"Falta de atenção";"Colisão Transversal";"Com Vítimas Feridas";"Plena noite";"Crescente";"Nublado";"Simples";"Reta";"Rural";3;0;3;0;0;0;3;2
83524786;"16/12/16";"Sexta";"21:30:00";"SC";101;"216";"PALHOCA";"Falta de atenção";"Colisão lateral";"Com Vítimas Feridas";"Plena noite";"Crescente";"Nublado";"Múltipla";"Reta";"Urbano";2;0;0;1;1;0;1;2
83524787;"16/12/16";"Sexta";"22:20:00";"SP";116;"318,5";"JUQUITIBA";"Falta de atenção";"Saída de Pista";"Sem Vítimas";"Plena noite";"Decrescente";"Ceu Claro";"Dupla";"Reta";"Rural";1;0;0;0;1;0;0;1
83524788;"08/12/16";"Quinta";"10:40:00";"RJ";465;"18";"NOVA IGUACU";"Outras";"Colisão traseira";"Com Vítimas Feridas";"Pleno dia";"Decrescente";"Sol";"Simples";"Reta";"Urbano";2;0;1;0;1;0;1;2
83524789;"16/12/16";"Sexta";"13:45:00";"PR";376;"231,5";"APUCARANA";"Desobediência à sinalização";"Colisão Transversal";"Sem Vítimas";"Pleno dia";"Decrescente";"Ceu Claro";"Dupla";"Cruzamento";"Urbano";3;0;0;0;3;0;0;2
83524790;"16/12/16";"Sexta";"19:30:00";"PB";104;"107";"SAO SEBASTIAO DE LAGOA DE ROCA";"Falta de atenção";"Colisão traseira";"Sem Vítimas";"Plena noite";"Crescente";"Ceu Claro";"Simples";"Reta";"Urbano";2;0;0;0;2;0;0;2
83524791;"14/12/16";"Quarta";"00:05:00";"DF";20;"4";"BRASILIA";"Velocidade incompatível";"Saída de Pista";"Com Vítimas Feridas";"Plena noite";"Decrescente";"Ignorada";"Dupla";"Reta";"Urbano";2;0;2;0;0;0;2;1
83524792;"16/12/16";"Sexta";"21:15:00";"PR";277;"609,4";"SANTA TEREZA DO OESTE";"Outras";"Colisão frontal";"Com Vítimas Feridas";"Plena noite";"Crescente";"Ceu Claro";"Simples";"Reta";"Urbano";3;0;1;0;2;0;1;2
83524793;"13/12/16";"Terça";"07:30:00";"GO";153;"558";"PROFESSOR JAMIL";"Outras";"Saída de Pista";"Com Vítimas Feridas";"Amanhecer";"Decrescente";"Chuva";"Dupla";"Curva";"Rural";4;0;3;1;0;0;4;1
83524794;"16/12/16";"Sexta";"19:20:00";"CE";304;"48,6";"ARACATI";"Ingestão de álcool";"Colisão frontal";"Com Vítimas Feridas";"Plena noite";"Decrescente";"Ceu Claro";"Dupla";"Reta";"Urbano";2;0;2;0;0;0;2;2
83524795;"16/12/16";"Sexta";"18:40:00";"RS";290;"297";"CACAPAVA DO SUL";"Defeito mecânico em veículo";"Tombamento";"Com Vítimas Feridas";"Pleno dia";"Decrescente";"Sol";"Simples";"Reta";"Rural";1;0;1;0;0;0;1;1
83524796;"17/12/16";"Sábado";"01:30:00";"SC";101;"232";"PALHOCA";"Outras";"Colisão com objeto móvel";"Ignorado";"Plena noite";"Decrescente";"Chuva";"Dupla";"Curva";"Rural";1;0;0;0;0;1;0;1
83524797;"16/12/16";"Sexta";"23:30:00";"BA";116;"10";"VITORIA DA CONQUISTA";"Falta de atenção";"Colisão lateral";"Com Vítimas Feridas";"Plena noite";"Crescente";"Ceu Claro";"Simples";"Reta";"Urbano";3;0;1;2;0;0;3;3
83524798;"16/12/16";"Sexta";"17:30:00";"ES";101;"266";"SERRA";"Não guardar distância de segurança";"Colisão traseira";"Sem Vítimas";"Pleno dia";"Crescente";"Chuva";"Múltipla";"Reta";"Urbano";2;0;0;0;2;0;0;2
83524799;"16/12/16";"Sexta";"12:25:00";"MG";381;"502";"BETIM";"Falta de atenção";"Colisão traseira";"Sem Vítimas";"Pleno dia";"Crescente";"Nublado";"Dupla";"Curva";"Urbano";5;0;0;0;3;2;0;5
83524800;"08/12/16";"Quinta";"07:03:00";"DF";40;"4,9";"BRASILIA";"Desobediência à sinalização";"Colisão Transversal";"Com Vítimas Feridas";"Amanhecer";"Crescente";"Nublado";"Dupla";"Reta";"Urbano";2;0;1;0;1;0;1;2
83524801;"17/12/16";"Sábado";"01:30:00";"PR";277;"720";"FOZ DO IGUACU";"Velocidade incompatível";"Capotamento";"Com Vítimas Feridas";"Plena noite";"Crescente";"Ceu Claro";"Dupla";"Reta";"Urbano";3;0;1;0;2;0;1;3
83524802;"16/12/16";"Sexta";"23:00:00";"RJ";116;"167,3";"SAO JOAO DE MERITI";"Velocidade incompatível";"Colisão traseira";"Sem Vítimas";"Plena noite";"Crescente";"Nublado";"Múltipla";"Reta";"Urbano";3;0;0;0;3;0;0;3
83524803;"17/12/16";"Sábado";"01:10:00";"SP";116;"503";"CAJATI";"Falta de atenção";"Queda de motocicleta / bicicleta / veículo";"Com Vítimas Feridas";"Plena noite";"Crescente";"Chuva";"Simples";"Curva";"Rural";1;0;1;0;0;0;1;1
83524804;"16/12/16";"Sexta";"23:50:00";"PR";376;"1,5";"SAO JOSE DOS PINHAIS";"Falta de atenção";"Colisão traseira";"Com Vítimas Feridas";"Plena noite";"Decrescente";"Nublado";"Dupla";"Reta";"Urbano";2;0;1;0;0;1;1;2
83524805;"16/12/16";"Sexta";"21:40:00";"RO";364;"341";"JI-PARANA";"Falta de atenção";"Queda de motocicleta / bicicleta / veículo";"Com Vítimas Feridas";"Plena noite";"Crescente";"Ceu Claro";"Dupla";"Reta";"Urbano";1;0;1;0;0;0;1;1
83524807;"16/12/16";"Sexta";"20:15:00";"BA";116;"618";"JAGUAQUARA";"Outras";"Saída de Pista";"Com Vítimas Feridas";"Plena noite";"Crescente";"Ceu Claro";"Simples";"Reta";"Rural";4;0;1;0;3;0;1;1
83524808;"17/12/16";"Sábado";"00:20:00";"RS";116;"34,3";"VACARIA";"Ingestão de álcool";"Colisão lateral";"Sem Vítimas";"Plena noite";"Crescente";"Nublado";"Simples";"Reta";"Urbano";6;0;0;0;6;0;0;2
83524809;"17/12/16";"Sábado";"02:00:00";"SC";101;"57,8";"ARAQUARI";"Velocidade incompatível";"Saída de Pista";"Com Vítimas Feridas";"Plena noite";"Crescente";"Chuva";"Dupla";"Curva";"Rural";2;0;2;0;0;0;2;1
83524810;"16/12/16";"Sexta";"21:00:00";"BA";116;"456";"SANTO ESTEVAO";"Outras";"Colisão lateral";"Sem Vítimas";"Plena noite";"Crescente";"Ceu Claro";"Dupla";"Reta";"Rural";2;0;0;0;2;0;0;2
83524811;"16/12/16";"Sexta";"23:38:00";"PB";101;"117,5";"CAAPORA";"Dormindo";"Colisão traseira";"Sem Vítimas";"Plena noite";"Crescente";"Nublado";"Dupla";"Reta";"Rural";2;0;0;0;1;1;0;2
83524812;"17/12/16";"Sábado";"04:15:00";"SC";101;"124,4";"ITAJAI";"Outras";"Atropelamento de pessoa";"Com Vítimas Feridas";"Plena noite";"Crescente";"Nublado";"Dupla";"Reta";"Urbano";2;0;0;1;0;1;1;1
83524813;"17/12/16";"Sábado";"00:45:00";"MS";262;"326,8";"CAMPO GRANDE";"Desobediência à sinalização";"Colisão frontal";"Sem Vítimas";"Plena noite";"Crescente";"Chuva";"Simples";"Reta";"Urbano";6;0;0;0;5;1;0;2
83524814;"15/12/16";"Quinta";"01:00:00";"MG";135;"454,8";"BOCAIUVA";"Outras";"Saída de Pista";"Com Vítimas Feridas";"Plena noite";"Crescente";"Chuva";"Simples";"Reta";"Rural";1;0;1;0;0;0;1;1
83524815;"16/12/16";"Sexta";"15:45:00";"MG";40;"519";"CONTAGEM";"Outras";"Colisão lateral";"Com Vítimas Feridas";"Pleno dia";"Crescente";"Nublado";"Dupla";"Reta";"Urbano";2;0;1;0;1;0;1;2
83524816;"17/12/16";"Sábado";"03:15:00";"SP";116;"561";"BARRA DO TURVO";"Velocidade incompatível";"Capotamento";"Sem Vítimas";"Plena noite";"Decrescente";"Chuva";"Dupla";"Curva";"Rural";4;0;0;0;4;0;0;1
83524817;"17/12/16";"Sábado";"02:15:00";"MG";116;"509,6";"UBAPORANGA";"Animais na Pista";"Atropelamento de animal";"Sem Vítimas";"Plena noite";"Decrescente";"Nublado";"Simples";"Reta";"Urbano";1;0;0;0;1;0;0;1
83524818;"17/12/16";"Sábado";"03:00:00";"PR";376;"601,2";"CURITIBA";"Outras";"Saída de Pista";"Com Vítimas Feridas";"Plena noite";"Decrescente";"Nublado";"Dupla";"Reta";"Urbano";2;0;2;0;0;0;2;1
83524819;"13/12/16";"Terça";"03:00:00";"MG";381;"391";"BARAO DE COCAIS";"Dormindo";"Capotamento";"Sem Vítimas";"Plena noite";"Crescente";"Chuva";"Simples";"Curva";"Rural";2;0;0;0;2;0;0;1
83524820;"17/12/16";"Sábado";"04:10:00";"PR";376;"664";"GUARATUBA";"Outras";"Saída de Pista";"Sem Vítimas";"Plena noite";"Crescente";"Nevoeiro/neblina";"Dupla";"Curva";"Rural";1;0;0;0;1;0;0;1
83524821;"16/12/16";"Sexta";"13:20:00";"PI";316;"2,9";"TERESINA";"Falta de atenção";"Queda de motocicleta / bicicleta / veículo";"Com Vítimas Feridas";"Pleno dia";"Decrescente";"Ceu Claro";"Dupla";"Reta";"Urbano";1;0;1;0;0;0;1;1
83524822;"16/12/16";"Sexta";"19:00:00";"BA";116;"810,1";"VITORIA DA CONQUISTA";"Falta de atenção";"Colisão com bicicleta";"Com Vítimas Fatais";"Plena noite";"Crescente";"Ceu Claro";"Simples";"Reta";"Rural";2;1;0;0;1;0;0;2
83524823;"16/12/16";"Sexta";"15:25:00";"BA";101;"498";"ITABUNA";"Falta de atenção";"Atropelamento de pessoa";"Com Vítimas Feridas";"Pleno dia";"Crescente";"Ceu Claro";"Simples";"Reta";"Rural";3;0;0;1;2;0;1;2
83524824;"16/12/16";"Sexta";"10:00:00";"MG";381;"712,8";"CARMO DA CACHOEIRA";"Outras";"Colisão traseira";"Sem Vítimas";"Pleno dia";"Decrescente";"Nublado";"Dupla";"Reta";"Rural";2;0;0;0;2;0;0;2
83524825;"16/12/16";"Sexta";"18:15:00";"MG";381;"482,5";"BETIM";"Não guardar distância de segurança";"Colisão traseira";"Com Vítimas Feridas";"Pleno dia";"Crescente";"Nublado";"Dupla";"Reta";"Rural";4;0;0;2;2;0;2;3
83524826;"17/12/16";"Sábado";"05:00:00";"SC";282;"602,9";"MARAVILHA";"Ingestão de álcool";"Capotamento";"Ignorado";"Plena noite";"Decrescente";"Ceu Claro";"Simples";"Curva";"Urbano";1;0;0;0;0;1;0;1
83524827;"17/12/16";"Sábado";"05:20:00";"ES";101;"298";"VIANA";"Não guardar distância de segurança";"Colisão traseira";"Com Vítimas Feridas";"Amanhecer";"Decrescente";"Ceu Claro";"Múltipla";"Reta";"Urbano";2;0;1;0;1;0;1;2
83524828;"16/12/16";"Sexta";"20:00:00";"ES";447;"12,2";"VILA VELHA";"Desobediência à sinalização";"Colisão Transversal";"Com Vítimas Feridas";"Plena noite";"Decrescente";"Chuva";"Dupla";"Reta";"Urbano";2;0;0;1;1;0;1;2
83524829;"12/12/16";"Segunda";"12:30:00";"BA";324;"609";"SIMOES FILHO";"Defeito mecânico em veículo";"Queda de motocicleta / bicicleta / veículo";"Com Vítimas Feridas";"Pleno dia";"Decrescente";"Sol";"Dupla";"Reta";"Rural";1;0;1;0;0;0;1;1
83524830;"16/12/16";"Sexta";"20:30:00";"RJ";40;"1,3";"COMENDADOR LEVY GASPARIAN";"Falta de atenção";"Colisão traseira";"Sem Vítimas";"Pleno dia";"Decrescente";"Ceu Claro";"Dupla";"Curva";"Rural";2;0;0;0;2;0;0;2
83524831;"17/12/16";"Sábado";"03:00:00";"PR";376;"596,2";"CURITIBA";"Outras";"Colisão Transversal";"Com Vítimas Feridas";"Plena noite";"Decrescente";"Nublado";"Dupla";"Reta";"Urbano";4;0;4;0;0;0;4;2
83524832;"16/12/16";"Sexta";"07:15:00";"MG";267;"373,3";"MONSENHOR PAULO";"Outras";"Colisão traseira";"Sem Vítimas";"Pleno dia";"Crescente";"Nublado";"Simples";"Reta";"Rural";4;0;0;0;4;0;0;4
83524833;"12/12/16";"Segunda";"05:20:00";"MG";116;"137,2";"PONTO DOS VOLANTES";"Outras";"Saída de Pista";"Sem Vítimas";"Amanhecer";"Decrescente";"Chuva";"Simples";"Reta";"Rural";1;0;0;0;1;0;0;1
83524834;"17/12/16";"Sábado";"02:10:00";"SC";280;"234,2";"CANOINHAS";"Falta de atenção";"Saída de Pista";"Sem Vítimas";"Plena noite";"Crescente";"Chuva";"Simples";"Reta";"Urbano";1;0;0;0;1;0;0;1
83524835;"28/11/16";"Segunda";"00:30:00";"PE";104;"81,7";"AGRESTINA";"Animais na Pista";"Atropelamento de animal";"Sem Vítimas";"Plena noite";"Decrescente";"Ceu Claro";"Simples";"Reta";"Rural";1;0;0;0;1;0;0;1
83524836;"16/12/16";"Sexta";"19:30:00";"MT";70;"121";"GENERAL CARNEIRO";"Outras";"Capotamento";"Sem Vítimas";"Plena noite";"Decrescente";"Nublado";"Simples";"Curva";"Rural";1;0;0;0;1;0;0;1
83524837;"17/12/16";"Sábado";"06:30:00";"RS";386;"343";"LAJEADO";"Ingestão de álcool";"Queda de motocicleta / bicicleta / veículo";"Com Vítimas Feridas";"Amanhecer";"Crescente";"Ceu Claro";"Simples";"Reta";"Urbano";1;0;1;0;0;0;1;1
83524838;"16/12/16";"Sexta";"16:10:00";"RN";226;"116";"SANTA CRUZ";"Defeito na via";"Capotamento";"Com Vítimas Feridas";"Pleno dia";"Decrescente";"Ceu Claro";"Simples";"Reta";"Rural";1;0;0;1;0;0;1;1
83524839;"17/12/16";"Sábado";"02:50:00";"BA";116;"446";"ANTONIO CARDOSO";"Outras";"Atropelamento de animal";"Sem Vítimas";"Plena noite";"Decrescente";"Nublado";"Dupla";"Reta";"Rural";2;0;0;0;2;0;0;1
83524840;"17/12/16";"Sábado";"05:43:00";"PR";369;"129";"JATAIZINHO";"Outras";"Colisão com objeto fixo";"Com Vítimas Feridas";"Amanhecer";"Decrescente";"Ceu Claro";"Simples";"Reta";"Urbano";5;0;0;1;4;0;1;1
83524841;"17/12/16";"Sábado";"06:00:00";"PR";376;"6,6";"MARINGA";"Outras";"Saída de Pista";"Ignorado";"Amanhecer";"Crescente";"Ceu Claro";"Dupla";"Reta";"Urbano";1;0;0;0;0;1;0;1
83524842;"17/12/16";"Sábado";"05:20:00";"PE";408;"104";"JABOATAO DOS GUARARAPES";"Ingestão de álcool";"Saída de Pista";"Ignorado";"Amanhecer";"Crescente";"Ceu Claro";"Dupla";"Reta";"Rural";1;0;0;0;0;1;0;1
83524843;"27/11/16";"Domingo";"20:15:00";"MG";40;"507,9";"RIBEIRAO DAS NEVES";"Não guardar distância de segurança";"Colisão traseira";"Com Vítimas Feridas";"Plena noite";"Crescente";"Ceu Claro";"Dupla";"Reta";"Urbano";3;0;1;0;2;0;1;2
83524844;"16/12/16";"Sexta";"23:20:00";"SC";282;"38,7";"AGUAS MORNAS";"Falta de atenção";"Colisão Transversal";"Sem Vítimas";"Plena noite";"Decrescente";"Chuva";"Simples";"Curva";"Rural";2;0;0;0;2;0;0;2
83524845;"17/12/16";"Sábado";"05:00:00";"MG";381;"636,5";"SANTO ANTONIO DO AMPARO";"Dormindo";"Saída de Pista";"Sem Vítimas";"Amanhecer";"Crescente";"Nublado";"Dupla";"Curva";"Rural";1;0;0;0;1;0;0;1
83524846;"16/12/16";"Sexta";"19:20:00";"SC";282;"70,3";"RANCHO QUEIMADO";"Velocidade incompatível";"Tombamento";"Com Vítimas Feridas";"Pleno dia";"Decrescente";"Chuva";"Simples";"Curva";"Rural";1;0;1;0;0;0;1;1
83524847;"16/12/16";"Sexta";"19:10:00";"MT";163;"95";"RONDONOPOLIS";"Outras";"Tombamento";"Com Vítimas Feridas";"Anoitecer";"Decrescente";"Nublado";"Dupla";"Curva";"Rural";1;0;1;0;0;0;1;1
83524848;"17/12/16";"Sábado";"07:30:00";"SC";101;"261,5";"GAROPABA";"Defeito na via";"Capotamento";"Com Vítimas Feridas";"Pleno dia";"Decrescente";"Chuva";"Dupla";"Reta";"Rural";2;0;2;0;0;0;2;1
83524849;"17/12/16";"Sábado";"05:50:00";"MG";381;"706,5";"LAVRAS";"Dormindo";"Saída de Pista";"Com Vítimas Feridas";"Amanhecer";"Crescente";"Nublado";"Dupla";"Reta";"Rural";2;0;2;0;0;0;2;1
83524850;"14/12/16";"Quarta";"07:20:00";"SP";116;"75,3";"APARECIDA";"Outras";"Queda de motocicleta / bicicleta / veículo";"Com Vítimas Feridas";"Pleno dia";"Crescente";"Nublado";"Dupla";"Curva";"Rural";1;0;1;0;0;0;1;1
83524851;"17/12/16";"Sábado";"05:00:00";"PE";104;"58,2";"CARUARU";"Ingestão de álcool";"Capotamento";"Ignorado";"Amanhecer";"Decrescente";"Ceu Claro";"Dupla";"Reta";"Urbano";1;0;0;0;0;1;0;1
83524852;"14/12/16";"Quarta";"06:15:00";"RJ";101;"419";"MANGARATIBA";"Outras";"Colisão frontal";"Com Vítimas Feridas";"Amanhecer";"Crescente";"Chuva";"Simples";"Curva";"Urbano";6;0;6;0;0;0;6;2
83524853;"17/12/16";"Sábado";"03:45:00";"PR";163;"53,5";"PEROLA DOESTE";"Velocidade incompatível";"Saída de Pista";"Com Vítimas Feridas";"Plena noite";"Crescente";"Ceu Claro";"Simples";"Curva";"Rural";1;0;1;0;0;0;1;1
83524854;"16/12/16";"Sexta";"17:30:00";"SP";381;"71";"MAIRIPORA";"Outras";"Colisão lateral";"Com Vítimas Feridas";"Pleno dia";"Decrescente";"Ceu Claro";"Dupla";"Curva";"Rural";2;0;1;0;0;1;1;2
83524855;"16/12/16";"Sexta";"01:30:00";"PR";376;"186,7";"MARIALVA";"Desobediência à sinalização";"Colisão frontal";"Com Vítimas Fatais";"Plena noite";"Decrescente";"Nublado";"Dupla";"Reta";"Rural";4;1;0;1;2;0;1;2