"id";"data_inversa";"dia_semana";"horario";"uf";"br";"km";"municipio";"causa_acidente";"tipo_acidente";"classificacao_acidente";"fase_dia";"sentido_via";"condicao_metereologica";"tipo_pista";"tracado_via";"uso_solo";"pessoas";"mortos";"feridos_leves";"feridos_graves";"ilesos";"ignorados";"feridos";"veiculos"
83524969;"17/12/16";"Sábado";"12:45:00";"PB";230;"55,5";"CRUZ DO ESPIRITO SANTO";"Ultrapassagem indevida";"Colisão lateral";"Com Vítimas Feridas";"Pleno dia";"Decrescente";"Sol";"Dupla";"Reta";"Rural";2;0;1;0;1;0;1;2
83524970;"17/12/16";"Sábado";"13:30:00";"RN";101;"97,6";"NATAL";"Outras";"Colisão lateral";"Com Vítimas Feridas";"Pleno dia";"Crescente";"Ceu Claro";"Dupla";"Reta";"Urbano";2;0;1;0;1;0;1;2
83524971;"17/12/16";"Sábado";"12:50:00";"SC";470;"121,8";"IBIRAMA";"Velocidade incompatível";"Tombamento";"Sem Vítimas";"Pleno dia";"Decrescente";"Chuva";"Simples";"Reta";"Urbano";1;0;0;0;1;0;0;1
83524972;"17/12/16";"Sábado";"08:50:00";"SE";101;"110";"ITAPORANGA DAJUDA";"Velocidade incompatível";"Colisão lateral";"Sem Vítimas";"Pleno dia";"Crescente";"Chuva";"Dupla";"Curva";"Rural";6;0;0;0;6;0;0;2
83524973;"13/12/16";"Terça";"23:15:00";"ES";101;"197";"JOAO NEIVA";"Outras";"Queda de motocicleta / bicicleta / veículo";"Com Vítimas Feridas";"Plena noite";"Crescente";"Ceu Claro";"Simples";"Reta";"Rural";2;0;2;0;0;0;2;1
83524974;"17/12/16";"Sábado";"16:30:00";"PB";101;"109";"ALHANDRA";"Ultrapassagem indevida";"Colisão com objeto fixo";"Sem Vítimas";"Pleno dia";"Decrescente";"Chuva";"Dupla";"Reta";"Urbano";2;0;0;0;2;0;0;1
83524975;"17/12/16";"Sábado";"15:00:00";"SC";101;"205";"SAO JOSE";"Outras";"Colisão traseira";"Com Vítimas Feridas";"Pleno dia";"Crescente";"Nublado";"Dupla";"Reta";"Urbano";6;0;3;0;3;0;3;3
83524976;"17/12/16";"Sábado";"13:15:00";"SC";470;"124,5";"IBIRAMA";"Velocidade incompatível";"Colisão lateral";"Com Vítimas Feridas";"Pleno dia";"Decrescente";"Ceu Claro";"Simples";"Curva";"Urbano";4;0;2;0;2;0;2;2
83524977;"14/12/16";"Quarta";"01:30:00";"BA";110;"366,2";"CATU";"Outras";"Colisão Transversal";"Com Vítimas Fatais";"Plena noite";"Crescente";"Ceu Claro";"Simples";"Curva";"Urbano";4;1;0;2;1;0;2;2
83524978;"13/12/16";"Terça";"14:45:00";"RS";116;"266,8";"CANOAS";"Outras";"Colisão traseira";"Com Vítimas Feridas";"Pleno dia";"Decrescente";"Ceu Claro";"Dupla";"Reta";"Urbano";6;0;2;0;4;0;2;4
83524979;"17/12/16";"Sábado";"15:15:00";"SC";163;"87";"GUARACIABA";"Dormindo";"Colisão traseira";"Sem Vítimas";"Pleno dia";"Crescente";"Nublado";"Simples";"Reta";"Rural";3;0;0;0;3;0;0;3
83524980;"17/12/16";"Sábado";"13:00:00";"SC";282;"17";"PALHOCA";"Falta de atenção";"Colisão traseira";"Com Vítimas Feridas";"Pleno dia";"Decrescente";"Chuva";"Simples";"Reta";"Urbano";7;0;4;0;3;0;4;5
83524981;"17/12/16";"Sábado";"15:30:00";"SP";116;"273";"TABOAO DA SERRA";"Desobediência à sinalização";"Colisão frontal";"Com Vítimas Feridas";"Pleno dia";"Crescente";"Ceu Claro";"Simples";"Curva";"Urbano";2;0;1;0;1;0;1;2
83524982;"17/12/16";"Sábado";"12:30:00";"MT";364;"287";"JACIARA";"Desobediência à sinalização";"Saída de Pista";"Sem Vítimas";"Pleno dia";"Crescente";"Nublado";"Dupla";"Reta";"Urbano";1;0;0;0;1;0;0;1
83524983;"17/12/16";"Sábado";"12:30:00";"MS";163;"375,5";"NOVA ALVORADA DO SUL";"Falta de atenção";"Atropelamento de pessoa";"Com Vítimas Fatais";"Pleno dia";"Decrescente";"Ceu Claro";"Simples";"Reta";"Rural";2;1;0;0;1;0;0;1
83524984;"17/12/16";"Sábado";"16:30:00";"MG";116;"386,6";"GOVERNADOR VALADARES";"Falta de atenção";"Colisão traseira";"Com Vítimas Feridas";"Pleno dia";"Crescente";"Ceu Claro";"Simples";"Reta";"Rural";2;0;1;0;1;0;1;2
83524985;"17/12/16";"Sábado";"11:30:00";"AL";104;"48,3";"BRANQUINHA";"Ultrapassagem indevida";"Colisão lateral";"Sem Vítimas";"Pleno dia";"Crescente";"Ceu Claro";"Simples";"Reta";"Rural";2;0;0;0;2;0;0;2
83524986;"17/12/16";"Sábado";"16:45:00";"RS";116;"263,8";"CANOAS";"Falta de atenção";"Colisão traseira";"Com Vítimas Feridas";"Pleno dia";"Decrescente";"Ceu Claro";"Múltipla";"Reta";"Urbano";2;0;0;1;1;0;1;2
83524987;"17/12/16";"Sábado";"13:15:00";"SC";470;"124,5";"IBIRAMA";"Falta de atenção";"Colisão traseira";"Sem Vítimas";"Pleno dia";"Decrescente";"Chuva";"Simples";"Curva";"Urbano";2;0;0;0;2;0;0;2
83524988;"17/12/16";"Sábado";"16:00:00";"PR";116;"8,8";"CAMPINA GRANDE DO SUL";"Velocidade incompatível";"Colisão lateral";"Sem Vítimas";"Pleno dia";"Crescente";"Chuva";"Dupla";"Curva";"Rural";2;0;0;0;2;0;0;2
83524989;"17/12/16";"Sábado";"09:45:00";"SC";101;"140";"TIJUCAS";"Defeito mecânico em veículo";"Queda de motocicleta / bicicleta / veículo";"Com Vítimas Feridas";"Pleno dia";"Crescente";"Ceu Claro";"Simples";"Curva";"Urbano";2;0;2;0;0;0;2;1
83524990;"17/12/16";"Sábado";"16:00:00";"TO";153;"695";"CARIRI DO TOCANTINS";"Dormindo";"Saída de Pista";"Sem Vítimas";"Pleno dia";"Decrescente";"Nublado";"Simples";"Reta";"Rural";1;0;0;0;1;0;0;1
83524991;"17/12/16";"Sábado";"17:35:00";"PR";376;"119,3";"ALTO PARANA";"Outras";"Queda de motocicleta / bicicleta / veículo";"Com Vítimas Feridas";"Pleno dia";"Decrescente";"Sol";"Simples";"Reta";"Rural";1;0;0;1;0;0;1;1
83524992;"17/12/16";"Sábado";"14:40:00";"MG";262;"377";"JUATUBA";"Outras";"Tombamento";"Sem Vítimas";"Pleno dia";"Decrescente";"Nublado";"Dupla";"Reta";"Rural";1;0;0;0;1;0;0;1
83524993;"13/12/16";"Terça";"21:40:00";"PR";116;"0,5";"QUATRO BARRAS";"Velocidade incompatível";"Capotamento";"Com Vítimas Feridas";"Plena noite";"Decrescente";"Nublado";"Dupla";"Curva";"Rural";3;0;3;0;0;0;3;1
83524994;"17/12/16";"Sábado";"16:30:00";"GO";60;"4,7";"GOIANIA";"Falta de atenção";"Colisão Transversal";"Com Vítimas Feridas";"Pleno dia";"Crescente";"Ceu Claro";"Dupla";"Curva";"Urbano";5;0;0;1;4;0;1;2
83524995;"17/12/16";"Sábado";"16:35:00";"RS";386;"129,8";"SARANDI";"Falta de atenção";"Colisão frontal";"Com Vítimas Feridas";"Pleno dia";"Crescente";"Sol";"Simples";"Reta";"Rural";2;0;1;0;1;0;1;2
83524996;"17/12/16";"Sábado";"14:20:00";"MG";381;"931,9";"EXTREMA";"Falta de atenção";"Atropelamento de pessoa";"Com Vítimas Feridas";"Pleno dia";"Decrescente";"Sol";"Dupla";"Curva";"Rural";4;0;0;2;2;0;2;1
83524997;"17/12/16";"Sábado";"14:30:00";"PE";101;"77";"RECIFE";"Não guardar distância de segurança";"Colisão traseira";"Sem Vítimas";"Pleno dia";"Crescente";"Chuva";"Dupla";"Curva";"Urbano";2;0;0;0;2;0;0;2
83524998;"13/12/16";"Terça";"00:35:00";"SP";116;"100";"PINDAMONHANGABA";"Não guardar distância de segurança";"Colisão traseira";"Com Vítimas Feridas";"Plena noite";"Decrescente";"Nublado";"Dupla";"Reta";"Rural";3;0;2;0;0;1;2;2
83524999;"17/12/16";"Sábado";"15:50:00";"GO";60;"431,1";"RIO VERDE";"Defeito mecânico em veículo";"Tombamento";"Com Vítimas Feridas";"Pleno dia";"Crescente";"Ceu Claro";"Dupla";"Reta";"Rural";2;0;1;0;1;0;1;1
83525000;"17/12/16";"Sábado";"12:00:00";"RJ";101;"325";"NITEROI";"Outras";"Colisão com objeto fixo";"Sem Vítimas";"Pleno dia";"Crescente";"Nublado";"Dupla";"Reta";"Urbano";2;0;0;0;2;0;0;1
83525001;"17/12/16";"Sábado";"12:30:00";"BA";110;"188";"RIBEIRA DO AMPARO";"Defeito na via";"Saída de Pista";"Com Vítimas Feridas";"Pleno dia";"Decrescente";"Ceu Claro";"Simples";"Reta";"Rural";1;0;1;0;0;0;1;1
83525002;"17/12/16";"Sábado";"16:30:00";"GO";153;"579";"PROFESSOR JAMIL";"Defeito mecânico em veículo";"Saída de Pista";"Sem Vítimas";"Pleno dia";"Decrescente";"Nublado";"Dupla";"Curva";"Rural";1;0;0;0;1;0;0;1
83525003;"17/12/16";"Sábado";"10:00:00";"BA";101;"485";"ITAJUIPE";"Outras";"Saída de Pista";"Sem Vítimas";"Pleno dia";"Crescente";"Chuva";"Simples";"Curva";"Rural";1;0;0;0;1;0;0;1
83525004;"17/12/16";"Sábado";"09:40:00";"RS";153;"44,4";"ERECHIM";"Velocidade incompatível";"Saída de Pista";"Com Vítimas Feridas";"Pleno dia";"Crescente";"Ceu Claro";"Dupla";"Cruzamento";"Urbano";3;0;2;0;1;0;2;1
83525005;"17/12/16";"Sábado";"18:00:00";"RJ";101;"410";"ITAGUAI";"Outras";"Capotamento";"Com Vítimas Feridas";"Pleno dia";"Crescente";"Chuva";"Dupla";"Reta";"Urbano";1;0;1;0;0;0;1;1
83525006;"17/12/16";"Sábado";"15:10:00";"BA";330;"826";"UBATA";"Outras";"Saída de Pista";"Ignorado";"Pleno dia";"Decrescente";"Chuva";"Simples";"Reta";"Rural";1;0;0;0;0;1;0;1
83525007;"17/12/16";"Sábado";"07:45:00";"SP";116;"538";"BARRA DO TURVO";"Velocidade incompatível";"Colisão com objeto fixo";"Sem Vítimas";"Pleno dia";"Crescente";"Nublado";"Dupla";"Curva";"Rural";1;0;0;0;1;0;0;1
83525008;"17/12/16";"Sábado";"06:20:00";"PE";428;"77,8";"SANTA MARIA DA BOA VISTA";"Não guardar distância de segurança";"Colisão traseira";"Com Vítimas Fatais";"Pleno dia";"Crescente";"Sol";"Simples";"Reta";"Rural";2;1;0;0;1;0;0;2
83525009;"17/12/16";"Sábado";"17:20:00";"ES";101;"180,9";"ARACRUZ";"Outras";"Capotamento";"Com Vítimas Feridas";"Anoitecer";"Crescente";"Ceu Claro";"Simples";"Reta";"Rural";3;0;2;0;1;0;2;1
83525011;"17/12/16";"Sábado";"14:10:00";"GO";153;"599,1";"MORRINHOS";"Velocidade incompatível";"Colisão com objeto fixo";"Com Vítimas Feridas";"Pleno dia";"Decrescente";"Ceu Claro";"Simples";"Reta";"Rural";1;0;1;0;0;0;1;1
83525012;"17/12/16";"Sábado";"13:15:00";"PR";116;"9,5";"CAMPINA GRANDE DO SUL";"Velocidade incompatível";"Saída de Pista";"Sem Vítimas";"Pleno dia";"Crescente";"Ceu Claro";"Dupla";"Curva";"Rural";1;0;0;0;1;0;0;1
83525013;"17/12/16";"Sábado";"03:00:00";"MA";222;"640";"ACAILANDIA";"Defeito mecânico em veículo";"Saída de Pista";"Sem Vítimas";"Plena noite";"Crescente";"Ignorada";"Simples";"Reta";"Rural";1;0;0;0;1;0;0;1
83525014;"17/12/16";"Sábado";"00:30:00";"PI";343;"26,3";"PARNAIBA";"Ingestão de álcool";"Queda de motocicleta / bicicleta / veículo";"Com Vítimas Feridas";"Plena noite";"Decrescente";"Ignorada";"Simples";"Reta";"Rural";1;0;1;0;0;0;1;1
83525015;"13/12/16";"Terça";"07:10:00";"MA";135;"12";"SAO LUIS";"Falta de atenção";"Colisão lateral";"Sem Vítimas";"Pleno dia";"Crescente";"Ceu Claro";"Dupla";"Reta";"Urbano";2;0;0;0;1;1;0;2
83525016;"17/12/16";"Sábado";"18:55:00";"SC";101;"199";"BIGUACU";"Outras";"Queda de motocicleta / bicicleta / veículo";"Com Vítimas Feridas";"Pleno dia";"Crescente";"Nublado";"Dupla";"Reta";"Urbano";1;0;1;0;0;0;1;1
83525017;"17/12/16";"Sábado";"12:15:00";"RS";285;"256,8";"GENTIL";"Animais na Pista";"Capotamento";"Com Vítimas Feridas";"Pleno dia";"Decrescente";"Ceu Claro";"Simples";"Curva";"Rural";3;0;1;0;2;0;1;1
83525018;"17/12/16";"Sábado";"15:20:00";"MG";381;"290";"ANTONIO DIAS";"Outras";"Colisão Transversal";"Sem Vítimas";"Pleno dia";"Crescente";"Sol";"Simples";"Reta";"Rural";3;0;0;0;3;0;0;3
83525019;"17/12/16";"Sábado";"12:00:00";"GO";158;"270,6";"JATAI";"Desobediência à sinalização";"Colisão Transversal";"Com Vítimas Feridas";"Pleno dia";"Decrescente";"Ceu Claro";"Simples";"Reta";"Urbano";2;0;0;1;1;0;1;2
83525020;"17/12/16";"Sábado";"17:30:00";"MS";163;"3,5";"MUNDO NOVO";"Animais na Pista";"Colisão traseira";"Com Vítimas Feridas";"Pleno dia";"Decrescente";"Ceu Claro";"Simples";"Reta";"Rural";9;0;1;0;8;0;1;2
83525021;"17/12/16";"Sábado";"06:00:00";"PE";423;"36,5";"CACHOEIRINHA";"Outras";"Colisão frontal";"Com Vítimas Fatais";"Amanhecer";"Crescente";"Nublado";"Simples";"Reta";"Rural";2;1;0;0;1;0;0;2
83525022;"17/12/16";"Sábado";"18:15:00";"RJ";101;"144";"MACAE";"Falta de atenção";"Colisão com objeto fixo";"Com Vítimas Feridas";"Anoitecer";"Crescente";"Chuva";"Dupla";"Curva";"Rural";1;0;1;0;0;0;1;1
83525023;"17/12/16";"Sábado";"17:50:00";"SC";101;"135,5";"BALNEARIO CAMBORIU";"Outras";"Incêndio";"Ignorado";"Pleno dia";"Crescente";"Ceu Claro";"Dupla";"Reta";"Urbano";1;0;0;0;0;1;0;1
83525024;"16/12/16";"Sexta";"17:50:00";"MT";364;"178";"PEDRA PRETA";"Falta de atenção";"Colisão traseira";"Com Vítimas Feridas";"Pleno dia";"Crescente";"Chuva";"Simples";"Reta";"Rural";3;0;1;0;2;0;1;2
83525025;"17/12/16";"Sábado";"19:30:00";"RJ";40;"113";"DUQUE DE CAXIAS";"Falta de atenção";"Colisão traseira";"Com Vítimas Feridas";"Plena noite";"Decrescente";"Chuva";"Dupla";"Reta";"Urbano";2;0;1;0;1;0;1;2
83525026;"17/12/16";"Sábado";"12:00:00";"MG";381;"278";"JAGUARACU";"Outras";"Colisão frontal";"Com Vítimas Feridas";"Pleno dia";"Crescente";"Sol";"Simples";"Reta";"Rural";4;0;1;1;2;0;2;2
83525027;"17/12/16";"Sábado";"18:30:00";"SP";381;"9";"VARGEM";"Falta de atenção";"Atropelamento de pessoa";"Com Vítimas Feridas";"Pleno dia";"Decrescente";"Ceu Claro";"Dupla";"Reta";"Rural";3;0;2;1;0;0;3;1
83525028;"17/12/16";"Sábado";"13:15:00";"CE";222;"229,6";"SOBRAL";"Ingestão de álcool";"Colisão lateral";"Com Vítimas Feridas";"Pleno dia";"Decrescente";"Ceu Claro";"Simples";"Reta";"Urbano";2;0;0;2;0;0;2;2
83525030;"17/12/16";"Sábado";"18:55:00";"GO";60;"45,5";"APARECIDA DE GOIANIA";"Desobediência à sinalização";"Colisão lateral";"Sem Vítimas";"Pleno dia";"Decrescente";"Ceu Claro";"Dupla";"Cruzamento";"Urbano";2;0;0;0;1;1;0;2
83525031;"17/12/16";"Sábado";"16:30:00";"PR";153;"61,7";"GUAPIRAMA";"Ingestão de álcool";"Colisão Transversal";"Com Vítimas Feridas";"Pleno dia";"Crescente";"Ceu Claro";"Simples";"Reta";"Rural";3;0;0;1;1;1;1;2
83525032;"17/12/16";"Sábado";"18:25:00";"SC";470;"124,5";"IBIRAMA";"Velocidade incompatível";"Saída de Pista";"Sem Vítimas";"Pleno dia";"Crescente";"Chuva";"Simples";"Curva";"Rural";1;0;0;0;1;0;0;1
83525033;"17/12/16";"Sábado";"18:10:00";"PE";101;"63,4";"RECIFE";"Ultrapassagem indevida";"Queda de motocicleta / bicicleta / veículo";"Com Vítimas Feridas";"Plena noite";"Crescente";"Nublado";"Dupla";"Reta";"Urbano";1;0;1;0;0;0;1;1
83525034;"17/12/16";"Sábado";"20:15:00";"RJ";101;"262";"RIO BONITO";"Outras";"Capotamento";"Com Vítimas Feridas";"Plena noite";"Decrescente";"Chuva";"Dupla";"Curva";"Rural";4;0;3;0;1;0;3;1
83525036;"17/12/16";"Sábado";"19:00:00";"BA";116;"829";"VITORIA DA CONQUISTA";"Outras";"Colisão frontal";"Sem Vítimas";"Plena noite";"Decrescente";"Ceu Claro";"Simples";"Reta";"Urbano";2;0;0;0;2;0;0;2
83525037;"17/12/16";"Sábado";"17:45:00";"SP";381;"58";"MAIRIPORA";"Ingestão de álcool";"Colisão traseira";"Sem Vítimas";"Pleno dia";"Decrescente";"Ceu Claro";"Dupla";"Reta";"Rural";2;0;0;0;1;1;0;2
83525038;"17/12/16";"Sábado";"14:30:00";"SP";116;"223,5";"GUARULHOS";"Falta de atenção";"Colisão traseira";"Sem Vítimas";"Pleno dia";"Decrescente";"Sol";"Múltipla";"Reta";"Urbano";6;0;0;0;6;0;0;3
83525039;"17/12/16";"Sábado";"13:05:00";"RN";101;"107";"PARNAMIRIM";"Falta de atenção";"Colisão Transversal";"Com Vítimas Feridas";"Pleno dia";"Crescente";"Ceu Claro";"Dupla";"Reta";"Urbano";2;0;1;0;1;0;1;2
83525041;"17/12/16";"Sábado";"18:50:00";"MG";40;"429,9";"PARAOPEBA";"Defeito mecânico em veículo";"Colisão traseira";"Com Vítimas Feridas";"Pleno dia";"Decrescente";"Ceu Claro";"Dupla";"Reta";"Rural";3;0;1;0;2;0;1;2
83525042;"17/12/16";"Sábado";"15:00:00";"MS";163;"683,1";"RIO VERDE DE MATO GROSSO";"Ingestão de álcool";"Queda de motocicleta / bicicleta / veículo";"Com Vítimas Feridas";"Pleno dia";"Decrescente";"Sol";"Simples";"Curva";"Urbano";1;0;1;0;0;0;1;1
83525043;"17/12/16";"Sábado";"19:10:00";"MA";316;"261";"SANTA INES";"Ingestão de álcool";"Colisão traseira";"Com Vítimas Feridas";"Plena noite";"Crescente";"Chuva";"Dupla";"Reta";"Urbano";4;0;1;0;3;0;1;2
83525044;"13/12/16";"Terça";"07:45:00";"SP";116;"231";"SAO PAULO";"Falta de atenção";"Atropelamento de pessoa";"Com Vítimas Feridas";"Pleno dia";"Crescente";"Sol";"Múltipla";"Reta";"Urbano";2;0;1;0;0;1;1;1
83525045;"17/12/16";"Sábado";"16:40:00";"MG";262;"113,8";"RIO CASCA";"Velocidade incompatível";"Colisão lateral";"Sem Vítimas";"Pleno dia";"Crescente";"Chuva";"Simples";"Curva";"Rural";3;0;0;0;3;0;0;3
83525046;"17/12/16";"Sábado";"18:30:00";"MG";50;"73";"UBERLANDIA";"Falta de atenção";"Colisão traseira";"Sem Vítimas";"Anoitecer";"Decrescente";"Nublado";"Dupla";"Reta";"Urbano";2;0;0;0;2;0;0;2
83525047;"17/12/16";"Sábado";"21:30:00";"ES";101;"144,4";"LINHARES";"Outras";"Colisão traseira";"Com Vítimas Feridas";"Plena noite";"Crescente";"Ceu Claro";"Simples";"Reta";"Urbano";2;0;1;0;0;1;1;2
83525048;"17/12/16";"Sábado";"17:10:00";"CE";304;"56,5";"ARACATI";"Defeito mecânico em veículo";"Saída de Pista";"Sem Vítimas";"Pleno dia";"Decrescente";"Ceu Claro";"Simples";"Reta";"Rural";1;0;0;0;1;0;0;1
83525049;"17/12/16";"Sábado";"19:02:00";"PR";116;"106";"SAO JOSE DOS PINHAIS";"Falta de atenção";"Saída de Pista";"Sem Vítimas";"Anoitecer";"Crescente";"Nublado";"Dupla";"Reta";"Rural";1;0;0;0;1;0;0;1
83525050;"17/11/16";"Quinta";"18:00:00";"SP";116;"360";"MIRACATU";"Não guardar distância de segurança";"Queda de motocicleta / bicicleta / veículo";"Com Vítimas Feridas";"Pleno dia";"Decrescente";"Ceu Claro";"Simples";"Reta";"Rural";3;0;1;1;0;1;2;2
83525051;"17/12/16";"Sábado";"19:45:00";"MG";381;"941";"EXTREMA";"Velocidade incompatível";"Capotamento";"Com Vítimas Feridas";"Plena noite";"Crescente";"Nublado";"Dupla";"Curva";"Urbano";2;0;2;0;0;0;2;1
83525052;"17/12/16";"Sábado";"14:30:00";"SC";282;"84,8";"ALFREDO WAGNER";"Não guardar distância de segurança";"Colisão traseira";"Sem Vítimas";"Pleno dia";"Decrescente";"Nublado";"Simples";"Curva";"Rural";3;0;0;0;3;0;0;3
83525053;"17/12/16";"Sábado";"16:30:00";"MG";135;"472";"JOAQUIM FELICIO";"Velocidade incompatível";"Saída de Pista";"Com Vítimas Feridas";"Pleno dia";"Decrescente";"Nublado";"Simples";"Reta";"Rural";2;0;2;0;0;0;2;1
83525054;"17/12/16";"Sábado";"13:30:00";"MT";174;"227";"PORTO ESPERIDIAO";"Velocidade incompatível";"Saída de Pista";"Ignorado";"Pleno dia";"Crescente";"Nublado";"Simples";"Curva";"Rural";1;0;0;0;0;1;0;1
83525055;"17/12/16";"Sábado";"17:00:00";"BA";110;"63";"JEREMOABO";"Falta de atenção";"Capotamento";"Com Vítimas Feridas";"Pleno dia";"Decrescente";"Ceu Claro";"Simples";"Curva";"Rural";2;0;0;1;1;0;1;1
83525056;"17/12/16";"Sábado";"20:20:00";"RJ";116;"102";"GUAPIMIRIM";"Falta de atenção";"Queda de motocicleta / bicicleta / veículo";"Com Vítimas Feridas";"Plena noite";"Crescente";"Chuva";"Simples";"Reta";"Urbano";2;0;2;0;0;0;2;1
83525057;"17/12/16";"Sábado";"20:30:00";"SP";116;"145";"SAO JOSE DOS CAMPOS";"Não guardar distância de segurança";"Colisão traseira";"Com Vítimas Feridas";"Plena noite";"Crescente";"Nublado";"Múltipla";"Reta";"Urbano";3;0;1;0;2;0;1;2
83525058;"17/12/16";"Sábado";"17:00:00";"MG";116;"143,9";"PONTO DOS VOLANTES";"Outras";"Atropelamento de pessoa";"Com Vítimas Fatais";"Pleno dia";"Crescente";"Ceu Claro";"Simples";"Reta";"Rural";2;1;0;0;0;1;0;1
83525059;"17/12/16";"Sábado";"18:40:00";"PB";230;"500,7";"CAJAZEIRAS";"Falta de atenção";"Colisão com bicicleta";"Com Vítimas Feridas";"Plena noite";"Crescente";"Ceu Claro";"Simples";"Reta";"Rural";3;0;0;1;2;0;1;2
83525060;"17/12/16";"Sábado";"15:50:00";"PE";423;"70,5";"JUPI";"Outras";"Colisão frontal";"Com Vítimas Fatais";"Pleno dia";"Decrescente";"Ceu Claro";"Simples";"Reta";"Urbano";2;1;0;0;1;0;0;2
83525061;"17/12/16";"Sábado";"22:40:00";"SC";101;"215";"PALHOCA";"Falta de atenção";"Colisão traseira";"Com Vítimas Feridas";"Plena noite";"Crescente";"Nublado";"Dupla";"Reta";"Urbano";2;0;0;1;0;1;1;2
83525062;"17/12/16";"Sábado";"20:35:00";"PE";101;"47,5";"IGARASSU";"Desobediência à sinalização";"Colisão Transversal";"Com Vítimas Feridas";"Plena noite";"Decrescente";"Ceu Claro";"Múltipla";"Reta";"Urbano";2;0;0;2;0;0;2;2
83525063;"17/12/16";"Sábado";"08:55:00";"PR";277;"43,6";"MORRETES";"Velocidade incompatível";"Tombamento";"Com Vítimas Feridas";"Amanhecer";"Decrescente";"Nevoeiro/neblina";"Dupla";"Curva";"Rural";1;0;0;1;0;0;1;1
83525064;"17/12/16";"Sábado";"22:25:00";"SP";116;"125,3";"CACAPAVA";"Falta de atenção";"Capotamento";"Com Vítimas Feridas";"Plena noite";"Decrescente";"Ceu Claro";"Dupla";"Reta";"Urbano";1;0;1;0;0;0;1;1
83525065;"17/12/16";"Sábado";"21:40:00";"RS";386;"183,6";"SANTO ANTONIO DO PLANALTO";"Defeito mecânico em veículo";"Incêndio";"Sem Vítimas";"Plena noite";"Decrescente";"Ceu Claro";"Simples";"Reta";"Rural";2;0;0;0;2;0;0;1
83525066;"17/12/16";"Sábado";"19:30:00";"SP";116;"207";"GUARULHOS";"Falta de atenção";"Colisão traseira";"Sem Vítimas";"Plena noite";"Crescente";"Ceu Claro";"Dupla";"Reta";"Urbano";3;0;0;0;3;0;0;3
83525067;"17/12/16";"Sábado";"18:20:00";"CE";116;"11,4";"FORTALEZA";"Não guardar distância de segurança";"Colisão traseira";"Com Vítimas Feridas";"Plena noite";"Crescente";"Nublado";"Simples";"Curva";"Urbano";2;0;1;0;1;0;1;2
83525068;"17/12/16";"Sábado";"14:30:00";"PR";277;"680,9";"SAO MIGUEL DO IGUACU";"Falta de atenção";"Colisão traseira";"Sem Vítimas";"Pleno dia";"Decrescente";"Ceu Claro";"Dupla";"Reta";"Rural";4;0;0;0;3;1;0;3
83525069;"17/12/16";"Sábado";"19:00:00";"BA";101;"737,5";"ITABELA";"Falta de atenção";"Colisão traseira";"Com Vítimas Feridas";"Plena noite";"Decrescente";"Ignorada";"Simples";"Reta";"Rural";3;0;1;0;2;0;1;2
83525070;"17/12/16";"Sábado";"20:20:00";"MG";116;"518,4";"UBAPORANGA";"Falta de atenção";"Colisão Transversal";"Com Vítimas Feridas";"Plena noite";"Decrescente";"Nublado";"Simples";"Curva";"Rural";3;0;0;2;1;0;2;2
83525071;"17/12/16";"Sábado";"22:50:00";"PR";277;"719,4";"FOZ DO IGUACU";"Outras";"Saída de Pista";"Com Vítimas Feridas";"Plena noite";"Decrescente";"Ceu Claro";"Dupla";"Reta";"Rural";1;0;1;0;0;0;1;1
83525072;"17/12/16";"Sábado";"22:00:00";"MG";116;"510,7";"UBAPORANGA";"Falta de atenção";"Colisão Transversal";"Com Vítimas Feridas";"Plena noite";"Decrescente";"Nublado";"Simples";"Cruzamento";"Urbano";3;0;1;1;1;0;2;2
83525073;"17/12/16";"Sábado";"22:50:00";"PR";277;"112,4";"CAMPO LARGO";"Falta de atenção";"Colisão com objeto fixo";"Sem Vítimas";"Plena noite";"Decrescente";"Ceu Claro";"Dupla";"Reta";"Urbano";1;0;0;0;1;0;0;1
83525074;"10/12/16";"Sábado";"00:05:00";"SE";235;"106,7";"CARIRA";"Falta de atenção";"Colisão frontal";"Com Vítimas Feridas";"Plena noite";"Decrescente";"Ceu Claro";"Simples";"Reta";"Rural";5;0;0;5;0;0;5;2
83525075;"17/12/16";"Sábado";"22:00:00";"SC";101;"64";"BARRA VELHA";"Defeito mecânico em veículo";"Colisão com objeto fixo";"Sem Vítimas";"Plena noite";"Crescente";"Chuva";"Dupla";"Reta";"Rural";1;0;0;0;1;0;0;1
83525076;"17/12/16";"Sábado";"22:00:00";"PR";116;"14,5";"CAMPINA GRANDE DO SUL";"Outras";"Capotamento";"Sem Vítimas";"Plena noite";"Decrescente";"Chuva";"Dupla";"Curva";"Rural";1;0;0;0;1;0;0;1
83525077;"17/12/16";"Sábado";"16:20:00";"AP";156;"689";"CALCOENE";"Defeito na via";"Saída de Pista";"Sem Vítimas";"Pleno dia";"Decrescente";"Chuva";"Simples";"Reta";"Rural";1;0;0;0;1;0;0;1
83525078;"17/12/16";"Sábado";"18:10:00";"MG";116;"482,1";"DOM CAVATI";"Falta de atenção";"Colisão lateral";"Com Vítimas Feridas";"Pleno dia";"Decrescente";"Nublado";"Simples";"Reta";"Urbano";7;0;5;0;2;0;5;3