"id";"data_inversa";"dia_semana";"horario";"uf";"br";"km";"municipio";"causa_acidente";"tipo_acidente";"classificacao_acidente";"fase_dia";"sentido_via";"condicao_metereologica";"tipo_pista";"tracado_via";"uso_solo";"pessoas";"mortos";"feridos_leves";"feridos_graves";"ilesos";"ignorados";"feridos";"veiculos"
83525079;"17/12/16";"Sábado";"08:30:00";"SP";116;"169,7";"JACAREI";"Outras";"Colisão com bicicleta";"Com Vítimas Fatais";"Pleno dia";"Decrescente";"Ceu Claro";"Dupla";"Reta";"Rural";2;1;0;0;1;0;0;2
83525080;"17/12/16";"Sábado";"16:25:00";"PR";158;"524,9";"PATO BRANCO";"Velocidade incompatível";"Colisão traseira";"Com Vítimas Feridas";"Pleno dia";"Crescente";"Ceu Claro";"Simples";"Reta";"Urbano";4;0;2;0;1;1;2;3
83525081;"18/12/16";"Domingo";"00:10:00";"SP";116;"447,1";"REGISTRO";"Ingestão de álcool";"Capotamento";"Sem Vítimas";"Plena noite";"Crescente";"Nublado";"Dupla";"Reta";"Urbano";3;0;0;0;3;0;0;1
83525082;"17/12/16";"Sábado";"21:05:00";"SC";101;"164";"TIJUCAS";"Falta de atenção";"Colisão Transversal";"Com Vítimas Feridas";"Plena noite";"Crescente";"Nublado";"Simples";"Reta";"Urbano";3;0;2;0;1;0;2;2
83525083;"17/12/16";"Sábado";"07:40:00";"MS";436;"10,8";"APARECIDA DO TABOADO";"Defeito na via";"Tombamento";"Com Vítimas Feridas";"Pleno dia";"Crescente";"Ceu Claro";"Simples";"Reta";"Rural";1;0;1;0;0;0;1;1
83525084;"17/12/16";"Sábado";"22:00:00";"MS";158;"252,8";"TRES LAGOAS";"Defeito mecânico em veículo";"Colisão traseira";"Sem Vítimas";"Plena noite";"Decrescente";"Ceu Claro";"Simples";"Reta";"Rural";2;0;0;0;2;0;0;2
83525085;"17/12/16";"Sábado";"19:10:00";"RS";470;"257";"SALVADOR DO SUL";"Ingestão de álcool";"Colisão Transversal";"Sem Vítimas";"Anoitecer";"Decrescente";"Ceu Claro";"Simples";"Reta";"Rural";3;0;0;0;3;0;0;2
83525086;"17/12/16";"Sábado";"22:45:00";"GO";50;"252,2";"CATALAO";"Outras";"Colisão lateral";"Com Vítimas Feridas";"Plena noite";"Crescente";"Ceu Claro";"Simples";"Reta";"Rural";5;0;1;0;4;0;1;2
83525087;"17/12/16";"Sábado";"14:35:00";"CE";304;"32,7";"ARACATI";"Defeito mecânico em veículo";"Capotamento";"Com Vítimas Feridas";"Pleno dia";"Crescente";"Ceu Claro";"Simples";"Reta";"Rural";2;0;1;0;1;0;1;1
83525088;"17/12/16";"Sábado";"20:20:00";"SE";235;"54";"ITABAIANA";"Ingestão de álcool";"Colisão com objeto fixo";"Com Vítimas Feridas";"Plena noite";"Decrescente";"Nublado";"Simples";"Reta";"Urbano";3;0;1;0;0;2;1;2
83525089;"14/12/16";"Quarta";"14:15:00";"PR";163;"286,8";"MARECHAL CANDIDO RONDON";"Desobediência à sinalização";"Colisão frontal";"Com Vítimas Feridas";"Pleno dia";"Crescente";"Ceu Claro";"Simples";"Reta";"Rural";3;0;0;2;1;0;2;2
83525090;"17/12/16";"Sábado";"15:00:00";"PR";467;"109";"CASCAVEL";"Desobediência à sinalização";"Colisão traseira";"Sem Vítimas";"Pleno dia";"Decrescente";"Ceu Claro";"Dupla";"Curva";"Urbano";2;0;0;0;2;0;0;2
83525091;"17/12/16";"Sábado";"21:45:00";"RJ";393;"163,9";"TRES RIOS";"Ingestão de álcool";"Saída de Pista";"Sem Vítimas";"Plena noite";"Crescente";"Chuva";"Simples";"Curva";"Rural";3;0;0;0;3;0;0;1
83525092;"18/12/16";"Domingo";"00:55:00";"MG";381;"529,4";"BRUMADINHO";"Dormindo";"Saída de Pista";"Sem Vítimas";"Plena noite";"Crescente";"Ignorada";"Dupla";"Reta";"Rural";1;0;0;0;1;0;0;1
83525093;"17/12/16";"Sábado";"20:00:00";"AL";316;"249";"ATALAIA";"Ingestão de álcool";"Colisão frontal";"Com Vítimas Feridas";"Plena noite";"Crescente";"Ceu Claro";"Simples";"Reta";"Rural";4;0;2;2;0;0;4;2
83525094;"17/12/16";"Sábado";"07:40:00";"PE";101;"60";"RECIFE";"Outras";"Saída de Pista";"Sem Vítimas";"Pleno dia";"Decrescente";"Ceu Claro";"Dupla";"Reta";"Urbano";2;0;0;0;1;1;0;2
83525095;"18/12/16";"Domingo";"01:00:00";"MA";316;"490";"SAO MATEUS DO MARANHAO";"Outras";"Saída de Pista";"Sem Vítimas";"Plena noite";"Crescente";"Chuva";"Simples";"Reta";"Rural";1;0;0;0;1;0;0;1
83525096;"17/12/16";"Sábado";"18:55:00";"SE";235;"50,5";"ITABAIANA";"Falta de atenção";"Colisão traseira";"Ignorado";"Plena noite";"Crescente";"Ignorada";"Simples";"Reta";"Urbano";2;0;0;0;0;2;0;2
83525097;"17/12/16";"Sábado";"20:40:00";"PB";230;"313";"SAO MAMEDE";"Falta de atenção";"Colisão traseira";"Com Vítimas Feridas";"Plena noite";"Crescente";"Chuva";"Simples";"Reta";"Rural";5;0;1;0;4;0;1;2
83525098;"17/12/16";"Sábado";"17:30:00";"MG";381;"326";"NOVA ERA";"Outras";"Atropelamento de pessoa";"Com Vítimas Feridas";"Pleno dia";"Crescente";"Sol";"Simples";"Curva";"Urbano";4;0;1;0;2;1;1;1
83525099;"17/12/16";"Sábado";"21:00:00";"PR";277;"77,5";"CURITIBA";"Velocidade incompatível";"Capotamento";"Com Vítimas Fatais";"Plena noite";"Crescente";"Nublado";"Dupla";"Reta";"Rural";3;1;0;0;2;0;0;2
83525100;"17/12/16";"Sábado";"16:10:00";"MS";163;"679,7";"RIO VERDE DE MATO GROSSO";"Velocidade incompatível";"Colisão traseira";"Com Vítimas Feridas";"Pleno dia";"Decrescente";"Sol";"Simples";"Reta";"Urbano";2;0;2;0;0;0;2;2
83525101;"17/12/16";"Sábado";"13:10:00";"TO";153;"161";"ARAGUAINA";"Velocidade incompatível";"Colisão traseira";"Sem Vítimas";"Pleno dia";"Decrescente";"Chuva";"Simples";"Reta";"Rural";6;0;0;0;6;0;0;2
83525102;"17/12/16";"Sábado";"23:00:00";"BA";324;"527";"FEIRA DE SANTANA";"Desobediência à sinalização";"Colisão frontal";"Com Vítimas Feridas";"Plena noite";"Crescente";"Nublado";"Dupla";"Curva";"Rural";3;0;1;0;2;0;1;3
83525103;"01/12/16";"Quinta";"07:50:00";"PR";476;"136,6";"CURITIBA";"Falta de atenção";"Colisão traseira";"Com Vítimas Feridas";"Pleno dia";"Decrescente";"Nublado";"Dupla";"Reta";"Urbano";3;0;2;0;1;0;2;2
83525104;"18/12/16";"Domingo";"01:40:00";"PR";153;"53,6";"SANTO ANTONIO DA PLATINA";"Animais na Pista";"Atropelamento de animal";"Com Vítimas Feridas";"Plena noite";"Crescente";"Ceu Claro";"Simples";"Reta";"Rural";1;0;1;0;0;0;1;1
83525105;"18/12/16";"Domingo";"02:30:00";"SC";101;"282,3";"IMBITUBA";"Desobediência à sinalização";"Colisão frontal";"Com Vítimas Fatais";"Plena noite";"Crescente";"Nublado";"Dupla";"Reta";"Urbano";2;1;0;0;1;0;0;2
83525106;"18/12/16";"Domingo";"02:20:00";"SP";116;"71,8";"APARECIDA";"Outras";"Colisão traseira";"Com Vítimas Feridas";"Plena noite";"Decrescente";"Ceu Claro";"Dupla";"Reta";"Rural";2;0;0;1;1;0;1;2
83525107;"13/12/16";"Terça";"21:30:00";"MG";116;"115,5";"ITAOBIM";"Velocidade incompatível";"Atropelamento de pessoa";"Com Vítimas Feridas";"Plena noite";"Decrescente";"Ceu Claro";"Simples";"Reta";"Urbano";4;0;2;1;1;0;3;1
83525108;"17/12/16";"Sábado";"16:00:00";"PR";116;"80,5";"PIRAQUARA";"Velocidade incompatível";"Saída de Pista";"Com Vítimas Fatais";"Pleno dia";"Decrescente";"Nublado";"Dupla";"Reta";"Rural";1;1;0;0;0;0;0;1
83525109;"18/12/16";"Domingo";"03:15:00";"RJ";101;"309";"SAO GONCALO";"Outras";"Colisão com objeto fixo";"Ignorado";"Plena noite";"Crescente";"Nublado";"Dupla";"Reta";"Urbano";1;0;0;0;0;1;0;1
83525110;"18/12/16";"Domingo";"03:00:00";"SC";101;"313,4";"LAGUNA";"Outras";"Tombamento";"Com Vítimas Feridas";"Plena noite";"Crescente";"Ceu Claro";"Simples";"Curva";"Urbano";1;0;0;1;0;0;1;1
83525111;"17/12/16";"Sábado";"21:00:00";"SP";153;"321";"RIBEIRAO DO SUL";"Falta de atenção";"Colisão traseira";"Sem Vítimas";"Plena noite";"Decrescente";"Ceu Claro";"Simples";"Cruzamento";"Rural";2;0;0;0;2;0;0;2
83525112;"17/12/16";"Sábado";"17:30:00";"PE";104;"67";"CARUARU";"Não guardar distância de segurança";"Queda de motocicleta / bicicleta / veículo";"Com Vítimas Fatais";"Pleno dia";"Crescente";"Ceu Claro";"Dupla";"Curva";"Urbano";1;1;0;0;0;0;0;1
83525113;"17/12/16";"Sábado";"17:00:00";"PE";110;"135";"IBIMIRIM";"Outras";"Saída de Pista";"Sem Vítimas";"Pleno dia";"Decrescente";"Chuva";"Simples";"Reta";"Rural";1;0;0;0;1;0;0;1
83525114;"18/12/16";"Domingo";"03:30:00";"SC";101;"214";"PALHOCA";"Ingestão de álcool";"Saída de Pista";"Sem Vítimas";"Plena noite";"Crescente";"Chuva";"Múltipla";"Reta";"Urbano";1;0;0;0;1;0;0;1
83525115;"17/12/16";"Sábado";"22:00:00";"RS";285;"317";"PASSO FUNDO";"Ultrapassagem indevida";"Capotamento";"Com Vítimas Feridas";"Plena noite";"Crescente";"Ceu Claro";"Simples";"Reta";"Rural";1;0;1;0;0;0;1;1
83525116;"18/12/16";"Domingo";"00:50:00";"PA";316;"11";"MARITUBA";"Outras";"Atropelamento de pessoa";"Com Vítimas Feridas";"Plena noite";"Decrescente";"Nublado";"Simples";"Reta";"Urbano";2;0;0;1;1;0;1;1
83525117;"17/12/16";"Sábado";"09:20:00";"SC";282;"51,9";"AGUAS MORNAS";"Falta de atenção";"Saída de Pista";"Sem Vítimas";"Pleno dia";"Decrescente";"Chuva";"Simples";"Curva";"Rural";1;0;0;0;1;0;0;1
83525118;"18/12/16";"Domingo";"02:20:00";"PR";153;"327";"IRATI";"Ingestão de álcool";"Saída de Pista";"Com Vítimas Feridas";"Plena noite";"Crescente";"Nublado";"Simples";"Reta";"Rural";5;0;1;0;3;1;1;3
83525119;"18/12/16";"Domingo";"02:00:00";"MT";364;"208";"RONDONOPOLIS";"Velocidade incompatível";"Saída de Pista";"Com Vítimas Feridas";"Plena noite";"Decrescente";"Ceu Claro";"Dupla";"Reta";"Urbano";2;0;2;0;0;0;2;1
83525120;"13/12/16";"Terça";"22:30:00";"PE";101;"70";"RECIFE";"Falta de atenção";"Colisão traseira";"Com Vítimas Feridas";"Plena noite";"Crescente";"Ceu Claro";"Simples";"Curva";"Urbano";3;0;1;0;2;0;1;2
83525121;"18/12/16";"Domingo";"03:20:00";"RJ";101;"479";"ANGRA DOS REIS";"Outras";"Colisão traseira";"Com Vítimas Feridas";"Plena noite";"Decrescente";"Ceu Claro";"Simples";"Reta";"Rural";5;0;0;2;3;0;2;3
83525122;"17/12/16";"Sábado";"22:10:00";"BA";116;"929,9";"ENCRUZILHADA";"Outras";"Colisão traseira";"Com Vítimas Feridas";"Plena noite";"Crescente";"Ceu Claro";"Simples";"Curva";"Rural";3;0;1;0;2;0;1;2
83525123;"18/12/16";"Domingo";"03:45:00";"PR";376;"125,5";"ALTO PARANA";"Dormindo";"Saída de Pista";"Sem Vítimas";"Plena noite";"Decrescente";"Ceu Claro";"Dupla";"Reta";"Rural";2;0;0;0;2;0;0;2
83525124;"18/12/16";"Domingo";"02:40:00";"MG";262;"590,3";"CAMPOS ALTOS";"Falta de atenção";"Queda de motocicleta / bicicleta / veículo";"Com Vítimas Feridas";"Plena noite";"Crescente";"Nublado";"Simples";"Curva";"Rural";1;0;1;0;0;0;1;1
83525125;"18/12/16";"Domingo";"04:30:00";"RJ";101;"61";"CAMPOS DOS GOYTACAZES";"Ingestão de álcool";"Atropelamento de pessoa";"Com Vítimas Feridas";"Amanhecer";"Crescente";"Chuva";"Simples";"Reta";"Urbano";2;0;1;0;1;0;1;1
83525126;"17/12/16";"Sábado";"20:40:00";"ES";101;"95";"JAGUARE";"Outras";"Colisão com bicicleta";"Com Vítimas Feridas";"Plena noite";"Decrescente";"Ceu Claro";"Simples";"Reta";"Urbano";2;0;2;0;0;0;2;2
83525127;"18/12/16";"Domingo";"05:00:00";"SC";101;"291,1";"IMBITUBA";"Outras";"Saída de Pista";"Com Vítimas Feridas";"Plena noite";"Crescente";"Ceu Claro";"Dupla";"Reta";"Urbano";1;0;1;0;0;0;1;1
83525128;"16/12/16";"Sexta";"06:00:00";"BA";20;"170";"LUIS EDUARDO MAGALHAES";"Falta de atenção";"Capotamento";"Com Vítimas Feridas";"Pleno dia";"Crescente";"Ceu Claro";"Simples";"Reta";"Rural";5;0;1;2;2;0;3;1
83525129;"17/12/16";"Sábado";"20:40:00";"PB";230;"29,8";"JOAO PESSOA";"Ingestão de álcool";"Queda de motocicleta / bicicleta / veículo";"Com Vítimas Feridas";"Plena noite";"Decrescente";"Nublado";"Dupla";"Reta";"Urbano";1;0;1;0;0;0;1;1
83525130;"13/12/16";"Terça";"22:30:00";"MG";381;"716,7";"CARMO DA CACHOEIRA";"Falta de atenção";"Saída de Pista";"Sem Vítimas";"Plena noite";"Crescente";"Chuva";"Dupla";"Reta";"Rural";1;0;0;0;1;0;0;1
83525131;"18/12/16";"Domingo";"04:20:00";"RS";472;"572,4";"URUGUAIANA";"Não guardar distância de segurança";"Colisão traseira";"Sem Vítimas";"Plena noite";"Decrescente";"Nublado";"Simples";"Reta";"Urbano";2;0;0;0;1;1;0;2
83525132;"17/12/16";"Sábado";"14:10:00";"PB";230;"21,9";"JOAO PESSOA";"Não guardar distância de segurança";"Colisão traseira";"Com Vítimas Feridas";"Pleno dia";"Crescente";"Chuva";"Dupla";"Reta";"Urbano";3;0;2;1;0;0;3;2
83525133;"17/12/16";"Sábado";"22:10:00";"PR";116;"14,9";"COLOMBO";"Ingestão de álcool";"Queda de motocicleta / bicicleta / veículo";"Com Vítimas Feridas";"Plena noite";"Decrescente";"Chuva";"Múltipla";"Reta";"Urbano";1;0;1;0;0;0;1;1
83525134;"18/12/16";"Domingo";"04:30:00";"RS";116;"205,7";"PICADA CAFE";"Dormindo";"Colisão com objeto fixo";"Sem Vítimas";"Plena noite";"Crescente";"Ceu Claro";"Simples";"Reta";"Rural";1;0;0;0;1;0;0;1
83525135;"18/12/16";"Domingo";"03:15:00";"SC";282;"463,8";"PONTE SERRADA";"Velocidade incompatível";"Saída de Pista";"Com Vítimas Feridas";"Plena noite";"Decrescente";"Chuva";"Simples";"Curva";"Rural";1;0;0;1;0;0;1;1
83525136;"17/12/16";"Sábado";"22:15:00";"PR";476;"283,4";"SAO MATEUS DO SUL";"Outras";"Colisão Transversal";"Com Vítimas Feridas";"Plena noite";"Decrescente";"Nublado";"Simples";"Reta";"Rural";3;0;0;2;1;0;2;2
83525137;"18/12/16";"Domingo";"04:55:00";"SC";470;"32";"GASPAR";"Ingestão de álcool";"Colisão lateral";"Sem Vítimas";"Plena noite";"Crescente";"Nublado";"Simples";"Reta";"Urbano";2;0;0;0;2;0;0;2
83525138;"17/12/16";"Sábado";"17:00:00";"TO";153;"350,5";"GUARAI";"Ultrapassagem indevida";"Saída de Pista";"Com Vítimas Feridas";"Pleno dia";"Decrescente";"Nublado";"Simples";"Curva";"Rural";4;0;3;0;1;0;3;1
83525139;"15/12/16";"Quinta";"15:00:00";"SC";101;"189";"BIGUACU";"Ingestão de álcool";"Colisão lateral";"Sem Vítimas";"Pleno dia";"Crescente";"Sol";"Dupla";"Reta";"Urbano";2;0;0;0;2;0;0;2
83525140;"17/12/16";"Sábado";"17:45:00";"RS";470;"218";"BENTO GONCALVES";"Falta de atenção";"Colisão Transversal";"Sem Vítimas";"Pleno dia";"Crescente";"Nublado";"Simples";"Reta";"Urbano";2;0;0;0;2;0;0;2
83525141;"17/12/16";"Sábado";"22:40:00";"RS";470;"161";"NOVA PRATA";"Falta de atenção";"Colisão frontal";"Com Vítimas Feridas";"Plena noite";"Crescente";"Ceu Claro";"Simples";"Reta";"Rural";3;0;2;0;0;1;2;2
83525142;"14/12/16";"Quarta";"03:00:00";"MG";251;"312";"SALINAS";"Dormindo";"Saída de Pista";"Com Vítimas Feridas";"Plena noite";"Decrescente";"Ceu Claro";"Simples";"Reta";"Rural";1;0;0;1;0;0;1;1
83525143;"18/12/16";"Domingo";"03:05:00";"PE";104;"17";"SANTA CRUZ DO CAPIBARIBE";"Dormindo";"Capotamento";"Com Vítimas Feridas";"Plena noite";"Decrescente";"Ceu Claro";"Simples";"Curva";"Rural";1;0;1;0;0;0;1;1
83525144;"17/12/16";"Sábado";"20:20:00";"BA";116;"414";"FEIRA DE SANTANA";"Ingestão de álcool";"Atropelamento de pessoa";"Com Vítimas Feridas";"Plena noite";"Decrescente";"Nublado";"Simples";"Cruzamento";"Rural";3;0;1;0;2;0;1;1
83525145;"18/12/16";"Domingo";"03:50:00";"AL";101;"169,8";"TEOTONIO VILELA";"Dormindo";"Saída de Pista";"Com Vítimas Feridas";"Plena noite";"Decrescente";"Ceu Claro";"Dupla";"Reta";"Rural";1;0;1;0;0;0;1;1
83525146;"18/12/16";"Domingo";"01:00:00";"SP";116;"162,4";"JACAREI";"Falta de atenção";"Colisão com objeto fixo";"Sem Vítimas";"Plena noite";"Crescente";"Ceu Claro";"Dupla";"Reta";"Rural";1;0;0;0;1;0;0;1
83525147;"12/12/16";"Segunda";"03:15:00";"SC";101;"87";"BARRA VELHA";"Falta de atenção";"Atropelamento de pessoa";"Com Vítimas Feridas";"Plena noite";"Decrescente";"Nublado";"Dupla";"Reta";"Urbano";2;0;1;1;0;0;2;1
83525148;"18/12/16";"Domingo";"05:45:00";"SC";101;"204,8";"SAO JOSE";"Ingestão de álcool";"Colisão com objeto fixo";"Ignorado";"Amanhecer";"Crescente";"Nublado";"Múltipla";"Reta";"Urbano";1;0;0;0;0;1;0;1
83525149;"17/12/16";"Sábado";"13:00:00";"MG";40;"244";"SAO GONCALO DO ABAETE";"Animais na Pista";"Colisão traseira";"Sem Vítimas";"Pleno dia";"Crescente";"Nublado";"Simples";"Reta";"Rural";5;0;0;0;5;0;0;3
83525150;"18/12/16";"Domingo";"03:35:00";"RO";364;"356,8";"JI-PARANA";"Animais na Pista";"Capotamento";"Com Vítimas Feridas";"Amanhecer";"Crescente";"Ceu Claro";"Simples";"Reta";"Rural";1;0;1;0;0;0;1;1
83525151;"18/12/16";"Domingo";"05:00:00";"RJ";40;"123";"DUQUE DE CAXIAS";"Ingestão de álcool";"Colisão com objeto fixo";"Com Vítimas Feridas";"Amanhecer";"Crescente";"Ceu Claro";"Múltipla";"Reta";"Urbano";2;0;0;2;0;0;2;1
83525152;"18/12/16";"Domingo";"04:00:00";"PR";376;"424,5";"TIBAGI";"Velocidade incompatível";"Queda de motocicleta / bicicleta / veículo";"Com Vítimas Fatais";"Plena noite";"Decrescente";"Ceu Claro";"Simples";"Reta";"Rural";1;1;0;0;0;0;0;1
83525153;"18/12/16";"Domingo";"05:45:00";"MG";50;"56";"UBERLANDIA";"Ingestão de álcool";"Capotamento";"Sem Vítimas";"Amanhecer";"Decrescente";"Nublado";"Dupla";"Curva";"Rural";1;0;0;0;1;0;0;1
83525154;"07/11/16";"Segunda";"18:00:00";"GO";40;"1,2";"VALPARAISO DE GOIAS";"Não guardar distância de segurança";"Colisão lateral";"Com Vítimas Feridas";"Plena noite";"Crescente";"Nublado";"Dupla";"Reta";"Urbano";4;0;1;1;2;0;2;3
83525155;"17/12/16";"Sábado";"18:40:00";"PE";423;"70,6";"JUPI";"Outras";"Queda de motocicleta / bicicleta / veículo";"Com Vítimas Feridas";"Plena noite";"Crescente";"Ceu Claro";"Simples";"Reta";"Rural";1;0;0;1;0;0;1;1
83525156;"18/12/16";"Domingo";"02:50:00";"MG";381;"683,4";"PERDOES";"Dormindo";"Capotamento";"Com Vítimas Feridas";"Plena noite";"Decrescente";"Ignorada";"Dupla";"Curva";"Rural";1;0;1;0;0;0;1;1
83525157;"18/12/16";"Domingo";"05:00:00";"PE";424;"86,4";"GARANHUNS";"Desobediência à sinalização";"Colisão frontal";"Com Vítimas Fatais";"Amanhecer";"Crescente";"Ceu Claro";"Simples";"Curva";"Rural";2;1;0;0;0;1;0;2
83525158;"18/12/16";"Domingo";"06:00:00";"SP";116;"405";"MIRACATU";"Dormindo";"Saída de Pista";"Sem Vítimas";"Amanhecer";"Crescente";"Nublado";"Dupla";"Reta";"Rural";1;0;0;0;1;0;0;1
83525159;"15/12/16";"Quinta";"02:40:00";"MG";381;"345";"BELA VISTA DE MINAS";"Velocidade incompatível";"Capotamento";"Sem Vítimas";"Plena noite";"Decrescente";"Chuva";"Simples";"Curva";"Rural";1;0;0;0;1;0;0;1
83525160;"16/12/16";"Sexta";"18:05:00";"PI";135;"344";"BOM JESUS";"Outras";"Saída de Pista";"Sem Vítimas";"Anoitecer";"Decrescente";"Nublado";"Simples";"Reta";"Urbano";5;0;0;0;5;0;0;1
83525161;"18/12/16";"Domingo";"05:30:00";"RS";293;"392";"SANTANA DO LIVRAMENTO";"Animais na Pista";"Atropelamento de animal";"Sem Vítimas";"Plena noite";"Crescente";"Nublado";"Simples";"Reta";"Rural";1;0;0;0;1;0;0;1
83525162;"14/12/16";"Quarta";"18:10:00";"RS";471;"146,6";"SANTA CRUZ DO SUL";"Falta de atenção";"Colisão lateral";"Com Vítimas Feridas";"Pleno dia";"Decrescente";"Sol";"Simples";"Curva";"Urbano";2;0;1;0;1;0;1;2
83525163;"14/12/16";"Quarta";"17:00:00";"MG";50;"2";"ARAGUARI";"Não guardar distância de segurança";"Colisão traseira";"Sem Vítimas";"Plena noite";"Crescente";"Ceu Claro";"Dupla";"Reta";"Rural";2;0;0;0;2;0;0;2
83525164;"15/12/16";"Quinta";"01:15:00";"MG";50;"84";"UBERLANDIA";"Dormindo";"Colisão com objeto fixo";"Sem Vítimas";"Plena noite";"Crescente";"Nublado";"Dupla";"Reta";"Rural";1;0;0;0;1;0;0;1
83525165;"15/12/16";"Quinta";"06:25:00";"SC";470;"2";"NAVEGANTES";"Falta de atenção";"Colisão Transversal";"Com Vítimas Feridas";"Pleno dia";"Decrescente";"Ceu Claro";"Simples";"Reta";"Urbano";4;0;1;0;3;0;1;4
83525167;"16/12/16";"Sexta";"10:30:00";"MG";40;"638,1";"CONSELHEIRO LAFAIETE";"Desobediência à sinalização";"Colisão Transversal";"Com Vítimas Feridas";"Pleno dia";"Crescente";"Nublado";"Simples";"Reta";"Rural";2;0;1;0;1;0;1;2
83525168;"17/12/16";"Sábado";"20:05:00";"RJ";116;"168,4";"SAO JOAO DE MERITI";"Ingestão de álcool";"Colisão com objeto fixo";"Com Vítimas Fatais";"Plena noite";"Crescente";"Nublado";"Múltipla";"Reta";"Urbano";5;1;3;0;1;0;3;2
83525169;"11/12/16";"Domingo";"02:15:00";"RJ";101;"251,3";"RIO BONITO";"Outras";"Queda de motocicleta / bicicleta / veículo";"Com Vítimas Fatais";"Plena noite";"Crescente";"Ceu Claro";"Dupla";"Reta";"Rural";2;1;1;0;0;0;1;1
83525170;"18/12/16";"Domingo";"07:00:00";"MG";153;"59";"MONTE ALEGRE DE MINAS";"Falta de atenção";"Colisão traseira";"Com Vítimas Feridas";"Pleno dia";"Decrescente";"Ceu Claro";"Simples";"Reta";"Rural";4;0;1;1;2;0;2;2
83525171;"11/12/16";"Domingo";"21:45:00";"SC";470;"20";"ILHOTA";"Falta de atenção";"Atropelamento de pessoa";"Com Vítimas Feridas";"Plena noite";"Decrescente";"Chuva";"Simples";"Reta";"Rural";2;0;0;1;0;1;1;1
83525172;"18/12/16";"Domingo";"07:50:00";"SC";101;"88";"BARRA VELHA";"Ingestão de álcool";"Colisão Transversal";"Sem Vítimas";"Pleno dia";"Crescente";"Nublado";"Dupla";"Cruzamento";"Urbano";2;0;0;0;2;0;0;2
83525173;"17/12/16";"Sábado";"20:30:00";"PI";222;"52";"BRASILEIRA";"Animais na Pista";"Atropelamento de animal";"Com Vítimas Feridas";"Plena noite";"Decrescente";"Nevoeiro/neblina";"Simples";"Reta";"Rural";1;0;1;0;0;0;1;1
83525174;"16/12/16";"Sexta";"12:20:00";"PB";230;"17,9";"JOAO PESSOA";"Não guardar distância de segurança";"Colisão traseira";"Sem Vítimas";"Pleno dia";"Decrescente";"Ceu Claro";"Dupla";"Reta";"Urbano";5;0;0;0;5;0;0;4
83525175;"18/12/16";"Domingo";"06:00:00";"AL";316;"244,9";"ATALAIA";"Falta de atenção";"Colisão Transversal";"Com Vítimas Fatais";"Amanhecer";"Decrescente";"Nublado";"Simples";"Reta";"Rural";4;1;1;1;1;0;2;2
83525177;"18/12/16";"Domingo";"05:50:00";"PR";369;"52";"BANDEIRANTES";"Dormindo";"Saída de Pista";"Com Vítimas Feridas";"Amanhecer";"Decrescente";"Ceu Claro";"Simples";"Reta";"Rural";1;0;1;0;0;0;1;1
83525179;"17/12/16";"Sábado";"09:30:00";"BA";101;"495";"ITAJUIPE";"Outras";"Saída de Pista";"Com Vítimas Feridas";"Pleno dia";"Decrescente";"Chuva";"Simples";"Reta";"Rural";1;0;1;0;0;0;1;1
83525180;"14/12/16";"Quarta";"21:10:00";"ES";262;"3,2";"CARIACICA";"Falta de atenção";"Queda de motocicleta / bicicleta / veículo";"Com Vítimas Feridas";"Plena noite";"Decrescente";"Ceu Claro";"Dupla";"Reta";"Urbano";1;0;1;0;0;0;1;1
83525181;"30/07/16";"Sábado";"04:15:00";"CE";116;"482,6";"MILAGRES";"Ingestão de álcool";"Colisão frontal";"Com Vítimas Fatais";"Plena noite";"Crescente";"Ceu Claro";"Simples";"Reta";"Urbano";46;2;19;5;14;6;24;3
83525182;"18/12/16";"Domingo";"08:32:00";"PR";376;"668";"TIJUCAS DO SUL";"Velocidade incompatível";"Queda de motocicleta / bicicleta / veículo";"Com Vítimas Feridas";"Pleno dia";"Crescente";"Nublado";"Múltipla";"Curva";"Rural";1;0;1;0;0;0;1;1
83525183;"17/12/16";"Sábado";"23:55:00";"PE";116;"61";"CABROBO";"Animais na Pista";"Colisão lateral";"Com Vítimas Feridas";"Plena noite";"Decrescente";"Ceu Claro";"Simples";"Reta";"Rural";2;0;1;0;1;0;1;2
83525184;"16/12/16";"Sexta";"06:50:00";"GO";364;"89,6";"CACHOEIRA ALTA";"Desobediência à sinalização";"Colisão lateral";"Sem Vítimas";"Amanhecer";"Crescente";"Ceu Claro";"Dupla";"Reta";"Rural";2;0;0;0;2;0;0;2
83525185;"16/12/16";"Sexta";"23:05:00";"SC";282;"218";"LAGES";"Falta de atenção";"Colisão lateral";"Sem Vítimas";"Plena noite";"Crescente";"Nublado";"Múltipla";"Reta";"Urbano";2;0;0;0;2;0;0;2
83525186;"14/12/16";"Quarta";"16:15:00";"PA";316;"15";"MARITUBA";"Falta de atenção";"Capotamento";"Sem Vítimas";"Pleno dia";"Crescente";"Ceu Claro";"Dupla";"Reta";"Urbano";4;0;0;0;4;0;0;2
83525187;"18/12/16";"Domingo";"04:40:00";"MG";116;"300,4";"ITAMBACURI";"Defeito mecânico em veículo";"Saída de Pista";"Sem Vítimas";"Plena noite";"Decrescente";"Chuva";"Simples";"Reta";"Rural";1;0;0;0;1;0;0;1