"id";"data_inversa";"dia_semana";"horario";"uf";"br";"km";"municipio";"causa_acidente";"tipo_acidente";"classificacao_acidente";"fase_dia";"sentido_via";"condicao_metereologica";"tipo_pista";"tracado_via";"uso_solo";"pessoas";"mortos";"feridos_leves";"feridos_graves";"ilesos";"ignorados";"feridos";"veiculos"
83525298;"18/12/16";"Domingo";"16:35:00";"GO";50;"274,2";"CATALAO";"Outras";"Capotamento";"Com Vítimas Feridas";"Pleno dia";"Crescente";"Sol";"Simples";"Reta";"Urbano";2;0;1;0;1;0;1;1
83525299;"18/12/16";"Domingo";"16:54:00";"GO";60;"183";"ABADIA DE GOIAS";"Outras";"Saída de Pista";"Com Vítimas Feridas";"Pleno dia";"Crescente";"Chuva";"Dupla";"Curva";"Rural";1;0;1;0;0;0;1;1
83525300;"11/12/16";"Domingo";"20:10:00";"SP";116;"41,2";"CACHOEIRA PAULISTA";"Outras";"Capotamento";"Sem Vítimas";"Plena noite";"Decrescente";"Chuva";"Dupla";"Reta";"Rural";1;0;0;0;1;0;0;1
83525301;"18/12/16";"Domingo";"15:45:00";"MG";365;"35,8";"CLARO DOS POCOES";"Dormindo";"Saída de Pista";"Com Vítimas Feridas";"Pleno dia";"Crescente";"Ceu Claro";"Simples";"Reta";"Rural";4;0;4;0;0;0;4;1
83525302;"18/12/16";"Domingo";"16:00:00";"MG";381;"359";"JOAO MONLEVADE";"Ingestão de álcool";"Colisão lateral";"Com Vítimas Feridas";"Pleno dia";"Decrescente";"Ceu Claro";"Simples";"Reta";"Urbano";2;0;1;0;1;0;1;2
83525303;"18/12/16";"Domingo";"16:00:00";"PE";232;"246,5";"ARCOVERDE";"Defeito mecânico em veículo";"Capotamento";"Com Vítimas Feridas";"Pleno dia";"Decrescente";"Nublado";"Simples";"Reta";"Rural";2;0;1;1;0;0;2;1
83525304;"18/12/16";"Domingo";"16:00:00";"MT";163;"55,8";"ITIQUIRA";"Outras";"Colisão com objeto fixo";"Sem Vítimas";"Pleno dia";"Decrescente";"Chuva";"Dupla";"Reta";"Rural";1;0;0;0;1;0;0;1
83525305;"18/12/16";"Domingo";"15:49:00";"MS";267;"29";"BATAGUASSU";"Outras";"Tombamento";"Sem Vítimas";"Pleno dia";"Crescente";"Chuva";"Dupla";"Curva";"Urbano";1;0;0;0;1;0;0;1
83525306;"18/12/16";"Domingo";"14:00:00";"RO";364;"202,2";"PIMENTA BUENO";"Falta de atenção";"Colisão Transversal";"Com Vítimas Feridas";"Pleno dia";"Decrescente";"Nublado";"Simples";"Reta";"Urbano";2;0;1;0;1;0;1;2
83525307;"18/12/16";"Domingo";"14:30:00";"RN";101;"82,7";"SAO GONCALO DO AMARANTE";"Falta de atenção";"Colisão traseira";"Sem Vítimas";"Pleno dia";"Crescente";"Ceu Claro";"Dupla";"Reta";"Urbano";4;0;0;0;4;0;0;4
83525308;"18/12/16";"Domingo";"16:20:00";"BA";116;"732";"BOA NOVA";"Não guardar distância de segurança";"Colisão traseira";"Sem Vítimas";"Pleno dia";"Crescente";"Ceu Claro";"Simples";"Reta";"Rural";2;0;0;0;2;0;0;2
83525309;"18/12/16";"Domingo";"17:45:00";"SC";282;"445";"PONTE SERRADA";"Velocidade incompatível";"Saída de Pista";"Com Vítimas Feridas";"Pleno dia";"Crescente";"Ceu Claro";"Simples";"Curva";"Rural";2;0;2;0;0;0;2;1
83525310;"18/12/16";"Domingo";"11:45:00";"GO";60;"163,8";"GOIANIA";"Velocidade incompatível";"Colisão lateral";"Com Vítimas Feridas";"Pleno dia";"Decrescente";"Sol";"Dupla";"Reta";"Urbano";2;0;0;1;1;0;1;2
83525311;"18/12/16";"Domingo";"18:45:00";"SC";101;"91";"BARRA VELHA";"Outras";"Queda de motocicleta / bicicleta / veículo";"Com Vítimas Feridas";"Pleno dia";"Crescente";"Nublado";"Simples";"Reta";"Urbano";2;0;1;1;0;0;2;1
83525312;"18/12/16";"Domingo";"17:40:00";"RS";290;"63,4";"GRAVATAI";"Outras";"Saída de Pista";"Com Vítimas Feridas";"Pleno dia";"Crescente";"Ceu Claro";"Dupla";"Reta";"Rural";4;0;1;0;3;0;1;2
83525313;"18/12/16";"Domingo";"17:50:00";"RS";285;"427,9";"PANAMBI";"Velocidade incompatível";"Saída de Pista";"Com Vítimas Feridas";"Pleno dia";"Decrescente";"Chuva";"Simples";"Reta";"Rural";2;0;2;0;0;0;2;1
83525314;"18/12/16";"Domingo";"18:30:00";"BA";110;"125";"CICERO DANTAS";"Falta de atenção";"Queda de motocicleta / bicicleta / veículo";"Com Vítimas Feridas";"Plena noite";"Crescente";"Nublado";"Simples";"Reta";"Rural";2;0;1;1;0;0;2;1
83525315;"18/12/16";"Domingo";"18:30:00";"RS";448;"20";"CANOAS";"Outras";"Colisão traseira";"Com Vítimas Feridas";"Pleno dia";"Crescente";"Ceu Claro";"Dupla";"Reta";"Urbano";3;0;1;0;1;1;1;2
83525316;"18/12/16";"Domingo";"19:10:00";"RS";293;"12,5";"CAPAO DO LEAO";"Ingestão de álcool";"Colisão traseira";"Sem Vítimas";"Pleno dia";"Decrescente";"Ceu Claro";"Simples";"Reta";"Rural";2;0;0;0;1;1;0;2
83525317;"18/12/16";"Domingo";"17:40:00";"TO";153;"357,8";"FORTALEZA DO TABOCAO";"Falta de atenção";"Tombamento";"Sem Vítimas";"Pleno dia";"Decrescente";"Ceu Claro";"Simples";"Reta";"Urbano";1;0;0;0;1;0;0;1
83525318;"18/12/16";"Domingo";"17:50:00";"RJ";116;"284";"BARRA MANSA";"Falta de atenção";"Colisão traseira";"Sem Vítimas";"Pleno dia";"Decrescente";"Nublado";"Dupla";"Reta";"Urbano";5;0;0;0;5;0;0;5
83525319;"18/12/16";"Domingo";"14:10:00";"PR";272;"428,2";"GOIO-ERE";"Falta de atenção";"Capotamento";"Com Vítimas Feridas";"Pleno dia";"Decrescente";"Sol";"Simples";"Cruzamento";"Rural";3;0;2;1;0;0;3;1
83525320;"10/12/16";"Sábado";"11:45:00";"PE";232;"80";"GRAVATA";"Outras";"Capotamento";"Com Vítimas Feridas";"Pleno dia";"Crescente";"Ceu Claro";"Múltipla";"Reta";"Urbano";1;0;1;0;0;0;1;1
83525321;"18/12/16";"Domingo";"16:45:00";"RS";386;"182,8";"CARAZINHO";"Ultrapassagem indevida";"Colisão lateral";"Com Vítimas Feridas";"Pleno dia";"Decrescente";"Nublado";"Simples";"Reta";"Rural";7;0;1;0;5;1;1;2
83525322;"18/12/16";"Domingo";"14:05:00";"PI";222;"44";"BRASILEIRA";"Não guardar distância de segurança";"Colisão traseira";"Com Vítimas Fatais";"Pleno dia";"Decrescente";"Nublado";"Simples";"Reta";"Urbano";2;1;0;0;1;0;0;2
83525323;"18/12/16";"Domingo";"16:30:00";"MG";40;"125,8";"JOAO PINHEIRO";"Outras";"Atropelamento de pessoa";"Com Vítimas Fatais";"Pleno dia";"Crescente";"Ceu Claro";"Simples";"Reta";"Urbano";2;1;0;0;1;0;0;1
83525324;"16/12/16";"Sexta";"04:40:00";"AL";101;"114";"PILAR";"Velocidade incompatível";"Saída de Pista";"Com Vítimas Feridas";"Amanhecer";"Crescente";"Nublado";"Simples";"Curva";"Rural";1;0;0;1;0;0;1;1
83525325;"18/12/16";"Domingo";"17:10:00";"GO";60;"88,5";"ANAPOLIS";"Ingestão de álcool";"Colisão lateral";"Com Vítimas Feridas";"Pleno dia";"Decrescente";"Ceu Claro";"Dupla";"Reta";"Urbano";2;0;1;0;1;0;1;2
83525326;"17/12/16";"Sábado";"02:30:00";"MG";50;"92";"UBERLANDIA";"Outras";"Capotamento";"Com Vítimas Feridas";"Plena noite";"Decrescente";"Nublado";"Dupla";"Reta";"Urbano";2;0;1;1;0;0;2;1
83525327;"18/12/16";"Domingo";"12:30:00";"MG";262;"417,9";"PARA DE MINAS";"Dormindo";"Saída de Pista";"Sem Vítimas";"Pleno dia";"Decrescente";"Ceu Claro";"Dupla";"Curva";"Rural";1;0;0;0;1;0;0;1
83525328;"18/12/16";"Domingo";"16:30:00";"SC";101;"391,5";"CRICIUMA";"Falta de atenção";"Colisão com objeto fixo";"Sem Vítimas";"Pleno dia";"Crescente";"Ceu Claro";"Dupla";"Reta";"Urbano";1;0;0;0;1;0;0;1
83525329;"18/12/16";"Domingo";"18:30:00";"GO";153;"512";"APARECIDA DE GOIANIA";"Falta de atenção";"Colisão traseira";"Com Vítimas Feridas";"Pleno dia";"Decrescente";"Sol";"Dupla";"Reta";"Urbano";2;0;1;0;1;0;1;2
83525330;"18/12/16";"Domingo";"07:30:00";"SC";282;"46";"AGUAS MORNAS";"Velocidade incompatível";"Atropelamento de pessoa";"Com Vítimas Feridas";"Pleno dia";"Decrescente";"Chuva";"Simples";"Curva";"Rural";2;0;1;0;1;0;1;1
83525331;"18/12/16";"Domingo";"09:00:00";"BA";116;"911";"ENCRUZILHADA";"Falta de atenção";"Colisão traseira";"Com Vítimas Feridas";"Pleno dia";"Decrescente";"Sol";"Simples";"Reta";"Rural";3;0;1;0;2;0;1;2
83525332;"18/12/16";"Domingo";"18:20:00";"TO";153;"358";"FORTALEZA DO TABOCAO";"Outras";"Colisão lateral";"Com Vítimas Feridas";"Anoitecer";"Decrescente";"Ceu Claro";"Simples";"Reta";"Rural";4;0;0;2;2;0;2;2
83525333;"15/12/16";"Quinta";"06:00:00";"RJ";101;"390";"RIO DE JANEIRO";"Outras";"Capotamento";"Com Vítimas Feridas";"Amanhecer";"Decrescente";"Chuva";"Dupla";"Reta";"Rural";1;0;1;0;0;0;1;1
83525334;"18/12/16";"Domingo";"20:00:00";"GO";60;"88";"ANAPOLIS";"Outras";"Queda de motocicleta / bicicleta / veículo";"Com Vítimas Feridas";"Anoitecer";"Decrescente";"Ceu Claro";"Dupla";"Reta";"Urbano";1;0;1;0;0;0;1;1
83525335;"14/12/16";"Quarta";"21:30:00";"MG";116;"130,2";"ITAOBIM";"Outras";"Atropelamento de pessoa";"Com Vítimas Feridas";"Plena noite";"Decrescente";"Nublado";"Simples";"Reta";"Rural";2;0;0;1;0;1;1;1
83525336;"18/12/16";"Domingo";"13:20:00";"BA";116;"919,7";"ENCRUZILHADA";"Ultrapassagem indevida";"Colisão lateral";"Com Vítimas Feridas";"Pleno dia";"Crescente";"Ceu Claro";"Simples";"Reta";"Rural";3;0;1;0;2;0;1;2
83525337;"18/12/16";"Domingo";"20:15:00";"SC";470;"47,5";"GASPAR";"Falta de atenção";"Colisão Transversal";"Sem Vítimas";"Plena noite";"Decrescente";"Nublado";"Simples";"Cruzamento";"Urbano";2;0;0;0;2;0;0;2
83525338;"18/12/16";"Domingo";"13:19:00";"AC";364;"136";"RIO BRANCO";"Falta de atenção";"Atropelamento de animal";"Com Vítimas Feridas";"Pleno dia";"Decrescente";"Ceu Claro";"Dupla";"Reta";"Urbano";1;0;1;0;0;0;1;1
83525339;"18/12/16";"Domingo";"19:00:00";"PB";230;"506";"CAJAZEIRAS";"Animais na Pista";"Atropelamento de animal";"Com Vítimas Feridas";"Plena noite";"Crescente";"Nublado";"Simples";"Reta";"Urbano";1;0;1;0;0;0;1;1
83525340;"18/12/16";"Domingo";"19:01:00";"MS";163;"604,3";"SAO GABRIEL DO OESTE";"Velocidade incompatível";"Atropelamento de pessoa";"Com Vítimas Feridas";"Anoitecer";"Decrescente";"Nublado";"Simples";"Reta";"Rural";4;0;0;1;3;0;1;1
83525341;"18/12/16";"Domingo";"15:00:00";"PR";163;"162,3";"LINDOESTE";"Outras";"Colisão lateral";"Sem Vítimas";"Pleno dia";"Crescente";"Chuva";"Simples";"Curva";"Rural";2;0;0;0;2;0;0;2
83525342;"15/12/16";"Quinta";"18:30:00";"SE";101;"65,7";"ROSARIO DO CATETE";"Falta de atenção";"Colisão lateral";"Sem Vítimas";"Plena noite";"Crescente";"Ceu Claro";"Simples";"Reta";"Rural";2;0;0;0;1;1;0;2
83525343;"18/12/16";"Domingo";"20:40:00";"MG";365;"638";"UBERLANDIA";"Falta de atenção";"Colisão lateral";"Sem Vítimas";"Plena noite";"Decrescente";"Ceu Claro";"Dupla";"Reta";"Rural";2;0;0;0;2;0;0;2
83525344;"15/12/16";"Quinta";"08:15:00";"MG";262;"594";"CAMPOS ALTOS";"Velocidade incompatível";"Saída de Pista";"Sem Vítimas";"Pleno dia";"Decrescente";"Chuva";"Simples";"Reta";"Rural";1;0;0;0;1;0;0;1
83525345;"18/12/16";"Domingo";"19:05:00";"SC";101;"352";"JAGUARUNA";"Velocidade incompatível";"Colisão traseira";"Com Vítimas Feridas";"Pleno dia";"Decrescente";"Ceu Claro";"Dupla";"Cruzamento";"Urbano";3;0;1;0;2;0;1;2
83525346;"18/12/16";"Domingo";"14:45:00";"MG";262;"87,7";"ABRE CAMPO";"Dormindo";"Saída de Pista";"Com Vítimas Feridas";"Pleno dia";"Crescente";"Chuva";"Simples";"Reta";"Rural";5;0;4;0;1;0;4;1
83525347;"18/12/16";"Domingo";"15:10:00";"MG";40;"712,7";"BARBACENA";"Outras";"Saída de Pista";"Com Vítimas Feridas";"Pleno dia";"Decrescente";"Nublado";"Dupla";"Curva";"Rural";2;0;2;0;0;0;2;1
83525348;"18/12/16";"Domingo";"18:20:00";"PR";376;"118";"ALTO PARANA";"Ingestão de álcool";"Colisão frontal";"Com Vítimas Feridas";"Pleno dia";"Crescente";"Chuva";"Simples";"Reta";"Rural";3;0;2;0;1;0;2;2
83525349;"14/12/16";"Quarta";"13:40:00";"DF";70;"7";"BRASILIA";"Outras";"Atropelamento de pessoa";"Com Vítimas Feridas";"Pleno dia";"Decrescente";"Ceu Claro";"Dupla";"Reta";"Urbano";2;0;1;0;1;0;1;1
83525352;"18/12/16";"Domingo";"10:25:00";"MG";116;"380";"MATHIAS LOBATO";"Dormindo";"Tombamento";"Sem Vítimas";"Pleno dia";"Decrescente";"Ceu Claro";"Simples";"Curva";"Rural";1;0;0;0;1;0;0;1
83525353;"18/12/16";"Domingo";"08:00:00";"SC";282;"479";"FAXINAL DOS GUEDES";"Dormindo";"Saída de Pista";"Ignorado";"Amanhecer";"Decrescente";"Chuva";"Simples";"Reta";"Rural";1;0;0;0;0;1;0;1
83525354;"18/12/16";"Domingo";"17:50:00";"ES";262;"50,6";"MARECHAL FLORIANO";"Defeito mecânico em veículo";"Saída de Pista";"Sem Vítimas";"Anoitecer";"Decrescente";"Nublado";"Simples";"Curva";"Rural";1;0;0;0;1;0;0;1
83525355;"18/12/16";"Domingo";"16:50:00";"PI";230;"307";"FLORIANO";"Outras";"Atropelamento de pessoa";"Com Vítimas Feridas";"Pleno dia";"Decrescente";"Nublado";"Simples";"Reta";"Urbano";2;0;0;1;1;0;1;1
83525357;"18/12/16";"Domingo";"20:00:00";"PE";232;"22";"MORENO";"Outras";"Colisão com objeto fixo";"Sem Vítimas";"Plena noite";"Decrescente";"Ceu Claro";"Dupla";"Curva";"Rural";1;0;0;0;1;0;0;1
83525358;"18/12/16";"Domingo";"13:00:00";"AL";104;"92";"RIO LARGO";"Outras";"Saída de Pista";"Com Vítimas Feridas";"Pleno dia";"Decrescente";"Chuva";"Dupla";"Reta";"Urbano";2;0;0;2;0;0;2;1
83525359;"28/08/16";"Domingo";"19:00:00";"RS";471;"142,1";"SANTA CRUZ DO SUL";"Falta de atenção";"Colisão Transversal";"Sem Vítimas";"Plena noite";"Crescente";"Chuva";"Simples";"Reta";"Urbano";4;0;0;0;3;1;0;2
83525360;"18/12/16";"Domingo";"16:15:00";"RJ";40;"124";"DUQUE DE CAXIAS";"Outras";"Atropelamento de pessoa";"Com Vítimas Feridas";"Pleno dia";"Decrescente";"Nublado";"Múltipla";"Reta";"Urbano";2;0;0;1;1;0;1;1
83525361;"18/12/16";"Domingo";"20:00:00";"MG";365;"630";"UBERLANDIA";"Ingestão de álcool";"Colisão traseira";"Com Vítimas Feridas";"Plena noite";"Decrescente";"Ceu Claro";"Dupla";"Reta";"Rural";2;0;1;0;1;0;1;2
83525362;"18/12/16";"Domingo";"17:30:00";"MA";316;"555";"CAXIAS";"Velocidade incompatível";"Derramamento de Carga";"Sem Vítimas";"Anoitecer";"Decrescente";"Nublado";"Simples";"Curva";"Rural";1;0;0;0;1;0;0;1
83525363;"18/12/16";"Domingo";"17:50:00";"SP";116;"157";"SAO JOSE DOS CAMPOS";"Defeito mecânico em veículo";"Incêndio";"Sem Vítimas";"Pleno dia";"Decrescente";"Chuva";"Dupla";"Reta";"Urbano";3;0;0;0;3;0;0;1
83525364;"18/12/16";"Domingo";"21:50:00";"MG";381;"537";"ITATIAIUCU";"Falta de atenção";"Colisão traseira";"Sem Vítimas";"Plena noite";"Decrescente";"Nublado";"Dupla";"Curva";"Rural";2;0;0;0;2;0;0;2
83525365;"18/12/16";"Domingo";"17:30:00";"MG";381;"342";"BELA VISTA DE MINAS";"Velocidade incompatível";"Tombamento";"Com Vítimas Feridas";"Anoitecer";"Decrescente";"Chuva";"Simples";"Curva";"Rural";1;0;0;1;0;0;1;1
83525366;"18/12/16";"Domingo";"21:30:00";"PR";476;"278";"SAO MATEUS DO SUL";"Falta de atenção";"Colisão Transversal";"Com Vítimas Feridas";"Plena noite";"Crescente";"Nublado";"Simples";"Reta";"Urbano";2;0;0;1;1;0;1;2
83525367;"18/12/16";"Domingo";"21:10:00";"PR";376;"181,9";"MARINGA";"Ingestão de álcool";"Colisão traseira";"Sem Vítimas";"Plena noite";"Decrescente";"Chuva";"Dupla";"Reta";"Urbano";4;0;0;0;4;0;0;2
83525368;"18/12/16";"Domingo";"15:59:00";"GO";158;"57,9";"PIRANHAS";"Velocidade incompatível";"Saída de Pista";"Com Vítimas Feridas";"Pleno dia";"Crescente";"Nublado";"Simples";"Reta";"Rural";1;0;1;0;0;0;1;1
83525369;"18/12/16";"Domingo";"22:50:00";"SP";153;"69,8";"SAO JOSE DO RIO PRETO";"Outras";"Queda de motocicleta / bicicleta / veículo";"Com Vítimas Feridas";"Plena noite";"Decrescente";"Ceu Claro";"Simples";"Cruzamento";"Urbano";1;0;0;1;0;0;1;1
83525370;"18/12/16";"Domingo";"18:50:00";"SP";116;"220,7";"GUARULHOS";"Outras";"Queda de motocicleta / bicicleta / veículo";"Com Vítimas Feridas";"Anoitecer";"Crescente";"Chuva";"Múltipla";"Reta";"Urbano";2;0;1;0;1;0;1;1
83525371;"18/12/16";"Domingo";"16:30:00";"MT";70;"621";"POCONE";"Outras";"Saída de Pista";"Com Vítimas Feridas";"Pleno dia";"Crescente";"Chuva";"Simples";"Curva";"Rural";5;0;1;0;4;0;1;1
83525372;"18/12/16";"Domingo";"21:00:00";"MG";364;"18,9";"FRUTAL";"Velocidade incompatível";"Saída de Pista";"Com Vítimas Feridas";"Plena noite";"Decrescente";"Nublado";"Simples";"Cruzamento";"Rural";2;0;0;2;0;0;2;1
83525373;"18/12/16";"Domingo";"18:20:00";"SP";116;"219";"GUARULHOS";"Não guardar distância de segurança";"Colisão traseira";"Com Vítimas Feridas";"Anoitecer";"Crescente";"Chuva";"Múltipla";"Reta";"Urbano";7;0;1;0;6;0;1;2
83525374;"08/12/16";"Quinta";"20:40:00";"CE";116;"13,3";"FORTALEZA";"Ingestão de álcool";"Colisão com bicicleta";"Com Vítimas Feridas";"Plena noite";"Crescente";"Ceu Claro";"Dupla";"Reta";"Urbano";2;0;1;0;1;0;1;2
83525375;"18/12/16";"Domingo";"22:25:00";"PR";369;"435,2";"UBIRATA";"Desobediência à sinalização";"Colisão Transversal";"Sem Vítimas";"Plena noite";"Crescente";"Nublado";"Simples";"Cruzamento";"Rural";2;0;0;0;2;0;0;2
83525376;"17/12/16";"Sábado";"09:30:00";"BA";101;"942";"MUCURI";"Outras";"Colisão Transversal";"Com Vítimas Fatais";"Pleno dia";"Decrescente";"Chuva";"Simples";"Reta";"Rural";7;5;0;2;0;0;2;2
83525377;"18/12/16";"Domingo";"22:35:00";"SC";163;"67,6";"SAO MIGUEL DOESTE";"Ingestão de álcool";"Colisão lateral";"Sem Vítimas";"Plena noite";"Crescente";"Ceu Claro";"Dupla";"Curva";"Urbano";2;0;0;0;2;0;0;2
83525378;"18/12/16";"Domingo";"17:10:00";"PR";158;"494";"CORONEL VIVIDA";"Outras";"Saída de Pista";"Sem Vítimas";"Pleno dia";"Crescente";"Nublado";"Simples";"Curva";"Rural";2;0;0;0;2;0;0;1
83525379;"18/12/16";"Domingo";"20:30:00";"MA";316;"402";"ALTO ALEGRE DO MARANHAO";"Ingestão de álcool";"Colisão Transversal";"Com Vítimas Feridas";"Plena noite";"Crescente";"Ceu Claro";"Simples";"Reta";"Urbano";3;0;1;1;1;0;2;2
83525380;"18/12/16";"Domingo";"19:42:00";"RN";101;"79,2";"SAO GONCALO DO AMARANTE";"Outras";"Atropelamento de pessoa";"Com Vítimas Feridas";"Plena noite";"Crescente";"Nublado";"Dupla";"Reta";"Urbano";2;0;0;1;1;0;1;1
83525381;"18/12/16";"Domingo";"13:40:00";"MG";381;"811,2";"CAREACU";"Dormindo";"Saída de Pista";"Sem Vítimas";"Pleno dia";"Decrescente";"Ceu Claro";"Dupla";"Reta";"Rural";1;0;0;0;1;0;0;1
83525382;"18/12/16";"Domingo";"19:45:00";"RN";304;"36,5";"MOSSORO";"Outras";"Colisão Transversal";"Com Vítimas Feridas";"Plena noite";"Crescente";"Chuva";"Dupla";"Reta";"Rural";2;0;0;1;1;0;1;2
83525383;"18/12/16";"Domingo";"22:35:00";"GO";153;"505,8";"APARECIDA DE GOIANIA";"Falta de atenção";"Colisão lateral";"Com Vítimas Feridas";"Plena noite";"Decrescente";"Ceu Claro";"Dupla";"Reta";"Urbano";2;0;0;1;1;0;1;2
83525384;"18/12/16";"Domingo";"22:05:00";"PE";423;"75,7";"JUPI";"Velocidade incompatível";"Saída de Pista";"Com Vítimas Fatais";"Plena noite";"Crescente";"Ceu Claro";"Simples";"Curva";"Rural";1;1;0;0;0;0;0;1
83525385;"18/12/16";"Domingo";"20:45:00";"RS";116;"389,4";"CAMAQUA";"Ultrapassagem indevida";"Colisão lateral";"Com Vítimas Feridas";"Plena noite";"Decrescente";"Nublado";"Simples";"Reta";"Rural";5;0;1;3;0;1;4;3
83525386;"18/12/16";"Domingo";"11:10:00";"SP";116;"228";"SAO PAULO";"Falta de atenção";"Colisão traseira";"Sem Vítimas";"Plena noite";"Decrescente";"Nublado";"Múltipla";"Reta";"Urbano";2;0;0;0;2;0;0;2
83525387;"18/12/16";"Domingo";"20:30:00";"RN";304;"110,1";"ASSU";"Outras";"Colisão frontal";"Com Vítimas Fatais";"Plena noite";"Decrescente";"Chuva";"Simples";"Reta";"Rural";2;1;0;0;1;0;0;2
83525388;"18/12/16";"Domingo";"07:30:00";"MG";365;"470";"PATROCINIO";"Desobediência à sinalização";"Colisão Transversal";"Com Vítimas Feridas";"Pleno dia";"Decrescente";"Ceu Claro";"Dupla";"Reta";"Rural";4;0;1;0;2;1;1;3
83525389;"18/12/16";"Domingo";"21:15:00";"RJ";116;"215";"SEROPEDICA";"Falta de atenção";"Colisão traseira";"Sem Vítimas";"Plena noite";"Decrescente";"Ceu Claro";"Dupla";"Reta";"Urbano";4;0;0;0;4;0;0;2
83525390;"18/12/16";"Domingo";"22:05:00";"SC";101;"374";"ICARA";"Falta de atenção";"Saída de Pista";"Com Vítimas Feridas";"Plena noite";"Decrescente";"Ceu Claro";"Dupla";"Curva";"Rural";1;0;1;0;0;0;1;1
83525391;"18/12/16";"Domingo";"21:10:00";"SC";101;"419,5";"ARARANGUA";"Desobediência à sinalização";"Colisão frontal";"Com Vítimas Feridas";"Plena noite";"Decrescente";"Nublado";"Simples";"Cruzamento";"Urbano";3;0;0;2;1;0;2;2
83525392;"10/12/16";"Sábado";"09:00:00";"PB";104;"134,9";"QUEIMADAS";"Desobediência à sinalização";"Colisão Transversal";"Sem Vítimas";"Pleno dia";"Crescente";"Ceu Claro";"Simples";"Reta";"Rural";2;0;0;0;2;0;0;2
83525393;"19/12/16";"Segunda";"01:40:00";"RJ";40;"38";"AREAL";"Falta de atenção";"Colisão com objeto fixo";"Sem Vítimas";"Plena noite";"Decrescente";"Nublado";"Simples";"Curva";"Rural";1;0;0;0;1;0;0;1
83525394;"18/12/16";"Domingo";"23:30:00";"PR";116;"117,5";"CURITIBA";"Ingestão de álcool";"Colisão lateral";"Sem Vítimas";"Plena noite";"Crescente";"Nublado";"Dupla";"Reta";"Urbano";4;0;0;0;4;0;0;4
83525395;"18/12/16";"Domingo";"12:15:00";"MG";381;"291,2";"ANTONIO DIAS";"Velocidade incompatível";"Colisão frontal";"Com Vítimas Feridas";"Pleno dia";"Decrescente";"Chuva";"Simples";"Curva";"Rural";3;0;1;0;2;0;1;3
83525396;"18/12/16";"Domingo";"18:30:00";"PI";230;"160,1";"SAO JOAO DA VARJOTA";"Desobediência à sinalização";"Colisão frontal";"Com Vítimas Fatais";"Plena noite";"Decrescente";"Ceu Claro";"Simples";"Reta";"Rural";2;1;0;0;1;0;0;2
83525397;"18/12/16";"Domingo";"18:30:00";"PE";232;"57,8";"POMBOS";"Ingestão de álcool";"Colisão com objeto fixo";"Com Vítimas Feridas";"Pleno dia";"Crescente";"Ceu Claro";"Dupla";"Reta";"Urbano";1;0;0;1;0;0;1;1
83525398;"18/12/16";"Domingo";"23:30:00";"MG";116;"295";"TEOFILO OTONI";"Velocidade incompatível";"Saída de Pista";"Sem Vítimas";"Plena noite";"Decrescente";"Chuva";"Simples";"Curva";"Rural";1;0;0;0;1;0;0;1
83525399;"14/12/16";"Quarta";"11:40:00";"MG";40;"467";"SETE LAGOAS";"Defeito na via";"Colisão com objeto fixo";"Sem Vítimas";"Pleno dia";"Crescente";"Ceu Claro";"Dupla";"Reta";"Urbano";2;0;0;0;2;0;0;1
83525400;"18/12/16";"Domingo";"23:00:00";"PR";376;"155,4";"MANDAGUACU";"Outras";"Colisão Transversal";"Sem Vítimas";"Plena noite";"Crescente";"Chuva";"Simples";"Cruzamento";"Urbano";2;0;0;0;2;0;0;2
83525401;"18/12/16";"Domingo";"08:00:00";"BA";324;"623";"SALVADOR";"Não guardar distância de segurança";"Colisão lateral";"Sem Vítimas";"Pleno dia";"Crescente";"Sol";"Dupla";"Reta";"Urbano";2;0;0;0;1;1;0;2
83525402;"19/12/16";"Segunda";"03:00:00";"SP";116;"478";"JACUPIRANGA";"Dormindo";"Capotamento";"Sem Vítimas";"Plena noite";"Decrescente";"Nublado";"Dupla";"Reta";"Rural";2;0;0;0;2;0;0;1
83525403;"18/12/16";"Domingo";"18:10:00";"BA";324;"615";"SALVADOR";"Defeito mecânico em veículo";"Queda de motocicleta / bicicleta / veículo";"Com Vítimas Feridas";"Anoitecer";"Crescente";"Ceu Claro";"Dupla";"Reta";"Urbano";2;0;2;0;0;0;2;1
83525404;"19/12/16";"Segunda";"02:00:00";"MS";267;"476,6";"GUIA LOPES DA LAGUNA";"Não guardar distância de segurança";"Colisão com bicicleta";"Com Vítimas Feridas";"Plena noite";"Crescente";"Ceu Claro";"Dupla";"Reta";"Urbano";2;0;1;0;0;1;1;2
83525405;"18/12/16";"Domingo";"13:40:00";"GO";153;"562,2";"PROFESSOR JAMIL";"Dormindo";"Saída de Pista";"Com Vítimas Feridas";"Pleno dia";"Decrescente";"Ceu Claro";"Dupla";"Curva";"Rural";2;0;2;0;0;0;2;1
83525406;"18/12/16";"Domingo";"14:30:00";"PR";373;"231,6";"IMBITUVA";"Velocidade incompatível";"Colisão frontal";"Com Vítimas Fatais";"Pleno dia";"Crescente";"Chuva";"Simples";"Reta";"Rural";6;2;0;1;3;0;1;2
83525407;"18/12/16";"Domingo";"21:00:00";"PE";232;"228,1";"PESQUEIRA";"Ultrapassagem indevida";"Colisão frontal";"Com Vítimas Fatais";"Plena noite";"Crescente";"Nublado";"Simples";"Reta";"Rural";3;1;0;1;1;0;1;2