"id";"data_inversa";"dia_semana";"horario";"uf";"br";"km";"municipio";"causa_acidente";"tipo_acidente";"classificacao_acidente";"fase_dia";"sentido_via";"condicao_metereologica";"tipo_pista";"tracado_via";"uso_solo";"pessoas";"mortos";"feridos_leves";"feridos_graves";"ilesos";"ignorados";"feridos";"veiculos"
83525518;"19/12/16";"Segunda";"09:30:00";"BA";116;"506";"SANTA TERESINHA";"Defeito mecânico em veículo";"Saída de Pista";"Sem Vítimas";"Pleno dia";"Decrescente";"Nublado";"Simples";"Reta";"Rural";1;0;0;0;1;0;0;1
83525519;"15/12/16";"Quinta";"10:30:00";"MG";381;"372";"SAO GONCALO DO RIO ABAIXO";"Outras";"Colisão frontal";"Com Vítimas Feridas";"Pleno dia";"Decrescente";"Chuva";"Simples";"Reta";"Rural";2;0;1;0;1;0;1;2
83525520;"19/12/16";"Segunda";"11:15:00";"PR";116;"115";"CURITIBA";"Falta de atenção";"Colisão lateral";"Com Vítimas Feridas";"Pleno dia";"Crescente";"Ceu Claro";"Dupla";"Curva";"Rural";2;0;1;0;1;0;1;2
83525521;"15/12/16";"Quinta";"14:30:00";"PB";101;"94";"CONDE";"Outras";"Saída de Pista";"Com Vítimas Feridas";"Pleno dia";"Decrescente";"Chuva";"Dupla";"Curva";"Rural";2;0;2;0;0;0;2;1
83525522;"18/12/16";"Domingo";"19:50:00";"SP";116;"219";"GUARULHOS";"Falta de atenção";"Colisão traseira";"Com Vítimas Feridas";"Anoitecer";"Crescente";"Nublado";"Múltipla";"Reta";"Urbano";6;0;1;0;5;0;1;5
83525523;"19/12/16";"Segunda";"11:55:00";"PR";277;"345,7";"GUARAPUAVA";"Falta de atenção";"Colisão Transversal";"Com Vítimas Feridas";"Pleno dia";"Crescente";"Sol";"Simples";"Reta";"Urbano";2;0;0;1;1;0;1;2
83525524;"19/12/16";"Segunda";"06:00:00";"BA";101;"439";"UBAITABA";"Falta de atenção";"Capotamento";"Com Vítimas Feridas";"Amanhecer";"Crescente";"Nublado";"Simples";"Cruzamento";"Rural";4;0;4;0;0;0;4;1
83525525;"15/12/16";"Quinta";"18:20:00";"MG";262;"590,1";"CAMPOS ALTOS";"Velocidade incompatível";"Saída de Pista";"Sem Vítimas";"Pleno dia";"Crescente";"Chuva";"Simples";"Curva";"Rural";1;0;0;0;1;0;0;1
83525526;"19/12/16";"Segunda";"08:35:00";"GO";60;"287";"ACREUNA";"Dormindo";"Saída de Pista";"Com Vítimas Feridas";"Pleno dia";"Decrescente";"Sol";"Dupla";"Reta";"Rural";4;0;0;2;2;0;2;1
83525527;"19/12/16";"Segunda";"09:30:00";"MA";10;"314";"ACAILANDIA";"Falta de atenção";"Colisão lateral";"Sem Vítimas";"Pleno dia";"Decrescente";"Chuva";"Simples";"Curva";"Rural";2;0;0;0;2;0;0;2
83525528;"19/12/16";"Segunda";"06:30:00";"RN";101;"62,2";"EXTREMOZ";"Defeito mecânico em veículo";"Colisão frontal";"Com Vítimas Fatais";"Pleno dia";"Decrescente";"Nublado";"Simples";"Reta";"Urbano";5;1;4;0;0;0;4;2
83525529;"19/12/16";"Segunda";"12:15:00";"SC";163;"106,6";"GUARUJA DO SUL";"Outras";"Saída de Pista";"Sem Vítimas";"Pleno dia";"Decrescente";"Chuva";"Simples";"Reta";"Rural";1;0;0;0;1;0;0;1
83525530;"19/12/16";"Segunda";"08:30:00";"SC";282;"23,5";"PALHOCA";"Desobediência à sinalização";"Colisão Transversal";"Sem Vítimas";"Pleno dia";"Decrescente";"Nublado";"Simples";"Reta";"Urbano";2;0;0;0;2;0;0;2
83525531;"17/12/16";"Sábado";"22:30:00";"MA";222;"153";"VARGEM GRANDE";"Animais na Pista";"Atropelamento de animal";"Com Vítimas Feridas";"Plena noite";"Crescente";"Nublado";"Simples";"Reta";"Urbano";1;0;0;1;0;0;1;1
83525532;"16/02/16";"Terça";"04:45:00";"MG";116;"506";"INHAPIM";"Dormindo";"Saída de Pista";"Com Vítimas Feridas";"Plena noite";"Decrescente";"Ceu Claro";"Simples";"Curva";"Rural";1;0;0;1;0;0;1;1
83525533;"19/12/16";"Segunda";"13:00:00";"PR";272;"369";"CAMPO MOURAO";"Outras";"Colisão Transversal";"Sem Vítimas";"Pleno dia";"Crescente";"Ceu Claro";"Simples";"Reta";"Rural";6;0;0;0;6;0;0;2
83525534;"17/12/16";"Sábado";"20:40:00";"MG";381;"494,5";"BETIM";"Outras";"Colisão traseira";"Com Vítimas Feridas";"Plena noite";"Crescente";"Ceu Claro";"Dupla";"Reta";"Urbano";2;0;0;1;1;0;1;2
83525535;"19/12/16";"Segunda";"11:00:00";"SC";470;"55,3";"BLUMENAU";"Falta de atenção";"Colisão Transversal";"Com Vítimas Feridas";"Pleno dia";"Decrescente";"Sol";"Simples";"Cruzamento";"Urbano";2;0;0;1;1;0;1;2
83525536;"19/12/16";"Segunda";"11:45:00";"SC";101;"57";"ARAQUARI";"Outras";"Colisão com objeto fixo";"Com Vítimas Feridas";"Pleno dia";"Crescente";"Sol";"Dupla";"Cruzamento";"Rural";1;0;0;1;0;0;1;1
83525537;"03/12/16";"Sábado";"07:40:00";"ES";101;"297";"VIANA";"Falta de atenção";"Colisão lateral";"Com Vítimas Feridas";"Pleno dia";"Decrescente";"Ceu Claro";"Dupla";"Reta";"Urbano";2;0;0;1;1;0;1;2
83525538;"19/12/16";"Segunda";"11:30:00";"RJ";493;"124";"ITAGUAI";"Outras";"Atropelamento de pessoa";"Sem Vítimas";"Pleno dia";"Crescente";"Ceu Claro";"Dupla";"Curva";"Urbano";2;0;0;0;2;0;0;1
83525539;"16/12/16";"Sexta";"21:30:00";"MG";116;"412";"GOVERNADOR VALADARES";"Velocidade incompatível";"Queda de motocicleta / bicicleta / veículo";"Com Vítimas Feridas";"Plena noite";"Crescente";"Nublado";"Múltipla";"Curva";"Urbano";2;0;2;0;0;0;2;1
83525540;"19/12/16";"Segunda";"01:00:00";"MG";381;"335";"NOVA ERA";"Outras";"Colisão traseira";"Sem Vítimas";"Plena noite";"Crescente";"Chuva";"Simples";"Curva";"Rural";2;0;0;0;1;1;0;2
83525541;"19/12/16";"Segunda";"06:40:00";"RJ";116;"175";"NOVA IGUACU";"Falta de atenção";"Queda de motocicleta / bicicleta / veículo";"Com Vítimas Feridas";"Amanhecer";"Decrescente";"Ceu Claro";"Múltipla";"Reta";"Urbano";1;0;1;0;0;0;1;1
83525542;"19/12/16";"Segunda";"11:20:00";"ES";101;"292";"CARIACICA";"Outras";"Colisão lateral";"Sem Vítimas";"Pleno dia";"Decrescente";"Nublado";"Dupla";"Reta";"Urbano";2;0;0;0;2;0;0;2
83525543;"15/12/16";"Quinta";"07:00:00";"RJ";493;"22";"MAGE";"Falta de atenção";"Colisão lateral";"Sem Vítimas";"Pleno dia";"Crescente";"Chuva";"Simples";"Curva";"Urbano";2;0;0;0;2;0;0;2
83525544;"19/12/16";"Segunda";"14:30:00";"PR";277;"730";"FOZ DO IGUACU";"Falta de atenção";"Colisão traseira";"Sem Vítimas";"Pleno dia";"Crescente";"Nublado";"Dupla";"Reta";"Urbano";2;0;0;0;2;0;0;2
83525545;"19/12/16";"Segunda";"12:50:00";"SP";116;"531,9";"BARRA DO TURVO";"Outras";"Incêndio";"Sem Vítimas";"Pleno dia";"Crescente";"Sol";"Dupla";"Reta";"Rural";1;0;0;0;1;0;0;1
83525546;"18/12/16";"Domingo";"20:30:00";"GO";40;"25,2";"LUZIANIA";"Desobediência à sinalização";"Colisão Transversal";"Com Vítimas Feridas";"Plena noite";"Crescente";"Ceu Claro";"Simples";"Reta";"Rural";2;0;0;1;0;1;1;2
83525547;"11/12/16";"Domingo";"18:10:00";"GO";40;"52,1";"LUZIANIA";"Defeito mecânico em veículo";"Queda de motocicleta / bicicleta / veículo";"Com Vítimas Feridas";"Pleno dia";"Crescente";"Nublado";"Dupla";"Reta";"Rural";2;0;2;0;0;0;2;1
83525548;"19/12/16";"Segunda";"12:28:00";"RJ";116;"268";"BARRA MANSA";"Outras";"Tombamento";"Com Vítimas Feridas";"Pleno dia";"Crescente";"Sol";"Simples";"Curva";"Urbano";2;0;2;0;0;0;2;1
83525549;"19/12/16";"Segunda";"12:10:00";"MG";40;"468,3";"SETE LAGOAS";"Outras";"Colisão traseira";"Com Vítimas Feridas";"Pleno dia";"Crescente";"Ceu Claro";"Dupla";"Reta";"Rural";4;0;2;1;1;0;3;3
83525550;"19/12/16";"Segunda";"12:50:00";"MG";381;"369";"SAO GONCALO DO RIO ABAIXO";"Falta de atenção";"Colisão lateral";"Sem Vítimas";"Pleno dia";"Decrescente";"Nublado";"Simples";"Reta";"Rural";2;0;0;0;1;1;0;2
83525551;"15/12/16";"Quinta";"21:00:00";"RJ";101;"532,2";"PARATI";"Animais na Pista";"Atropelamento de animal";"Sem Vítimas";"Plena noite";"Crescente";"Nublado";"Simples";"Reta";"Rural";1;0;0;0;1;0;0;1
83525552;"17/12/16";"Sábado";"05:45:00";"SC";101;"218,7";"PALHOCA";"Ingestão de álcool";"Colisão traseira";"Com Vítimas Feridas";"Amanhecer";"Crescente";"Chuva";"Dupla";"Reta";"Rural";2;0;1;0;0;1;1;2
83525553;"19/12/16";"Segunda";"12:05:00";"MG";381;"518,3";"IGARAPE";"Outras";"Capotamento";"Com Vítimas Feridas";"Pleno dia";"Decrescente";"Ceu Claro";"Múltipla";"Curva";"Urbano";2;0;1;1;0;0;2;1
83525554;"19/12/16";"Segunda";"12:25:00";"CE";116;"3";"FORTALEZA";"Falta de atenção";"Colisão lateral";"Com Vítimas Feridas";"Pleno dia";"Decrescente";"Nublado";"Dupla";"Curva";"Urbano";3;0;1;0;2;0;1;3
83525555;"19/12/16";"Segunda";"12:00:00";"SC";282;"226,2";"LAGES";"Desobediência à sinalização";"Saída de Pista";"Sem Vítimas";"Pleno dia";"Decrescente";"Nublado";"Simples";"Curva";"Rural";1;0;0;0;1;0;0;1
83525556;"01/12/16";"Quinta";"18:45:00";"SC";101;"41,5";"JOINVILLE";"Falta de atenção";"Colisão com bicicleta";"Com Vítimas Feridas";"Pleno dia";"Decrescente";"Ceu Claro";"Dupla";"Cruzamento";"Urbano";2;0;1;0;1;0;1;2
83525557;"15/12/16";"Quinta";"23:35:00";"MG";381;"656,5";"SANTO ANTONIO DO AMPARO";"Velocidade incompatível";"Saída de Pista";"Com Vítimas Feridas";"Plena noite";"Crescente";"Chuva";"Dupla";"Curva";"Rural";2;0;2;0;0;0;2;1
83525559;"16/12/16";"Sexta";"06:50:00";"SP";381;"76";"SAO PAULO";"Defeito mecânico em veículo";"Colisão lateral";"Sem Vítimas";"Pleno dia";"Crescente";"Ignorada";"Dupla";"Curva";"Rural";3;0;0;0;3;0;0;3
83525560;"19/12/16";"Segunda";"13:30:00";"PR";369;"154,6";"LONDRINA";"Ingestão de álcool";"Colisão traseira";"Com Vítimas Feridas";"Pleno dia";"Crescente";"Ceu Claro";"Dupla";"Reta";"Urbano";2;0;0;1;1;0;1;2
83525561;"19/12/16";"Segunda";"13:10:00";"RS";386;"385,7";"TRIUNFO";"Não guardar distância de segurança";"Colisão traseira";"Sem Vítimas";"Pleno dia";"Crescente";"Nublado";"Dupla";"Reta";"Urbano";3;0;0;0;3;0;0;3
83525562;"19/12/16";"Segunda";"14:55:00";"SC";116;"161,8";"PONTE ALTA DO NORTE";"Velocidade incompatível";"Colisão com objeto fixo";"Com Vítimas Feridas";"Pleno dia";"Crescente";"Chuva";"Simples";"Curva";"Rural";2;0;2;0;0;0;2;1
83525563;"19/12/16";"Segunda";"13:45:00";"MG";116;"276,1";"TEOFILO OTONI";"Falta de atenção";"Colisão Transversal";"Sem Vítimas";"Pleno dia";"Crescente";"Ceu Claro";"Simples";"Reta";"Urbano";2;0;0;0;2;0;0;2
83525564;"19/12/16";"Segunda";"13:30:00";"PR";376;"367,2";"ORTIGUEIRA";"Defeito mecânico em veículo";"Queda de motocicleta / bicicleta / veículo";"Com Vítimas Feridas";"Pleno dia";"Decrescente";"Ceu Claro";"Simples";"Reta";"Rural";1;0;1;0;0;0;1;1
83525565;"19/12/16";"Segunda";"12:30:00";"RJ";116;"119";"MAGE";"Outras";"Incêndio";"Sem Vítimas";"Pleno dia";"Crescente";"Sol";"Dupla";"Reta";"Rural";2;0;0;0;1;1;0;2
83525566;"26/11/16";"Sábado";"19:00:00";"MT";70;"178";"GENERAL CARNEIRO";"Outras";"Saída de Pista";"Com Vítimas Feridas";"Anoitecer";"Decrescente";"Ceu Claro";"Simples";"Reta";"Rural";5;0;2;0;3;0;2;1
83525567;"19/12/16";"Segunda";"07:10:00";"RS";392;"99,6";"MORRO REDONDO";"Outras";"Colisão frontal";"Com Vítimas Feridas";"Pleno dia";"Decrescente";"Ceu Claro";"Simples";"Curva";"Rural";2;0;0;1;1;0;1;2
83525568;"19/12/16";"Segunda";"08:50:00";"RR";401;"8";"CANTA";"Outras";"Capotamento";"Com Vítimas Feridas";"Amanhecer";"Decrescente";"Ceu Claro";"Dupla";"Curva";"Rural";4;0;3;0;1;0;3;1
83525569;"19/12/16";"Segunda";"13:30:00";"SC";282;"619";"IRACEMINHA";"Outras";"Danos Eventuais";"Sem Vítimas";"Pleno dia";"Crescente";"Chuva";"Simples";"Reta";"Urbano";1;0;0;0;1;0;0;1
83525570;"16/12/16";"Sexta";"07:30:00";"BA";101;"239";"CONCEICAO DO ALMEIDA";"Outras";"Tombamento";"Com Vítimas Feridas";"Amanhecer";"Crescente";"Ceu Claro";"Simples";"Reta";"Rural";1;0;1;0;0;0;1;1
83525571;"19/12/16";"Segunda";"08:00:00";"PA";155;"320";"MARABA";"Defeito mecânico em veículo";"Saída de Pista";"Com Vítimas Feridas";"Pleno dia";"Decrescente";"Nublado";"Simples";"Reta";"Urbano";2;0;2;0;0;0;2;1
83525572;"19/12/16";"Segunda";"11:30:00";"MG";381;"313";"ANTONIO DIAS";"Falta de atenção";"Colisão traseira";"Com Vítimas Feridas";"Pleno dia";"Crescente";"Nublado";"Simples";"Reta";"Rural";3;0;2;0;1;0;2;2
83525573;"19/12/16";"Segunda";"08:10:00";"MG";116;"565,9";"MANHUACU";"Velocidade incompatível";"Saída de Pista";"Com Vítimas Feridas";"Pleno dia";"Decrescente";"Nublado";"Simples";"Curva";"Rural";1;0;1;0;0;0;1;1
83525574;"19/12/16";"Segunda";"15:00:00";"PR";277;"488";"NOVA LARANJEIRAS";"Ultrapassagem indevida";"Colisão lateral";"Com Vítimas Feridas";"Pleno dia";"Decrescente";"Ceu Claro";"Simples";"Curva";"Rural";2;0;1;0;1;0;1;2
83525575;"19/12/16";"Segunda";"13:30:00";"SC";116;"247,5";"LAGES";"Velocidade incompatível";"Colisão Transversal";"Com Vítimas Feridas";"Pleno dia";"Crescente";"Nublado";"Simples";"Reta";"Rural";2;0;1;0;1;0;1;2
83525576;"15/12/16";"Quinta";"17:00:00";"MG";354;"771";"ITAMONTE";"Velocidade incompatível";"Queda de motocicleta / bicicleta / veículo";"Com Vítimas Feridas";"Plena noite";"Decrescente";"Nublado";"Simples";"Curva";"Rural";1;0;1;0;0;0;1;1
83525577;"19/12/16";"Segunda";"14:00:00";"MA";10;"257";"IMPERATRIZ";"Não guardar distância de segurança";"Colisão traseira";"Sem Vítimas";"Pleno dia";"Decrescente";"Ceu Claro";"Simples";"Reta";"Urbano";3;0;0;0;3;0;0;3
83525578;"06/12/16";"Terça";"17:00:00";"MA";10;"251";"IMPERATRIZ";"Ultrapassagem indevida";"Colisão lateral";"Sem Vítimas";"Pleno dia";"Decrescente";"Sol";"Múltipla";"Reta";"Urbano";6;0;0;0;6;0;0;6
83525579;"15/12/16";"Quinta";"16:20:00";"BA";324;"614";"SALVADOR";"Falta de atenção";"Saída de Pista";"Sem Vítimas";"Pleno dia";"Decrescente";"Sol";"Dupla";"Reta";"Urbano";1;0;0;0;1;0;0;1
83525580;"07/12/16";"Quarta";"19:00:00";"MG";381;"171";"GOVERNADOR VALADARES";"Outras";"Colisão lateral";"Sem Vítimas";"Plena noite";"Decrescente";"Ceu Claro";"Simples";"Reta";"Urbano";2;0;0;0;2;0;0;2
83525581;"19/12/16";"Segunda";"13:30:00";"PR";277;"147,5";"PORTO AMAZONAS";"Ultrapassagem indevida";"Colisão frontal";"Com Vítimas Feridas";"Pleno dia";"Crescente";"Sol";"Simples";"Curva";"Rural";9;0;1;3;5;0;4;3
83525582;"19/12/16";"Segunda";"13:00:00";"MS";163;"503";"JARAGUARI";"Ingestão de álcool";"Colisão lateral";"Sem Vítimas";"Pleno dia";"Decrescente";"Sol";"Simples";"Reta";"Rural";2;0;0;0;2;0;0;2
83525583;"19/12/16";"Segunda";"14:50:00";"BA";330;"729,1";"JEQUIE";"Velocidade incompatível";"Queda de motocicleta / bicicleta / veículo";"Com Vítimas Feridas";"Pleno dia";"Decrescente";"Sol";"Simples";"Curva";"Rural";1;0;1;0;0;0;1;1
83525584;"19/12/16";"Segunda";"15:40:00";"SE";101;"196,8";"CRISTINAPOLIS";"Outras";"Colisão frontal";"Com Vítimas Feridas";"Pleno dia";"Decrescente";"Sol";"Simples";"Curva";"Rural";2;0;1;0;1;0;1;2
83525585;"19/12/16";"Segunda";"17:50:00";"PR";376;"599,1";"CURITIBA";"Velocidade incompatível";"Colisão traseira";"Com Vítimas Feridas";"Pleno dia";"Crescente";"Ceu Claro";"Dupla";"Reta";"Urbano";2;0;0;1;1;0;1;2
83525586;"19/12/16";"Segunda";"05:45:00";"SE";101;"10,9";"CEDRO DE SAO JOAO";"Não guardar distância de segurança";"Colisão traseira";"Com Vítimas Fatais";"Pleno dia";"Crescente";"Nublado";"Simples";"Reta";"Rural";3;1;0;0;2;0;0;3
83525587;"19/12/16";"Segunda";"17:20:00";"PE";101;"81,5";"JABOATAO DOS GUARARAPES";"Outras";"Queda de motocicleta / bicicleta / veículo";"Com Vítimas Fatais";"Anoitecer";"Decrescente";"Nublado";"Dupla";"Cruzamento";"Urbano";3;1;0;1;0;1;1;2
83525588;"19/12/16";"Segunda";"12:00:00";"RJ";465;"22";"RIO DE JANEIRO";"Outras";"Colisão lateral";"Com Vítimas Feridas";"Pleno dia";"Decrescente";"Ceu Claro";"Simples";"Reta";"Urbano";2;0;1;0;1;0;1;2
83525589;"19/12/16";"Segunda";"17:40:00";"MG";381;"334";"NOVA ERA";"Falta de atenção";"Colisão Transversal";"Sem Vítimas";"Pleno dia";"Crescente";"Ceu Claro";"Simples";"Reta";"Rural";2;0;0;0;2;0;0;2
83525590;"15/12/16";"Quinta";"21:25:00";"RS";116;"133";"CAXIAS DO SUL";"Defeito mecânico em veículo";"Colisão com objeto fixo";"Sem Vítimas";"Plena noite";"Decrescente";"Ignorada";"Simples";"Curva";"Urbano";1;0;0;0;1;0;0;1
83525591;"13/11/16";"Domingo";"18:40:00";"MG";381;"317";"NOVA ERA";"Velocidade incompatível";"Saída de Pista";"Com Vítimas Feridas";"Anoitecer";"Decrescente";"Chuva";"Dupla";"Reta";"Urbano";1;0;1;0;0;0;1;1
83525592;"19/12/16";"Segunda";"12:50:00";"MG";381;"519";"IGARAPE";"Ultrapassagem indevida";"Colisão lateral";"Sem Vítimas";"Pleno dia";"Decrescente";"Ceu Claro";"Dupla";"Curva";"Rural";3;0;0;0;3;0;0;3
83525593;"12/12/16";"Segunda";"01:00:00";"RJ";40;"62";"PETROPOLIS";"Outras";"Colisão com objeto fixo";"Com Vítimas Feridas";"Plena noite";"Crescente";"Nublado";"Dupla";"Curva";"Rural";4;0;0;3;1;0;3;1
83525594;"19/12/16";"Segunda";"17:45:00";"SC";280;"143";"RIO NEGRINHO";"Dormindo";"Colisão traseira";"Com Vítimas Feridas";"Pleno dia";"Decrescente";"Nublado";"Simples";"Reta";"Rural";2;0;1;0;1;0;1;2
83525595;"19/12/16";"Segunda";"14:20:00";"RJ";116;"124";"MAGE";"Dormindo";"Capotamento";"Sem Vítimas";"Pleno dia";"Crescente";"Ceu Claro";"Dupla";"Reta";"Urbano";2;0;0;0;2;0;0;1
83525596;"19/12/16";"Segunda";"19:30:00";"SC";282;"305";"VARGEM";"Outras";"Capotamento";"Sem Vítimas";"Pleno dia";"Crescente";"Chuva";"Simples";"Curva";"Rural";5;0;0;0;5;0;0;1
83525597;"19/12/16";"Segunda";"19:15:00";"RS";285;"522,6";"VITORIA DAS MISSOES";"Outras";"Saída de Pista";"Sem Vítimas";"Pleno dia";"Crescente";"Sol";"Simples";"Curva";"Rural";1;0;0;0;1;0;0;1
83525598;"19/12/16";"Segunda";"11:10:00";"RS";290;"670";"URUGUAIANA";"Falta de atenção";"Saída de Pista";"Com Vítimas Feridas";"Pleno dia";"Crescente";"Nublado";"Simples";"Reta";"Rural";2;0;1;0;1;0;1;1
83525599;"19/12/16";"Segunda";"16:12:00";"MG";381;"851";"POUSO ALEGRE";"Velocidade incompatível";"Saída de Pista";"Sem Vítimas";"Pleno dia";"Decrescente";"Ceu Claro";"Dupla";"Reta";"Rural";3;0;0;0;3;0;0;1
83525600;"19/12/16";"Segunda";"17:15:00";"RS";116;"268,8";"CANOAS";"Não guardar distância de segurança";"Colisão traseira";"Com Vítimas Feridas";"Pleno dia";"Decrescente";"Nublado";"Dupla";"Reta";"Urbano";3;0;1;0;2;0;1;3
83525601;"19/12/16";"Segunda";"15:15:00";"RO";319;"62";"PORTO VELHO";"Desobediência à sinalização";"Colisão Transversal";"Com Vítimas Feridas";"Pleno dia";"Crescente";"Sol";"Dupla";"Cruzamento";"Urbano";5;0;1;0;4;0;1;2
83525602;"19/12/16";"Segunda";"09:00:00";"RS";116;"109,2";"SAO MARCOS";"Velocidade incompatível";"Capotamento";"Sem Vítimas";"Pleno dia";"Decrescente";"Ceu Claro";"Simples";"Curva";"Rural";1;0;0;0;1;0;0;1
83525603;"19/12/16";"Segunda";"13:50:00";"SC";116;"174,7";"SAO CRISTOVAO DO SUL";"Ultrapassagem indevida";"Colisão lateral";"Sem Vítimas";"Pleno dia";"Crescente";"Chuva";"Simples";"Curva";"Rural";2;0;0;0;2;0;0;2
83525604;"19/12/16";"Segunda";"16:40:00";"SC";101;"168,1";"TIJUCAS";"Falta de atenção";"Colisão Transversal";"Com Vítimas Feridas";"Pleno dia";"Decrescente";"Ceu Claro";"Dupla";"Reta";"Rural";2;0;1;0;1;0;1;2
83525605;"19/12/16";"Segunda";"15:35:00";"PA";163;"998";"SANTAREM";"Falta de atenção";"Colisão Transversal";"Com Vítimas Feridas";"Pleno dia";"Crescente";"Sol";"Dupla";"Reta";"Urbano";3;0;2;0;1;0;2;2
83525606;"19/12/16";"Segunda";"17:50:00";"GO";153;"503";"GOIANIA";"Não guardar distância de segurança";"Colisão traseira";"Sem Vítimas";"Pleno dia";"Crescente";"Chuva";"Dupla";"Reta";"Urbano";2;0;0;0;2;0;0;2
83525607;"19/12/16";"Segunda";"13:30:00";"AC";364;"127";"RIO BRANCO";"Falta de atenção";"Colisão Transversal";"Com Vítimas Fatais";"Pleno dia";"Crescente";"Sol";"Simples";"Reta";"Urbano";2;1;1;0;0;0;1;2
83525608;"19/12/16";"Segunda";"15:40:00";"MA";316;"456,4";"PERITORO";"Outras";"Tombamento";"Com Vítimas Feridas";"Pleno dia";"Decrescente";"Chuva";"Simples";"Reta";"Rural";2;0;1;0;1;0;1;1
83525609;"11/12/16";"Domingo";"16:30:00";"RJ";40;"99";"DUQUE DE CAXIAS";"Ingestão de álcool";"Colisão com objeto fixo";"Sem Vítimas";"Pleno dia";"Decrescente";"Ceu Claro";"Simples";"Curva";"Rural";1;0;0;0;1;0;0;1
83525610;"15/12/16";"Quinta";"17:40:00";"TO";153;"249";"COLINAS DO TOCANTINS";"Ultrapassagem indevida";"Colisão frontal";"Com Vítimas Feridas";"Anoitecer";"Decrescente";"Ceu Claro";"Simples";"Reta";"Rural";3;0;2;1;0;0;3;2
83525611;"19/12/16";"Segunda";"17:15:00";"RS";392;"264,9";"CACAPAVA DO SUL";"Defeito na via";"Saída de Pista";"Com Vítimas Feridas";"Pleno dia";"Decrescente";"Chuva";"Múltipla";"Curva";"Rural";2;0;1;0;1;0;1;1
83525612;"19/12/16";"Segunda";"20:55:00";"MG";40;"638,7";"CONSELHEIRO LAFAIETE";"Falta de atenção";"Colisão lateral";"Com Vítimas Feridas";"Plena noite";"Crescente";"Ceu Claro";"Simples";"Curva";"Rural";2;0;1;0;1;0;1;2
83525613;"19/12/16";"Segunda";"17:25:00";"MS";163;"398";"NOVA ALVORADA DO SUL";"Dormindo";"Saída de Pista";"Sem Vítimas";"Pleno dia";"Decrescente";"Nublado";"Simples";"Reta";"Rural";2;0;0;0;2;0;0;1
83525614;"19/12/16";"Segunda";"19:20:00";"PE";101;"43";"IGARASSU";"Não guardar distância de segurança";"Colisão traseira";"Sem Vítimas";"Plena noite";"Decrescente";"Ceu Claro";"Múltipla";"Reta";"Urbano";2;0;0;0;2;0;0;2
83525615;"15/12/16";"Quinta";"13:50:00";"RJ";101;"66";"CAMPOS DOS GOYTACAZES";"Falta de atenção";"Colisão traseira";"Com Vítimas Feridas";"Pleno dia";"Decrescente";"Ceu Claro";"Simples";"Reta";"Urbano";2;0;0;1;1;0;1;2
83525617;"19/12/16";"Segunda";"12:45:00";"MG";381;"598";"CARMOPOLIS DE MINAS";"Falta de atenção";"Saída de Pista";"Sem Vítimas";"Pleno dia";"Decrescente";"Sol";"Dupla";"Reta";"Rural";1;0;0;0;1;0;0;1
83525618;"12/12/16";"Segunda";"11:00:00";"DF";80;"27,2";"BRASILIA";"Outras";"Capotamento";"Com Vítimas Feridas";"Pleno dia";"Crescente";"Ceu Claro";"Simples";"Curva";"Rural";1;0;1;0;0;0;1;1
83525619;"19/12/16";"Segunda";"07:00:00";"MS";158;"259";"TRES LAGOAS";"Falta de atenção";"Colisão traseira";"Sem Vítimas";"Amanhecer";"Crescente";"Nublado";"Simples";"Reta";"Rural";2;0;0;0;2;0;0;2
83525620;"19/12/16";"Segunda";"18:00:00";"MA";10;"322";"ACAILANDIA";"Ingestão de álcool";"Colisão frontal";"Com Vítimas Fatais";"Anoitecer";"Crescente";"Nublado";"Simples";"Reta";"Urbano";2;1;0;1;0;0;1;2
83525621;"19/12/16";"Segunda";"23:00:00";"RJ";101;"404";"ITAGUAI";"Ingestão de álcool";"Colisão Transversal";"Sem Vítimas";"Plena noite";"Decrescente";"Nublado";"Dupla";"Reta";"Urbano";3;0;0;0;3;0;0;2
83525622;"19/12/16";"Segunda";"22:40:00";"SC";101;"233,7";"PALHOCA";"Falta de atenção";"Saída de Pista";"Com Vítimas Feridas";"Plena noite";"Crescente";"Nublado";"Dupla";"Curva";"Urbano";2;0;0;2;0;0;2;1
83525623;"19/12/16";"Segunda";"23:30:00";"MG";381;"532";"ITATIAIUCU";"Velocidade incompatível";"Colisão com objeto fixo";"Com Vítimas Feridas";"Plena noite";"Decrescente";"Ceu Claro";"Dupla";"Curva";"Rural";4;0;2;0;2;0;2;1
83525624;"19/12/16";"Segunda";"09:10:00";"ES";262;"19";"VIANA";"Falta de atenção";"Colisão Transversal";"Com Vítimas Feridas";"Pleno dia";"Crescente";"Nublado";"Simples";"Reta";"Urbano";2;0;1;0;1;0;1;2
83525625;"18/12/16";"Domingo";"05:45:00";"CE";116;"100";"MORADA NOVA";"Defeito mecânico em veículo";"Saída de Pista";"Com Vítimas Feridas";"Amanhecer";"Crescente";"Nublado";"Simples";"Curva";"Rural";2;0;1;0;1;0;1;1
83525626;"19/12/16";"Segunda";"22:20:00";"SC";101;"440,4";"SOMBRIO";"Dormindo";"Colisão com objeto fixo";"Sem Vítimas";"Plena noite";"Decrescente";"Nublado";"Dupla";"Reta";"Rural";1;0;0;0;1;0;0;1