"id";"data_inversa";"dia_semana";"horario";"uf";"br";"km";"municipio";"causa_acidente";"tipo_acidente";"classificacao_acidente";"fase_dia";"sentido_via";"condicao_metereologica";"tipo_pista";"tracado_via";"uso_solo";"pessoas";"mortos";"feridos_leves";"feridos_graves";"ilesos";"ignorados";"feridos";"veiculos"
83525627;"19/12/16";"Segunda";"17:15:00";"RS";392;"264,9";"CACAPAVA DO SUL";"Defeito na via";"Saída de Pista";"Com Vítimas Feridas";"Plena noite";"Decrescente";"Chuva";"Múltipla";"Curva";"Rural";2;0;1;0;1;0;1;1
83525628;"19/12/16";"Segunda";"23:30:00";"PR";158;"203,5";"PEABIRU";"Falta de atenção";"Capotamento";"Com Vítimas Feridas";"Plena noite";"Crescente";"Chuva";"Dupla";"Reta";"Rural";3;0;0;2;1;0;2;1
83525629;"19/12/16";"Segunda";"07:30:00";"GO";40;"2";"VALPARAISO DE GOIAS";"Falta de atenção";"Saída de Pista";"Com Vítimas Feridas";"Pleno dia";"Decrescente";"Ceu Claro";"Dupla";"Reta";"Urbano";1;0;0;1;0;0;1;1
83525630;"19/12/16";"Segunda";"23:15:00";"SC";470;"250,4";"CURITIBANOS";"Defeito mecânico em veículo";"Colisão com objeto fixo";"Sem Vítimas";"Plena noite";"Decrescente";"Nublado";"Simples";"Reta";"Urbano";1;0;0;0;1;0;0;1
83525631;"19/12/16";"Segunda";"12:20:00";"ES";101;"318,7";"GUARAPARI";"Defeito mecânico em veículo";"Tombamento";"Com Vítimas Feridas";"Pleno dia";"Crescente";"Nublado";"Simples";"Reta";"Rural";2;0;1;0;1;0;1;1
83525632;"19/12/16";"Segunda";"08:00:00";"RS";290;"153";"ARROIO DOS RATOS";"Falta de atenção";"Colisão Transversal";"Sem Vítimas";"Pleno dia";"Decrescente";"Ceu Claro";"Simples";"Reta";"Urbano";3;0;0;0;3;0;0;2
83525633;"19/12/16";"Segunda";"10:15:00";"PR";272;"364";"CAMPO MOURAO";"Animais na Pista";"Queda de motocicleta / bicicleta / veículo";"Com Vítimas Feridas";"Pleno dia";"Crescente";"Nublado";"Simples";"Reta";"Urbano";1;0;0;1;0;0;1;1
83525634;"19/12/16";"Segunda";"16:30:00";"TO";230;"43";"NAZARE";"Defeito mecânico em veículo";"Incêndio";"Sem Vítimas";"Pleno dia";"Decrescente";"Nublado";"Simples";"Reta";"Rural";1;0;0;0;1;0;0;1
83525635;"19/12/16";"Segunda";"17:30:00";"ES";259;"58";"COLATINA";"Desobediência à sinalização";"Colisão Transversal";"Com Vítimas Feridas";"Pleno dia";"Crescente";"Sol";"Simples";"Cruzamento";"Urbano";6;0;4;1;1;0;5;2
83525636;"20/12/16";"Terça";"01:20:00";"RS";116;"250";"SAO LEOPOLDO";"Dormindo";"Saída de Pista";"Sem Vítimas";"Plena noite";"Decrescente";"Ceu Claro";"Dupla";"Reta";"Urbano";1;0;0;0;1;0;0;1
83525637;"19/12/16";"Segunda";"21:30:00";"PE";232;"505";"SALGUEIRO";"Desobediência à sinalização";"Colisão lateral";"Sem Vítimas";"Plena noite";"Crescente";"Nublado";"Simples";"Curva";"Rural";2;0;0;0;2;0;0;2
83525638;"19/12/16";"Segunda";"21:00:00";"CE";222;"142";"IRAUCUBA";"Animais na Pista";"Atropelamento de animal";"Sem Vítimas";"Plena noite";"Crescente";"Nublado";"Simples";"Reta";"Rural";2;0;0;0;2;0;0;1
83525639;"19/12/16";"Segunda";"18:20:00";"ES";101;"146";"LINHARES";"Falta de atenção";"Colisão traseira";"Com Vítimas Feridas";"Anoitecer";"Decrescente";"Nublado";"Múltipla";"Reta";"Urbano";6;0;1;0;5;0;1;6
83525640;"16/12/16";"Sexta";"04:20:00";"MA";316;"285,9";"PIO XII";"Animais na Pista";"Atropelamento de animal";"Sem Vítimas";"Plena noite";"Crescente";"Chuva";"Simples";"Reta";"Rural";1;0;0;0;1;0;0;1
83525641;"19/12/16";"Segunda";"21:40:00";"RS";470;"193,3";"VERANOPOLIS";"Defeito mecânico em veículo";"Saída de Pista";"Com Vítimas Feridas";"Plena noite";"Crescente";"Ceu Claro";"Simples";"Curva";"Rural";1;0;1;0;0;0;1;1
83525642;"19/12/16";"Segunda";"20:40:00";"PR";158;"204";"PEABIRU";"Outras";"Colisão Transversal";"Com Vítimas Fatais";"Plena noite";"Crescente";"Nublado";"Múltipla";"Cruzamento";"Rural";4;2;0;1;1;0;1;3
83525643;"16/12/16";"Sexta";"18:15:00";"MT";70;"420";"CAMPO VERDE";"Outras";"Saída de Pista";"Sem Vítimas";"Pleno dia";"Crescente";"Chuva";"Simples";"Reta";"Rural";2;0;0;0;2;0;0;1
83525644;"15/12/16";"Quinta";"16:20:00";"GO";60;"113";"GOIANAPOLIS";"Outras";"Capotamento";"Com Vítimas Feridas";"Pleno dia";"Crescente";"Chuva";"Dupla";"Reta";"Rural";1;0;1;0;0;0;1;1
83525645;"19/12/16";"Segunda";"16:15:00";"MG";381;"485,2";"BETIM";"Outras";"Colisão traseira";"Com Vítimas Fatais";"Pleno dia";"Crescente";"Sol";"Dupla";"Reta";"Urbano";2;1;0;0;1;0;0;2
83525646;"20/12/16";"Terça";"02:00:00";"SC";101;"120,4";"ITAJAI";"Falta de atenção";"Saída de Pista";"Sem Vítimas";"Plena noite";"Decrescente";"Chuva";"Simples";"Reta";"Rural";1;0;0;0;1;0;0;1
83525647;"19/12/16";"Segunda";"23:50:00";"AL";101;"136";"SAO MIGUEL DOS CAMPOS";"Velocidade incompatível";"Tombamento";"Com Vítimas Feridas";"Plena noite";"Crescente";"Nublado";"Simples";"Curva";"Rural";1;0;0;1;0;0;1;1
83525648;"19/12/16";"Segunda";"23:40:00";"PE";101;"94,5";"CABO DE SANTO AGOSTINHO";"Falta de atenção";"Colisão Transversal";"Sem Vítimas";"Plena noite";"Crescente";"Nublado";"Simples";"Curva";"Rural";2;0;0;0;2;0;0;2
83525649;"19/12/16";"Segunda";"17:50:00";"SC";101;"210";"SAO JOSE";"Não guardar distância de segurança";"Colisão traseira";"Com Vítimas Feridas";"Pleno dia";"Decrescente";"Ceu Claro";"Múltipla";"Reta";"Urbano";2;0;1;0;1;0;1;2
83525650;"20/12/16";"Terça";"00:40:00";"RS";116;"263";"CANOAS";"Dormindo";"Colisão com objeto fixo";"Sem Vítimas";"Plena noite";"Crescente";"Ceu Claro";"Dupla";"Reta";"Urbano";1;0;0;0;1;0;0;1
83525651;"20/12/16";"Terça";"01:30:00";"MS";163;"606";"SAO GABRIEL DO OESTE";"Animais na Pista";"Saída de Pista";"Sem Vítimas";"Plena noite";"Decrescente";"Ceu Claro";"Simples";"Reta";"Rural";2;0;0;0;2;0;0;1
83525652;"15/12/16";"Quinta";"23:00:00";"GO";153;"506";"APARECIDA DE GOIANIA";"Ingestão de álcool";"Colisão traseira";"Com Vítimas Feridas";"Plena noite";"Crescente";"Ceu Claro";"Dupla";"Reta";"Urbano";3;0;2;1;0;0;3;2
83525653;"19/12/16";"Segunda";"22:15:00";"AC";364;"121";"RIO BRANCO";"Desobediência à sinalização";"Colisão Transversal";"Com Vítimas Feridas";"Plena noite";"Crescente";"Ignorada";"Dupla";"Reta";"Rural";2;0;0;1;1;0;1;2
83525654;"12/12/16";"Segunda";"06:30:00";"AL";101;"72,8";"MESSIAS";"Outras";"Colisão lateral";"Com Vítimas Feridas";"Pleno dia";"Decrescente";"Ceu Claro";"Simples";"Curva";"Rural";2;0;1;0;1;0;1;2
83525655;"19/12/16";"Segunda";"17:45:00";"RS";392;"264,9";"CACAPAVA DO SUL";"Defeito na via";"Saída de Pista";"Sem Vítimas";"Pleno dia";"Crescente";"Chuva";"Simples";"Curva";"Rural";1;0;0;0;1;0;0;1
83525656;"19/12/16";"Segunda";"20:40:00";"MG";116;"803,8";"ALEM PARAIBA";"Defeito mecânico em veículo";"Colisão com objeto móvel";"Sem Vítimas";"Plena noite";"Decrescente";"Ceu Claro";"Simples";"Reta";"Rural";2;0;0;0;2;0;0;2
83525657;"19/12/16";"Segunda";"12:45:00";"AL";104;"20,8";"UNIAO DOS PALMARES";"Outras";"Capotamento";"Com Vítimas Feridas";"Pleno dia";"Crescente";"Chuva";"Simples";"Curva";"Rural";4;0;3;1;0;0;4;1
83525659;"20/12/16";"Terça";"00:05:00";"PE";101;"73,7";"RECIFE";"Outras";"Atropelamento de pessoa";"Com Vítimas Fatais";"Plena noite";"Decrescente";"Ceu Claro";"Dupla";"Reta";"Urbano";2;1;0;0;1;0;0;1
83525660;"19/12/16";"Segunda";"19:43:00";"SP";116;"279,8";"EMBU";"Outras";"Colisão traseira";"Com Vítimas Feridas";"Anoitecer";"Decrescente";"Nublado";"Múltipla";"Reta";"Urbano";3;0;1;0;2;0;1;2
83525661;"19/12/16";"Segunda";"16:50:00";"ES";262;"24";"VIANA";"Velocidade incompatível";"Saída de Pista";"Com Vítimas Feridas";"Pleno dia";"Decrescente";"Chuva";"Simples";"Curva";"Rural";1;0;0;1;0;0;1;1
83525662;"20/12/16";"Terça";"02:35:00";"MG";153;"196,2";"FRUTAL";"Animais na Pista";"Atropelamento de animal";"Sem Vítimas";"Plena noite";"Crescente";"Nublado";"Simples";"Curva";"Rural";1;0;0;0;1;0;0;1
83525663;"19/12/16";"Segunda";"19:10:00";"MG";459;"92,3";"POUSO ALEGRE";"Falta de atenção";"Colisão Transversal";"Com Vítimas Feridas";"Anoitecer";"Crescente";"Sol";"Simples";"Reta";"Rural";3;0;0;3;0;0;3;2
83525664;"15/12/16";"Quinta";"20:55:00";"MA";316;"262,5";"SANTA INES";"Falta de atenção";"Colisão com objeto móvel";"Sem Vítimas";"Plena noite";"Crescente";"Chuva";"Simples";"Curva";"Urbano";3;0;0;0;3;0;0;3
83525665;"19/12/16";"Segunda";"18:45:00";"RO";364;"235,1";"CACOAL";"Falta de atenção";"Colisão Transversal";"Com Vítimas Feridas";"Anoitecer";"Decrescente";"Nublado";"Simples";"Cruzamento";"Urbano";3;0;3;0;0;0;3;2
83525666;"12/12/16";"Segunda";"04:00:00";"ES";101;"29";"CONCEICAO DA BARRA";"Dormindo";"Tombamento";"Sem Vítimas";"Plena noite";"Crescente";"Chuva";"Simples";"Reta";"Rural";1;0;0;0;1;0;0;1
83525667;"16/12/16";"Sexta";"01:40:00";"SC";282;"215";"LAGES";"Falta de atenção";"Queda de motocicleta / bicicleta / veículo";"Com Vítimas Feridas";"Plena noite";"Crescente";"Ceu Claro";"Simples";"Cruzamento";"Urbano";1;0;1;0;0;0;1;1
83525668;"19/12/16";"Segunda";"21:00:00";"MG";40;"503,5";"ESMERALDAS";"Outras";"Queda de motocicleta / bicicleta / veículo";"Com Vítimas Feridas";"Plena noite";"Decrescente";"Ceu Claro";"Dupla";"Reta";"Urbano";1;0;1;0;0;0;1;1
83525669;"20/12/16";"Terça";"03:30:00";"SC";101;"203";"SAO JOSE";"Ingestão de álcool";"Colisão com objeto fixo";"Com Vítimas Feridas";"Plena noite";"Decrescente";"Nublado";"Múltipla";"Reta";"Urbano";2;0;2;0;0;0;2;1
83525670;"19/12/16";"Segunda";"16:30:00";"SC";101;"168,5";"TIJUCAS";"Falta de atenção";"Colisão traseira";"Sem Vítimas";"Pleno dia";"Decrescente";"Ceu Claro";"Dupla";"Reta";"Rural";2;0;0;0;2;0;0;2
83525671;"19/12/16";"Segunda";"16:00:00";"MG";116;"215,7";"CATUJI";"Desobediência à sinalização";"Colisão Transversal";"Com Vítimas Fatais";"Pleno dia";"Decrescente";"Ceu Claro";"Dupla";"Cruzamento";"Rural";5;1;0;0;4;0;0;2
83525672;"19/12/16";"Segunda";"11:00:00";"SC";282;"210";"LAGES";"Falta de atenção";"Colisão traseira";"Sem Vítimas";"Pleno dia";"Crescente";"Ceu Claro";"Simples";"Reta";"Rural";2;0;0;0;2;0;0;2
83525673;"19/12/16";"Segunda";"12:30:00";"RS";472;"515";"URUGUAIANA";"Falta de atenção";"Colisão traseira";"Com Vítimas Feridas";"Pleno dia";"Decrescente";"Chuva";"Simples";"Curva";"Rural";7;0;0;1;6;0;1;4
83525675;"19/12/16";"Segunda";"19:00:00";"SC";101;"213";"PALHOCA";"Outras";"Queda de motocicleta / bicicleta / veículo";"Ignorado";"Anoitecer";"Decrescente";"Ceu Claro";"Múltipla";"Cruzamento";"Urbano";1;0;0;0;0;1;0;1
83525676;"19/12/16";"Segunda";"19:20:00";"GO";60;"460";"JATAI";"Animais na Pista";"Saída de Pista";"Com Vítimas Feridas";"Pleno dia";"Crescente";"Ceu Claro";"Dupla";"Reta";"Rural";1;0;1;0;0;0;1;1
83525677;"19/12/16";"Segunda";"20:30:00";"SC";470;"144";"RIO DO SUL";"Falta de atenção";"Colisão traseira";"Com Vítimas Feridas";"Plena noite";"Decrescente";"Ceu Claro";"Simples";"Reta";"Urbano";2;0;1;0;1;0;1;2
83525678;"19/12/16";"Segunda";"20:20:00";"SP";116;"271,8";"TABOAO DA SERRA";"Falta de atenção";"Queda de motocicleta / bicicleta / veículo";"Com Vítimas Feridas";"Plena noite";"Crescente";"Nublado";"Dupla";"Reta";"Urbano";5;0;1;0;4;0;1;2
83525679;"19/12/16";"Segunda";"18:30:00";"CE";116;"24,8";"ITAITINGA";"Outras";"Atropelamento de pessoa";"Com Vítimas Fatais";"Plena noite";"Crescente";"Nublado";"Dupla";"Reta";"Urbano";2;1;0;0;0;1;0;1
83525680;"19/12/16";"Segunda";"10:50:00";"AL";101;"75";"RIO LARGO";"Não guardar distância de segurança";"Colisão traseira";"Sem Vítimas";"Pleno dia";"Crescente";"Ceu Claro";"Simples";"Reta";"Urbano";3;0;0;0;3;0;0;3
83525681;"01/10/16";"Sábado";"20:00:00";"MG";116;"504";"INHAPIM";"Falta de atenção";"Queda de motocicleta / bicicleta / veículo";"Com Vítimas Feridas";"Plena noite";"Decrescente";"Ceu Claro";"Simples";"Curva";"Rural";1;0;0;1;0;0;1;1
83525682;"19/12/16";"Segunda";"23:40:00";"PR";476;"138";"CURITIBA";"Outras";"Colisão traseira";"Com Vítimas Feridas";"Plena noite";"Decrescente";"Ceu Claro";"Múltipla";"Reta";"Urbano";2;0;1;0;1;0;1;2
83525684;"19/12/16";"Segunda";"22:30:00";"CE";222;"132";"ITAPAGE";"Velocidade incompatível";"Atropelamento de pessoa";"Com Vítimas Feridas";"Plena noite";"Crescente";"Vento";"Simples";"Reta";"Urbano";2;0;0;1;0;1;1;1
83525685;"19/12/16";"Segunda";"21:30:00";"MG";40;"771,2";"JUIZ DE FORA";"Desobediência à sinalização";"Colisão Transversal";"Sem Vítimas";"Plena noite";"Decrescente";"Chuva";"Simples";"Reta";"Rural";2;0;0;0;2;0;0;2
83525686;"19/12/16";"Segunda";"11:15:00";"MG";135;"503";"BUENOPOLIS";"Desobediência à sinalização";"Colisão Transversal";"Com Vítimas Feridas";"Pleno dia";"Decrescente";"Ceu Claro";"Simples";"Reta";"Rural";5;0;4;0;1;0;4;2
83525687;"20/12/16";"Terça";"04:00:00";"SC";116;"19,2";"MAFRA";"Dormindo";"Tombamento";"Com Vítimas Feridas";"Plena noite";"Decrescente";"Chuva";"Simples";"Reta";"Rural";1;0;1;0;0;0;1;1
83525688;"20/12/16";"Terça";"03:30:00";"MA";135;"104";"ITAPECURU MIRIM";"Falta de atenção";"Colisão Transversal";"Com Vítimas Feridas";"Plena noite";"Decrescente";"Chuva";"Simples";"Reta";"Rural";3;0;1;1;1;0;2;2
83525689;"19/12/16";"Segunda";"18:00:00";"RJ";101;"479";"ANGRA DOS REIS";"Falta de atenção";"Colisão Transversal";"Com Vítimas Feridas";"Pleno dia";"Decrescente";"Ceu Claro";"Simples";"Reta";"Urbano";3;0;0;1;2;0;1;2
83525690;"16/12/16";"Sexta";"23:30:00";"BA";110;"357";"ALAGOINHAS";"Outras";"Colisão lateral";"Sem Vítimas";"Plena noite";"Crescente";"Ceu Claro";"Simples";"Curva";"Rural";2;0;0;0;2;0;0;2
83525691;"11/12/16";"Domingo";"22:00:00";"MA";222;"211";"ITAPECURU MIRIM";"Outras";"Colisão frontal";"Com Vítimas Feridas";"Plena noite";"Decrescente";"Ceu Claro";"Simples";"Reta";"Urbano";2;0;0;2;0;0;2;2
83525692;"20/12/16";"Terça";"06:00:00";"RS";101;"59,4";"TERRA DE AREIA";"Outras";"Saída de Pista";"Com Vítimas Feridas";"Amanhecer";"Decrescente";"Nublado";"Dupla";"Curva";"Rural";2;0;2;0;0;0;2;1
83525693;"19/12/16";"Segunda";"11:00:00";"PE";232;"140";"SAO CAITANO";"Falta de atenção";"Colisão traseira";"Com Vítimas Feridas";"Pleno dia";"Decrescente";"Ceu Claro";"Dupla";"Reta";"Urbano";2;0;0;1;1;0;1;2
83525694;"08/12/16";"Quinta";"11:40:00";"DF";40;"0,7";"BRASILIA";"Outras";"Atropelamento de pessoa";"Com Vítimas Feridas";"Pleno dia";"Decrescente";"Nublado";"Dupla";"Reta";"Urbano";2;0;1;0;1;0;1;1
83525695;"19/12/16";"Segunda";"19:00:00";"RJ";40;"124";"RIO DE JANEIRO";"Falta de atenção";"Queda de motocicleta / bicicleta / veículo";"Com Vítimas Feridas";"Anoitecer";"Crescente";"Ceu Claro";"Múltipla";"Reta";"Urbano";2;0;1;0;0;1;1;2
83525696;"17/12/16";"Sábado";"01:00:00";"RS";153;"48";"ERECHIM";"Desobediência à sinalização";"Colisão Transversal";"Sem Vítimas";"Plena noite";"Decrescente";"Ceu Claro";"Simples";"Reta";"Urbano";2;0;0;0;2;0;0;2
83525697;"16/12/16";"Sexta";"11:45:00";"BA";324;"526";"AMELIA RODRIGUES";"Outras";"Colisão traseira";"Com Vítimas Feridas";"Pleno dia";"Decrescente";"Nublado";"Múltipla";"Reta";"Urbano";2;0;1;0;1;0;1;2
83525698;"16/12/16";"Sexta";"16:30:00";"AL";101;"131";"SAO MIGUEL DOS CAMPOS";"Defeito mecânico em veículo";"Colisão lateral";"Sem Vítimas";"Pleno dia";"Decrescente";"Nublado";"Simples";"Curva";"Rural";2;0;0;0;2;0;0;2
83525699;"17/12/16";"Sábado";"00:30:00";"SC";282;"334,5";"CAMPOS NOVOS";"Dormindo";"Colisão frontal";"Com Vítimas Fatais";"Plena noite";"Decrescente";"Ceu Claro";"Simples";"Reta";"Rural";3;1;0;1;1;0;1;2
83525700;"11/12/16";"Domingo";"23:40:00";"TO";153;"459";"BARROLANDIA";"Defeito na via";"Capotamento";"Com Vítimas Feridas";"Plena noite";"Decrescente";"Ignorada";"Simples";"Reta";"Rural";5;0;1;2;2;0;3;1
83525701;"09/12/16";"Sexta";"03:40:00";"SP";153;"78,8";"BADY BASSITT";"Outras";"Colisão traseira";"Com Vítimas Feridas";"Plena noite";"Crescente";"Nublado";"Simples";"Reta";"Rural";2;0;1;0;1;0;1;2
83525702;"16/12/16";"Sexta";"18:50:00";"PB";230;"35";"BAYEUX";"Falta de atenção";"Saída de Pista";"Sem Vítimas";"Plena noite";"Decrescente";"Ceu Claro";"Dupla";"Curva";"Urbano";2;0;0;0;2;0;0;1
83525703;"17/12/16";"Sábado";"04:55:00";"SP";116;"59,9";"GUARATINGUETA";"Ingestão de álcool";"Colisão traseira";"Sem Vítimas";"Amanhecer";"Decrescente";"Ceu Claro";"Dupla";"Reta";"Rural";2;0;0;0;2;0;0;2
83525704;"16/12/16";"Sexta";"22:00:00";"ES";101;"293";"CARIACICA";"Defeito na via";"Capotamento";"Sem Vítimas";"Plena noite";"Crescente";"Chuva";"Dupla";"Cruzamento";"Urbano";1;0;0;0;1;0;0;1
83525705;"20/12/16";"Terça";"05:40:00";"MG";381;"701,8";"LAVRAS";"Falta de atenção";"Colisão traseira";"Sem Vítimas";"Amanhecer";"Decrescente";"Ignorada";"Dupla";"Reta";"Rural";2;0;0;0;2;0;0;2
83525706;"19/12/16";"Segunda";"17:20:00";"MG";116;"702,8";"MURIAE";"Outras";"Colisão Transversal";"Com Vítimas Feridas";"Pleno dia";"Decrescente";"Sol";"Simples";"Cruzamento";"Urbano";2;0;1;0;1;0;1;2
83525707;"17/12/16";"Sábado";"04:35:00";"RS";470;"218";"BENTO GONCALVES";"Outras";"Colisão frontal";"Com Vítimas Feridas";"Plena noite";"Crescente";"Ceu Claro";"Simples";"Curva";"Urbano";2;0;1;1;0;0;2;2
83525708;"16/12/16";"Sexta";"18:50:00";"MG";267;"351,3";"CAMBUQUIRA";"Falta de atenção";"Colisão traseira";"Com Vítimas Feridas";"Anoitecer";"Decrescente";"Nublado";"Simples";"Reta";"Rural";3;0;1;0;2;0;1;3
83525709;"18/12/16";"Domingo";"12:00:00";"MG";116;"133";"ITAOBIM";"Outras";"Colisão Transversal";"Com Vítimas Feridas";"Pleno dia";"Crescente";"Sol";"Simples";"Reta";"Rural";2;0;0;1;1;0;1;2
83525710;"17/12/16";"Sábado";"17:37:00";"SP";116;"217,6";"GUARULHOS";"Ingestão de álcool";"Colisão com objeto fixo";"Sem Vítimas";"Pleno dia";"Crescente";"Ceu Claro";"Dupla";"Reta";"Urbano";1;0;0;0;1;0;0;1
83525711;"16/12/16";"Sexta";"20:40:00";"DF";251;"33";"BRASILIA";"Outras";"Colisão Transversal";"Com Vítimas Fatais";"Plena noite";"Decrescente";"Nublado";"Simples";"Reta";"Rural";2;1;0;0;0;1;0;2
83525712;"17/12/16";"Sábado";"07:40:00";"SC";470;"193,4";"POUSO REDONDO";"Velocidade incompatível";"Colisão frontal";"Com Vítimas Fatais";"Pleno dia";"Decrescente";"Chuva";"Simples";"Curva";"Rural";5;2;0;2;1;0;2;3
83525713;"16/12/16";"Sexta";"14:10:00";"PB";230;"17,9";"JOAO PESSOA";"Falta de atenção";"Colisão traseira";"Com Vítimas Feridas";"Pleno dia";"Crescente";"Ceu Claro";"Dupla";"Reta";"Urbano";2;0;1;0;1;0;1;2
83525714;"16/12/16";"Sexta";"19:00:00";"SP";116;"142,8";"SAO JOSE DOS CAMPOS";"Falta de atenção";"Colisão traseira";"Sem Vítimas";"Pleno dia";"Decrescente";"Ceu Claro";"Dupla";"Reta";"Urbano";7;0;0;0;6;1;0;7
83525715;"16/12/16";"Sexta";"23:30:00";"RJ";116;"167,5";"SAO JOAO DE MERITI";"Falta de atenção";"Colisão traseira";"Com Vítimas Feridas";"Plena noite";"Crescente";"Ceu Claro";"Múltipla";"Reta";"Urbano";5;0;1;0;4;0;1;3
83525716;"16/12/16";"Sexta";"21:20:00";"MG";381;"496";"BETIM";"Falta de atenção";"Atropelamento de pessoa";"Com Vítimas Fatais";"Plena noite";"Decrescente";"Nublado";"Múltipla";"Curva";"Urbano";4;1;1;0;2;0;1;3
83525717;"17/12/16";"Sábado";"00:20:00";"RJ";116;"184,8";"NOVA IGUACU";"Outras";"Colisão traseira";"Com Vítimas Feridas";"Plena noite";"Decrescente";"Ignorada";"Dupla";"Reta";"Rural";3;0;1;0;1;1;1;3
83525718;"20/12/16";"Terça";"08:00:00";"DF";70;"16,1";"BRASILIA";"Falta de atenção";"Capotamento";"Sem Vítimas";"Amanhecer";"Decrescente";"Vento";"Dupla";"Curva";"Rural";1;0;0;0;1;0;0;1
83525719;"16/12/16";"Sexta";"19:50:00";"ES";101;"22,3";"CONCEICAO DA BARRA";"Outras";"Capotamento";"Sem Vítimas";"Plena noite";"Crescente";"Nublado";"Simples";"Reta";"Rural";1;0;0;0;1;0;0;1
83525720;"18/11/16";"Sexta";"21:20:00";"PE";232;"407,7";"SERRA TALHADA";"Outras";"Atropelamento de pessoa";"Com Vítimas Feridas";"Plena noite";"Crescente";"Ceu Claro";"Simples";"Reta";"Urbano";2;0;1;0;0;1;1;1
83525721;"17/12/16";"Sábado";"15:41:00";"SP";116;"225,8";"GUARULHOS";"Outras";"Colisão traseira";"Com Vítimas Feridas";"Pleno dia";"Decrescente";"Ceu Claro";"Dupla";"Reta";"Urbano";3;0;2;0;0;1;2;2
83525722;"17/12/16";"Sábado";"09:17:00";"GO";40;"5";"VALPARAISO DE GOIAS";"Falta de atenção";"Colisão frontal";"Com Vítimas Feridas";"Pleno dia";"Crescente";"Nublado";"Dupla";"Reta";"Urbano";2;0;1;0;1;0;1;2
83525723;"20/12/16";"Terça";"09:20:00";"SC";101;"344";"TUBARAO";"Não guardar distância de segurança";"Colisão traseira";"Com Vítimas Feridas";"Pleno dia";"Crescente";"Chuva";"Dupla";"Reta";"Rural";2;0;1;0;1;0;1;2
83525724;"17/12/16";"Sábado";"06:40:00";"MS";163;"200";"CAARAPO";"Dormindo";"Saída de Pista";"Com Vítimas Feridas";"Amanhecer";"Decrescente";"Chuva";"Dupla";"Reta";"Rural";1;0;1;0;0;0;1;1
83525725;"08/12/16";"Quinta";"20:00:00";"PR";116;"22,5";"ANTONINA";"Velocidade incompatível";"Saída de Pista";"Sem Vítimas";"Plena noite";"Crescente";"Nublado";"Dupla";"Curva";"Rural";1;0;0;0;1;0;0;1
83525726;"16/12/16";"Sexta";"19:25:00";"ES";259;"25,1";"COLATINA";"Dormindo";"Colisão frontal";"Com Vítimas Fatais";"Anoitecer";"Decrescente";"Chuva";"Simples";"Curva";"Rural";3;1;0;0;2;0;0;3
83525727;"17/12/16";"Sábado";"01:00:00";"SP";116;"158";"JACAREI";"Outras";"Queda de motocicleta / bicicleta / veículo";"Com Vítimas Feridas";"Plena noite";"Crescente";"Ceu Claro";"Dupla";"Curva";"Rural";1;0;1;0;0;0;1;1
83525728;"20/12/16";"Terça";"07:00:00";"MG";381;"834";"SAO SEBASTIAO DA BELA VISTA";"Dormindo";"Saída de Pista";"Sem Vítimas";"Pleno dia";"Decrescente";"Ceu Claro";"Dupla";"Curva";"Rural";1;0;0;0;1;0;0;1
83525729;"12/12/16";"Segunda";"18:00:00";"SC";101;"374";"ICARA";"Outras";"Saída de Pista";"Com Vítimas Feridas";"Pleno dia";"Crescente";"Ceu Claro";"Dupla";"Reta";"Rural";2;0;1;0;1;0;1;2
83525730;"17/12/16";"Sábado";"00:40:00";"MS";163;"313";"RIO BRILHANTE";"Defeito mecânico em veículo";"Colisão traseira";"Sem Vítimas";"Plena noite";"Decrescente";"Nublado";"Múltipla";"Reta";"Urbano";2;0;0;0;2;0;0;2
83525731;"16/12/16";"Sexta";"18:50:00";"RS";470;"187";"VERANOPOLIS";"Velocidade incompatível";"Tombamento";"Sem Vítimas";"Anoitecer";"Crescente";"Nublado";"Simples";"Curva";"Rural";1;0;0;0;1;0;0;1
83525732;"16/12/16";"Sexta";"18:45:00";"SP";116;"142,5";"SAO JOSE DOS CAMPOS";"Falta de atenção";"Colisão traseira";"Sem Vítimas";"Anoitecer";"Decrescente";"Ceu Claro";"Dupla";"Reta";"Urbano";3;0;0;0;3;0;0;3
83525733;"17/12/16";"Sábado";"01:40:00";"MG";40;"425";"PARAOPEBA";"Outras";"Saída de Pista";"Ignorado";"Plena noite";"Decrescente";"Nublado";"Dupla";"Reta";"Rural";1;0;0;0;0;1;0;1
83525734;"20/12/16";"Terça";"09:20:00";"RJ";40;"114";"DUQUE DE CAXIAS";"Outras";"Saída de Pista";"Com Vítimas Feridas";"Pleno dia";"Decrescente";"Ceu Claro";"Dupla";"Reta";"Rural";2;0;1;0;1;0;1;2
83525735;"18/12/16";"Domingo";"06:30:00";"RS";290;"551,5";"ALEGRETE";"Dormindo";"Saída de Pista";"Com Vítimas Fatais";"Amanhecer";"Crescente";"Nublado";"Simples";"Curva";"Rural";5;1;1;0;0;3;1;1
83525736;"20/12/16";"Terça";"07:00:00";"RO";174;"13,3";"VILHENA";"Falta de atenção";"Colisão lateral";"Com Vítimas Feridas";"Pleno dia";"Decrescente";"Nublado";"Dupla";"Reta";"Urbano";2;0;2;0;0;0;2;2