"id";"data_inversa";"dia_semana";"horario";"uf";"br";"km";"municipio";"causa_acidente";"tipo_acidente";"classificacao_acidente";"fase_dia";"sentido_via";"condicao_metereologica";"tipo_pista";"tracado_via";"uso_solo";"pessoas";"mortos";"feridos_leves";"feridos_graves";"ilesos";"ignorados";"feridos";"veiculos"
83525849;"20/12/16";"Terça";"09:53:00";"RN";226;"0,6";"NATAL";"Falta de atenção";"Colisão lateral";"Com Vítimas Feridas";"Pleno dia";"Crescente";"Nublado";"Dupla";"Reta";"Urbano";2;0;1;0;1;0;1;2
83525850;"16/12/16";"Sexta";"23:15:00";"MG";381;"496,7";"BETIM";"Velocidade incompatível";"Atropelamento de pessoa";"Com Vítimas Fatais";"Plena noite";"Crescente";"Ceu Claro";"Dupla";"Curva";"Urbano";3;1;0;2;0;0;2;1
83525851;"20/12/16";"Terça";"15:20:00";"MT";158;"565,9";"AGUA BOA";"Defeito na via";"Saída de Pista";"Sem Vítimas";"Pleno dia";"Crescente";"Chuva";"Múltipla";"Reta";"Urbano";1;0;0;0;1;0;0;1
83525852;"17/12/16";"Sábado";"05:40:00";"BA";415;"22";"ILHEUS";"Desobediência à sinalização";"Colisão frontal";"Com Vítimas Feridas";"Pleno dia";"Crescente";"Sol";"Simples";"Curva";"Rural";2;0;1;0;0;1;1;2
83525853;"16/12/16";"Sexta";"11:30:00";"MT";163;"972";"TERRA NOVA DO NORTE";"Velocidade incompatível";"Saída de Pista";"Sem Vítimas";"Pleno dia";"Decrescente";"Chuva";"Simples";"Reta";"Rural";1;0;0;0;1;0;0;1
83525854;"26/09/16";"Segunda";"16:20:00";"MA";135;"7,6";"SAO LUIS";"Falta de atenção";"Colisão lateral";"Sem Vítimas";"Pleno dia";"Decrescente";"Ceu Claro";"Dupla";"Cruzamento";"Urbano";2;0;0;0;2;0;0;2
83525855;"20/12/16";"Terça";"10:30:00";"SC";116;"207,4";"PONTE ALTA";"Velocidade incompatível";"Tombamento";"Sem Vítimas";"Pleno dia";"Crescente";"Chuva";"Simples";"Cruzamento";"Urbano";1;0;0;0;1;0;0;1
83525856;"20/12/16";"Terça";"08:30:00";"BA";116;"587";"NOVA ITARANA";"Ultrapassagem indevida";"Colisão frontal";"Com Vítimas Feridas";"Pleno dia";"Crescente";"Ceu Claro";"Simples";"Curva";"Rural";5;0;4;1;0;0;5;2
83525857;"20/12/16";"Terça";"17:15:00";"RJ";40;"111";"DUQUE DE CAXIAS";"Outras";"Colisão com bicicleta";"Com Vítimas Feridas";"Pleno dia";"Crescente";"Ceu Claro";"Múltipla";"Reta";"Urbano";2;0;1;0;1;0;1;2
83525858;"11/11/16";"Sexta";"02:30:00";"MT";163;"900";"CLAUDIA";"Animais na Pista";"Atropelamento de animal";"Sem Vítimas";"Plena noite";"Decrescente";"Nublado";"Simples";"Reta";"Rural";3;0;0;0;3;0;0;1
83525859;"20/12/16";"Terça";"17:00:00";"SC";470;"151,1";"AGRONOMICA";"Velocidade incompatível";"Capotamento";"Com Vítimas Feridas";"Pleno dia";"Decrescente";"Chuva";"Simples";"Reta";"Urbano";1;0;1;0;0;0;1;1
83525860;"20/12/16";"Terça";"17:00:00";"PR";116;"92";"SAO JOSE DOS PINHAIS";"Velocidade incompatível";"Saída de Pista";"Sem Vítimas";"Pleno dia";"Decrescente";"Chuva";"Simples";"Reta";"Rural";1;0;0;0;1;0;0;1
83525861;"17/12/16";"Sábado";"06:30:00";"ES";101;"104";"SOORETAMA";"Dormindo";"Capotamento";"Sem Vítimas";"Pleno dia";"Crescente";"Sol";"Simples";"Reta";"Rural";1;0;0;0;1;0;0;1
83525862;"20/12/16";"Terça";"15:30:00";"SC";101;"121";"ITAJAI";"Falta de atenção";"Saída de Pista";"Sem Vítimas";"Pleno dia";"Decrescente";"Chuva";"Simples";"Reta";"Urbano";1;0;0;0;1;0;0;1
83525863;"20/12/16";"Terça";"16:20:00";"GO";60;"56,8";"ABADIANIA";"Velocidade incompatível";"Atropelamento de pessoa";"Com Vítimas Feridas";"Pleno dia";"Crescente";"Chuva";"Dupla";"Curva";"Rural";3;0;0;1;2;0;1;2
83525864;"20/12/16";"Terça";"14:00:00";"SP";116;"99";"PINDAMONHANGABA";"Outras";"Tombamento";"Com Vítimas Feridas";"Pleno dia";"Crescente";"Sol";"Dupla";"Curva";"Urbano";1;0;1;0;0;0;1;1
83525865;"20/12/16";"Terça";"16:05:00";"GO";60;"56,8";"ABADIANIA";"Defeito mecânico em veículo";"Colisão com objeto fixo";"Sem Vítimas";"Pleno dia";"Crescente";"Chuva";"Dupla";"Curva";"Rural";2;0;0;0;1;1;0;1
83525866;"18/12/16";"Domingo";"19:13:00";"MT";70;"195";"PRIMAVERA DO LESTE";"Outras";"Saída de Pista";"Sem Vítimas";"Plena noite";"Decrescente";"Chuva";"Simples";"Reta";"Rural";1;0;0;0;1;0;0;1
83525867;"20/12/16";"Terça";"16:45:00";"CE";116;"281,9";"JAGUARIBARA";"Falta de atenção";"Colisão frontal";"Com Vítimas Feridas";"Pleno dia";"Crescente";"Ceu Claro";"Simples";"Reta";"Rural";2;0;1;0;1;0;1;2
83525868;"20/12/16";"Terça";"16:50:00";"SC";101;"123";"ITAJAI";"Não guardar distância de segurança";"Colisão traseira";"Sem Vítimas";"Pleno dia";"Decrescente";"Chuva";"Dupla";"Reta";"Urbano";5;0;0;0;5;0;0;5
83525869;"20/12/16";"Terça";"11:46:00";"RO";319;"64,1";"PORTO VELHO";"Desobediência à sinalização";"Colisão Transversal";"Com Vítimas Feridas";"Pleno dia";"Decrescente";"Nublado";"Dupla";"Reta";"Urbano";2;0;1;0;1;0;1;2
83525870;"20/12/16";"Terça";"14:45:00";"RS";116;"32";"VACARIA";"Falta de atenção";"Colisão lateral";"Sem Vítimas";"Pleno dia";"Decrescente";"Nublado";"Simples";"Reta";"Rural";2;0;0;0;2;0;0;2
83525871;"20/12/16";"Terça";"16:40:00";"SC";101;"212,5";"PALHOCA";"Falta de atenção";"Colisão lateral";"Com Vítimas Feridas";"Pleno dia";"Decrescente";"Chuva";"Múltipla";"Reta";"Urbano";2;0;0;1;1;0;1;2
83525872;"16/12/16";"Sexta";"22:15:00";"ES";262;"156";"IBATIBA";"Outras";"Colisão lateral";"Com Vítimas Fatais";"Plena noite";"Decrescente";"Ceu Claro";"Simples";"Reta";"Urbano";2;1;0;0;1;0;0;2
83525873;"20/12/16";"Terça";"14:10:00";"GO";153;"506";"APARECIDA DE GOIANIA";"Outras";"Colisão lateral";"Sem Vítimas";"Pleno dia";"Crescente";"Nublado";"Dupla";"Reta";"Urbano";2;0;0;0;2;0;0;2
83525874;"17/12/16";"Sábado";"15:15:00";"BA";324;"592";"CANDEIAS";"Falta de atenção";"Atropelamento de pessoa";"Com Vítimas Fatais";"Pleno dia";"Decrescente";"Nublado";"Dupla";"Reta";"Urbano";2;1;0;0;0;1;0;1
83525875;"20/12/16";"Terça";"15:00:00";"PR";277;"164,7";"PALMEIRA";"Velocidade incompatível";"Colisão frontal";"Com Vítimas Fatais";"Pleno dia";"Decrescente";"Chuva";"Simples";"Reta";"Rural";2;1;1;0;0;0;1;2
83525876;"20/12/16";"Terça";"15:19:00";"PR";376;"175,6";"MARINGA";"Falta de atenção";"Colisão Transversal";"Com Vítimas Feridas";"Pleno dia";"Decrescente";"Nublado";"Múltipla";"Reta";"Urbano";3;0;0;1;2;0;1;3
83525877;"17/12/16";"Sábado";"00:30:00";"PR";476;"134";"CURITIBA";"Falta de atenção";"Colisão com objeto fixo";"Sem Vítimas";"Plena noite";"Crescente";"Chuva";"Múltipla";"Reta";"Urbano";1;0;0;0;1;0;0;1
83525878;"20/12/16";"Terça";"16:00:00";"BA";116;"735";"BOA NOVA";"Outras";"Colisão traseira";"Sem Vítimas";"Pleno dia";"Decrescente";"Nublado";"Simples";"Reta";"Rural";2;0;0;0;2;0;0;2
83525879;"20/12/16";"Terça";"16:00:00";"MA";135;"4,7";"SAO LUIS";"Não guardar distância de segurança";"Colisão traseira";"Sem Vítimas";"Pleno dia";"Crescente";"Sol";"Simples";"Reta";"Urbano";3;0;0;0;3;0;0;3
83525880;"18/12/16";"Domingo";"04:35:00";"MG";381;"415";"NOVA UNIAO";"Outras";"Incêndio";"Sem Vítimas";"Amanhecer";"Decrescente";"Chuva";"Simples";"Reta";"Rural";1;0;0;0;1;0;0;1
83525881;"20/12/16";"Terça";"17:20:00";"PR";376;"177,5";"MARINGA";"Outras";"Queda de motocicleta / bicicleta / veículo";"Com Vítimas Feridas";"Pleno dia";"Crescente";"Chuva";"Dupla";"Cruzamento";"Urbano";1;0;1;0;0;0;1;1
83525882;"11/12/16";"Domingo";"10:20:00";"SC";101;"213,5";"PALHOCA";"Outras";"Colisão com objeto fixo";"Com Vítimas Feridas";"Pleno dia";"Decrescente";"Ceu Claro";"Dupla";"Reta";"Urbano";4;0;3;0;1;0;3;1
83525883;"16/12/16";"Sexta";"11:45:00";"MG";381;"502,7";"BETIM";"Velocidade incompatível";"Colisão traseira";"Com Vítimas Feridas";"Pleno dia";"Crescente";"Ceu Claro";"Múltipla";"Curva";"Urbano";5;0;2;0;3;0;2;4
83525884;"20/12/16";"Terça";"09:30:00";"PI";407;"424";"PICOS";"Falta de atenção";"Saída de Pista";"Sem Vítimas";"Pleno dia";"Crescente";"Ceu Claro";"Simples";"Reta";"Rural";2;0;0;0;2;0;0;2
83525885;"20/12/16";"Terça";"17:50:00";"SC";470;"10";"NAVEGANTES";"Falta de atenção";"Colisão lateral";"Com Vítimas Feridas";"Pleno dia";"Crescente";"Chuva";"Simples";"Reta";"Urbano";2;0;1;0;1;0;1;2
83525886;"20/12/16";"Terça";"15:30:00";"PR";476;"98";"BOCAIUVA DO SUL";"Velocidade incompatível";"Colisão frontal";"Com Vítimas Feridas";"Pleno dia";"Crescente";"Chuva";"Simples";"Curva";"Rural";3;0;1;0;2;0;1;3
83525887;"20/12/16";"Terça";"15:00:00";"MG";381;"620";"OLIVEIRA";"Outras";"Saída de Pista";"Com Vítimas Fatais";"Pleno dia";"Crescente";"Ceu Claro";"Simples";"Curva";"Rural";2;1;1;0;0;0;1;1
83525888;"20/12/16";"Terça";"06:50:00";"PB";230;"137,8";"CAMPINA GRANDE";"Falta de atenção";"Colisão traseira";"Com Vítimas Feridas";"Pleno dia";"Crescente";"Nublado";"Dupla";"Reta";"Rural";2;0;1;0;1;0;1;2
83525890;"20/12/16";"Terça";"16:40:00";"ES";101;"249,6";"SERRA";"Falta de atenção";"Colisão traseira";"Com Vítimas Feridas";"Pleno dia";"Decrescente";"Nublado";"Simples";"Curva";"Rural";4;0;2;1;1;0;3;2
83525891;"19/12/16";"Segunda";"22:15:00";"RN";101;"80";"NATAL";"Falta de atenção";"Atropelamento de pessoa";"Com Vítimas Feridas";"Plena noite";"Crescente";"Ceu Claro";"Dupla";"Reta";"Urbano";2;0;0;2;0;0;2;1
83525892;"20/12/16";"Terça";"14:50:00";"SC";101;"216";"PALHOCA";"Não guardar distância de segurança";"Colisão traseira";"Com Vítimas Feridas";"Pleno dia";"Decrescente";"Sol";"Dupla";"Reta";"Urbano";3;0;2;0;1;0;2;2
83525893;"20/12/16";"Terça";"02:30:00";"PI";316;"11";"TERESINA";"Falta de atenção";"Colisão com objeto fixo";"Com Vítimas Feridas";"Plena noite";"Decrescente";"Nublado";"Simples";"Cruzamento";"Urbano";1;0;0;1;0;0;1;1
83525894;"20/12/16";"Terça";"13:35:00";"SC";163;"84,7";"GUARACIABA";"Falta de atenção";"Colisão traseira";"Sem Vítimas";"Pleno dia";"Decrescente";"Chuva";"Simples";"Reta";"Rural";2;0;0;0;2;0;0;2
83525895;"11/12/16";"Domingo";"19:50:00";"SC";282;"16";"PALHOCA";"Outras";"Queda de motocicleta / bicicleta / veículo";"Com Vítimas Feridas";"Anoitecer";"Crescente";"Ceu Claro";"Simples";"Cruzamento";"Urbano";1;0;1;0;0;0;1;1
83525896;"20/12/16";"Terça";"17:05:00";"PE";101;"69,7";"RECIFE";"Velocidade incompatível";"Tombamento";"Com Vítimas Feridas";"Pleno dia";"Crescente";"Ceu Claro";"Dupla";"Curva";"Urbano";1;0;1;0;0;0;1;1
83525897;"13/12/16";"Terça";"20:00:00";"MG";365;"371";"PATOS DE MINAS";"Ultrapassagem indevida";"Tombamento";"Com Vítimas Fatais";"Anoitecer";"Decrescente";"Chuva";"Simples";"Reta";"Rural";1;1;0;0;0;0;0;1
83525898;"20/12/16";"Terça";"16:20:00";"PR";476;"124";"CURITIBA";"Não guardar distância de segurança";"Colisão traseira";"Sem Vítimas";"Pleno dia";"Decrescente";"Nublado";"Dupla";"Reta";"Urbano";4;0;0;0;4;0;0;3
83525899;"20/12/16";"Terça";"19:40:00";"RS";386;"381,1";"TABAI";"Dormindo";"Saída de Pista";"Com Vítimas Feridas";"Pleno dia";"Crescente";"Nublado";"Dupla";"Reta";"Rural";2;0;2;0;0;0;2;1
83525900;"20/12/16";"Terça";"18:00:00";"AL";101;"136";"SAO MIGUEL DOS CAMPOS";"Velocidade incompatível";"Saída de Pista";"Sem Vítimas";"Plena noite";"Decrescente";"Nublado";"Múltipla";"Curva";"Urbano";1;0;0;0;1;0;0;1
83525901;"20/12/16";"Terça";"18:10:00";"RN";304;"0,3";"MOSSORO";"Outras";"Colisão lateral";"Com Vítimas Feridas";"Plena noite";"Crescente";"Ceu Claro";"Dupla";"Reta";"Urbano";2;0;1;0;1;0;1;2
83525902;"20/12/16";"Terça";"09:50:00";"RS";290;"117,8";"ELDORADO DO SUL";"Falta de atenção";"Colisão traseira";"Com Vítimas Feridas";"Pleno dia";"Crescente";"Sol";"Simples";"Reta";"Rural";4;0;0;2;2;0;2;3
83525903;"20/12/16";"Terça";"16:00:00";"CE";116;"308,5";"JAGUARIBE";"Falta de atenção";"Colisão Transversal";"Com Vítimas Fatais";"Pleno dia";"Crescente";"Nublado";"Simples";"Reta";"Urbano";3;2;0;0;1;0;0;2
83525904;"20/12/16";"Terça";"12:30:00";"MG";262;"521";"LUZ";"Falta de atenção";"Saída de Pista";"Sem Vítimas";"Pleno dia";"Crescente";"Sol";"Simples";"Reta";"Rural";2;0;0;0;2;0;0;1
83525905;"20/12/16";"Terça";"18:20:00";"RN";101;"79";"NATAL";"Outras";"Colisão traseira";"Com Vítimas Feridas";"Anoitecer";"Crescente";"Vento";"Dupla";"Reta";"Urbano";2;0;1;0;1;0;1;2
83525906;"20/12/16";"Terça";"10:00:00";"AL";101;"144";"SAO MIGUEL DOS CAMPOS";"Outras";"Saída de Pista";"Com Vítimas Feridas";"Pleno dia";"Decrescente";"Nublado";"Simples";"Reta";"Rural";2;0;1;0;1;0;1;1
83525907;"20/12/16";"Terça";"16:00:00";"SC";470;"4";"NAVEGANTES";"Outras";"Colisão traseira";"Com Vítimas Feridas";"Pleno dia";"Crescente";"Chuva";"Simples";"Reta";"Urbano";2;0;1;0;1;0;1;2
83525908;"20/12/16";"Terça";"16:50:00";"SC";101;"111,8";"ITAJAI";"Não guardar distância de segurança";"Colisão traseira";"Com Vítimas Feridas";"Pleno dia";"Crescente";"Chuva";"Dupla";"Reta";"Urbano";2;0;1;0;1;0;1;2
83525909;"17/12/16";"Sábado";"04:00:00";"SC";101;"152";"PORTO BELO";"Dormindo";"Saída de Pista";"Com Vítimas Feridas";"Plena noite";"Crescente";"Nublado";"Dupla";"Reta";"Rural";1;0;1;0;0;0;1;1
83525910;"20/12/16";"Terça";"05:00:00";"PE";101;"103";"CABO DE SANTO AGOSTINHO";"Outras";"Saída de Pista";"Sem Vítimas";"Pleno dia";"Decrescente";"Sol";"Dupla";"Curva";"Urbano";1;0;0;0;1;0;0;1
83525911;"20/12/16";"Terça";"17:00:00";"MG";381;"741";"TRES CORACOES";"Falta de atenção";"Saída de Pista";"Com Vítimas Feridas";"Pleno dia";"Crescente";"Ceu Claro";"Dupla";"Reta";"Rural";1;0;1;0;0;0;1;1
83525912;"20/12/16";"Terça";"00:50:00";"PR";116;"125,5";"FAZENDA RIO GRANDE";"Desobediência à sinalização";"Colisão Transversal";"Com Vítimas Feridas";"Plena noite";"Decrescente";"Nublado";"Dupla";"Reta";"Urbano";2;0;0;2;0;0;2;2
83525913;"17/12/16";"Sábado";"09:00:00";"RJ";116;"138";"DUQUE DE CAXIAS";"Desobediência à sinalização";"Colisão lateral";"Sem Vítimas";"Pleno dia";"Decrescente";"Ceu Claro";"Dupla";"Reta";"Urbano";3;0;0;0;3;0;0;3
83525914;"20/12/16";"Terça";"18:45:00";"PR";116;"115,5";"CURITIBA";"Falta de atenção";"Colisão traseira";"Sem Vítimas";"Pleno dia";"Decrescente";"Chuva";"Dupla";"Reta";"Urbano";2;0;0;0;2;0;0;2
83525915;"18/12/16";"Domingo";"22:15:00";"CE";116;"291,1";"JAGUARIBE";"Falta de atenção";"Tombamento";"Sem Vítimas";"Plena noite";"Decrescente";"Chuva";"Simples";"Reta";"Rural";1;0;0;0;1;0;0;1
83525916;"20/12/16";"Terça";"16:45:00";"SC";116;"140,7";"SANTA CECILIA";"Outras";"Tombamento";"Com Vítimas Feridas";"Pleno dia";"Crescente";"Chuva";"Simples";"Reta";"Rural";1;0;1;0;0;0;1;1
83525917;"20/12/16";"Terça";"17:00:00";"PR";376;"629";"SAO JOSE DOS PINHAIS";"Outras";"Capotamento";"Sem Vítimas";"Pleno dia";"Crescente";"Chuva";"Dupla";"Reta";"Urbano";1;0;0;0;1;0;0;1
83525919;"20/12/16";"Terça";"11:00:00";"SC";282;"54,2";"AGUAS MORNAS";"Velocidade incompatível";"Saída de Pista";"Sem Vítimas";"Pleno dia";"Crescente";"Chuva";"Simples";"Reta";"Rural";1;0;0;0;1;0;0;1
83525920;"20/12/16";"Terça";"17:50:00";"SP";381;"71";"MAIRIPORA";"Velocidade incompatível";"Capotamento";"Sem Vítimas";"Pleno dia";"Decrescente";"Chuva";"Dupla";"Curva";"Urbano";1;0;0;0;1;0;0;1
83525921;"20/12/16";"Terça";"16:30:00";"DF";70;"18";"BRASILIA";"Dormindo";"Saída de Pista";"Com Vítimas Feridas";"Pleno dia";"Crescente";"Ceu Claro";"Dupla";"Reta";"Rural";1;0;1;0;0;0;1;1
83525922;"20/12/16";"Terça";"21:30:00";"SC";101;"197";"SAO JOSE";"Defeito mecânico em veículo";"Saída de Pista";"Sem Vítimas";"Anoitecer";"Crescente";"Chuva";"Dupla";"Curva";"Urbano";1;0;0;0;1;0;0;1
83525923;"20/12/16";"Terça";"15:30:00";"PR";153;"521,7";"GENERAL CARNEIRO";"Velocidade incompatível";"Colisão lateral";"Sem Vítimas";"Pleno dia";"Decrescente";"Chuva";"Simples";"Reta";"Rural";2;0;0;0;2;0;0;2
83525924;"20/12/16";"Terça";"16:30:00";"MS";163;"560";"BANDEIRANTES";"Outras";"Capotamento";"Com Vítimas Feridas";"Pleno dia";"Decrescente";"Chuva";"Simples";"Reta";"Rural";1;0;1;0;0;0;1;1
83525926;"17/12/16";"Sábado";"02:00:00";"MS";163;"345,5";"RIO BRILHANTE";"Ultrapassagem indevida";"Colisão lateral";"Sem Vítimas";"Plena noite";"Decrescente";"Nublado";"Simples";"Reta";"Rural";2;0;0;0;2;0;0;2
83525927;"20/12/16";"Terça";"11:05:00";"SC";282;"54,2";"AGUAS MORNAS";"Não guardar distância de segurança";"Colisão frontal";"Sem Vítimas";"Pleno dia";"Crescente";"Chuva";"Simples";"Reta";"Rural";2;0;0;0;2;0;0;2
83525928;"19/12/16";"Segunda";"06:50:00";"MT";163;"832,7";"SORRISO";"Falta de atenção";"Colisão traseira";"Com Vítimas Feridas";"Pleno dia";"Crescente";"Chuva";"Simples";"Cruzamento";"Urbano";2;0;1;0;1;0;1;2
83525929;"20/12/16";"Terça";"16:30:00";"GO";153;"581";"PIRACANJUBA";"Velocidade incompatível";"Saída de Pista";"Sem Vítimas";"Pleno dia";"Crescente";"Nublado";"Dupla";"Curva";"Rural";1;0;0;0;1;0;0;1
83525930;"20/12/16";"Terça";"16:30:00";"PR";376;"655";"TIJUCAS DO SUL";"Outras";"Colisão traseira";"Sem Vítimas";"Pleno dia";"Decrescente";"Chuva";"Dupla";"Curva";"Rural";6;0;0;0;5;1;0;6
83525931;"20/12/16";"Terça";"18:30:00";"SC";282;"86,9";"ALFREDO WAGNER";"Velocidade incompatível";"Colisão Transversal";"Sem Vítimas";"Pleno dia";"Crescente";"Chuva";"Simples";"Curva";"Rural";2;0;0;0;2;0;0;2
83525932;"20/12/16";"Terça";"14:20:00";"GO";153;"395";"PIRENOPOLIS";"Outras";"Saída de Pista";"Sem Vítimas";"Pleno dia";"Decrescente";"Nublado";"Simples";"Reta";"Rural";1;0;0;0;1;0;0;1
83525933;"17/12/16";"Sábado";"20:20:00";"GO";414;"438";"ANAPOLIS";"Ingestão de álcool";"Colisão frontal";"Com Vítimas Feridas";"Plena noite";"Crescente";"Ceu Claro";"Simples";"Reta";"Urbano";2;0;0;1;1;0;1;2
83525934;"17/12/16";"Sábado";"00:30:00";"AL";101;"19,5";"JOAQUIM GOMES";"Outras";"Capotamento";"Com Vítimas Feridas";"Plena noite";"Crescente";"Chuva";"Simples";"Curva";"Rural";1;0;1;0;0;0;1;1
83525935;"20/12/16";"Terça";"08:45:00";"BA";101;"22,6";"RIO REAL";"Falta de atenção";"Colisão lateral";"Com Vítimas Feridas";"Pleno dia";"Crescente";"Nublado";"Simples";"Reta";"Rural";3;0;2;0;1;0;2;3
83525936;"16/12/16";"Sexta";"22:56:00";"SP";116;"222";"GUARULHOS";"Não guardar distância de segurança";"Colisão lateral";"Com Vítimas Feridas";"Plena noite";"Decrescente";"Nublado";"Múltipla";"Reta";"Urbano";2;0;1;0;0;1;1;2
83525937;"20/12/16";"Terça";"19:00:00";"PI";343;"17";"PARNAIBA";"Não guardar distância de segurança";"Colisão traseira";"Sem Vítimas";"Plena noite";"Decrescente";"Ceu Claro";"Simples";"Reta";"Urbano";2;0;0;0;2;0;0;2
83525938;"20/12/16";"Terça";"18:10:00";"MG";381;"483";"BETIM";"Outras";"Colisão traseira";"Sem Vítimas";"Pleno dia";"Decrescente";"Nublado";"Dupla";"Reta";"Urbano";3;0;0;0;3;0;0;3
83525939;"20/12/16";"Terça";"20:20:00";"RS";392;"90,4";"PELOTAS";"Velocidade incompatível";"Colisão frontal";"Com Vítimas Feridas";"Pleno dia";"Decrescente";"Sol";"Simples";"Curva";"Rural";3;0;1;1;1;0;2;2
83525940;"03/12/16";"Sábado";"22:50:00";"SC";101;"218,5";"PALHOCA";"Outras";"Saída de Pista";"Sem Vítimas";"Plena noite";"Crescente";"Chuva";"Dupla";"Reta";"Urbano";1;0;0;0;1;0;0;1
83525941;"20/12/16";"Terça";"17:30:00";"RJ";101;"294";"ITABORAI";"Falta de atenção";"Atropelamento de pessoa";"Com Vítimas Feridas";"Pleno dia";"Decrescente";"Ceu Claro";"Dupla";"Reta";"Urbano";2;0;1;0;1;0;1;1
83525942;"20/12/16";"Terça";"15:15:00";"BA";101;"0";"RIO REAL";"Outras";"Colisão lateral";"Com Vítimas Feridas";"Pleno dia";"Decrescente";"Nublado";"Simples";"Reta";"Rural";3;0;1;0;2;0;1;2
83525943;"20/12/16";"Terça";"18:00:00";"BA";101;"603";"MASCOTE";"Outras";"Colisão com objeto fixo";"Com Vítimas Feridas";"Anoitecer";"Crescente";"Chuva";"Simples";"Reta";"Rural";2;0;0;2;0;0;2;1
83525944;"12/12/16";"Segunda";"07:30:00";"PB";230;"24";"JOAO PESSOA";"Não guardar distância de segurança";"Colisão traseira";"Sem Vítimas";"Pleno dia";"Decrescente";"Ceu Claro";"Dupla";"Reta";"Urbano";3;0;0;0;3;0;0;3
83525945;"16/12/16";"Sexta";"20:00:00";"SP";116;"150,5";"SAO JOSE DOS CAMPOS";"Falta de atenção";"Colisão traseira";"Com Vítimas Feridas";"Plena noite";"Decrescente";"Ceu Claro";"Simples";"Reta";"Urbano";3;0;1;0;2;0;1;3
83525946;"20/12/16";"Terça";"16:35:00";"RS";290;"682";"URUGUAIANA";"Velocidade incompatível";"Colisão traseira";"Sem Vítimas";"Pleno dia";"Crescente";"Ceu Claro";"Simples";"Reta";"Rural";5;0;0;0;5;0;0;2
83525947;"14/12/16";"Quarta";"09:15:00";"GO";153;"512";"APARECIDA DE GOIANIA";"Animais na Pista";"Queda de motocicleta / bicicleta / veículo";"Com Vítimas Feridas";"Pleno dia";"Crescente";"Ceu Claro";"Simples";"Reta";"Urbano";1;0;0;1;0;0;1;1
83525948;"20/12/16";"Terça";"14:00:00";"PE";232;"489";"MIRANDIBA";"Ultrapassagem indevida";"Colisão frontal";"Com Vítimas Feridas";"Pleno dia";"Crescente";"Ceu Claro";"Simples";"Reta";"Rural";6;0;4;0;2;0;4;2
83525949;"20/12/16";"Terça";"18:30:00";"PA";10;"323,4";"SAO MIGUEL DO GUAMA";"Falta de atenção";"Tombamento";"Sem Vítimas";"Plena noite";"Crescente";"Nublado";"Simples";"Curva";"Rural";1;0;0;0;1;0;0;1
83525950;"20/12/16";"Terça";"08:35:00";"SC";101;"14,9";"JOINVILLE";"Dormindo";"Capotamento";"Com Vítimas Feridas";"Pleno dia";"Decrescente";"Ceu Claro";"Dupla";"Reta";"Rural";1;0;1;0;0;0;1;1
83525951;"20/12/16";"Terça";"20:15:00";"MG";116;"538,5";"SANTA RITA DE MINAS";"Falta de atenção";"Colisão Transversal";"Com Vítimas Feridas";"Plena noite";"Crescente";"Ceu Claro";"Simples";"Reta";"Urbano";2;0;0;1;1;0;1;2
83525952;"20/12/16";"Terça";"21:00:00";"PI";343;"333,1";"TERESINA";"Animais na Pista";"Atropelamento de animal";"Com Vítimas Feridas";"Plena noite";"Decrescente";"Ceu Claro";"Simples";"Reta";"Rural";1;0;0;1;0;0;1;1
83525953;"20/12/16";"Terça";"21:15:00";"SP";116;"179";"GUARAREMA";"Falta de atenção";"Colisão com bicicleta";"Com Vítimas Feridas";"Plena noite";"Decrescente";"Ceu Claro";"Múltipla";"Reta";"Rural";2;0;1;0;1;0;1;2
83525954;"20/12/16";"Terça";"08:30:00";"BA";242;"737";"BARREIRAS";"Dormindo";"Colisão frontal";"Com Vítimas Feridas";"Pleno dia";"Crescente";"Sol";"Simples";"Reta";"Rural";2;0;0;1;1;0;1;2
83525955;"20/12/16";"Terça";"18:00:00";"MT";364;"290";"JACIARA";"Velocidade incompatível";"Saída de Pista";"Sem Vítimas";"Pleno dia";"Decrescente";"Chuva";"Dupla";"Curva";"Rural";2;0;0;0;2;0;0;1
83525956;"20/12/16";"Terça";"21:20:00";"PR";376;"492,6";"PONTA GROSSA";"Ingestão de álcool";"Colisão lateral";"Sem Vítimas";"Plena noite";"Decrescente";"Chuva";"Dupla";"Curva";"Rural";2;0;0;0;2;0;0;2
83525957;"20/12/16";"Terça";"16:30:00";"AL";101;"112";"PILAR";"Outras";"Tombamento";"Sem Vítimas";"Pleno dia";"Crescente";"Nublado";"Simples";"Cruzamento";"Rural";1;0;0;0;1;0;0;1
83525958;"04/12/16";"Domingo";"18:50:00";"RJ";116;"231";"PIRAI";"Velocidade incompatível";"Colisão com objeto fixo";"Sem Vítimas";"Anoitecer";"Decrescente";"Chuva";"Dupla";"Curva";"Rural";1;0;0;0;1;0;0;1
83525959;"20/12/16";"Terça";"13:30:00";"SP";153;"93";"JACI";"Não guardar distância de segurança";"Colisão traseira";"Com Vítimas Feridas";"Pleno dia";"Crescente";"Nublado";"Simples";"Reta";"Rural";2;0;1;0;1;0;1;2
83525960;"20/12/16";"Terça";"18:20:00";"SP";116;"154";"SAO JOSE DOS CAMPOS";"Outras";"Colisão lateral";"Sem Vítimas";"Pleno dia";"Crescente";"Ceu Claro";"Dupla";"Reta";"Urbano";2;0;0;0;2;0;0;2