"id";"data_inversa";"dia_semana";"horario";"uf";"br";"km";"municipio";"causa_acidente";"tipo_acidente";"classificacao_acidente";"fase_dia";"sentido_via";"condicao_metereologica";"tipo_pista";"tracado_via";"uso_solo";"pessoas";"mortos";"feridos_leves";"feridos_graves";"ilesos";"ignorados";"feridos";"veiculos"
83525961;"20/12/16";"Terça";"22:20:00";"ES";101;"148";"LINHARES";"Defeito mecânico em veículo";"Incêndio";"Sem Vítimas";"Plena noite";"Crescente";"Nublado";"Múltipla";"Reta";"Urbano";1;0;0;0;1;0;0;1
83525962;"20/12/16";"Terça";"19:00:00";"PE";232;"122,3";"CARUARU";"Animais na Pista";"Atropelamento de animal";"Sem Vítimas";"Plena noite";"Decrescente";"Nublado";"Dupla";"Reta";"Rural";1;0;0;0;1;0;0;1
83525963;"20/12/16";"Terça";"22:05:00";"SC";116;"5,3";"MAFRA";"Desobediência à sinalização";"Colisão frontal";"Com Vítimas Feridas";"Plena noite";"Crescente";"Chuva";"Simples";"Reta";"Urbano";2;0;1;0;0;1;1;2
83525964;"20/12/16";"Terça";"18:20:00";"MS";262;"371,7";"TERENOS";"Ingestão de álcool";"Colisão com bicicleta";"Com Vítimas Fatais";"Pleno dia";"Decrescente";"Ceu Claro";"Simples";"Reta";"Rural";2;1;0;0;1;0;0;2
83525965;"20/12/16";"Terça";"09:40:00";"BA";242;"858,5";"BARREIRAS";"Dormindo";"Colisão frontal";"Com Vítimas Feridas";"Pleno dia";"Crescente";"Sol";"Simples";"Reta";"Rural";5;0;1;2;2;0;3;2
83525966;"20/12/16";"Terça";"20:40:00";"MT";70;"540";"NOSSA SENHORA DO LIVRAMENTO";"Ingestão de álcool";"Atropelamento de pessoa";"Com Vítimas Feridas";"Plena noite";"Decrescente";"Nublado";"Simples";"Reta";"Rural";2;0;1;0;1;0;1;1
83525967;"20/12/16";"Terça";"10:30:00";"PE";407;"126,4";"PETROLINA";"Falta de atenção";"Colisão lateral";"Sem Vítimas";"Pleno dia";"Crescente";"Sol";"Simples";"Curva";"Urbano";2;0;0;0;1;1;0;2
83525968;"20/12/16";"Terça";"09:30:00";"MA";135;"27,5";"BACABEIRA";"Falta de atenção";"Colisão traseira";"Com Vítimas Feridas";"Pleno dia";"Decrescente";"Ceu Claro";"Simples";"Reta";"Rural";5;0;3;0;2;0;3;2
83525969;"20/12/16";"Terça";"23:00:00";"RJ";40;"122,2";"DUQUE DE CAXIAS";"Outras";"Colisão lateral";"Com Vítimas Feridas";"Plena noite";"Decrescente";"Nublado";"Múltipla";"Reta";"Urbano";2;0;1;0;0;1;1;2
83525970;"12/12/16";"Segunda";"14:00:00";"PB";230;"18,4";"JOAO PESSOA";"Outras";"Colisão traseira";"Sem Vítimas";"Pleno dia";"Crescente";"Ceu Claro";"Dupla";"Curva";"Urbano";3;0;0;0;3;0;0;3
83525971;"20/12/16";"Terça";"07:10:00";"SE";101;"189,1";"UMBAUBA";"Outras";"Saída de Pista";"Sem Vítimas";"Pleno dia";"Decrescente";"Chuva";"Simples";"Curva";"Rural";1;0;0;0;1;0;0;1
83525972;"20/12/16";"Terça";"23:35:00";"RS";392;"308,1";"SAO SEPE";"Falta de atenção";"Saída de Pista";"Com Vítimas Feridas";"Plena noite";"Decrescente";"Ceu Claro";"Simples";"Cruzamento";"Rural";1;0;1;0;0;0;1;1
83525973;"17/12/16";"Sábado";"18:20:00";"MT";364;"264";"SAO PEDRO DA CIPA";"Falta de atenção";"Atropelamento de pessoa";"Com Vítimas Feridas";"Pleno dia";"Crescente";"Ceu Claro";"Simples";"Reta";"Urbano";2;0;2;0;0;0;2;1
83525974;"20/12/16";"Terça";"23:00:00";"PR";376;"591";"CURITIBA";"Falta de atenção";"Saída de Pista";"Com Vítimas Feridas";"Plena noite";"Decrescente";"Chuva";"Dupla";"Reta";"Urbano";1;0;1;0;0;0;1;1
83525975;"20/12/16";"Terça";"19:50:00";"TO";153;"146,5";"ARAGUAINA";"Falta de atenção";"Colisão traseira";"Com Vítimas Feridas";"Plena noite";"Decrescente";"Ceu Claro";"Múltipla";"Reta";"Urbano";4;0;4;0;0;0;4;2
83525977;"20/12/16";"Terça";"23:23:00";"PR";277;"670";"MEDIANEIRA";"Não guardar distância de segurança";"Colisão traseira";"Com Vítimas Feridas";"Plena noite";"Crescente";"Nublado";"Dupla";"Reta";"Urbano";7;0;2;0;5;0;2;2
83525978;"20/12/16";"Terça";"23:30:00";"GO";40;"12,6";"LUZIANIA";"Outras";"Colisão com bicicleta";"Com Vítimas Fatais";"Plena noite";"Crescente";"Ceu Claro";"Dupla";"Reta";"Urbano";2;1;0;0;1;0;0;2
83525979;"20/12/16";"Terça";"19:30:00";"MA";316;"596";"TIMON";"Outras";"Atropelamento de pessoa";"Com Vítimas Fatais";"Plena noite";"Crescente";"Chuva";"Simples";"Reta";"Rural";2;1;0;0;0;1;0;1
83525980;"20/12/16";"Terça";"23:25:00";"MG";381;"831";"CAREACU";"Outras";"Saída de Pista";"Sem Vítimas";"Plena noite";"Decrescente";"Chuva";"Dupla";"Reta";"Rural";1;0;0;0;1;0;0;1
83525981;"20/12/16";"Terça";"18:20:00";"MG";262;"460,5";"NOVA SERRANA";"Não guardar distância de segurança";"Colisão traseira";"Sem Vítimas";"Pleno dia";"Crescente";"Chuva";"Simples";"Reta";"Rural";6;0;0;0;6;0;0;6
83525982;"21/12/16";"Quarta";"00:30:00";"RJ";101;"122,7";"CAMPOS DOS GOYTACAZES";"Outras";"Colisão com objeto fixo";"Sem Vítimas";"Plena noite";"Crescente";"Ceu Claro";"Dupla";"Reta";"Urbano";1;0;0;0;1;0;0;1
83525984;"20/12/16";"Terça";"20:20:00";"PE";232;"13";"JABOATAO DOS GUARARAPES";"Falta de atenção";"Colisão traseira";"Com Vítimas Feridas";"Plena noite";"Decrescente";"Chuva";"Dupla";"Reta";"Rural";3;0;1;0;2;0;1;3
83525985;"21/12/16";"Quarta";"00:20:00";"PR";469;"13,3";"FOZ DO IGUACU";"Não guardar distância de segurança";"Colisão traseira";"Com Vítimas Feridas";"Plena noite";"Crescente";"Ceu Claro";"Simples";"Reta";"Urbano";2;0;1;0;1;0;1;2
83525986;"20/12/16";"Terça";"20:30:00";"MG";40;"156";"JOAO PINHEIRO";"Ultrapassagem indevida";"Colisão lateral";"Com Vítimas Feridas";"Anoitecer";"Decrescente";"Ceu Claro";"Simples";"Reta";"Rural";2;0;2;0;0;0;2;2
83525987;"20/12/16";"Terça";"21:30:00";"MA";316;"591";"TIMON";"Outras";"Saída de Pista";"Sem Vítimas";"Plena noite";"Decrescente";"Chuva";"Simples";"Reta";"Rural";1;0;0;0;1;0;0;1
83525988;"21/12/16";"Quarta";"01:20:00";"GO";50;"280,5";"CATALAO";"Outras";"Colisão com objeto fixo";"Com Vítimas Feridas";"Plena noite";"Crescente";"Ceu Claro";"Dupla";"Reta";"Urbano";1;0;1;0;0;0;1;1
83525989;"20/12/16";"Terça";"17:45:00";"MG";381;"493";"BETIM";"Outras";"Colisão com objeto fixo";"Sem Vítimas";"Pleno dia";"Crescente";"Sol";"Dupla";"Curva";"Urbano";1;0;0;0;1;0;0;1
83525990;"20/12/16";"Terça";"22:02:00";"PR";277;"588,5";"CASCAVEL";"Velocidade incompatível";"Atropelamento de pessoa";"Com Vítimas Feridas";"Plena noite";"Crescente";"Nublado";"Simples";"Reta";"Urbano";2;0;0;1;0;1;1;1
83525991;"11/12/16";"Domingo";"14:00:00";"RJ";40;"11";"TRES RIOS";"Outras";"Saída de Pista";"Sem Vítimas";"Pleno dia";"Crescente";"Chuva";"Dupla";"Reta";"Rural";3;0;0;0;3;0;0;1
83525992;"21/12/16";"Quarta";"02:40:00";"SC";101;"97,1";"PICARRAS";"Ingestão de álcool";"Saída de Pista";"Com Vítimas Feridas";"Plena noite";"Crescente";"Chuva";"Dupla";"Curva";"Rural";1;0;1;0;0;0;1;1
83525993;"20/12/16";"Terça";"22:20:00";"SP";116;"308";"SAO LOURENCO DA SERRA";"Velocidade incompatível";"Colisão com objeto fixo";"Com Vítimas Feridas";"Plena noite";"Decrescente";"Chuva";"Dupla";"Reta";"Rural";1;0;1;0;0;0;1;1
83525994;"20/12/16";"Terça";"08:10:00";"RS";472;"577";"URUGUAIANA";"Não guardar distância de segurança";"Colisão traseira";"Sem Vítimas";"Pleno dia";"Crescente";"Ceu Claro";"Simples";"Reta";"Urbano";2;0;0;0;2;0;0;2
83525995;"17/12/16";"Sábado";"06:30:00";"PR";369;"190";"ARAPONGAS";"Ingestão de álcool";"Saída de Pista";"Com Vítimas Feridas";"Amanhecer";"Decrescente";"Ceu Claro";"Dupla";"Reta";"Rural";2;0;1;0;1;0;1;1
83525996;"20/12/16";"Terça";"17:15:00";"ES";101;"147,5";"LINHARES";"Falta de atenção";"Colisão traseira";"Com Vítimas Feridas";"Pleno dia";"Decrescente";"Nublado";"Dupla";"Reta";"Urbano";2;0;1;0;1;0;1;2
83525997;"21/12/16";"Quarta";"01:00:00";"BA";101;"855";"TEIXEIRA DE FREITAS";"Não guardar distância de segurança";"Colisão traseira";"Sem Vítimas";"Plena noite";"Decrescente";"Nublado";"Simples";"Reta";"Rural";2;0;0;0;2;0;0;2
83525999;"20/12/16";"Terça";"23:30:00";"MT";70;"695";"CACERES";"Velocidade incompatível";"Saída de Pista";"Sem Vítimas";"Plena noite";"Decrescente";"Chuva";"Simples";"Curva";"Rural";1;0;0;0;1;0;0;1
83526000;"15/09/16";"Quinta";"11:05:00";"ES";101;"214";"IBIRACU";"Outras";"Colisão lateral";"Com Vítimas Feridas";"Pleno dia";"Crescente";"Sol";"Simples";"Reta";"Urbano";2;0;1;0;1;0;1;2
83526002;"17/12/16";"Sábado";"04:50:00";"PR";277;"32";"PARANAGUA";"Outras";"Tombamento";"Com Vítimas Feridas";"Plena noite";"Crescente";"Nublado";"Dupla";"Reta";"Rural";1;0;1;0;0;0;1;1
83526003;"20/12/16";"Terça";"19:20:00";"PR";116;"14,8";"CAMPINA GRANDE DO SUL";"Velocidade incompatível";"Saída de Pista";"Sem Vítimas";"Anoitecer";"Decrescente";"Chuva";"Dupla";"Curva";"Rural";1;0;0;0;1;0;0;1
83526004;"20/12/16";"Terça";"20:00:00";"MT";364;"355";"SANTO ANTONIO DO LEVERGER";"Outras";"Saída de Pista";"Sem Vítimas";"Plena noite";"Decrescente";"Chuva";"Simples";"Reta";"Rural";2;0;0;0;2;0;0;1
83526005;"20/12/16";"Terça";"22:00:00";"PR";116;"4";"CAMPINA GRANDE DO SUL";"Falta de atenção";"Colisão com objeto fixo";"Com Vítimas Feridas";"Plena noite";"Crescente";"Chuva";"Dupla";"Reta";"Urbano";1;0;1;0;0;0;1;1
83526006;"20/12/16";"Terça";"18:15:00";"SC";470;"56,3";"BLUMENAU";"Falta de atenção";"Colisão Transversal";"Sem Vítimas";"Pleno dia";"Crescente";"Nublado";"Simples";"Cruzamento";"Urbano";2;0;0;0;2;0;0;2
83526007;"16/12/16";"Sexta";"23:00:00";"DF";60;"16";"BRASILIA";"Ingestão de álcool";"Colisão com objeto fixo";"Sem Vítimas";"Plena noite";"Crescente";"Ceu Claro";"Dupla";"Reta";"Rural";3;0;0;0;3;0;0;2
83526008;"20/12/16";"Terça";"18:10:00";"RS";472;"572";"URUGUAIANA";"Não guardar distância de segurança";"Colisão traseira";"Com Vítimas Feridas";"Pleno dia";"Crescente";"Ceu Claro";"Simples";"Reta";"Urbano";2;0;1;0;1;0;1;2
83526009;"21/12/16";"Quarta";"04:35:00";"SC";282;"20,4";"PALHOCA";"Velocidade incompatível";"Colisão frontal";"Com Vítimas Feridas";"Plena noite";"Crescente";"Chuva";"Simples";"Cruzamento";"Urbano";7;0;4;0;3;0;4;2
83526010;"16/12/16";"Sexta";"14:30:00";"MG";40;"812,1";"MATIAS BARBOSA";"Dormindo";"Capotamento";"Com Vítimas Feridas";"Pleno dia";"Decrescente";"Nublado";"Dupla";"Curva";"Rural";1;0;0;1;0;0;1;1
83526011;"20/12/16";"Terça";"15:00:00";"PR";153;"512,8";"GENERAL CARNEIRO";"Velocidade incompatível";"Saída de Pista";"Sem Vítimas";"Pleno dia";"Decrescente";"Chuva";"Simples";"Curva";"Rural";2;0;0;0;2;0;0;1
83526012;"21/12/16";"Quarta";"00:30:00";"RJ";101;"212";"CASIMIRO DE ABREU";"Outras";"Queda de motocicleta / bicicleta / veículo";"Com Vítimas Feridas";"Plena noite";"Decrescente";"Ceu Claro";"Simples";"Reta";"Rural";1;0;0;1;0;0;1;1
83526013;"20/12/16";"Terça";"07:00:00";"PR";277;"83";"CURITIBA";"Outras";"Queda de motocicleta / bicicleta / veículo";"Com Vítimas Feridas";"Pleno dia";"Decrescente";"Ceu Claro";"Dupla";"Reta";"Urbano";1;0;1;0;0;0;1;1
83526014;"20/12/16";"Terça";"22:30:00";"MG";50;"203,8";"UBERABA";"Outras";"Colisão com objeto móvel";"Sem Vítimas";"Plena noite";"Decrescente";"Chuva";"Dupla";"Reta";"Rural";1;0;0;0;1;0;0;1
83526015;"20/12/16";"Terça";"16:20:00";"SC";282;"534,3";"CORDILHEIRA ALTA";"Não guardar distância de segurança";"Saída de Pista";"Sem Vítimas";"Pleno dia";"Crescente";"Nublado";"Simples";"Curva";"Rural";1;0;0;0;1;0;0;1
83526016;"17/12/16";"Sábado";"20:10:00";"CE";222;"3,5";"FORTALEZA";"Outras";"Colisão com objeto fixo";"Com Vítimas Feridas";"Plena noite";"Crescente";"Ceu Claro";"Dupla";"Reta";"Urbano";1;0;0;1;0;0;1;1
83526017;"21/12/16";"Quarta";"06:00:00";"MG";381;"502,5";"BETIM";"Outras";"Incêndio";"Sem Vítimas";"Amanhecer";"Decrescente";"Ceu Claro";"Dupla";"Curva";"Rural";1;0;0;0;1;0;0;1
83526018;"12/12/16";"Segunda";"21:00:00";"PI";343;"12";"PARNAIBA";"Animais na Pista";"Atropelamento de animal";"Com Vítimas Feridas";"Plena noite";"Crescente";"Ignorada";"Dupla";"Reta";"Urbano";2;0;0;2;0;0;2;1
83526019;"17/12/16";"Sábado";"12:20:00";"MG";153;"112";"PRATA";"Desobediência à sinalização";"Colisão lateral";"Com Vítimas Feridas";"Pleno dia";"Crescente";"Sol";"Simples";"Cruzamento";"Rural";3;0;2;0;1;0;2;2
83526021;"21/12/16";"Quarta";"05:25:00";"ES";101;"144,9";"LINHARES";"Falta de atenção";"Colisão traseira";"Com Vítimas Feridas";"Amanhecer";"Decrescente";"Nublado";"Dupla";"Reta";"Urbano";5;0;3;0;2;0;3;3
83526022;"17/12/16";"Sábado";"21:30:00";"ES";101;"280,5";"SERRA";"Outras";"Incêndio";"Sem Vítimas";"Plena noite";"Crescente";"Chuva";"Dupla";"Curva";"Urbano";1;0;0;0;1;0;0;1
83526023;"20/12/16";"Terça";"08:15:00";"PR";476;"123";"CURITIBA";"Velocidade incompatível";"Colisão traseira";"Com Vítimas Feridas";"Pleno dia";"Crescente";"Ceu Claro";"Dupla";"Reta";"Urbano";4;0;1;0;3;0;1;2
83526024;"20/12/16";"Terça";"16:09:00";"GO";153;"567";"PROFESSOR JAMIL";"Falta de atenção";"Colisão lateral";"Com Vítimas Feridas";"Pleno dia";"Decrescente";"Nublado";"Dupla";"Reta";"Rural";5;0;1;0;4;0;1;2
83526025;"18/12/16";"Domingo";"04:40:00";"SP";116;"217,5";"GUARULHOS";"Falta de atenção";"Saída de Pista";"Com Vítimas Feridas";"Amanhecer";"Crescente";"Nublado";"Múltipla";"Reta";"Urbano";1;0;1;0;0;0;1;1
83526026;"20/12/16";"Terça";"22:00:00";"PR";116;"97";"SAO JOSE DOS PINHAIS";"Velocidade incompatível";"Saída de Pista";"Ignorado";"Plena noite";"Crescente";"Chuva";"Dupla";"Reta";"Rural";1;0;0;0;0;1;0;1
83526027;"17/12/16";"Sábado";"18:05:00";"RS";290;"107";"ELDORADO DO SUL";"Falta de atenção";"Colisão lateral";"Sem Vítimas";"Pleno dia";"Crescente";"Ceu Claro";"Múltipla";"Reta";"Urbano";2;0;0;0;2;0;0;2
83526028;"20/12/16";"Terça";"16:30:00";"PI";343;"42,2";"BURITI DOS LOPES";"Velocidade incompatível";"Colisão com objeto fixo";"Sem Vítimas";"Pleno dia";"Crescente";"Nublado";"Simples";"Curva";"Rural";3;0;0;0;3;0;0;1
83526029;"21/12/16";"Quarta";"06:40:00";"MG";50;"67";"UBERLANDIA";"Falta de atenção";"Colisão Transversal";"Com Vítimas Feridas";"Amanhecer";"Crescente";"Ceu Claro";"Dupla";"Cruzamento";"Urbano";3;0;2;0;1;0;2;2
83526030;"17/12/16";"Sábado";"15:45:00";"PB";230;"21,6";"JOAO PESSOA";"Outras";"Colisão frontal";"Com Vítimas Feridas";"Pleno dia";"Crescente";"Ceu Claro";"Dupla";"Curva";"Urbano";2;0;0;1;0;1;1;2
83526031;"17/12/16";"Sábado";"22:40:00";"MG";251;"474";"FRANCISCO SA";"Velocidade incompatível";"Tombamento";"Com Vítimas Feridas";"Plena noite";"Crescente";"Chuva";"Simples";"Curva";"Rural";1;0;1;0;0;0;1;1
83526032;"17/12/16";"Sábado";"22:30:00";"ES";101;"270,6";"SERRA";"Outras";"Capotamento";"Sem Vítimas";"Plena noite";"Decrescente";"Chuva";"Dupla";"Curva";"Urbano";2;0;0;0;1;1;0;2
83526033;"17/12/16";"Sábado";"15:40:00";"ES";101;"407,9";"ITAPEMIRIM";"Velocidade incompatível";"Capotamento";"Com Vítimas Fatais";"Pleno dia";"Crescente";"Nublado";"Simples";"Curva";"Rural";1;1;0;0;0;0;0;1
83526034;"17/12/16";"Sábado";"13:10:00";"RN";226;"10,2";"MACAIBA";"Defeito mecânico em veículo";"Colisão lateral";"Com Vítimas Feridas";"Pleno dia";"Crescente";"Ceu Claro";"Simples";"Curva";"Urbano";2;0;0;1;1;0;1;2
83526035;"17/12/16";"Sábado";"09:40:00";"SC";101;"242";"PALHOCA";"Outras";"Colisão traseira";"Com Vítimas Feridas";"Pleno dia";"Crescente";"Sol";"Múltipla";"Reta";"Urbano";3;0;1;0;2;0;1;3
83526036;"17/12/16";"Sábado";"05:35:00";"PR";277;"120";"CAMPO LARGO";"Defeito mecânico em veículo";"Saída de Pista";"Sem Vítimas";"Amanhecer";"Decrescente";"Ceu Claro";"Dupla";"Reta";"Rural";1;0;0;0;1;0;0;1
83526037;"18/12/16";"Domingo";"07:00:00";"SC";101;"424,4";"ARARANGUA";"Dormindo";"Capotamento";"Sem Vítimas";"Amanhecer";"Decrescente";"Ceu Claro";"Dupla";"Reta";"Rural";1;0;0;0;1;0;0;1
83526038;"17/12/16";"Sábado";"16:20:00";"MG";116;"648,4";"FERVEDOURO";"Velocidade incompatível";"Saída de Pista";"Com Vítimas Feridas";"Pleno dia";"Decrescente";"Chuva";"Simples";"Curva";"Rural";2;0;1;1;0;0;2;1
83526039;"18/12/16";"Domingo";"22:30:00";"PR";376;"661,5";"TIJUCAS DO SUL";"Outras";"Colisão traseira";"Sem Vítimas";"Plena noite";"Crescente";"Nublado";"Dupla";"Reta";"Rural";2;0;0;0;2;0;0;2
83526040;"21/12/16";"Quarta";"04:15:00";"SE";101;"196,5";"CRISTINAPOLIS";"Dormindo";"Saída de Pista";"Sem Vítimas";"Amanhecer";"Crescente";"Chuva";"Simples";"Curva";"Rural";2;0;0;0;2;0;0;1
83526041;"21/12/16";"Quarta";"06:00:00";"MA";316;"450";"PERITORO";"Velocidade incompatível";"Saída de Pista";"Com Vítimas Feridas";"Amanhecer";"Decrescente";"Chuva";"Simples";"Curva";"Rural";1;0;1;0;0;0;1;1
83526042;"21/12/16";"Quarta";"05:30:00";"RJ";101;"513";"ANGRA DOS REIS";"Dormindo";"Saída de Pista";"Com Vítimas Feridas";"Amanhecer";"Decrescente";"Ceu Claro";"Dupla";"Cruzamento";"Urbano";1;0;1;0;0;0;1;1
83526043;"21/12/16";"Quarta";"05:30:00";"MT";163;"104";"RONDONOPOLIS";"Falta de atenção";"Colisão traseira";"Com Vítimas Feridas";"Amanhecer";"Decrescente";"Ceu Claro";"Dupla";"Reta";"Rural";6;0;4;0;2;0;4;2
83526044;"17/12/16";"Sábado";"20:30:00";"MS";163;"660";"RIO VERDE DE MATO GROSSO";"Ingestão de álcool";"Derramamento de Carga";"Com Vítimas Feridas";"Plena noite";"Decrescente";"Nublado";"Simples";"Curva";"Rural";3;0;1;0;2;0;1;2
83526045;"13/12/16";"Terça";"22:00:00";"MG";251;"336";"FRUTA DE LEITE";"Animais na Pista";"Atropelamento de animal";"Com Vítimas Feridas";"Plena noite";"Decrescente";"Ceu Claro";"Simples";"Curva";"Rural";2;0;0;1;1;0;1;1
83526046;"18/12/16";"Domingo";"13:00:00";"RN";304;"292";"NATAL";"Outras";"Colisão traseira";"Com Vítimas Feridas";"Pleno dia";"Decrescente";"Sol";"Simples";"Reta";"Rural";2;0;1;0;1;0;1;2
83526047;"17/12/16";"Sábado";"20:20:00";"MG";40;"515";"RIBEIRAO DAS NEVES";"Não guardar distância de segurança";"Colisão traseira";"Com Vítimas Feridas";"Plena noite";"Decrescente";"Nublado";"Dupla";"Reta";"Urbano";3;0;1;0;2;0;1;2
83526048;"17/12/16";"Sábado";"20:00:00";"PR";376;"655";"TIJUCAS DO SUL";"Velocidade incompatível";"Colisão com objeto fixo";"Com Vítimas Feridas";"Anoitecer";"Decrescente";"Nublado";"Dupla";"Curva";"Rural";2;0;1;0;1;0;1;1
83526049;"18/12/16";"Domingo";"11:00:00";"SC";282;"111,1";"ALFREDO WAGNER";"Velocidade incompatível";"Colisão Transversal";"Com Vítimas Feridas";"Pleno dia";"Decrescente";"Chuva";"Simples";"Curva";"Rural";7;0;5;2;0;0;7;2
83526050;"15/10/16";"Sábado";"00:00:00";"MG";381;"482,8";"BETIM";"Velocidade incompatível";"Queda de motocicleta / bicicleta / veículo";"Com Vítimas Fatais";"Plena noite";"Crescente";"Chuva";"Dupla";"Curva";"Urbano";1;1;0;0;0;0;0;1
83526051;"21/12/16";"Quarta";"02:50:00";"RJ";493;"16";"GUAPIMIRIM";"Falta de atenção";"Atropelamento de pessoa";"Com Vítimas Fatais";"Plena noite";"Decrescente";"Ceu Claro";"Simples";"Reta";"Urbano";2;1;0;0;1;0;0;1
83526052;"20/12/16";"Terça";"03:20:00";"PR";369;"85,4";"CORNELIO PROCOPIO";"Velocidade incompatível";"Colisão lateral";"Com Vítimas Feridas";"Plena noite";"Crescente";"Nublado";"Simples";"Curva";"Rural";2;0;1;0;1;0;1;2
83526053;"17/12/16";"Sábado";"15:50:00";"BA";116;"870";"VITORIA DA CONQUISTA";"Outras";"Colisão traseira";"Sem Vítimas";"Pleno dia";"Decrescente";"Nublado";"Simples";"Reta";"Rural";4;0;0;0;3;1;0;4
83526054;"16/12/16";"Sexta";"07:50:00";"BA";110;"70";"JEREMOABO";"Dormindo";"Capotamento";"Com Vítimas Feridas";"Amanhecer";"Decrescente";"Ceu Claro";"Simples";"Reta";"Rural";3;0;0;2;1;0;2;1
83526055;"17/12/16";"Sábado";"18:50:00";"MG";40;"408,6";"CURVELO";"Dormindo";"Saída de Pista";"Com Vítimas Feridas";"Anoitecer";"Decrescente";"Nublado";"Simples";"Reta";"Rural";2;0;2;0;0;0;2;1
83526056;"20/12/16";"Terça";"23:45:00";"SC";101;"202";"SAO JOSE";"Falta de atenção";"Colisão lateral";"Com Vítimas Feridas";"Plena noite";"Crescente";"Chuva";"Dupla";"Reta";"Urbano";2;0;1;0;1;0;1;2
83526057;"17/12/16";"Sábado";"21:00:00";"RJ";40;"90";"PETROPOLIS";"Velocidade incompatível";"Saída de Pista";"Com Vítimas Feridas";"Pleno dia";"Crescente";"Ceu Claro";"Simples";"Curva";"Rural";3;0;2;0;0;1;2;1
83526058;"04/12/16";"Domingo";"18:50:00";"RJ";116;"231";"PIRAI";"Velocidade incompatível";"Tombamento";"Sem Vítimas";"Anoitecer";"Decrescente";"Chuva";"Dupla";"Curva";"Rural";1;0;0;0;1;0;0;1
83526059;"21/12/16";"Quarta";"06:00:00";"MT";70;"28,4";"BARRA DO GARCAS";"Falta de atenção";"Saída de Pista";"Sem Vítimas";"Amanhecer";"Decrescente";"Ceu Claro";"Simples";"Curva";"Rural";1;0;0;0;1;0;0;1
83526060;"14/12/16";"Quarta";"04:40:00";"PE";424;"83";"GARANHUNS";"Dormindo";"Colisão frontal";"Sem Vítimas";"Amanhecer";"Decrescente";"Nevoeiro/neblina";"Simples";"Curva";"Rural";3;0;0;0;3;0;0;2
83526061;"21/12/16";"Quarta";"09:45:00";"PR";277;"713,4";"SANTA TEREZINHA DE ITAIPU";"Outras";"Colisão com objeto fixo";"Com Vítimas Feridas";"Pleno dia";"Crescente";"Sol";"Dupla";"Reta";"Rural";1;0;0;1;0;0;1;1
83526062;"18/12/16";"Domingo";"08:10:00";"RJ";116;"203";"SEROPEDICA";"Outras";"Colisão com objeto fixo";"Sem Vítimas";"Pleno dia";"Crescente";"Ceu Claro";"Múltipla";"Reta";"Urbano";1;0;0;0;1;0;0;1
83526063;"18/12/16";"Domingo";"05:10:00";"PR";376;"493";"PONTA GROSSA";"Ingestão de álcool";"Colisão traseira";"Com Vítimas Feridas";"Plena noite";"Crescente";"Nublado";"Dupla";"Reta";"Urbano";6;0;3;0;3;0;3;3
83526064;"17/12/16";"Sábado";"16:25:00";"MG";40;"512";"RIBEIRAO DAS NEVES";"Falta de atenção";"Colisão lateral";"Com Vítimas Feridas";"Pleno dia";"Decrescente";"Nublado";"Dupla";"Reta";"Urbano";3;0;1;0;2;0;1;2
83526065;"17/12/16";"Sábado";"23:15:00";"PR";277;"349,8";"GUARAPUAVA";"Ingestão de álcool";"Colisão Transversal";"Sem Vítimas";"Plena noite";"Decrescente";"Nublado";"Simples";"Reta";"Urbano";2;0;0;0;2;0;0;2
83526066;"19/12/16";"Segunda";"23:15:00";"MG";50;"204";"DELTA";"Velocidade incompatível";"Colisão traseira";"Com Vítimas Feridas";"Plena noite";"Decrescente";"Ceu Claro";"Dupla";"Reta";"Rural";2;0;1;0;1;0;1;2
83526067;"18/12/16";"Domingo";"00:30:00";"RJ";116;"195,6";"QUEIMADOS";"Outras";"Colisão com objeto fixo";"Sem Vítimas";"Plena noite";"Crescente";"Ceu Claro";"Dupla";"Reta";"Rural";1;0;0;0;1;0;0;1
83526068;"21/12/16";"Quarta";"08:45:00";"RS";153;"20,3";"SEVERIANO DE ALMEIDA";"Velocidade incompatível";"Tombamento";"Com Vítimas Feridas";"Pleno dia";"Crescente";"Ceu Claro";"Simples";"Curva";"Rural";1;0;1;0;0;0;1;1
83526069;"18/12/16";"Domingo";"17:30:00";"MG";135;"602,9";"CURVELO";"Velocidade incompatível";"Colisão frontal";"Sem Vítimas";"Pleno dia";"Decrescente";"Sol";"Simples";"Reta";"Rural";3;0;0;0;2;1;0;3
83526070;"18/12/16";"Domingo";"01:50:00";"MG";40;"447";"CAETANOPOLIS";"Falta de atenção";"Queda de motocicleta / bicicleta / veículo";"Com Vítimas Feridas";"Plena noite";"Decrescente";"Ceu Claro";"Dupla";"Cruzamento";"Rural";2;0;1;1;0;0;2;1
83526071;"05/12/16";"Segunda";"19:30:00";"BA";324;"514";"FEIRA DE SANTANA";"Outras";"Queda de motocicleta / bicicleta / veículo";"Com Vítimas Feridas";"Plena noite";"Decrescente";"Nublado";"Simples";"Reta";"Urbano";1;0;1;0;0;0;1;1
83526072;"18/12/16";"Domingo";"05:30:00";"RN";427;"19";"ACARI";"Dormindo";"Capotamento";"Com Vítimas Fatais";"Amanhecer";"Crescente";"Ceu Claro";"Simples";"Reta";"Rural";1;1;0;0;0;0;0;1