"id";"data_inversa";"dia_semana";"horario";"uf";"br";"km";"municipio";"causa_acidente";"tipo_acidente";"classificacao_acidente";"fase_dia";"sentido_via";"condicao_metereologica";"tipo_pista";"tracado_via";"uso_solo";"pessoas";"mortos";"feridos_leves";"feridos_graves";"ilesos";"ignorados";"feridos";"veiculos"
83526073;"21/12/16";"Quarta";"09:10:00";"SE";101;"82";"LARANJEIRAS";"Não guardar distância de segurança";"Colisão traseira";"Com Vítimas Feridas";"Pleno dia";"Crescente";"Chuva";"Dupla";"Reta";"Rural";5;0;2;0;3;0;2;2
83526074;"17/12/16";"Sábado";"18:00:00";"RJ";40;"69";"PETROPOLIS";"Velocidade incompatível";"Saída de Pista";"Com Vítimas Feridas";"Pleno dia";"Decrescente";"Chuva";"Simples";"Curva";"Rural";1;0;1;0;0;0;1;1
83526075;"21/12/16";"Quarta";"07:30:00";"DF";40;"7,4";"BRASILIA";"Dormindo";"Capotamento";"Com Vítimas Feridas";"Pleno dia";"Crescente";"Ceu Claro";"Dupla";"Reta";"Urbano";1;0;1;0;0;0;1;1
83526076;"17/12/16";"Sábado";"21:00:00";"RJ";40;"62";"PETROPOLIS";"Falta de atenção";"Colisão traseira";"Sem Vítimas";"Plena noite";"Crescente";"Nublado";"Dupla";"Reta";"Rural";2;0;0;0;1;1;0;2
83526077;"21/12/16";"Quarta";"09:45:00";"PB";230;"125";"RIACHAO DO BACAMARTE";"Não guardar distância de segurança";"Colisão traseira";"Sem Vítimas";"Pleno dia";"Crescente";"Ceu Claro";"Simples";"Reta";"Rural";2;0;0;0;2;0;0;2
83526078;"18/12/16";"Domingo";"05:15:00";"ES";101;"148,7";"LINHARES";"Desobediência à sinalização";"Colisão Transversal";"Com Vítimas Feridas";"Amanhecer";"Crescente";"Nublado";"Múltipla";"Cruzamento";"Urbano";6;0;5;0;0;1;5;2
83526079;"21/12/16";"Quarta";"09:50:00";"PE";101;"104";"CABO DE SANTO AGOSTINHO";"Falta de atenção";"Colisão Transversal";"Com Vítimas Feridas";"Pleno dia";"Decrescente";"Ceu Claro";"Múltipla";"Reta";"Rural";3;0;1;1;1;0;2;2
83526080;"21/12/16";"Quarta";"07:40:00";"PI";343;"305,9";"ALTOS";"Não guardar distância de segurança";"Colisão traseira";"Com Vítimas Feridas";"Pleno dia";"Crescente";"Ceu Claro";"Simples";"Reta";"Urbano";2;0;1;0;1;0;1;2
83526081;"17/12/16";"Sábado";"15:35:00";"BA";116;"441,8";"FEIRA DE SANTANA";"Velocidade incompatível";"Capotamento";"Com Vítimas Feridas";"Pleno dia";"Decrescente";"Chuva";"Dupla";"Curva";"Rural";3;0;1;0;2;0;1;1
83526082;"21/12/16";"Quarta";"07:30:00";"GO";364;"193,3";"JATAI";"Velocidade incompatível";"Tombamento";"Sem Vítimas";"Amanhecer";"Crescente";"Nublado";"Dupla";"Reta";"Urbano";1;0;0;0;1;0;0;1
83526083;"21/12/16";"Quarta";"08:25:00";"RO";364;"341,8";"JI-PARANA";"Desobediência à sinalização";"Colisão lateral";"Sem Vítimas";"Pleno dia";"Decrescente";"Nublado";"Dupla";"Reta";"Urbano";2;0;0;0;2;0;0;2
83526084;"21/12/16";"Quarta";"09:10:00";"CE";116;"162,5";"RUSSAS";"Falta de atenção";"Colisão traseira";"Sem Vítimas";"Pleno dia";"Decrescente";"Ceu Claro";"Simples";"Reta";"Urbano";2;0;0;0;2;0;0;2
83526085;"18/12/16";"Domingo";"02:45:00";"MG";135;"561,3";"CURVELO";"Dormindo";"Colisão frontal";"Com Vítimas Feridas";"Plena noite";"Decrescente";"Nublado";"Simples";"Reta";"Rural";2;0;0;1;1;0;1;2
83526086;"17/12/16";"Sábado";"13:50:00";"PR";376;"538,4";"PALMEIRA";"Falta de atenção";"Colisão traseira";"Sem Vítimas";"Pleno dia";"Crescente";"Ceu Claro";"Múltipla";"Reta";"Rural";2;0;0;0;2;0;0;2
83526087;"21/12/16";"Quarta";"10:27:00";"RN";101;"71,3";"CEARA-MIRIM";"Falta de atenção";"Colisão Transversal";"Com Vítimas Feridas";"Pleno dia";"Crescente";"Ceu Claro";"Simples";"Reta";"Rural";2;0;0;1;1;0;1;2
83526088;"21/12/16";"Quarta";"10:20:00";"PR";369;"479,3";"CORBELIA";"Desobediência à sinalização";"Colisão Transversal";"Com Vítimas Feridas";"Pleno dia";"Crescente";"Nublado";"Simples";"Cruzamento";"Rural";2;0;1;0;1;0;1;2
83526089;"21/12/16";"Quarta";"12:45:00";"PR";277;"678,1";"MEDIANEIRA";"Outras";"Saída de Pista";"Com Vítimas Feridas";"Pleno dia";"Crescente";"Chuva";"Dupla";"Reta";"Rural";1;0;1;0;0;0;1;1
83526090;"21/12/16";"Quarta";"08:30:00";"MT";364;"66";"ALTO GARCAS";"Outras";"Incêndio";"Sem Vítimas";"Pleno dia";"Decrescente";"Ceu Claro";"Simples";"Curva";"Rural";1;0;0;0;1;0;0;1
83526091;"21/12/16";"Quarta";"08:50:00";"CE";20;"411";"CAUCAIA";"Falta de atenção";"Colisão lateral";"Com Vítimas Feridas";"Pleno dia";"Crescente";"Ceu Claro";"Dupla";"Curva";"Urbano";3;0;2;0;1;0;2;2
83526092;"17/12/16";"Sábado";"13:34:00";"GO";153;"540,1";"HIDROLANDIA";"Defeito mecânico em veículo";"Capotamento";"Com Vítimas Feridas";"Pleno dia";"Crescente";"Sol";"Dupla";"Reta";"Rural";2;0;2;0;0;0;2;1
83526093;"21/12/16";"Quarta";"07:40:00";"MG";40;"509";"RIBEIRAO DAS NEVES";"Não guardar distância de segurança";"Colisão traseira";"Com Vítimas Feridas";"Pleno dia";"Crescente";"Ceu Claro";"Dupla";"Reta";"Urbano";2;0;1;0;1;0;1;2
83526094;"18/12/16";"Domingo";"02:45:00";"SC";470;"62,5";"BLUMENAU";"Outras";"Colisão lateral";"Ignorado";"Plena noite";"Decrescente";"Chuva";"Simples";"Reta";"Urbano";2;0;0;0;0;2;0;2
83526095;"18/12/16";"Domingo";"05:00:00";"MS";262;"98,7";"AGUA CLARA";"Outras";"Saída de Pista";"Com Vítimas Feridas";"Amanhecer";"Decrescente";"Ceu Claro";"Simples";"Reta";"Rural";2;0;2;0;0;0;2;1
83526096;"06/12/16";"Terça";"17:50:00";"PB";230;"123,1";"RIACHAO DO BACAMARTE";"Falta de atenção";"Capotamento";"Com Vítimas Feridas";"Plena noite";"Crescente";"Ceu Claro";"Dupla";"Reta";"Rural";1;0;1;0;0;0;1;1
83526097;"21/12/16";"Quarta";"05:40:00";"MS";158;"127,2";"APARECIDA DO TABOADO";"Outras";"Saída de Pista";"Com Vítimas Feridas";"Amanhecer";"Crescente";"Chuva";"Simples";"Reta";"Rural";1;0;1;0;0;0;1;1
83526098;"21/12/16";"Quarta";"11:15:00";"MT";158;"779";"BARRA DO GARCAS";"Falta de atenção";"Capotamento";"Com Vítimas Feridas";"Pleno dia";"Decrescente";"Ceu Claro";"Simples";"Reta";"Rural";3;0;3;0;0;0;3;1
83526099;"07/11/16";"Segunda";"17:45:00";"CE";116;"42";"HORIZONTE";"Falta de atenção";"Colisão lateral";"Com Vítimas Feridas";"Anoitecer";"Decrescente";"Ceu Claro";"Simples";"Reta";"Urbano";2;0;0;1;1;0;1;2
83526100;"21/12/16";"Quarta";"12:15:00";"GO";60;"5,7";"APARECIDA DE GOIANIA";"Falta de atenção";"Atropelamento de pessoa";"Com Vítimas Feridas";"Pleno dia";"Decrescente";"Sol";"Dupla";"Reta";"Urbano";2;0;1;1;0;0;2;1
83526101;"21/12/16";"Quarta";"13:50:00";"SP";116;"88";"PINDAMONHANGABA";"Outras";"Saída de Pista";"Sem Vítimas";"Pleno dia";"Decrescente";"Nublado";"Dupla";"Reta";"Urbano";5;0;0;0;5;0;0;1
83526102;"21/12/16";"Quarta";"08:59:00";"SP";116;"147,9";"SAO JOSE DOS CAMPOS";"Outras";"Colisão com objeto móvel";"Com Vítimas Feridas";"Pleno dia";"Crescente";"Sol";"Dupla";"Curva";"Urbano";2;0;1;0;0;1;1;2
83526103;"19/12/16";"Segunda";"21:16:00";"PR";277;"99,5";"CURITIBA";"Falta de atenção";"Atropelamento de pessoa";"Com Vítimas Feridas";"Plena noite";"Decrescente";"Ceu Claro";"Dupla";"Reta";"Urbano";2;0;0;1;1;0;1;1
83526104;"13/12/16";"Terça";"20:15:00";"PR";277;"21";"MORRETES";"Falta de atenção";"Colisão com objeto fixo";"Com Vítimas Feridas";"Plena noite";"Crescente";"Vento";"Dupla";"Reta";"Rural";1;0;1;0;0;0;1;1
83526105;"21/01/16";"Quinta";"14:30:00";"MG";116;"761";"LEOPOLDINA";"Falta de atenção";"Colisão Transversal";"Com Vítimas Feridas";"Pleno dia";"Decrescente";"Ceu Claro";"Simples";"Cruzamento";"Urbano";2;0;2;0;0;0;2;2
83526106;"21/12/16";"Quarta";"12:00:00";"BA";242;"788";"BARREIRAS";"Falta de atenção";"Colisão lateral";"Sem Vítimas";"Pleno dia";"Crescente";"Ceu Claro";"Simples";"Cruzamento";"Urbano";2;0;0;0;2;0;0;2
83526107;"18/12/16";"Domingo";"04:50:00";"SP";153;"170,2";"GUAICARA";"Dormindo";"Saída de Pista";"Com Vítimas Feridas";"Plena noite";"Decrescente";"Ceu Claro";"Simples";"Reta";"Rural";3;0;0;2;1;0;2;1
83526108;"17/12/16";"Sábado";"20:30:00";"AM";230;"610";"HUMAITA";"Ingestão de álcool";"Colisão Transversal";"Com Vítimas Feridas";"Anoitecer";"Crescente";"Ceu Claro";"Múltipla";"Curva";"Urbano";4;0;1;1;2;0;2;4
83526109;"21/12/16";"Quarta";"07:40:00";"SC";470;"52";"BLUMENAU";"Ingestão de álcool";"Colisão lateral";"Sem Vítimas";"Pleno dia";"Decrescente";"Nublado";"Simples";"Curva";"Urbano";2;0;0;0;2;0;0;2
83526110;"21/12/16";"Quarta";"14:00:00";"MT";174;"19";"CACERES";"Falta de atenção";"Colisão lateral";"Sem Vítimas";"Pleno dia";"Decrescente";"Nublado";"Simples";"Reta";"Rural";7;0;0;0;7;0;0;2
83526111;"17/12/16";"Sábado";"23:20:00";"BA";116;"345";"TEOFILANDIA";"Defeito mecânico em veículo";"Colisão traseira";"Com Vítimas Fatais";"Plena noite";"Crescente";"Nublado";"Simples";"Reta";"Rural";4;1;1;1;0;1;2;2
83526112;"21/12/16";"Quarta";"13:15:00";"SC";101;"254,4";"PAULO LOPES";"Falta de atenção";"Saída de Pista";"Sem Vítimas";"Pleno dia";"Decrescente";"Chuva";"Dupla";"Reta";"Urbano";1;0;0;0;1;0;0;1
83526113;"21/12/16";"Quarta";"11:00:00";"PR";476;"121";"CURITIBA";"Ingestão de álcool";"Colisão lateral";"Sem Vítimas";"Pleno dia";"Crescente";"Ceu Claro";"Dupla";"Reta";"Rural";2;0;0;0;2;0;0;2
83526114;"19/12/16";"Segunda";"23:20:00";"RO";364;"229,4";"CACOAL";"Falta de atenção";"Colisão lateral";"Sem Vítimas";"Plena noite";"Decrescente";"Nublado";"Simples";"Reta";"Rural";5;0;0;0;5;0;0;2
83526115;"21/12/16";"Quarta";"14:30:00";"PA";163;"1000";"SANTAREM";"Outras";"Colisão lateral";"Com Vítimas Feridas";"Pleno dia";"Crescente";"Nublado";"Simples";"Reta";"Urbano";2;0;1;0;1;0;1;2
83526116;"21/12/16";"Quarta";"08:40:00";"MT";158;"568,7";"AGUA BOA";"Outras";"Tombamento";"Com Vítimas Feridas";"Pleno dia";"Decrescente";"Nublado";"Múltipla";"Reta";"Urbano";1;0;1;0;0;0;1;1
83526117;"21/12/16";"Quarta";"06:50:00";"MG";40;"629,2";"CONSELHEIRO LAFAIETE";"Falta de atenção";"Colisão com objeto fixo";"Sem Vítimas";"Amanhecer";"Crescente";"Ceu Claro";"Simples";"Reta";"Urbano";1;0;0;0;1;0;0;1
83526118;"19/12/16";"Segunda";"00:45:00";"SE";235;"40,9";"AREIA BRANCA";"Velocidade incompatível";"Saída de Pista";"Com Vítimas Feridas";"Plena noite";"Crescente";"Ceu Claro";"Simples";"Curva";"Rural";1;0;1;0;0;0;1;1
83526119;"18/12/16";"Domingo";"00:30:00";"PR";163;"284";"MARECHAL CANDIDO RONDON";"Ingestão de álcool";"Colisão lateral";"Sem Vítimas";"Plena noite";"Decrescente";"Nublado";"Simples";"Reta";"Urbano";2;0;0;0;2;0;0;2
83526120;"19/12/16";"Segunda";"05:10:00";"SE";101;"195,9";"CRISTINAPOLIS";"Ultrapassagem indevida";"Colisão frontal";"Com Vítimas Fatais";"Amanhecer";"Decrescente";"Ceu Claro";"Simples";"Curva";"Rural";4;2;2;0;0;0;2;2
83526121;"21/12/16";"Quarta";"13:45:00";"MG";116;"433,2";"GOVERNADOR VALADARES";"Falta de atenção";"Colisão lateral";"Com Vítimas Feridas";"Pleno dia";"Decrescente";"Sol";"Simples";"Reta";"Rural";2;0;0;1;1;0;1;2
83526122;"21/12/16";"Quarta";"05:22:00";"MT";364;"235";"RONDONOPOLIS";"Falta de atenção";"Colisão traseira";"Sem Vítimas";"Amanhecer";"Decrescente";"Ceu Claro";"Simples";"Reta";"Rural";2;0;0;0;2;0;0;2
83526123;"17/12/16";"Sábado";"08:35:00";"RJ";116;"77";"TERESOPOLIS";"Outras";"Colisão traseira";"Com Vítimas Feridas";"Pleno dia";"Decrescente";"Nublado";"Simples";"Reta";"Urbano";2;0;1;0;1;0;1;2
83526124;"21/12/16";"Quarta";"15:15:00";"GO";60;"367,9";"RIO VERDE";"Outras";"Saída de Pista";"Sem Vítimas";"Pleno dia";"Decrescente";"Chuva";"Dupla";"Reta";"Rural";1;0;0;0;1;0;0;1
83526125;"17/12/16";"Sábado";"17:10:00";"PB";230;"95,1";"GURINHEM";"Defeito na via";"Saída de Pista";"Sem Vítimas";"Anoitecer";"Crescente";"Chuva";"Dupla";"Reta";"Urbano";1;0;0;0;1;0;0;1
83526126;"18/12/16";"Domingo";"12:30:00";"RO";364;"708";"PORTO VELHO";"Desobediência à sinalização";"Colisão traseira";"Com Vítimas Feridas";"Pleno dia";"Crescente";"Nublado";"Dupla";"Reta";"Urbano";2;0;1;1;0;0;2;2
83526127;"17/12/16";"Sábado";"18:30:00";"MG";262;"368";"JUATUBA";"Outras";"Queda de motocicleta / bicicleta / veículo";"Com Vítimas Feridas";"Pleno dia";"Decrescente";"Ceu Claro";"Dupla";"Reta";"Urbano";1;0;0;1;0;0;1;1
83526129;"21/12/16";"Quarta";"12:20:00";"MG";135;"430,5";"ENGENHEIRO NAVARRO";"Velocidade incompatível";"Colisão frontal";"Com Vítimas Feridas";"Pleno dia";"Decrescente";"Ceu Claro";"Simples";"Reta";"Rural";5;0;4;0;1;0;4;2
83526130;"21/12/16";"Quarta";"11:00:00";"MA";135;"145";"MATOES DO NORTE";"Outras";"Colisão frontal";"Com Vítimas Feridas";"Pleno dia";"Crescente";"Nublado";"Simples";"Reta";"Rural";3;0;2;1;0;0;3;2
83526131;"21/12/16";"Quarta";"11:40:00";"SC";280;"207";"MAFRA";"Outras";"Colisão frontal";"Com Vítimas Feridas";"Pleno dia";"Crescente";"Chuva";"Dupla";"Reta";"Rural";4;0;1;1;2;0;2;2
83526132;"17/12/16";"Sábado";"11:40:00";"BA";101;"718";"EUNAPOLIS";"Desobediência à sinalização";"Colisão Transversal";"Com Vítimas Feridas";"Pleno dia";"Decrescente";"Ceu Claro";"Simples";"Reta";"Urbano";2;0;1;0;0;1;1;2
83526133;"20/12/16";"Terça";"00:09:00";"BA";101;"22,6";"RIO REAL";"Defeito mecânico em veículo";"Tombamento";"Com Vítimas Feridas";"Plena noite";"Crescente";"Ceu Claro";"Simples";"Reta";"Rural";8;0;7;0;1;0;7;1
83526134;"21/12/16";"Quarta";"14:55:00";"MG";381;"925";"ITAPEVA";"Velocidade incompatível";"Colisão com objeto fixo";"Com Vítimas Feridas";"Pleno dia";"Crescente";"Chuva";"Dupla";"Curva";"Rural";1;0;0;1;0;0;1;1
83526135;"21/12/16";"Quarta";"11:30:00";"RS";116;"312";"GUAIBA";"Outras";"Atropelamento de pessoa";"Com Vítimas Feridas";"Pleno dia";"Crescente";"Sol";"Simples";"Curva";"Rural";3;0;1;0;2;0;1;1
83526136;"20/12/16";"Terça";"01:55:00";"MG";381;"630,2";"OLIVEIRA";"Dormindo";"Colisão traseira";"Sem Vítimas";"Plena noite";"Decrescente";"Nublado";"Dupla";"Curva";"Rural";2;0;0;0;2;0;0;2
83526137;"21/12/16";"Quarta";"16:35:00";"GO";60;"128";"GOIANAPOLIS";"Falta de atenção";"Colisão traseira";"Com Vítimas Feridas";"Pleno dia";"Decrescente";"Nublado";"Dupla";"Reta";"Rural";2;0;1;0;1;0;1;2
83526138;"21/12/16";"Quarta";"12:00:00";"CE";20;"420";"MARACANAU";"Falta de atenção";"Colisão lateral";"Sem Vítimas";"Pleno dia";"Crescente";"Sol";"Simples";"Reta";"Urbano";2;0;0;0;2;0;0;2
83526139;"17/12/16";"Sábado";"23:00:00";"RJ";116;"49";"TERESOPOLIS";"Outras";"Colisão frontal";"Com Vítimas Fatais";"Plena noite";"Crescente";"Chuva";"Simples";"Curva";"Rural";6;3;0;2;1;0;2;2
83526140;"21/12/16";"Quarta";"11:25:00";"SC";101;"146,6";"ITAPEMA";"Velocidade incompatível";"Colisão com objeto fixo";"Com Vítimas Feridas";"Pleno dia";"Decrescente";"Chuva";"Dupla";"Reta";"Urbano";2;0;2;0;0;0;2;2
83526141;"17/12/16";"Sábado";"20:05:00";"MG";40;"729";"OLIVEIRA FORTES";"Velocidade incompatível";"Colisão com objeto fixo";"Sem Vítimas";"Plena noite";"Decrescente";"Chuva";"Dupla";"Reta";"Rural";1;0;0;0;1;0;0;1
83526142;"18/12/16";"Domingo";"06:30:00";"MG";381;"533,4";"ITATIAIUCU";"Ingestão de álcool";"Colisão com objeto fixo";"Com Vítimas Feridas";"Amanhecer";"Decrescente";"Nevoeiro/neblina";"Dupla";"Curva";"Rural";1;0;1;0;0;0;1;1
83526143;"21/12/16";"Quarta";"17:00:00";"RJ";101;"398";"ITAGUAI";"Defeito mecânico em veículo";"Colisão com objeto fixo";"Sem Vítimas";"Pleno dia";"Crescente";"Sol";"Dupla";"Reta";"Urbano";1;0;0;0;1;0;0;1
83526144;"19/12/16";"Segunda";"17:15:00";"PR";163;"309,9";"MARECHAL CANDIDO RONDON";"Outras";"Colisão frontal";"Com Vítimas Fatais";"Pleno dia";"Crescente";"Chuva";"Simples";"Reta";"Rural";4;4;0;0;0;0;0;2
83526145;"21/12/16";"Quarta";"18:00:00";"RS";101;"76";"OSORIO";"Falta de atenção";"Tombamento";"Com Vítimas Feridas";"Pleno dia";"Crescente";"Sol";"Dupla";"Curva";"Rural";2;0;1;0;1;0;1;1
83526146;"18/12/16";"Domingo";"06:30:00";"RJ";40;"87";"PETROPOLIS";"Outras";"Saída de Pista";"Com Vítimas Feridas";"Amanhecer";"Decrescente";"Chuva";"Simples";"Curva";"Rural";1;0;1;0;0;0;1;1
83526147;"21/12/16";"Quarta";"17:50:00";"PR";277;"584";"CASCAVEL";"Outras";"Colisão traseira";"Com Vítimas Feridas";"Pleno dia";"Decrescente";"Ceu Claro";"Simples";"Reta";"Urbano";2;0;1;0;1;0;1;2
83526148;"21/12/16";"Quarta";"17:10:00";"RS";285;"419,5";"PANAMBI";"Defeito mecânico em veículo";"Saída de Pista";"Sem Vítimas";"Pleno dia";"Decrescente";"Ceu Claro";"Simples";"Reta";"Rural";1;0;0;0;1;0;0;1
83526149;"21/12/16";"Quarta";"11:30:00";"MG";365;"189";"BURITIZEIRO";"Defeito na via";"Capotamento";"Sem Vítimas";"Pleno dia";"Decrescente";"Ceu Claro";"Simples";"Curva";"Rural";1;0;0;0;1;0;0;1
83526150;"20/12/16";"Terça";"09:00:00";"RJ";101;"294";"ITABORAI";"Falta de atenção";"Colisão com bicicleta";"Com Vítimas Feridas";"Pleno dia";"Crescente";"Sol";"Dupla";"Reta";"Urbano";2;0;0;1;1;0;1;2
83526152;"21/12/16";"Quarta";"17:00:00";"GO";153;"673,1";"PANAMA";"Não guardar distância de segurança";"Colisão traseira";"Sem Vítimas";"Pleno dia";"Crescente";"Ceu Claro";"Dupla";"Reta";"Rural";2;0;0;0;2;0;0;2
83526153;"21/12/16";"Quarta";"10:00:00";"MG";365;"479";"PATROCINIO";"Ingestão de álcool";"Saída de Pista";"Com Vítimas Feridas";"Pleno dia";"Crescente";"Ceu Claro";"Simples";"Curva";"Rural";1;0;1;0;0;0;1;1
83526154;"11/12/16";"Domingo";"21:40:00";"SC";101;"120";"ITAJAI";"Velocidade incompatível";"Queda de motocicleta / bicicleta / veículo";"Com Vítimas Feridas";"Plena noite";"Decrescente";"Chuva";"Dupla";"Reta";"Urbano";1;0;0;1;0;0;1;1
83526155;"20/12/16";"Terça";"14:00:00";"PE";232;"482,5";"VERDEJANTE";"Falta de atenção";"Queda de motocicleta / bicicleta / veículo";"Com Vítimas Feridas";"Pleno dia";"Crescente";"Ceu Claro";"Simples";"Reta";"Urbano";1;0;0;1;0;0;1;1
83526156;"20/12/16";"Terça";"07:40:00";"MG";381;"638,2";"SANTO ANTONIO DO AMPARO";"Dormindo";"Saída de Pista";"Com Vítimas Feridas";"Amanhecer";"Decrescente";"Ceu Claro";"Dupla";"Reta";"Rural";4;0;1;0;3;0;1;1
83526157;"21/12/16";"Quarta";"11:30:00";"PB";230;"126,5";"RIACHAO DO BACAMARTE";"Falta de atenção";"Atropelamento de pessoa";"Com Vítimas Feridas";"Pleno dia";"Crescente";"Ceu Claro";"Dupla";"Reta";"Rural";2;0;0;1;0;1;1;1
83526158;"21/12/16";"Quarta";"14:00:00";"RS";386;"50";"SEBERI";"Falta de atenção";"Colisão Transversal";"Sem Vítimas";"Pleno dia";"Decrescente";"Ceu Claro";"Simples";"Reta";"Urbano";2;0;0;0;2;0;0;2
83526159;"21/12/16";"Quarta";"17:25:00";"RJ";116;"131";"MAGE";"Outras";"Queda de motocicleta / bicicleta / veículo";"Com Vítimas Feridas";"Pleno dia";"Crescente";"Ceu Claro";"Dupla";"Reta";"Urbano";1;0;1;0;0;0;1;1
83526160;"18/12/16";"Domingo";"06:45:00";"MG";381;"532";"ITATIAIUCU";"Dormindo";"Capotamento";"Com Vítimas Feridas";"Amanhecer";"Crescente";"Nevoeiro/neblina";"Dupla";"Curva";"Rural";4;0;2;0;2;0;2;1
83526161;"21/12/16";"Quarta";"17:30:00";"SP";116;"396,5";"MIRACATU";"Velocidade incompatível";"Saída de Pista";"Sem Vítimas";"Pleno dia";"Decrescente";"Chuva";"Dupla";"Reta";"Rural";1;0;0;0;1;0;0;1
83526162;"21/12/16";"Quarta";"17:00:00";"RJ";101;"422";"MANGARATIBA";"Outras";"Colisão traseira";"Sem Vítimas";"Pleno dia";"Decrescente";"Ceu Claro";"Simples";"Reta";"Urbano";2;0;0;0;2;0;0;2
83526163;"21/12/16";"Quarta";"06:30:00";"RJ";356;"65";"CAMPOS DOS GOYTACAZES";"Falta de atenção";"Tombamento";"Sem Vítimas";"Amanhecer";"Crescente";"Ceu Claro";"Simples";"Curva";"Rural";1;0;0;0;1;0;0;1
83526164;"21/12/16";"Quarta";"17:10:00";"SC";280;"22,4";"ARAQUARI";"Falta de atenção";"Colisão Transversal";"Com Vítimas Feridas";"Pleno dia";"Decrescente";"Chuva";"Simples";"Reta";"Urbano";2;0;1;0;1;0;1;2
83526165;"17/12/16";"Sábado";"10:30:00";"PB";101;"94,4";"CONDE";"Defeito na via";"Colisão com objeto fixo";"Sem Vítimas";"Pleno dia";"Decrescente";"Chuva";"Dupla";"Curva";"Rural";3;0;0;0;3;0;0;1
83526166;"17/12/16";"Sábado";"04:20:00";"MG";354;"758";"ITAMONTE";"Velocidade incompatível";"Capotamento";"Sem Vítimas";"Plena noite";"Crescente";"Ceu Claro";"Simples";"Curva";"Rural";4;0;0;0;4;0;0;1
83526167;"13/07/16";"Quarta";"14:30:00";"AL";104;"52,9";"MURICI";"Outras";"Saída de Pista";"Sem Vítimas";"Pleno dia";"Crescente";"Nublado";"Simples";"Curva";"Rural";2;0;0;0;2;0;0;1
83526169;"21/12/16";"Quarta";"17:20:00";"RS";116;"401,4";"CAMAQUA";"Não guardar distância de segurança";"Colisão traseira";"Sem Vítimas";"Pleno dia";"Decrescente";"Ceu Claro";"Simples";"Reta";"Rural";2;0;0;0;2;0;0;2
83526170;"21/12/16";"Quarta";"11:15:00";"MG";40;"352,3";"FELIXLANDIA";"Dormindo";"Saída de Pista";"Com Vítimas Feridas";"Pleno dia";"Crescente";"Ceu Claro";"Simples";"Reta";"Rural";2;0;2;0;0;0;2;1
83526171;"13/12/16";"Terça";"12:15:00";"MG";50;"171";"UBERABA";"Não guardar distância de segurança";"Colisão traseira";"Com Vítimas Feridas";"Pleno dia";"Decrescente";"Ceu Claro";"Dupla";"Reta";"Urbano";2;0;1;0;1;0;1;2
83526172;"14/12/16";"Quarta";"17:30:00";"SP";116;"73";"APARECIDA";"Outras";"Saída de Pista";"Sem Vítimas";"Pleno dia";"Decrescente";"Nublado";"Dupla";"Curva";"Rural";1;0;0;0;1;0;0;1
83526173;"21/12/16";"Quarta";"18:35:00";"PR";476;"151,7";"ARAUCARIA";"Falta de atenção";"Atropelamento de pessoa";"Com Vítimas Feridas";"Pleno dia";"Decrescente";"Nublado";"Dupla";"Reta";"Urbano";2;0;1;0;1;0;1;1
83526174;"21/12/16";"Quarta";"17:00:00";"SP";116;"324";"JUQUITIBA";"Falta de atenção";"Saída de Pista";"Sem Vítimas";"Pleno dia";"Crescente";"Chuva";"Dupla";"Reta";"Rural";5;0;0;0;5;0;0;1
83526175;"21/12/16";"Quarta";"15:00:00";"CE";20;"429";"FORTALEZA";"Falta de atenção";"Colisão traseira";"Com Vítimas Feridas";"Pleno dia";"Crescente";"Sol";"Dupla";"Reta";"Urbano";2;0;1;0;1;0;1;2
83526176;"21/12/16";"Quarta";"18:00:00";"MA";316;"570,5";"CAXIAS";"Defeito mecânico em veículo";"Queda de motocicleta / bicicleta / veículo";"Com Vítimas Feridas";"Anoitecer";"Crescente";"Ceu Claro";"Simples";"Reta";"Rural";2;0;1;1;0;0;2;1
83526177;"18/12/16";"Domingo";"18:00:00";"MG";50;"140";"UBERABA";"Dormindo";"Capotamento";"Com Vítimas Feridas";"Pleno dia";"Decrescente";"Nublado";"Dupla";"Reta";"Rural";2;0;1;0;1;0;1;2
83526178;"21/12/16";"Quarta";"18:50:00";"PA";163;"1000";"SANTAREM";"Outras";"Colisão lateral";"Com Vítimas Feridas";"Pleno dia";"Decrescente";"Ceu Claro";"Dupla";"Cruzamento";"Urbano";2;0;1;0;1;0;1;2
83526179;"21/12/16";"Quarta";"17:10:00";"SC";280;"260,1";"CANOINHAS";"Falta de atenção";"Colisão Transversal";"Sem Vítimas";"Pleno dia";"Decrescente";"Ceu Claro";"Simples";"Cruzamento";"Rural";2;0;0;0;2;0;0;2
83526180;"21/12/16";"Quarta";"14:20:00";"PR";476;"208,2";"LAPA";"Outras";"Saída de Pista";"Sem Vítimas";"Pleno dia";"Crescente";"Chuva";"Simples";"Curva";"Rural";1;0;0;0;1;0;0;1
83526181;"21/12/16";"Quarta";"15:30:00";"TO";153;"139";"ARAGUAINA";"Outras";"Colisão lateral";"Sem Vítimas";"Pleno dia";"Crescente";"Ceu Claro";"Dupla";"Reta";"Urbano";6;0;0;0;5;1;0;2
83526182;"21/12/16";"Quarta";"16:50:00";"GO";80;"120,3";"BARRO ALTO";"Falta de atenção";"Saída de Pista";"Sem Vítimas";"Pleno dia";"Decrescente";"Ceu Claro";"Simples";"Reta";"Urbano";1;0;0;0;1;0;0;1
83526183;"09/12/16";"Sexta";"21:00:00";"BA";101;"177";"FEIRA DE SANTANA";"Outras";"Tombamento";"Sem Vítimas";"Plena noite";"Decrescente";"Ceu Claro";"Simples";"Reta";"Rural";1;0;0;0;1;0;0;1