"id";"data_inversa";"dia_semana";"horario";"uf";"br";"km";"municipio";"causa_acidente";"tipo_acidente";"classificacao_acidente";"fase_dia";"sentido_via";"condicao_metereologica";"tipo_pista";"tracado_via";"uso_solo";"pessoas";"mortos";"feridos_leves";"feridos_graves";"ilesos";"ignorados";"feridos";"veiculos"
83526184;"21/12/16";"Quarta";"14:00:00";"SP";116;"283,5";"EMBU";"Falta de atenção";"Atropelamento de pessoa";"Com Vítimas Feridas";"Pleno dia";"Crescente";"Sol";"Dupla";"Reta";"Urbano";2;0;0;1;1;0;1;1
83526185;"21/12/16";"Quarta";"10:40:00";"PR";476;"277";"SAO MATEUS DO SUL";"Falta de atenção";"Atropelamento de pessoa";"Com Vítimas Fatais";"Pleno dia";"Crescente";"Chuva";"Simples";"Reta";"Urbano";3;1;0;0;2;0;0;1
83526186;"21/12/16";"Quarta";"16:30:00";"MG";354;"747";"POUSO ALTO";"Velocidade incompatível";"Saída de Pista";"Com Vítimas Feridas";"Pleno dia";"Decrescente";"Ceu Claro";"Simples";"Curva";"Rural";1;0;1;0;0;0;1;1
83526187;"21/12/16";"Quarta";"17:40:00";"RN";110;"47,8";"MOSSORO";"Outras";"Colisão lateral";"Com Vítimas Fatais";"Anoitecer";"Crescente";"Nublado";"Simples";"Reta";"Urbano";2;1;0;0;0;1;0;2
83526188;"21/12/16";"Quarta";"16:40:00";"MG";116;"122";"ITAOBIM";"Falta de atenção";"Colisão lateral";"Sem Vítimas";"Pleno dia";"Decrescente";"Ceu Claro";"Simples";"Reta";"Rural";2;0;0;0;2;0;0;2
83526189;"21/12/16";"Quarta";"19:00:00";"MS";158;"82";"PARANAIBA";"Falta de atenção";"Saída de Pista";"Sem Vítimas";"Anoitecer";"Decrescente";"Chuva";"Simples";"Reta";"Rural";3;0;0;0;3;0;0;1
83526190;"21/12/16";"Quarta";"17:40:00";"MG";381;"491,3";"BETIM";"Falta de atenção";"Colisão traseira";"Com Vítimas Feridas";"Pleno dia";"Decrescente";"Sol";"Dupla";"Reta";"Urbano";12;0;1;0;11;0;1;4
83526191;"21/12/16";"Quarta";"18:57:00";"MT";70;"524";"VARZEA GRANDE";"Falta de atenção";"Colisão traseira";"Com Vítimas Feridas";"Anoitecer";"Crescente";"Nublado";"Simples";"Reta";"Urbano";3;0;1;0;2;0;1;2
83526192;"21/12/16";"Quarta";"16:30:00";"MT";174;"16";"CACERES";"Defeito mecânico em veículo";"Colisão lateral";"Sem Vítimas";"Pleno dia";"Decrescente";"Nublado";"Simples";"Reta";"Rural";2;0;0;0;2;0;0;2
83526193;"21/12/16";"Quarta";"19:10:00";"PR";277;"672,3";"MEDIANEIRA";"Outras";"Capotamento";"Com Vítimas Feridas";"Pleno dia";"Decrescente";"Ceu Claro";"Dupla";"Reta";"Urbano";1;0;1;0;0;0;1;1
83526194;"21/12/16";"Quarta";"17:40:00";"PR";369;"52";"BANDEIRANTES";"Defeito mecânico em veículo";"Colisão Transversal";"Com Vítimas Feridas";"Pleno dia";"Crescente";"Ceu Claro";"Simples";"Cruzamento";"Rural";4;0;1;0;3;0;1;2
83526195;"21/12/16";"Quarta";"19:50:00";"RJ";40;"110";"DUQUE DE CAXIAS";"Não guardar distância de segurança";"Colisão lateral";"Com Vítimas Feridas";"Plena noite";"Decrescente";"Ceu Claro";"Dupla";"Reta";"Urbano";3;0;1;0;2;0;1;3
83526196;"21/12/16";"Quarta";"19:05:00";"PE";232;"128";"CARUARU";"Ultrapassagem indevida";"Colisão frontal";"Com Vítimas Feridas";"Plena noite";"Decrescente";"Ceu Claro";"Múltipla";"Reta";"Urbano";2;0;0;1;1;0;1;2
83526197;"21/12/16";"Quarta";"14:00:00";"MG";381;"620";"OLIVEIRA";"Outras";"Queda de motocicleta / bicicleta / veículo";"Com Vítimas Feridas";"Pleno dia";"Crescente";"Nublado";"Simples";"Curva";"Rural";1;0;1;0;0;0;1;1
83526198;"21/12/16";"Quarta";"17:00:00";"PE";101;"107";"ESCADA";"Ultrapassagem indevida";"Capotamento";"Sem Vítimas";"Pleno dia";"Decrescente";"Nublado";"Dupla";"Reta";"Urbano";1;0;0;0;1;0;0;1
83526199;"18/12/16";"Domingo";"05:30:00";"SP";116;"225";"GUARULHOS";"Falta de atenção";"Colisão traseira";"Com Vítimas Feridas";"Amanhecer";"Crescente";"Ceu Claro";"Múltipla";"Reta";"Urbano";2;0;1;0;1;0;1;2
83526200;"21/12/16";"Quarta";"14:20:00";"SP";116;"219";"GUARULHOS";"Outras";"Colisão lateral";"Com Vítimas Feridas";"Pleno dia";"Crescente";"Sol";"Dupla";"Reta";"Urbano";4;0;1;1;2;0;2;2
83526201;"21/12/16";"Quarta";"19:15:00";"PR";476;"116";"COLOMBO";"Falta de atenção";"Colisão Transversal";"Com Vítimas Feridas";"Pleno dia";"Decrescente";"Sol";"Dupla";"Cruzamento";"Urbano";3;0;1;1;1;0;2;2
83526202;"21/12/16";"Quarta";"20:00:00";"SP";116;"226";"GUARULHOS";"Não guardar distância de segurança";"Colisão traseira";"Com Vítimas Feridas";"Plena noite";"Decrescente";"Nublado";"Múltipla";"Reta";"Urbano";2;0;1;0;0;1;1;2
83526203;"21/12/16";"Quarta";"19:00:00";"RS";116;"494,3";"PELOTAS";"Outras";"Colisão lateral";"Sem Vítimas";"Pleno dia";"Crescente";"Ceu Claro";"Simples";"Reta";"Rural";3;0;0;0;3;0;0;3
83526204;"21/12/16";"Quarta";"14:45:00";"AL";101;"88";"RIO LARGO";"Ultrapassagem indevida";"Colisão lateral";"Com Vítimas Feridas";"Pleno dia";"Decrescente";"Nublado";"Simples";"Curva";"Rural";3;0;0;2;1;0;2;2
83526205;"21/12/16";"Quarta";"20:35:00";"SP";153;"41";"ONDA VERDE";"Defeito mecânico em veículo";"Queda de motocicleta / bicicleta / veículo";"Com Vítimas Feridas";"Plena noite";"Decrescente";"Nublado";"Simples";"Reta";"Rural";2;0;2;0;0;0;2;1
83526206;"21/12/16";"Quarta";"20:12:00";"AL";104;"35";"UNIAO DOS PALMARES";"Ingestão de álcool";"Queda de motocicleta / bicicleta / veículo";"Com Vítimas Feridas";"Plena noite";"Crescente";"Ceu Claro";"Simples";"Reta";"Urbano";1;0;0;1;0;0;1;1
83526207;"21/12/16";"Quarta";"19:00:00";"MG";354;"770";"ITAMONTE";"Velocidade incompatível";"Queda de motocicleta / bicicleta / veículo";"Com Vítimas Feridas";"Anoitecer";"Decrescente";"Ceu Claro";"Simples";"Curva";"Rural";1;0;0;1;0;0;1;1
83526208;"21/12/16";"Quarta";"21:00:00";"SC";470;"140";"RIO DO SUL";"Falta de atenção";"Colisão Transversal";"Com Vítimas Feridas";"Plena noite";"Decrescente";"Nublado";"Simples";"Reta";"Urbano";2;0;1;0;1;0;1;2
83526209;"21/12/16";"Quarta";"15:30:00";"PR";153;"396,1";"MALLET";"Animais na Pista";"Atropelamento de animal";"Com Vítimas Feridas";"Pleno dia";"Crescente";"Nublado";"Simples";"Curva";"Rural";1;0;1;0;0;0;1;1
83526210;"21/12/16";"Quarta";"14:50:00";"SC";470;"105,7";"APIUNA";"Velocidade incompatível";"Capotamento";"Sem Vítimas";"Pleno dia";"Crescente";"Chuva";"Simples";"Curva";"Urbano";1;0;0;0;1;0;0;1
83526211;"21/12/16";"Quarta";"20:00:00";"RS";290;"92";"PORTO ALEGRE";"Outras";"Queda de motocicleta / bicicleta / veículo";"Com Vítimas Feridas";"Pleno dia";"Decrescente";"Ceu Claro";"Simples";"Curva";"Urbano";1;0;1;0;0;0;1;1
83526212;"21/12/16";"Quarta";"18:00:00";"RS";290;"642,5";"URUGUAIANA";"Falta de atenção";"Saída de Pista";"Ignorado";"Pleno dia";"Crescente";"Ceu Claro";"Simples";"Reta";"Rural";1;0;0;0;0;1;0;1
83526213;"21/12/16";"Quarta";"17:53:00";"MT";364;"470";"JANGADA";"Outras";"Queda de motocicleta / bicicleta / veículo";"Com Vítimas Feridas";"Pleno dia";"Decrescente";"Ceu Claro";"Simples";"Reta";"Rural";1;0;1;0;0;0;1;1
83526214;"21/12/16";"Quarta";"16:30:00";"PR";158;"380";"LARANJEIRAS DO SUL";"Outras";"Saída de Pista";"Com Vítimas Feridas";"Pleno dia";"Decrescente";"Chuva";"Simples";"Curva";"Rural";1;0;1;0;0;0;1;1
83526215;"18/12/16";"Domingo";"05:00:00";"RJ";101;"59";"CAMPOS DOS GOYTACAZES";"Falta de atenção";"Tombamento";"Ignorado";"Plena noite";"Decrescente";"Ceu Claro";"Simples";"Reta";"Urbano";1;0;0;0;0;1;0;1
83526216;"21/12/16";"Quarta";"18:30:00";"SE";101;"72";"MARUIM";"Outras";"Colisão com objeto fixo";"Com Vítimas Feridas";"Plena noite";"Crescente";"Ignorada";"Simples";"Reta";"Rural";1;0;0;1;0;0;1;1
83526217;"21/12/16";"Quarta";"19:15:00";"RJ";101;"71";"CAMPOS DOS GOYTACAZES";"Outras";"Queda de motocicleta / bicicleta / veículo";"Com Vítimas Feridas";"Plena noite";"Crescente";"Ceu Claro";"Simples";"Reta";"Urbano";1;0;0;1;0;0;1;1
83526218;"21/12/16";"Quarta";"21:10:00";"MG";116;"526,4";"CARATINGA";"Ultrapassagem indevida";"Colisão frontal";"Com Vítimas Feridas";"Plena noite";"Decrescente";"Ignorada";"Simples";"Reta";"Urbano";2;0;0;1;0;1;1;2
83526219;"21/12/16";"Quarta";"15:40:00";"SC";470;"193,5";"POUSO REDONDO";"Velocidade incompatível";"Colisão lateral";"Com Vítimas Feridas";"Pleno dia";"Crescente";"Chuva";"Simples";"Curva";"Urbano";4;0;3;0;1;0;3;2
83526220;"21/12/16";"Quarta";"20:30:00";"MT";364;"405";"CUIABA";"Falta de atenção";"Colisão Transversal";"Com Vítimas Feridas";"Plena noite";"Decrescente";"Ceu Claro";"Dupla";"Reta";"Urbano";2;0;1;0;1;0;1;2
83526221;"17/12/16";"Sábado";"15:20:00";"MG";50;"157";"UBERABA";"Defeito mecânico em veículo";"Colisão lateral";"Com Vítimas Feridas";"Pleno dia";"Crescente";"Ceu Claro";"Dupla";"Reta";"Rural";4;0;2;0;2;0;2;2
83526222;"21/12/16";"Quarta";"20:30:00";"RS";116;"3";"PORTO ALEGRE";"Outras";"Queda de motocicleta / bicicleta / veículo";"Com Vítimas Feridas";"Anoitecer";"Decrescente";"Ceu Claro";"Dupla";"Reta";"Urbano";2;0;2;0;0;0;2;1
83526223;"21/12/16";"Quarta";"16:18:00";"SC";282;"520,6";"XAXIM";"Desobediência à sinalização";"Colisão lateral";"Sem Vítimas";"Pleno dia";"Crescente";"Nublado";"Simples";"Cruzamento";"Urbano";2;0;0;0;2;0;0;2
83526224;"21/12/16";"Quarta";"20:30:00";"SP";116;"54,6";"LORENA";"Outras";"Atropelamento de pessoa";"Com Vítimas Fatais";"Plena noite";"Crescente";"Nublado";"Dupla";"Reta";"Rural";3;1;0;0;1;1;0;2
83526225;"21/12/16";"Quarta";"07:00:00";"BA";242;"358";"PALMEIRAS";"Defeito mecânico em veículo";"Tombamento";"Com Vítimas Feridas";"Amanhecer";"Crescente";"Ceu Claro";"Simples";"Curva";"Rural";1;0;1;0;0;0;1;1
83526226;"21/12/16";"Quarta";"03:00:00";"MS";262;"93";"TRES LAGOAS";"Dormindo";"Saída de Pista";"Com Vítimas Feridas";"Plena noite";"Decrescente";"Chuva";"Simples";"Reta";"Rural";4;0;1;0;3;0;1;1
83526227;"07/12/16";"Quarta";"06:50:00";"SC";116;"308,8";"LAGES";"Outras";"Tombamento";"Com Vítimas Feridas";"Amanhecer";"Decrescente";"Ceu Claro";"Simples";"Curva";"Rural";1;0;1;0;0;0;1;1
83526228;"21/12/16";"Quarta";"20:20:00";"MS";163;"304";"DOURADINA";"Outras";"Colisão com bicicleta";"Com Vítimas Feridas";"Plena noite";"Crescente";"Ceu Claro";"Simples";"Reta";"Rural";2;0;1;0;1;0;1;2
83526229;"21/12/16";"Quarta";"16:00:00";"RO";364;"27,1";"VILHENA";"Não guardar distância de segurança";"Colisão traseira";"Sem Vítimas";"Pleno dia";"Decrescente";"Nublado";"Simples";"Reta";"Rural";5;0;0;0;5;0;0;2
83526230;"17/12/16";"Sábado";"23:00:00";"CE";20;"426";"FORTALEZA";"Ingestão de álcool";"Colisão com objeto fixo";"Sem Vítimas";"Plena noite";"Crescente";"Ceu Claro";"Dupla";"Reta";"Rural";1;0;0;0;1;0;0;1
83526231;"21/12/16";"Quarta";"17:45:00";"RR";174;"505";"BOA VISTA";"Falta de atenção";"Colisão lateral";"Com Vítimas Feridas";"Pleno dia";"Decrescente";"Nublado";"Dupla";"Curva";"Urbano";2;0;1;0;1;0;1;2
83526232;"21/12/16";"Quarta";"08:00:00";"PA";230;"724";"MEDICILANDIA";"Falta de atenção";"Colisão frontal";"Com Vítimas Fatais";"Amanhecer";"Crescente";"Ceu Claro";"Simples";"Reta";"Urbano";2;1;0;0;1;0;0;2
83526233;"21/12/16";"Quarta";"11:40:00";"SC";282;"189,4";"LAGES";"Outras";"Saída de Pista";"Com Vítimas Feridas";"Pleno dia";"Decrescente";"Nublado";"Simples";"Reta";"Rural";1;0;1;0;0;0;1;1
83526234;"21/12/16";"Quarta";"18:50:00";"MG";381;"899,2";"CAMBUI";"Falta de atenção";"Atropelamento de pessoa";"Com Vítimas Fatais";"Anoitecer";"Decrescente";"Nublado";"Dupla";"Reta";"Urbano";2;1;0;0;1;0;0;1
83526235;"19/12/16";"Segunda";"14:40:00";"TO";153;"149";"ARAGUAINA";"Outras";"Saída de Pista";"Com Vítimas Feridas";"Pleno dia";"Crescente";"Chuva";"Simples";"Reta";"Urbano";1;0;1;0;0;0;1;1
83526236;"21/12/16";"Quarta";"12:30:00";"PR";376;"159,9";"MARINGA";"Desobediência à sinalização";"Atropelamento de pessoa";"Com Vítimas Feridas";"Pleno dia";"Decrescente";"Nublado";"Dupla";"Reta";"Rural";2;0;0;1;0;1;1;1
83526237;"21/12/16";"Quarta";"20:40:00";"MG";40;"516";"CONTAGEM";"Outras";"Capotamento";"Com Vítimas Feridas";"Plena noite";"Crescente";"Ceu Claro";"Dupla";"Curva";"Urbano";1;0;0;1;0;0;1;1
83526238;"21/12/16";"Quarta";"22:00:00";"RS";285;"455,7";"IJUI";"Outras";"Colisão traseira";"Com Vítimas Feridas";"Plena noite";"Decrescente";"Ceu Claro";"Simples";"Reta";"Urbano";5;0;5;0;0;0;5;2
83526239;"21/12/16";"Quarta";"17:45:00";"SC";101;"317";"LAGUNA";"Falta de atenção";"Colisão lateral";"Com Vítimas Feridas";"Pleno dia";"Crescente";"Sol";"Dupla";"Cruzamento";"Urbano";5;0;3;1;0;1;4;3
83526240;"21/12/16";"Quarta";"20:45:00";"PR";376;"206,3";"MANDAGUARI";"Desobediência à sinalização";"Colisão Transversal";"Com Vítimas Feridas";"Plena noite";"Crescente";"Nublado";"Simples";"Cruzamento";"Urbano";2;0;0;1;0;1;1;2
83526241;"21/12/16";"Quarta";"20:20:00";"RS";392;"650,9";"GUARANI DAS MISSOES";"Velocidade incompatível";"Colisão frontal";"Com Vítimas Fatais";"Anoitecer";"Decrescente";"Ceu Claro";"Simples";"Reta";"Rural";2;1;0;0;1;0;0;2
83526242;"21/12/16";"Quarta";"21:50:00";"RS";386;"438,2";"NOVA SANTA RITA";"Velocidade incompatível";"Capotamento";"Com Vítimas Feridas";"Plena noite";"Crescente";"Ceu Claro";"Dupla";"Reta";"Urbano";1;0;1;0;0;0;1;1
83526243;"21/12/16";"Quarta";"19:30:00";"SC";282;"253";"SAO JOSE DO CERRITO";"Falta de atenção";"Saída de Pista";"Com Vítimas Feridas";"Anoitecer";"Crescente";"Nublado";"Simples";"Curva";"Rural";2;0;2;0;0;0;2;1
83526244;"21/12/16";"Quarta";"20:00:00";"GO";40;"2,5";"VALPARAISO DE GOIAS";"Outras";"Queda de motocicleta / bicicleta / veículo";"Com Vítimas Feridas";"Plena noite";"Crescente";"Ceu Claro";"Dupla";"Reta";"Urbano";1;0;1;0;0;0;1;1
83526245;"21/12/16";"Quarta";"23:50:00";"PR";116;"209";"RIO NEGRO";"Desobediência à sinalização";"Colisão Transversal";"Sem Vítimas";"Plena noite";"Crescente";"Nublado";"Simples";"Reta";"Urbano";2;0;0;0;2;0;0;2
83526246;"17/12/16";"Sábado";"15:30:00";"BA";324;"574";"SAO SEBASTIAO DO PASSE";"Outras";"Saída de Pista";"Ignorado";"Pleno dia";"Decrescente";"Nublado";"Dupla";"Curva";"Rural";1;0;0;0;0;1;0;1
83526247;"15/12/16";"Quinta";"11:00:00";"PA";316;"12";"MARITUBA";"Outras";"Queda de motocicleta / bicicleta / veículo";"Com Vítimas Feridas";"Pleno dia";"Decrescente";"Ceu Claro";"Dupla";"Reta";"Urbano";1;0;1;0;0;0;1;1
83526248;"21/12/16";"Quarta";"23:55:00";"SC";280;"54,5";"GUARAMIRIM";"Falta de atenção";"Colisão traseira";"Com Vítimas Feridas";"Plena noite";"Decrescente";"Chuva";"Simples";"Reta";"Urbano";2;0;1;0;1;0;1;2
83526249;"21/12/16";"Quarta";"19:10:00";"BA";324;"512";"FEIRA DE SANTANA";"Falta de atenção";"Atropelamento de pessoa";"Com Vítimas Feridas";"Plena noite";"Crescente";"Nublado";"Múltipla";"Reta";"Urbano";2;0;1;0;0;1;1;1
83526250;"21/12/16";"Quarta";"10:35:00";"RO";364;"943";"PORTO VELHO";"Outras";"Colisão Transversal";"Com Vítimas Fatais";"Pleno dia";"Crescente";"Nublado";"Simples";"Reta";"Rural";2;2;0;0;0;0;0;2
83526251;"22/12/16";"Quinta";"02:10:00";"SC";282;"18,5";"PALHOCA";"Ingestão de álcool";"Colisão frontal";"Com Vítimas Feridas";"Plena noite";"Decrescente";"Ceu Claro";"Simples";"Reta";"Urbano";2;0;2;0;0;0;2;2
83526252;"21/12/16";"Quarta";"20:00:00";"PA";316;"150";"CAPANEMA";"Defeito mecânico em veículo";"Colisão com objeto móvel";"Sem Vítimas";"Plena noite";"Crescente";"Ceu Claro";"Simples";"Reta";"Rural";3;0;0;0;3;0;0;2
83526253;"21/12/16";"Quarta";"22:07:00";"RS";472;"564,8";"URUGUAIANA";"Animais na Pista";"Atropelamento de animal";"Com Vítimas Feridas";"Plena noite";"Crescente";"Ceu Claro";"Simples";"Reta";"Rural";1;0;1;0;0;0;1;1
83526254;"21/12/16";"Quarta";"23:20:00";"SC";101;"202";"SAO JOSE";"Outras";"Atropelamento de pessoa";"Com Vítimas Feridas";"Plena noite";"Decrescente";"Nublado";"Dupla";"Reta";"Urbano";2;0;1;0;1;0;1;1
83526255;"21/12/16";"Quarta";"18:00:00";"SE";235;"4";"NOSSA SENHORA DO SOCORRO";"Falta de atenção";"Colisão traseira";"Sem Vítimas";"Plena noite";"Decrescente";"Ceu Claro";"Dupla";"Reta";"Urbano";4;0;0;0;4;0;0;2
83526256;"21/12/16";"Quarta";"21:30:00";"SE";101;"93";"NOSSA SENHORA DO SOCORRO";"Outras";"Atropelamento de pessoa";"Com Vítimas Feridas";"Plena noite";"Crescente";"Ceu Claro";"Dupla";"Reta";"Urbano";2;0;0;1;0;1;1;1
83526257;"21/12/16";"Quarta";"22:20:00";"MG";381;"493,5";"BETIM";"Outras";"Colisão traseira";"Com Vítimas Feridas";"Plena noite";"Decrescente";"Ceu Claro";"Dupla";"Reta";"Urbano";2;0;1;0;0;1;1;2
83526258;"21/12/16";"Quarta";"18:00:00";"BA";116;"669,8";"JEQUIE";"Falta de atenção";"Colisão Transversal";"Sem Vítimas";"Anoitecer";"Decrescente";"Nublado";"Simples";"Curva";"Rural";2;0;0;0;2;0;0;2
83526259;"22/12/16";"Quinta";"00:30:00";"RJ";101;"316";"SAO GONCALO";"Outras";"Capotamento";"Sem Vítimas";"Plena noite";"Crescente";"Ceu Claro";"Dupla";"Reta";"Rural";2;0;0;0;2;0;0;2
83526260;"21/12/16";"Quarta";"16:15:00";"PR";376;"175";"MARINGA";"Outras";"Queda de motocicleta / bicicleta / veículo";"Com Vítimas Feridas";"Pleno dia";"Crescente";"Ceu Claro";"Dupla";"Reta";"Urbano";1;0;1;0;0;0;1;1
83526261;"21/12/16";"Quarta";"19:40:00";"MG";251;"504";"FRANCISCO SA";"Falta de atenção";"Colisão lateral";"Com Vítimas Feridas";"Plena noite";"Decrescente";"Ceu Claro";"Simples";"Reta";"Rural";2;0;1;0;1;0;1;2
83526262;"21/12/16";"Quarta";"23:00:00";"MG";381;"946,8";"EXTREMA";"Falta de atenção";"Colisão com objeto fixo";"Sem Vítimas";"Plena noite";"Crescente";"Nublado";"Dupla";"Curva";"Urbano";1;0;0;0;1;0;0;1
83526263;"22/12/16";"Quinta";"04:20:00";"MS";163;"316";"RIO BRILHANTE";"Velocidade incompatível";"Colisão com objeto móvel";"Sem Vítimas";"Plena noite";"Decrescente";"Ceu Claro";"Simples";"Cruzamento";"Rural";1;0;0;0;1;0;0;1
83526264;"21/12/16";"Quarta";"21:45:00";"PA";316;"65";"CASTANHAL";"Desobediência à sinalização";"Colisão Transversal";"Com Vítimas Feridas";"Plena noite";"Crescente";"Nublado";"Dupla";"Reta";"Urbano";2;0;1;0;1;0;1;2
83526265;"21/12/16";"Quarta";"19:00:00";"PA";316;"122";"SANTA MARIA DO PARA";"Outras";"Saída de Pista";"Ignorado";"Plena noite";"Decrescente";"Ignorada";"Simples";"Reta";"Rural";3;0;0;0;0;3;0;1
83526266;"22/12/16";"Quinta";"01:30:00";"RS";287;"310";"SAO PEDRO DO SUL";"Dormindo";"Colisão traseira";"Sem Vítimas";"Plena noite";"Crescente";"Ceu Claro";"Simples";"Reta";"Rural";2;0;0;0;2;0;0;2
83526267;"22/12/16";"Quinta";"00:20:00";"DF";70;"11,7";"BRASILIA";"Outras";"Tombamento";"Com Vítimas Feridas";"Plena noite";"Crescente";"Ceu Claro";"Dupla";"Reta";"Rural";2;0;2;0;0;0;2;1
83526268;"22/12/16";"Quinta";"05:10:00";"SP";116;"435,9";"REGISTRO";"Dormindo";"Tombamento";"Sem Vítimas";"Plena noite";"Crescente";"Nublado";"Dupla";"Reta";"Rural";1;0;0;0;1;0;0;1
83526269;"21/12/16";"Quarta";"20:15:00";"RJ";101;"400";"ITAGUAI";"Desobediência à sinalização";"Atropelamento de pessoa";"Com Vítimas Fatais";"Plena noite";"Decrescente";"Chuva";"Dupla";"Reta";"Urbano";2;1;0;0;0;1;0;1
83526270;"22/12/16";"Quinta";"00:11:00";"SP";116;"147,5";"SAO JOSE DOS CAMPOS";"Dormindo";"Colisão com objeto fixo";"Sem Vítimas";"Plena noite";"Crescente";"Ceu Claro";"Dupla";"Curva";"Urbano";1;0;0;0;1;0;0;1
83526271;"22/12/16";"Quinta";"05:00:00";"RS";116;"517";"PELOTAS";"Outras";"Tombamento";"Com Vítimas Feridas";"Plena noite";"Crescente";"Ceu Claro";"Simples";"Reta";"Urbano";1;0;1;0;0;0;1;1
83526272;"19/12/16";"Segunda";"08:03:00";"RS";290;"719";"URUGUAIANA";"Não guardar distância de segurança";"Colisão traseira";"Com Vítimas Feridas";"Pleno dia";"Decrescente";"Ceu Claro";"Simples";"Reta";"Urbano";2;0;1;0;1;0;1;2
83526273;"21/12/16";"Quarta";"20:40:00";"BA";101;"62";"ENTRE RIOS";"Animais na Pista";"Atropelamento de animal";"Com Vítimas Fatais";"Plena noite";"Decrescente";"Nublado";"Simples";"Reta";"Urbano";2;1;0;0;1;0;0;2
83526274;"18/12/16";"Domingo";"19:25:00";"SP";116;"165";"JACAREI";"Outras";"Colisão traseira";"Sem Vítimas";"Pleno dia";"Decrescente";"Nublado";"Dupla";"Reta";"Rural";2;0;0;0;2;0;0;2
83526275;"21/12/16";"Quarta";"18:30:00";"PB";104;"29";"CUITE";"Animais na Pista";"Atropelamento de animal";"Com Vítimas Feridas";"Plena noite";"Decrescente";"Vento";"Simples";"Reta";"Rural";3;0;1;2;0;0;3;2
83526276;"21/12/16";"Quarta";"16:00:00";"GO";364;"279,5";"MINEIROS";"Não guardar distância de segurança";"Colisão traseira";"Sem Vítimas";"Pleno dia";"Decrescente";"Chuva";"Simples";"Reta";"Rural";2;0;0;0;2;0;0;2
83526277;"21/12/16";"Quarta";"19:00:00";"GO";50;"169,8";"CAMPO ALEGRE DE GOIAS";"Outras";"Colisão com objeto fixo";"Com Vítimas Feridas";"Amanhecer";"Decrescente";"Ceu Claro";"Simples";"Reta";"Rural";1;0;1;0;0;0;1;1
83526278;"22/12/16";"Quinta";"05:20:00";"RJ";116;"126";"MAGE";"Outras";"Colisão com objeto fixo";"Com Vítimas Feridas";"Amanhecer";"Decrescente";"Ceu Claro";"Dupla";"Curva";"Urbano";2;0;2;0;0;0;2;1
83526279;"04/12/16";"Domingo";"19:05:00";"MA";316;"35";"JUNCO DO MARANHAO";"Outras";"Colisão traseira";"Com Vítimas Fatais";"Anoitecer";"Decrescente";"Nublado";"Simples";"Reta";"Rural";4;1;1;1;0;1;2;2
83526280;"22/12/16";"Quinta";"04:30:00";"MG";153;"160";"COMENDADOR GOMES";"Outras";"Saída de Pista";"Sem Vítimas";"Amanhecer";"Crescente";"Chuva";"Simples";"Curva";"Rural";1;0;0;0;1;0;0;1
83526281;"21/12/16";"Quarta";"17:35:00";"SC";280;"95";"CORUPA";"Falta de atenção";"Queda de motocicleta / bicicleta / veículo";"Com Vítimas Feridas";"Pleno dia";"Decrescente";"Chuva";"Simples";"Curva";"Rural";1;0;1;0;0;0;1;1
83526282;"22/12/16";"Quinta";"04:45:00";"MG";381;"452";"SABARA";"Velocidade incompatível";"Colisão traseira";"Com Vítimas Feridas";"Plena noite";"Decrescente";"Ceu Claro";"Simples";"Reta";"Urbano";2;0;1;0;1;0;1;2
83526283;"21/12/16";"Quarta";"17:45:00";"PR";153;"501,2";"GENERAL CARNEIRO";"Velocidade incompatível";"Colisão frontal";"Com Vítimas Fatais";"Pleno dia";"Decrescente";"Chuva";"Simples";"Curva";"Rural";2;1;0;0;1;0;0;2
83526284;"21/12/16";"Quarta";"21:55:00";"PR";369;"183,2";"ARAPONGAS";"Desobediência à sinalização";"Colisão frontal";"Com Vítimas Fatais";"Plena noite";"Decrescente";"Nublado";"Dupla";"Reta";"Urbano";35;1;0;0;34;0;0;2
83526286;"22/12/16";"Quinta";"04:50:00";"RS";386;"317,1";"MARQUES DE SOUZA";"Falta de atenção";"Colisão frontal";"Sem Vítimas";"Plena noite";"Decrescente";"Nublado";"Simples";"Curva";"Rural";3;0;0;0;3;0;0;3
83526287;"22/12/16";"Quinta";"00:10:00";"PR";277;"455";"LARANJEIRAS DO SUL";"Falta de atenção";"Colisão lateral";"Com Vítimas Feridas";"Plena noite";"Decrescente";"Nublado";"Simples";"Reta";"Urbano";3;0;1;0;2;0;1;2
83526288;"21/12/16";"Quarta";"20:20:00";"MG";262;"652";"IBIA";"Não guardar distância de segurança";"Colisão traseira";"Com Vítimas Feridas";"Plena noite";"Decrescente";"Ceu Claro";"Simples";"Curva";"Rural";6;0;1;0;4;1;1;3
83526289;"22/12/16";"Quinta";"05:30:00";"SC";101;"256";"PAULO LOPES";"Outras";"Tombamento";"Sem Vítimas";"Plena noite";"Crescente";"Nublado";"Dupla";"Curva";"Urbano";1;0;0;0;1;0;0;1
83526290;"22/12/16";"Quinta";"05:50:00";"PB";230;"132";"CAMPINA GRANDE";"Velocidade incompatível";"Capotamento";"Sem Vítimas";"Amanhecer";"Decrescente";"Chuva";"Dupla";"Curva";"Rural";1;0;0;0;1;0;0;1