"id";"data_inversa";"dia_semana";"horario";"uf";"br";"km";"municipio";"causa_acidente";"tipo_acidente";"classificacao_acidente";"fase_dia";"sentido_via";"condicao_metereologica";"tipo_pista";"tracado_via";"uso_solo";"pessoas";"mortos";"feridos_leves";"feridos_graves";"ilesos";"ignorados";"feridos";"veiculos"
83526291;"21/12/16";"Quarta";"23:40:00";"SC";101;"107";"PENHA";"Outras";"Saída de Pista";"Sem Vítimas";"Plena noite";"Crescente";"Nublado";"Dupla";"Reta";"Rural";1;0;0;0;1;0;0;1
83526293;"18/12/16";"Domingo";"01:30:00";"PE";104;"50";"CARUARU";"Outras";"Colisão com objeto fixo";"Sem Vítimas";"Plena noite";"Decrescente";"Ceu Claro";"Dupla";"Reta";"Rural";1;0;0;0;1;0;0;1
83526294;"21/12/16";"Quarta";"21:15:00";"RS";293;"251";"DOM PEDRITO";"Falta de atenção";"Colisão lateral";"Com Vítimas Feridas";"Plena noite";"Decrescente";"Ceu Claro";"Simples";"Reta";"Urbano";2;0;0;1;1;0;1;2
83526295;"21/12/16";"Quarta";"17:20:00";"MG";251;"401";"GRAO MOGOL";"Velocidade incompatível";"Colisão traseira";"Com Vítimas Feridas";"Pleno dia";"Decrescente";"Sol";"Simples";"Reta";"Rural";4;0;3;0;1;0;3;3
83526296;"21/12/16";"Quarta";"14:00:00";"PE";232;"54";"POMBOS";"Falta de atenção";"Colisão Transversal";"Com Vítimas Feridas";"Pleno dia";"Crescente";"Ceu Claro";"Múltipla";"Reta";"Urbano";2;0;1;0;1;0;1;2
83526297;"21/12/16";"Quarta";"20:40:00";"PR";116;"28";"CAMPINA GRANDE DO SUL";"Velocidade incompatível";"Tombamento";"Com Vítimas Feridas";"Plena noite";"Decrescente";"Ceu Claro";"Dupla";"Curva";"Rural";1;0;0;1;0;0;1;1
83526298;"21/12/16";"Quarta";"20:15:00";"MG";459;"48,1";"SANTA RITA DE CALDAS";"Velocidade incompatível";"Saída de Pista";"Com Vítimas Feridas";"Plena noite";"Crescente";"Nublado";"Simples";"Curva";"Rural";1;0;1;0;0;0;1;1
83526299;"21/12/16";"Quarta";"18:30:00";"MS";267;"584";"CARACOL";"Outras";"Saída de Pista";"Com Vítimas Feridas";"Anoitecer";"Crescente";"Ceu Claro";"Simples";"Reta";"Rural";1;0;1;0;0;0;1;1
83526300;"17/12/16";"Sábado";"08:40:00";"SP";116;"279";"EMBU";"Defeito mecânico em veículo";"Colisão com objeto fixo";"Sem Vítimas";"Pleno dia";"Decrescente";"Ceu Claro";"Dupla";"Reta";"Urbano";1;0;0;0;1;0;0;1
83526301;"18/12/16";"Domingo";"18:30:00";"MG";50;"167";"UBERABA";"Outras";"Colisão com objeto fixo";"Sem Vítimas";"Pleno dia";"Decrescente";"Ceu Claro";"Dupla";"Cruzamento";"Urbano";1;0;0;0;1;0;0;1
83526302;"21/12/16";"Quarta";"21:00:00";"RJ";116;"261,5";"BARRA MANSA";"Outras";"Colisão traseira";"Com Vítimas Feridas";"Plena noite";"Decrescente";"Chuva";"Dupla";"Reta";"Rural";5;0;1;0;4;0;1;2
83526304;"22/12/16";"Quinta";"06:45:00";"GO";153;"567";"PROFESSOR JAMIL";"Defeito mecânico em veículo";"Saída de Pista";"Sem Vítimas";"Amanhecer";"Decrescente";"Ceu Claro";"Dupla";"Reta";"Urbano";1;0;0;0;1;0;0;1
83526305;"21/12/16";"Quarta";"21:55:00";"MS";163;"276,5";"DOURADOS";"Ingestão de álcool";"Queda de motocicleta / bicicleta / veículo";"Com Vítimas Feridas";"Plena noite";"Decrescente";"Nublado";"Dupla";"Reta";"Rural";1;0;0;1;0;0;1;1
83526306;"21/12/16";"Quarta";"16:00:00";"RR";401;"3";"CANTA";"Falta de atenção";"Tombamento";"Ignorado";"Pleno dia";"Decrescente";"Chuva";"Simples";"Reta";"Rural";1;0;0;0;0;1;0;1
83526307;"21/12/16";"Quarta";"06:30:00";"SC";470;"317";"CAMPOS NOVOS";"Outras";"Atropelamento de animal";"Com Vítimas Feridas";"Amanhecer";"Decrescente";"Nublado";"Simples";"Reta";"Rural";2;0;1;0;1;0;1;1
83526308;"19/12/16";"Segunda";"00:30:00";"MG";116;"317";"ITAMBACURI";"Outras";"Tombamento";"Com Vítimas Feridas";"Plena noite";"Decrescente";"Chuva";"Simples";"Reta";"Rural";2;0;1;1;0;0;2;1
83526309;"19/12/16";"Segunda";"07:45:00";"GO";153;"506,1";"APARECIDA DE GOIANIA";"Falta de atenção";"Colisão traseira";"Sem Vítimas";"Pleno dia";"Decrescente";"Ceu Claro";"Múltipla";"Curva";"Urbano";2;0;0;0;2;0;0;2
83526310;"18/12/16";"Domingo";"19:00:00";"DF";20;"17";"BRASILIA";"Outras";"Colisão com objeto fixo";"Com Vítimas Feridas";"Pleno dia";"Crescente";"Ceu Claro";"Dupla";"Reta";"Rural";4;0;1;0;2;1;1;2
83526311;"22/12/16";"Quinta";"06:55:00";"BA";116;"547";"MILAGRES";"Defeito mecânico em veículo";"Colisão traseira";"Com Vítimas Feridas";"Pleno dia";"Decrescente";"Nublado";"Simples";"Reta";"Urbano";2;0;1;0;1;0;1;2
83526312;"21/12/16";"Quarta";"19:30:00";"BA";101;"397";"IBIRAPITANGA";"Ultrapassagem indevida";"Colisão traseira";"Sem Vítimas";"Plena noite";"Crescente";"Nublado";"Simples";"Reta";"Rural";2;0;0;0;2;0;0;2
83526313;"15/12/16";"Quinta";"00:05:00";"PR";376;"527";"PONTA GROSSA";"Não guardar distância de segurança";"Colisão traseira";"Com Vítimas Feridas";"Plena noite";"Crescente";"Ceu Claro";"Dupla";"Reta";"Rural";3;0;1;0;2;0;1;2
83526314;"22/12/16";"Quinta";"06:48:00";"PE";101;"78";"RECIFE";"Falta de atenção";"Colisão Transversal";"Com Vítimas Feridas";"Pleno dia";"Decrescente";"Ceu Claro";"Dupla";"Reta";"Urbano";2;0;0;1;1;0;1;2
83526315;"18/12/16";"Domingo";"19:30:00";"PE";101;"118,8";"ESCADA";"Falta de atenção";"Atropelamento de animal";"Com Vítimas Fatais";"Plena noite";"Crescente";"Ceu Claro";"Dupla";"Reta";"Rural";4;1;0;0;0;3;0;1
83526316;"19/12/16";"Segunda";"10:50:00";"BA";324;"598";"SIMOES FILHO";"Outras";"Colisão com objeto fixo";"Com Vítimas Feridas";"Pleno dia";"Crescente";"Vento";"Dupla";"Reta";"Urbano";1;0;1;0;0;0;1;1
83526317;"22/12/16";"Quinta";"06:20:00";"MG";262;"22,2";"REDUTO";"Velocidade incompatível";"Saída de Pista";"Com Vítimas Feridas";"Pleno dia";"Crescente";"Ceu Claro";"Simples";"Curva";"Rural";3;0;2;0;1;0;2;1
83526318;"14/12/16";"Quarta";"19:00:00";"ES";101;"401";"RIO NOVO DO SUL";"Velocidade incompatível";"Saída de Pista";"Com Vítimas Feridas";"Plena noite";"Decrescente";"Chuva";"Simples";"Curva";"Rural";4;0;2;0;2;0;2;1
83526319;"17/12/16";"Sábado";"07:30:00";"BA";101;"54";"ENTRE RIOS";"Outras";"Colisão Transversal";"Com Vítimas Feridas";"Pleno dia";"Decrescente";"Nublado";"Simples";"Curva";"Rural";6;0;1;3;2;0;4;2
83526320;"22/12/16";"Quinta";"07:00:00";"BA";410;"3";"RIBEIRA DO POMBAL";"Defeito mecânico em veículo";"Saída de Pista";"Com Vítimas Feridas";"Pleno dia";"Decrescente";"Ceu Claro";"Simples";"Reta";"Rural";3;0;2;0;1;0;2;1
83526321;"19/12/16";"Segunda";"11:40:00";"SP";116;"100";"PINDAMONHANGABA";"Falta de atenção";"Colisão lateral";"Com Vítimas Feridas";"Pleno dia";"Crescente";"Ceu Claro";"Dupla";"Reta";"Urbano";2;0;1;0;1;0;1;2
83526322;"19/12/16";"Segunda";"01:30:00";"MG";381;"450";"SABARA";"Velocidade incompatível";"Tombamento";"Com Vítimas Feridas";"Plena noite";"Crescente";"Ceu Claro";"Simples";"Curva";"Urbano";3;0;1;2;0;0;3;1
83526323;"22/12/16";"Quinta";"07:40:00";"SC";101;"130,5";"BALNEARIO CAMBORIU";"Não guardar distância de segurança";"Colisão lateral";"Com Vítimas Feridas";"Pleno dia";"Crescente";"Nublado";"Dupla";"Reta";"Urbano";3;0;1;0;1;1;1;2
83526324;"18/12/16";"Domingo";"18:50:00";"MG";40;"728,6";"OLIVEIRA FORTES";"Outras";"Colisão com objeto fixo";"Com Vítimas Feridas";"Anoitecer";"Crescente";"Chuva";"Dupla";"Curva";"Rural";2;0;1;0;1;0;1;1
83526325;"18/12/16";"Domingo";"16:30:00";"MG";262;"811";"UBERABA";"Ingestão de álcool";"Colisão com objeto fixo";"Sem Vítimas";"Pleno dia";"Decrescente";"Nublado";"Simples";"Reta";"Urbano";1;0;0;0;1;0;0;1
83526326;"22/12/16";"Quinta";"07:55:00";"SC";163;"68,4";"SAO MIGUEL DOESTE";"Falta de atenção";"Colisão traseira";"Com Vítimas Feridas";"Pleno dia";"Crescente";"Ceu Claro";"Dupla";"Reta";"Urbano";2;0;1;0;1;0;1;2
83526327;"19/12/16";"Segunda";"23:45:00";"CE";222;"4,7";"CAUCAIA";"Outras";"Colisão Transversal";"Sem Vítimas";"Plena noite";"Crescente";"Ceu Claro";"Múltipla";"Reta";"Urbano";2;0;0;0;2;0;0;2
83526328;"22/12/16";"Quinta";"07:35:00";"RS";386;"274,4";"FONTOURA XAVIER";"Dormindo";"Saída de Pista";"Com Vítimas Feridas";"Pleno dia";"Decrescente";"Sol";"Simples";"Curva";"Rural";3;0;0;1;2;0;1;1
83526329;"22/12/16";"Quinta";"08:00:00";"RS";386;"277";"SAO JOSE DO HERVAL";"Defeito mecânico em veículo";"Incêndio";"Sem Vítimas";"Pleno dia";"Crescente";"Sol";"Simples";"Curva";"Rural";1;0;0;0;1;0;0;1
83526330;"22/12/16";"Quinta";"06:05:00";"PE";232;"357,2";"FLORES";"Falta de atenção";"Colisão traseira";"Sem Vítimas";"Pleno dia";"Crescente";"Ceu Claro";"Simples";"Reta";"Rural";7;0;0;0;7;0;0;2
83526331;"18/12/16";"Domingo";"15:30:00";"ES";101;"378";"ICONHA";"Falta de atenção";"Colisão lateral";"Com Vítimas Feridas";"Pleno dia";"Crescente";"Ceu Claro";"Simples";"Curva";"Urbano";2;0;1;0;1;0;1;2
83526333;"22/12/16";"Quinta";"08:00:00";"PE";232;"402,4";"SERRA TALHADA";"Defeito mecânico em veículo";"Colisão lateral";"Sem Vítimas";"Pleno dia";"Decrescente";"Ceu Claro";"Simples";"Curva";"Rural";2;0;0;0;2;0;0;2
83526334;"22/12/16";"Quinta";"06:30:00";"SP";116;"504";"CAJATI";"Velocidade incompatível";"Saída de Pista";"Sem Vítimas";"Amanhecer";"Crescente";"Nublado";"Dupla";"Curva";"Rural";1;0;0;0;1;0;0;1
83526335;"20/12/16";"Terça";"02:00:00";"SP";381;"14,5";"BRAGANCA PAULISTA";"Dormindo";"Colisão traseira";"Com Vítimas Feridas";"Plena noite";"Crescente";"Ceu Claro";"Dupla";"Reta";"Rural";2;0;0;1;1;0;1;2
83526336;"18/12/16";"Domingo";"22:35:00";"PR";163;"149,8";"SANTA LUCIA";"Velocidade incompatível";"Tombamento";"Com Vítimas Feridas";"Plena noite";"Decrescente";"Ceu Claro";"Simples";"Curva";"Rural";1;0;1;0;0;0;1;1
83526337;"22/12/16";"Quinta";"08:00:00";"SC";101;"342";"TUBARAO";"Falta de atenção";"Saída de Pista";"Com Vítimas Feridas";"Pleno dia";"Crescente";"Ceu Claro";"Dupla";"Reta";"Urbano";2;0;2;0;0;0;2;1
83526338;"11/12/16";"Domingo";"19:50:00";"PA";316;"8,4";"SANTA MARIA DO PARA";"Falta de atenção";"Colisão traseira";"Sem Vítimas";"Anoitecer";"Crescente";"Chuva";"Simples";"Reta";"Urbano";3;0;0;0;2;1;0;3
83526339;"22/12/16";"Quinta";"09:10:00";"RS";290;"92";"PORTO ALEGRE";"Falta de atenção";"Colisão lateral";"Com Vítimas Feridas";"Pleno dia";"Crescente";"Ceu Claro";"Dupla";"Curva";"Urbano";2;0;0;1;1;0;1;2
83526340;"22/12/16";"Quinta";"07:20:00";"MT";158;"675";"BARRA DO GARCAS";"Não guardar distância de segurança";"Colisão traseira";"Sem Vítimas";"Amanhecer";"Crescente";"Chuva";"Simples";"Reta";"Urbano";2;0;0;0;2;0;0;2
83526341;"22/12/16";"Quinta";"08:00:00";"PR";369;"473";"CORBELIA";"Desobediência à sinalização";"Derramamento de Carga";"Sem Vítimas";"Pleno dia";"Crescente";"Nublado";"Simples";"Reta";"Rural";1;0;0;0;1;0;0;1
83526342;"17/12/16";"Sábado";"23:00:00";"BA";110;"365";"CATU";"Outras";"Colisão Transversal";"Com Vítimas Feridas";"Plena noite";"Crescente";"Nublado";"Simples";"Curva";"Urbano";3;0;1;0;1;1;1;3
83526343;"20/12/16";"Terça";"23:40:00";"PB";230;"458";"SOUSA";"Animais na Pista";"Atropelamento de animal";"Com Vítimas Feridas";"Plena noite";"Crescente";"Ceu Claro";"Simples";"Reta";"Rural";2;0;2;0;0;0;2;1
83526344;"18/12/16";"Domingo";"16:00:00";"MG";381;"757";"TRES CORACOES";"Ingestão de álcool";"Tombamento";"Sem Vítimas";"Pleno dia";"Crescente";"Ceu Claro";"Dupla";"Reta";"Rural";1;0;0;0;1;0;0;1
83526345;"20/12/16";"Terça";"05:00:00";"SC";470;"224,5";"SAO CRISTOVAO DO SUL";"Velocidade incompatível";"Colisão com objeto fixo";"Com Vítimas Feridas";"Amanhecer";"Crescente";"Chuva";"Simples";"Curva";"Rural";1;0;1;0;0;0;1;1
83526347;"22/12/16";"Quinta";"07:00:00";"SP";116;"565";"BARRA DO TURVO";"Outras";"Derramamento de Carga";"Sem Vítimas";"Pleno dia";"Crescente";"Nublado";"Simples";"Curva";"Rural";1;0;0;0;1;0;0;1
83526348;"22/12/16";"Quinta";"10:05:00";"GO";153;"187";"URUACU";"Outras";"Saída de Pista";"Sem Vítimas";"Pleno dia";"Decrescente";"Ceu Claro";"Simples";"Reta";"Rural";2;0;0;0;2;0;0;1
83526349;"19/12/16";"Segunda";"19:20:00";"MG";153;"26";"CENTRALINA";"Falta de atenção";"Saída de Pista";"Sem Vítimas";"Plena noite";"Decrescente";"Nublado";"Dupla";"Reta";"Rural";1;0;0;0;1;0;0;1
83526350;"18/12/16";"Domingo";"18:30:00";"RJ";101;"496";"ANGRA DOS REIS";"Velocidade incompatível";"Colisão frontal";"Com Vítimas Feridas";"Pleno dia";"Crescente";"Ceu Claro";"Simples";"Reta";"Rural";4;0;2;1;1;0;3;2
83526351;"19/12/16";"Segunda";"07:45:00";"ES";101;"49,1";"SAO MATEUS";"Outras";"Capotamento";"Com Vítimas Feridas";"Pleno dia";"Decrescente";"Chuva";"Simples";"Reta";"Rural";2;0;2;0;0;0;2;1
83526352;"22/12/16";"Quinta";"08:00:00";"MT";163;"763";"SORRISO";"Outras";"Tombamento";"Sem Vítimas";"Pleno dia";"Decrescente";"Nublado";"Simples";"Reta";"Rural";1;0;0;0;1;0;0;1
83526353;"22/12/16";"Quinta";"06:00:00";"GO";153;"147";"CAMPINORTE";"Animais na Pista";"Atropelamento de animal";"Com Vítimas Feridas";"Amanhecer";"Decrescente";"Ceu Claro";"Simples";"Reta";"Rural";4;0;1;0;3;0;1;1
83526354;"22/12/16";"Quinta";"06:25:00";"GO";20;"7";"FORMOSA";"Falta de atenção";"Colisão frontal";"Com Vítimas Feridas";"Amanhecer";"Decrescente";"Ceu Claro";"Simples";"Reta";"Urbano";6;0;4;0;2;0;4;2
83526355;"18/12/16";"Domingo";"07:55:00";"RN";101;"79";"SAO GONCALO DO AMARANTE";"Outras";"Queda de motocicleta / bicicleta / veículo";"Com Vítimas Feridas";"Pleno dia";"Decrescente";"Sol";"Dupla";"Reta";"Urbano";1;0;1;0;0;0;1;1
83526356;"17/12/16";"Sábado";"18:00:00";"PB";101;"124,6";"CAAPORA";"Defeito na via";"Colisão com objeto fixo";"Sem Vítimas";"Plena noite";"Decrescente";"Chuva";"Dupla";"Curva";"Rural";1;0;0;0;1;0;0;1
83526357;"18/12/16";"Domingo";"20:00:00";"MG";262;"840";"UBERABA";"Falta de atenção";"Colisão com objeto fixo";"Sem Vítimas";"Plena noite";"Decrescente";"Nublado";"Simples";"Reta";"Rural";1;0;0;0;1;0;0;1
83526359;"22/12/16";"Quinta";"09:00:00";"SE";101;"123,4";"ITAPORANGA DAJUDA";"Falta de atenção";"Saída de Pista";"Sem Vítimas";"Pleno dia";"Decrescente";"Chuva";"Dupla";"Curva";"Rural";2;0;0;0;2;0;0;1
83526360;"20/12/16";"Terça";"04:30:00";"BA";418;"91,1";"NOVA VICOSA";"Outras";"Atropelamento de animal";"Com Vítimas Feridas";"Amanhecer";"Crescente";"Nublado";"Simples";"Reta";"Urbano";1;0;1;0;0;0;1;1
83526361;"21/12/16";"Quarta";"22:00:00";"MT";70;"730";"CACERES";"Falta de atenção";"Colisão traseira";"Sem Vítimas";"Plena noite";"Decrescente";"Chuva";"Simples";"Curva";"Rural";2;0;0;0;1;1;0;2
83526362;"18/12/16";"Domingo";"21:00:00";"DF";20;"15";"BRASILIA";"Ingestão de álcool";"Colisão traseira";"Com Vítimas Feridas";"Plena noite";"Crescente";"Ceu Claro";"Dupla";"Reta";"Urbano";4;0;2;0;2;0;2;2
83526363;"19/12/16";"Segunda";"05:00:00";"BA";324;"583,8";"CANDEIAS";"Outras";"Saída de Pista";"Ignorado";"Amanhecer";"Crescente";"Nublado";"Dupla";"Reta";"Urbano";1;0;0;0;0;1;0;1
83526364;"22/12/16";"Quinta";"08:05:00";"MT";364;"462";"VARZEA GRANDE";"Outras";"Saída de Pista";"Com Vítimas Feridas";"Pleno dia";"Crescente";"Chuva";"Simples";"Reta";"Rural";2;0;2;0;0;0;2;1
83526365;"22/12/16";"Quinta";"08:30:00";"PE";101;"101,6";"CABO DE SANTO AGOSTINHO";"Outras";"Saída de Pista";"Sem Vítimas";"Pleno dia";"Decrescente";"Ceu Claro";"Simples";"Curva";"Rural";2;0;0;0;1;1;0;2
83526367;"06/11/16";"Domingo";"03:00:00";"PR";153;"315";"IMBITUVA";"Outras";"Queda de motocicleta / bicicleta / veículo";"Ignorado";"Plena noite";"Crescente";"Ignorada";"Simples";"Curva";"Rural";1;0;0;0;0;1;0;1
83526368;"18/12/16";"Domingo";"13:00:00";"MG";50;"79";"UBERLANDIA";"Defeito mecânico em veículo";"Queda de motocicleta / bicicleta / veículo";"Com Vítimas Feridas";"Pleno dia";"Decrescente";"Ceu Claro";"Dupla";"Reta";"Rural";2;0;1;1;0;0;2;1
83526369;"22/12/16";"Quinta";"05:00:00";"SC";280;"169,4";"MAFRA";"Velocidade incompatível";"Saída de Pista";"Sem Vítimas";"Plena noite";"Crescente";"Nublado";"Dupla";"Reta";"Urbano";1;0;0;0;1;0;0;1
83526370;"19/12/16";"Segunda";"07:40:00";"BA";324;"584";"CANDEIAS";"Outras";"Colisão traseira";"Sem Vítimas";"Pleno dia";"Crescente";"Nublado";"Dupla";"Reta";"Urbano";2;0;0;0;2;0;0;2
83526371;"18/07/16";"Segunda";"19:45:00";"RS";285;"299,4";"PASSO FUNDO";"Animais na Pista";"Colisão traseira";"Sem Vítimas";"Plena noite";"Decrescente";"Ceu Claro";"Simples";"Reta";"Rural";2;0;0;0;2;0;0;2
83526372;"22/12/16";"Quinta";"09:15:00";"PR";163;"143,6";"CAPITAO LEONIDAS MARQUES";"Falta de atenção";"Colisão Transversal";"Sem Vítimas";"Pleno dia";"Crescente";"Sol";"Simples";"Reta";"Rural";2;0;0;0;2;0;0;2
83526373;"19/12/16";"Segunda";"08:15:00";"PR";158;"1,2";"CAMPO MOURAO";"Animais na Pista";"Atropelamento de animal";"Com Vítimas Feridas";"Pleno dia";"Crescente";"Ceu Claro";"Simples";"Reta";"Urbano";2;0;1;0;1;0;1;2
83526374;"14/12/16";"Quarta";"01:00:00";"BA";101;"158";"CONCEICAO DO JACUIPE";"Outras";"Capotamento";"Com Vítimas Feridas";"Plena noite";"Decrescente";"Nublado";"Simples";"Reta";"Rural";1;0;0;1;0;0;1;1
83526375;"22/12/16";"Quinta";"10:45:00";"RS";116;"265";"CANOAS";"Outras";"Colisão lateral";"Com Vítimas Feridas";"Pleno dia";"Crescente";"Ceu Claro";"Dupla";"Reta";"Urbano";3;0;1;0;2;0;1;3
83526376;"17/12/16";"Sábado";"22:00:00";"BA";101;"122";"ALAGOINHAS";"Outras";"Saída de Pista";"Com Vítimas Feridas";"Plena noite";"Crescente";"Nublado";"Simples";"Curva";"Rural";5;0;0;5;0;0;5;1
83526377;"22/12/16";"Quinta";"09:20:00";"GO";452;"37";"RIO VERDE";"Defeito na via";"Tombamento";"Sem Vítimas";"Pleno dia";"Crescente";"Ceu Claro";"Simples";"Reta";"Rural";1;0;0;0;1;0;0;1
83526378;"17/12/16";"Sábado";"14:30:00";"PB";101;"123,2";"CAAPORA";"Defeito na via";"Saída de Pista";"Sem Vítimas";"Pleno dia";"Crescente";"Chuva";"Dupla";"Curva";"Rural";1;0;0;0;1;0;0;1
83526379;"18/12/16";"Domingo";"23:30:00";"PE";232;"248,5";"ARCOVERDE";"Falta de atenção";"Colisão frontal";"Com Vítimas Fatais";"Plena noite";"Decrescente";"Ceu Claro";"Simples";"Reta";"Rural";3;1;0;1;0;1;1;2
83526380;"22/12/16";"Quinta";"08:10:00";"ES";262;"43,4";"DOMINGOS MARTINS";"Falta de atenção";"Colisão traseira";"Com Vítimas Feridas";"Pleno dia";"Crescente";"Sol";"Simples";"Cruzamento";"Rural";3;0;1;0;2;0;1;2
83526381;"22/12/16";"Quinta";"09:00:00";"SP";116;"219";"GUARULHOS";"Não guardar distância de segurança";"Colisão traseira";"Com Vítimas Feridas";"Pleno dia";"Crescente";"Nublado";"Simples";"Reta";"Urbano";2;0;1;0;1;0;1;2
83526382;"21/12/16";"Quarta";"01:00:00";"PR";277;"724";"FOZ DO IGUACU";"Outras";"Queda de motocicleta / bicicleta / veículo";"Com Vítimas Feridas";"Plena noite";"Decrescente";"Ceu Claro";"Dupla";"Reta";"Urbano";1;0;1;0;0;0;1;1
83526383;"20/12/16";"Terça";"16:20:00";"BA";420;"290";"UBAIRA";"Não guardar distância de segurança";"Colisão traseira";"Sem Vítimas";"Pleno dia";"Crescente";"Ceu Claro";"Simples";"Reta";"Rural";2;0;0;0;2;0;0;2
83526384;"22/12/16";"Quinta";"10:30:00";"RN";304;"207,6";"LAJES";"Ultrapassagem indevida";"Colisão frontal";"Sem Vítimas";"Pleno dia";"Crescente";"Chuva";"Simples";"Reta";"Rural";2;0;0;0;2;0;0;2
83526385;"22/12/16";"Quinta";"10:40:00";"PR";476;"122";"CURITIBA";"Falta de atenção";"Capotamento";"Com Vítimas Feridas";"Pleno dia";"Decrescente";"Nublado";"Dupla";"Curva";"Urbano";1;0;1;0;0;0;1;1
83526386;"22/12/16";"Quinta";"11:10:00";"BA";116;"682,1";"JEQUIE";"Falta de atenção";"Colisão lateral";"Sem Vítimas";"Pleno dia";"Decrescente";"Ceu Claro";"Simples";"Reta";"Rural";3;0;0;0;3;0;0;2
83526387;"22/12/16";"Quinta";"07:40:00";"DF";20;"17";"BRASILIA";"Falta de atenção";"Colisão traseira";"Com Vítimas Feridas";"Pleno dia";"Decrescente";"Ceu Claro";"Dupla";"Reta";"Urbano";2;0;1;0;1;0;1;2
83526388;"22/12/16";"Quinta";"11:10:00";"RJ";101;"429";"MANGARATIBA";"Outras";"Colisão com objeto fixo";"Com Vítimas Feridas";"Pleno dia";"Crescente";"Sol";"Simples";"Curva";"Rural";2;0;1;0;1;0;1;1
83526389;"20/12/16";"Terça";"15:30:00";"PR";369;"4,5";"JACAREZINHO";"Outras";"Capotamento";"Com Vítimas Feridas";"Pleno dia";"Crescente";"Sol";"Simples";"Reta";"Rural";1;0;1;0;0;0;1;1
83526390;"06/04/16";"Quarta";"11:00:00";"PR";277;"100";"CURITIBA";"Outras";"Colisão traseira";"Sem Vítimas";"Pleno dia";"Crescente";"Ceu Claro";"Dupla";"Reta";"Rural";2;0;0;0;1;1;0;2
83526391;"19/12/16";"Segunda";"05:45:00";"SP";116;"207";"GUARULHOS";"Outras";"Saída de Pista";"Sem Vítimas";"Pleno dia";"Crescente";"Nublado";"Simples";"Reta";"Urbano";1;0;0;0;1;0;0;1
83526392;"22/12/16";"Quinta";"11:00:00";"SC";101;"201,5";"SAO JOSE";"Falta de atenção";"Colisão lateral";"Com Vítimas Feridas";"Pleno dia";"Crescente";"Ceu Claro";"Dupla";"Reta";"Urbano";2;0;1;0;1;0;1;2
83526393;"22/12/16";"Quinta";"09:17:00";"MT";364;"442";"VARZEA GRANDE";"Outras";"Saída de Pista";"Sem Vítimas";"Pleno dia";"Decrescente";"Nublado";"Simples";"Reta";"Rural";3;0;0;0;3;0;0;1
83526394;"19/12/16";"Segunda";"07:00:00";"SP";116;"215,8";"GUARULHOS";"Falta de atenção";"Colisão traseira";"Com Vítimas Feridas";"Pleno dia";"Crescente";"Nublado";"Simples";"Reta";"Urbano";2;0;1;0;1;0;1;2
83526395;"18/12/16";"Domingo";"22:48:00";"RR";174;"500";"BOA VISTA";"Falta de atenção";"Colisão com objeto fixo";"Com Vítimas Feridas";"Plena noite";"Decrescente";"Ignorada";"Dupla";"Reta";"Urbano";2;0;2;0;0;0;2;1
83526396;"22/12/16";"Quinta";"13:30:00";"PR";277;"46";"MORRETES";"Defeito mecânico em veículo";"Incêndio";"Sem Vítimas";"Pleno dia";"Crescente";"Nublado";"Dupla";"Reta";"Rural";2;0;0;0;2;0;0;1
83526397;"17/12/16";"Sábado";"21:00:00";"PE";101;"115,7";"IPOJUCA";"Outras";"Saída de Pista";"Com Vítimas Feridas";"Plena noite";"Decrescente";"Chuva";"Dupla";"Curva";"Rural";2;0;1;0;0;1;1;2
83526398;"22/12/16";"Quinta";"09:00:00";"PR";272;"429";"GOIO-ERE";"Falta de atenção";"Colisão Transversal";"Com Vítimas Feridas";"Amanhecer";"Decrescente";"Ceu Claro";"Simples";"Cruzamento";"Urbano";2;0;0;1;1;0;1;2
83526399;"22/12/16";"Quinta";"11:35:00";"SC";470;"146,5";"RIO DO SUL";"Falta de atenção";"Colisão frontal";"Com Vítimas Feridas";"Pleno dia";"Decrescente";"Ceu Claro";"Simples";"Reta";"Urbano";5;0;2;3;0;0;5;2
83526400;"18/12/16";"Domingo";"18:15:00";"SP";116;"191";"SANTA ISABEL";"Falta de atenção";"Saída de Pista";"Com Vítimas Feridas";"Pleno dia";"Decrescente";"Chuva";"Dupla";"Curva";"Rural";4;0;3;0;1;0;3;1
83526401;"20/12/16";"Terça";"17:40:00";"AM";174;"1082,7";"PRESIDENTE FIGUEIREDO";"Velocidade incompatível";"Tombamento";"Com Vítimas Feridas";"Pleno dia";"Crescente";"Chuva";"Simples";"Reta";"Rural";2;0;1;0;1;0;1;1
83526402;"22/12/16";"Quinta";"10:00:00";"SP";381;"6";"VARGEM";"Outras";"Colisão traseira";"Com Vítimas Feridas";"Pleno dia";"Decrescente";"Ceu Claro";"Dupla";"Reta";"Urbano";3;0;1;0;2;0;1;2
83526403;"22/12/16";"Quinta";"13:00:00";"SC";101;"121";"ITAJAI";"Outras";"Queda de motocicleta / bicicleta / veículo";"Com Vítimas Feridas";"Pleno dia";"Crescente";"Nublado";"Dupla";"Reta";"Urbano";1;0;1;0;0;0;1;1
83526404;"22/12/16";"Quinta";"07:50:00";"BA";116;"438,8";"FEIRA DE SANTANA";"Outras";"Colisão com objeto fixo";"Sem Vítimas";"Pleno dia";"Crescente";"Chuva";"Dupla";"Curva";"Rural";1;0;0;0;1;0;0;1