"id";"data_inversa";"dia_semana";"horario";"uf";"br";"km";"municipio";"causa_acidente";"tipo_acidente";"classificacao_acidente";"fase_dia";"sentido_via";"condicao_metereologica";"tipo_pista";"tracado_via";"uso_solo";"pessoas";"mortos";"feridos_leves";"feridos_graves";"ilesos";"ignorados";"feridos";"veiculos"
83526626;"23/12/16";"Sexta";"03:40:00";"ES";101;"64,8";"SAO MATEUS";"Ingestão de álcool";"Colisão lateral";"Com Vítimas Feridas";"Plena noite";"Decrescente";"Nublado";"Simples";"Reta";"Urbano";4;0;0;1;2;1;1;2
83526627;"22/12/16";"Quinta";"20:30:00";"RO";174;"52";"VILHENA";"Falta de atenção";"Tombamento";"Sem Vítimas";"Plena noite";"Decrescente";"Chuva";"Simples";"Reta";"Rural";2;0;0;0;2;0;0;1
83526628;"22/12/16";"Quinta";"10:50:00";"PR";153;"383";"MALLET";"Velocidade incompatível";"Tombamento";"Com Vítimas Feridas";"Pleno dia";"Decrescente";"Ceu Claro";"Simples";"Curva";"Rural";1;0;1;0;0;0;1;1
83526629;"22/12/16";"Quinta";"20:30:00";"PI";343;"212";"CAPITAO DE CAMPOS";"Animais na Pista";"Atropelamento de animal";"Com Vítimas Feridas";"Plena noite";"Crescente";"Chuva";"Simples";"Reta";"Urbano";2;0;1;0;1;0;1;1
83526630;"23/12/16";"Sexta";"02:30:00";"RS";290;"123,5";"ELDORADO DO SUL";"Falta de atenção";"Colisão frontal";"Com Vítimas Feridas";"Plena noite";"Decrescente";"Ceu Claro";"Simples";"Reta";"Rural";2;0;1;0;1;0;1;2
83526631;"22/12/16";"Quinta";"17:00:00";"MT";174;"61";"CACERES";"Dormindo";"Saída de Pista";"Com Vítimas Feridas";"Pleno dia";"Decrescente";"Nublado";"Simples";"Reta";"Rural";4;0;1;0;3;0;1;1
83526632;"18/12/16";"Domingo";"23:30:00";"SC";101;"290,1";"IMBITUBA";"Outras";"Saída de Pista";"Sem Vítimas";"Plena noite";"Crescente";"Ceu Claro";"Dupla";"Reta";"Rural";1;0;0;0;1;0;0;1
83526633;"22/12/16";"Quinta";"12:00:00";"BA";324;"524";"FEIRA DE SANTANA";"Ingestão de álcool";"Colisão com bicicleta";"Com Vítimas Feridas";"Pleno dia";"Crescente";"Ceu Claro";"Dupla";"Reta";"Urbano";2;0;2;0;0;0;2;2
83526634;"19/12/16";"Segunda";"06:30:00";"PE";104;"96,7";"AGRESTINA";"Outras";"Capotamento";"Com Vítimas Feridas";"Amanhecer";"Decrescente";"Chuva";"Simples";"Curva";"Rural";3;0;1;1;1;0;2;1
83526635;"22/12/16";"Quinta";"02:00:00";"BA";242;"288";"IBIQUERA";"Dormindo";"Saída de Pista";"Com Vítimas Feridas";"Plena noite";"Decrescente";"Ignorada";"Simples";"Curva";"Rural";2;0;1;0;1;0;1;1
83526636;"23/12/16";"Sexta";"04:00:00";"GO";153;"679,4";"PANAMA";"Falta de atenção";"Colisão lateral";"Sem Vítimas";"Plena noite";"Decrescente";"Nublado";"Dupla";"Reta";"Rural";2;0;0;0;1;1;0;2
83526637;"18/12/16";"Domingo";"09:30:00";"RJ";101;"439";"MANGARATIBA";"Falta de atenção";"Colisão Transversal";"Com Vítimas Feridas";"Pleno dia";"Decrescente";"Ceu Claro";"Simples";"Reta";"Rural";2;0;0;1;1;0;1;2
83526638;"23/12/16";"Sexta";"05:00:00";"PR";116;"13,9";"COLOMBO";"Outras";"Colisão com objeto fixo";"Sem Vítimas";"Plena noite";"Decrescente";"Ceu Claro";"Dupla";"Reta";"Urbano";1;0;0;0;1;0;0;1
83526639;"22/12/16";"Quinta";"21:25:00";"ES";101;"129";"SOORETAMA";"Outras";"Incêndio";"Sem Vítimas";"Plena noite";"Crescente";"Ceu Claro";"Simples";"Reta";"Rural";4;0;0;0;4;0;0;1
83526640;"23/12/16";"Sexta";"04:00:00";"MG";116;"282,6";"TEOFILO OTONI";"Dormindo";"Saída de Pista";"Com Vítimas Feridas";"Plena noite";"Decrescente";"Nublado";"Simples";"Reta";"Rural";3;0;1;2;0;0;3;1
83526641;"22/12/16";"Quinta";"21:30:00";"PA";10;"197,7";"PARAGOMINAS";"Ultrapassagem indevida";"Colisão frontal";"Sem Vítimas";"Plena noite";"Decrescente";"Nublado";"Simples";"Reta";"Rural";2;0;0;0;2;0;0;2
83526642;"22/12/16";"Quinta";"23:00:00";"PR";277;"690";"SAO MIGUEL DO IGUACU";"Falta de atenção";"Queda de motocicleta / bicicleta / veículo";"Com Vítimas Feridas";"Plena noite";"Crescente";"Ceu Claro";"Dupla";"Reta";"Urbano";1;0;0;1;0;0;1;1
83526643;"22/12/16";"Quinta";"19:30:00";"PI";343;"101";"COCAL";"Animais na Pista";"Atropelamento de animal";"Sem Vítimas";"Plena noite";"Decrescente";"Ceu Claro";"Simples";"Reta";"Rural";1;0;0;0;1;0;0;1
83526644;"22/12/16";"Quinta";"22:00:00";"MG";381;"765";"CAMPANHA";"Velocidade incompatível";"Capotamento";"Sem Vítimas";"Plena noite";"Decrescente";"Chuva";"Dupla";"Curva";"Rural";1;0;0;0;1;0;0;1
83526645;"23/12/16";"Sexta";"00:10:00";"MG";365;"621";"UBERLANDIA";"Ingestão de álcool";"Colisão Transversal";"Com Vítimas Feridas";"Plena noite";"Decrescente";"Ignorada";"Simples";"Reta";"Urbano";2;0;1;0;1;0;1;2
83526646;"19/12/16";"Segunda";"14:45:00";"CE";20;"412";"MARACANAU";"Falta de atenção";"Colisão traseira";"Sem Vítimas";"Pleno dia";"Decrescente";"Sol";"Simples";"Reta";"Urbano";2;0;0;0;2;0;0;2
83526648;"23/12/16";"Sexta";"06:30:00";"SP";116;"284,1";"ITAPECERICA DA SERRA";"Não guardar distância de segurança";"Queda de motocicleta / bicicleta / veículo";"Com Vítimas Feridas";"Pleno dia";"Decrescente";"Nublado";"Dupla";"Reta";"Urbano";1;0;1;0;0;0;1;1
83526649;"23/12/16";"Sexta";"03:17:00";"PR";277;"122";"CAMPO LARGO";"Falta de atenção";"Saída de Pista";"Com Vítimas Feridas";"Plena noite";"Crescente";"Nublado";"Dupla";"Curva";"Rural";4;0;3;0;1;0;3;1
83526650;"22/12/16";"Quinta";"23:20:00";"PI";343;"584,2";"FLORIANO";"Falta de atenção";"Saída de Pista";"Com Vítimas Feridas";"Plena noite";"Crescente";"Ceu Claro";"Simples";"Reta";"Rural";54;0;4;1;1;48;5;1
83526651;"23/12/16";"Sexta";"03:15:00";"RS";153;"555,8";"CACAPAVA DO SUL";"Dormindo";"Colisão com objeto fixo";"Sem Vítimas";"Plena noite";"Crescente";"Ceu Claro";"Simples";"Curva";"Rural";1;0;0;0;1;0;0;1
83526652;"23/12/16";"Sexta";"04:00:00";"PR";277;"461,7";"LARANJEIRAS DO SUL";"Velocidade incompatível";"Capotamento";"Com Vítimas Fatais";"Plena noite";"Decrescente";"Chuva";"Simples";"Curva";"Rural";3;1;2;0;0;0;2;1
83526653;"20/12/16";"Terça";"07:30:00";"SC";470;"74";"INDAIAL";"Dormindo";"Saída de Pista";"Sem Vítimas";"Pleno dia";"Decrescente";"Nublado";"Simples";"Reta";"Urbano";1;0;0;0;1;0;0;1
83526654;"23/12/16";"Sexta";"06:00:00";"SP";116;"565";"BARRA DO TURVO";"Outras";"Incêndio";"Sem Vítimas";"Pleno dia";"Crescente";"Sol";"Simples";"Reta";"Rural";1;0;0;0;1;0;0;1
83526655;"23/12/16";"Sexta";"01:55:00";"SC";101;"3";"GARUVA";"Defeito mecânico em veículo";"Incêndio";"Sem Vítimas";"Plena noite";"Crescente";"Nublado";"Dupla";"Reta";"Rural";1;0;0;0;1;0;0;1
83526656;"23/12/16";"Sexta";"06:20:00";"ES";101;"138";"LINHARES";"Outras";"Colisão traseira";"Com Vítimas Feridas";"Amanhecer";"Crescente";"Ceu Claro";"Simples";"Reta";"Rural";2;0;0;1;0;1;1;2
83526657;"23/12/16";"Sexta";"04:20:00";"BA";242;"165";"ITABERABA";"Falta de atenção";"Colisão traseira";"Sem Vítimas";"Amanhecer";"Crescente";"Chuva";"Simples";"Reta";"Rural";6;0;0;0;6;0;0;2
83526658;"23/12/16";"Sexta";"05:28:00";"SP";381;"75,7";"SAO PAULO";"Não guardar distância de segurança";"Colisão traseira";"Com Vítimas Feridas";"Plena noite";"Decrescente";"Ceu Claro";"Dupla";"Curva";"Urbano";3;0;1;0;1;1;1;2
83526659;"19/12/16";"Segunda";"17:10:00";"ES";259;"70,8";"COLATINA";"Outras";"Colisão frontal";"Com Vítimas Fatais";"Pleno dia";"Crescente";"Sol";"Simples";"Reta";"Rural";3;1;0;0;2;0;0;2
83526660;"18/12/16";"Domingo";"10:30:00";"RJ";40;"77";"PETROPOLIS";"Velocidade incompatível";"Queda de motocicleta / bicicleta / veículo";"Com Vítimas Feridas";"Pleno dia";"Crescente";"Ceu Claro";"Simples";"Curva";"Urbano";1;0;1;0;0;0;1;1
83526661;"21/12/16";"Quarta";"23:28:00";"RS";392;"41,1";"RIO GRANDE";"Defeito mecânico em veículo";"Saída de Pista";"Sem Vítimas";"Plena noite";"Decrescente";"Ceu Claro";"Dupla";"Reta";"Urbano";1;0;0;0;1;0;0;1
83526662;"22/12/16";"Quinta";"03:45:00";"RJ";101;"494";"ANGRA DOS REIS";"Outras";"Atropelamento de pessoa";"Com Vítimas Feridas";"Plena noite";"Decrescente";"Nublado";"Simples";"Reta";"Rural";4;0;0;1;3;0;1;1
83526663;"23/12/16";"Sexta";"08:00:00";"PR";277;"713";"SANTA TEREZINHA DE ITAIPU";"Falta de atenção";"Queda de motocicleta / bicicleta / veículo";"Com Vítimas Feridas";"Amanhecer";"Crescente";"Ceu Claro";"Dupla";"Reta";"Rural";1;0;0;1;0;0;1;1
83526664;"19/12/16";"Segunda";"18:00:00";"MG";381;"479";"CONTAGEM";"Não guardar distância de segurança";"Colisão lateral";"Com Vítimas Feridas";"Pleno dia";"Crescente";"Ceu Claro";"Dupla";"Reta";"Urbano";3;0;2;0;1;0;2;2
83526665;"19/12/16";"Segunda";"18:50:00";"PR";376;"505,9";"PONTA GROSSA";"Outras";"Incêndio";"Sem Vítimas";"Pleno dia";"Crescente";"Nublado";"Dupla";"Reta";"Rural";1;0;0;0;1;0;0;1
83526666;"21/12/16";"Quarta";"02:30:00";"MG";381;"742";"TRES CORACOES";"Velocidade incompatível";"Saída de Pista";"Ignorado";"Plena noite";"Crescente";"Nublado";"Dupla";"Curva";"Rural";1;0;0;0;0;1;0;1
83526667;"22/12/16";"Quinta";"00:05:00";"PR";277;"621,9";"CEU AZUL";"Outras";"Saída de Pista";"Com Vítimas Feridas";"Plena noite";"Decrescente";"Ceu Claro";"Simples";"Reta";"Rural";2;0;1;0;0;1;1;2
83526668;"22/12/16";"Quinta";"19:00:00";"RO";364;"719";"PORTO VELHO";"Animais na Pista";"Colisão com objeto fixo";"Com Vítimas Feridas";"Plena noite";"Crescente";"Nublado";"Dupla";"Reta";"Rural";2;0;1;0;1;0;1;1
83526669;"19/12/16";"Segunda";"07:00:00";"PI";135;"615";"CORRENTE";"Falta de atenção";"Capotamento";"Com Vítimas Fatais";"Amanhecer";"Decrescente";"Ceu Claro";"Simples";"Curva";"Rural";5;1;0;2;2;0;2;1
83526670;"18/12/16";"Domingo";"11:00:00";"MG";153;"86";"PRATA";"Outras";"Tombamento";"Sem Vítimas";"Pleno dia";"Decrescente";"Sol";"Simples";"Reta";"Rural";1;0;0;0;1;0;0;1
83526672;"19/12/16";"Segunda";"16:00:00";"PR";376;"681";"GUARATUBA";"Dormindo";"Saída de Pista";"Com Vítimas Feridas";"Pleno dia";"Crescente";"Ceu Claro";"Dupla";"Reta";"Rural";2;0;1;0;1;0;1;1
83526673;"21/12/16";"Quarta";"23:30:00";"RS";116;"229,2";"DOIS IRMAOS";"Velocidade incompatível";"Saída de Pista";"Com Vítimas Feridas";"Plena noite";"Crescente";"Ceu Claro";"Dupla";"Curva";"Rural";1;0;1;0;0;0;1;1
83526674;"21/12/16";"Quarta";"05:40:00";"MT";163;"59";"RONDONOPOLIS";"Dormindo";"Capotamento";"Com Vítimas Feridas";"Amanhecer";"Crescente";"Nublado";"Dupla";"Reta";"Rural";3;0;2;0;1;0;2;1
83526675;"19/12/16";"Segunda";"13:30:00";"SC";282;"600,3";"CUNHA PORA";"Outras";"Colisão traseira";"Sem Vítimas";"Pleno dia";"Crescente";"Chuva";"Simples";"Curva";"Rural";3;0;0;0;3;0;0;3
83526676;"23/12/16";"Sexta";"05:30:00";"SC";280;"201";"MAFRA";"Ultrapassagem indevida";"Colisão frontal";"Com Vítimas Feridas";"Plena noite";"Crescente";"Nevoeiro/neblina";"Simples";"Reta";"Rural";5;0;3;2;0;0;5;2
83526677;"23/12/16";"Sexta";"06:30:00";"MG";381;"547";"RIO MANSO";"Velocidade incompatível";"Colisão lateral";"Sem Vítimas";"Amanhecer";"Decrescente";"Ceu Claro";"Dupla";"Reta";"Urbano";2;0;0;0;2;0;0;2
83526678;"20/12/16";"Terça";"19:50:00";"SC";470;"49,8";"BLUMENAU";"Ingestão de álcool";"Colisão lateral";"Sem Vítimas";"Plena noite";"Crescente";"Nublado";"Simples";"Reta";"Urbano";2;0;0;0;2;0;0;2
83526679;"19/12/16";"Segunda";"13:35:00";"BA";116;"374";"SERRINHA";"Defeito mecânico em veículo";"Colisão frontal";"Com Vítimas Fatais";"Pleno dia";"Decrescente";"Sol";"Simples";"Reta";"Rural";3;1;2;0;0;0;2;2
83526680;"23/12/16";"Sexta";"07:05:00";"PI";316;"11,8";"TERESINA";"Falta de atenção";"Colisão lateral";"Com Vítimas Feridas";"Pleno dia";"Decrescente";"Ceu Claro";"Simples";"Reta";"Urbano";3;0;1;0;2;0;1;2
83526681;"22/12/16";"Quinta";"15:30:00";"BA";324;"407";"NOVA FATIMA";"Dormindo";"Colisão frontal";"Sem Vítimas";"Pleno dia";"Crescente";"Ceu Claro";"Simples";"Reta";"Urbano";2;0;0;0;2;0;0;2
83526682;"23/12/16";"Sexta";"07:30:00";"PI";316;"0,2";"TERESINA";"Falta de atenção";"Colisão traseira";"Com Vítimas Feridas";"Pleno dia";"Decrescente";"Ceu Claro";"Simples";"Reta";"Urbano";3;0;2;0;1;0;2;2
83526683;"20/12/16";"Terça";"07:00:00";"BA";116;"24,5";"VITORIA DA CONQUISTA";"Desobediência à sinalização";"Colisão Transversal";"Com Vítimas Feridas";"Pleno dia";"Crescente";"Ceu Claro";"Dupla";"Reta";"Urbano";3;0;2;0;1;0;2;2
83526684;"19/12/16";"Segunda";"14:00:00";"SC";282;"171";"BOCAINA DO SUL";"Velocidade incompatível";"Saída de Pista";"Com Vítimas Feridas";"Pleno dia";"Crescente";"Chuva";"Simples";"Cruzamento";"Urbano";4;0;1;0;3;0;1;1
83526685;"19/12/16";"Segunda";"21:15:00";"PR";153;"498";"GENERAL CARNEIRO";"Ingestão de álcool";"Tombamento";"Sem Vítimas";"Plena noite";"Decrescente";"Chuva";"Simples";"Reta";"Rural";1;0;0;0;1;0;0;1
83526686;"23/12/16";"Sexta";"07:10:00";"PE";101;"51";"ABREU E LIMA";"Não guardar distância de segurança";"Colisão traseira";"Sem Vítimas";"Pleno dia";"Crescente";"Sol";"Múltipla";"Reta";"Urbano";3;0;0;0;3;0;0;3
83526687;"22/12/16";"Quinta";"18:22:00";"MG";40;"0,5";"PARACATU";"Defeito mecânico em veículo";"Saída de Pista";"Com Vítimas Feridas";"Anoitecer";"Decrescente";"Ceu Claro";"Simples";"Reta";"Rural";2;0;2;0;0;0;2;1
83526688;"19/12/16";"Segunda";"18:30:00";"SC";280;"5";"SAO FRANCISCO DO SUL";"Ingestão de álcool";"Colisão lateral";"Com Vítimas Feridas";"Anoitecer";"Crescente";"Nublado";"Simples";"Reta";"Urbano";4;0;1;1;2;0;2;2
83526689;"21/12/16";"Quarta";"06:00:00";"PI";135;"349";"BOM JESUS";"Defeito na via";"Tombamento";"Sem Vítimas";"Amanhecer";"Decrescente";"Sol";"Simples";"Reta";"Rural";1;0;0;0;1;0;0;1
83526690;"19/12/16";"Segunda";"14:30:00";"SP";381;"73";"SAO PAULO";"Velocidade incompatível";"Capotamento";"Com Vítimas Feridas";"Pleno dia";"Decrescente";"Sol";"Dupla";"Curva";"Urbano";1;0;1;0;0;0;1;1
83526691;"19/12/16";"Segunda";"09:00:00";"MG";262;"411,5";"IGARATINGA";"Velocidade incompatível";"Capotamento";"Sem Vítimas";"Pleno dia";"Decrescente";"Nublado";"Dupla";"Curva";"Urbano";1;0;0;0;1;0;0;1
83526692;"21/12/16";"Quarta";"08:43:00";"SP";116;"228";"SAO PAULO";"Falta de atenção";"Atropelamento de pessoa";"Com Vítimas Feridas";"Amanhecer";"Decrescente";"Ceu Claro";"Dupla";"Reta";"Urbano";2;0;1;0;1;0;1;1
83526693;"23/12/16";"Sexta";"04:10:00";"CE";222;"24";"CAUCAIA";"Dormindo";"Saída de Pista";"Com Vítimas Feridas";"Amanhecer";"Decrescente";"Ceu Claro";"Simples";"Reta";"Rural";2;0;1;0;1;0;1;1
83526694;"23/12/16";"Sexta";"06:30:00";"MG";381;"348";"BELA VISTA DE MINAS";"Desobediência à sinalização";"Colisão frontal";"Com Vítimas Feridas";"Pleno dia";"Crescente";"Ceu Claro";"Dupla";"Curva";"Rural";3;0;1;2;0;0;3;2
83526695;"20/12/16";"Terça";"00:20:00";"RJ";40;"120";"DUQUE DE CAXIAS";"Outras";"Capotamento";"Sem Vítimas";"Plena noite";"Decrescente";"Ceu Claro";"Dupla";"Reta";"Urbano";1;0;0;0;1;0;0;1
83526696;"21/12/16";"Quarta";"11:30:00";"PR";376;"519";"PONTA GROSSA";"Outras";"Saída de Pista";"Sem Vítimas";"Pleno dia";"Decrescente";"Chuva";"Dupla";"Curva";"Rural";1;0;0;0;1;0;0;1
83526697;"23/12/16";"Sexta";"09:55:00";"RS";290;"99";"PORTO ALEGRE";"Defeito mecânico em veículo";"Queda de motocicleta / bicicleta / veículo";"Com Vítimas Feridas";"Pleno dia";"Decrescente";"Ceu Claro";"Simples";"Reta";"Rural";2;0;2;0;0;0;2;1
83526698;"23/12/16";"Sexta";"08:15:00";"PR";376;"600,5";"CURITIBA";"Falta de atenção";"Colisão traseira";"Com Vítimas Feridas";"Pleno dia";"Crescente";"Sol";"Dupla";"Reta";"Urbano";7;0;2;0;4;1;2;5
83526699;"20/12/16";"Terça";"05:00:00";"GO";153;"644,2";"MORRINHOS";"Dormindo";"Colisão traseira";"Sem Vítimas";"Plena noite";"Decrescente";"Ceu Claro";"Dupla";"Reta";"Rural";2;0;0;0;2;0;0;2
83526700;"12/11/16";"Sábado";"06:00:00";"PR";116;"115";"CURITIBA";"Falta de atenção";"Colisão traseira";"Com Vítimas Feridas";"Amanhecer";"Decrescente";"Chuva";"Dupla";"Reta";"Urbano";2;0;0;1;1;0;1;2
83526701;"23/12/16";"Sexta";"08:25:00";"PE";101;"43";"IGARASSU";"Falta de atenção";"Atropelamento de pessoa";"Com Vítimas Feridas";"Pleno dia";"Crescente";"Ceu Claro";"Múltipla";"Reta";"Urbano";2;0;0;1;1;0;1;1
83526702;"23/12/16";"Sexta";"10:00:00";"SC";470;"126";"LONTRAS";"Outras";"Colisão lateral";"Com Vítimas Feridas";"Pleno dia";"Crescente";"Sol";"Simples";"Reta";"Rural";2;0;1;0;0;1;1;2
83526703;"20/12/16";"Terça";"00:54:00";"RJ";116;"97";"GUAPIMIRIM";"Defeito mecânico em veículo";"Colisão com objeto fixo";"Sem Vítimas";"Plena noite";"Crescente";"Ceu Claro";"Simples";"Curva";"Rural";1;0;0;0;1;0;0;1
83526704;"20/12/16";"Terça";"07:30:00";"AL";316;"154";"PALMEIRA DOS INDIOS";"Desobediência à sinalização";"Colisão lateral";"Com Vítimas Feridas";"Pleno dia";"Decrescente";"Ceu Claro";"Simples";"Reta";"Rural";2;0;1;0;1;0;1;2
83526705;"19/12/16";"Segunda";"08:00:00";"BA";116;"424";"FEIRA DE SANTANA";"Falta de atenção";"Colisão Transversal";"Com Vítimas Feridas";"Pleno dia";"Decrescente";"Sol";"Simples";"Reta";"Urbano";2;0;0;1;0;1;1;2
83526706;"22/12/16";"Quinta";"21:00:00";"SC";101;"130,3";"BALNEARIO CAMBORIU";"Outras";"Colisão frontal";"Com Vítimas Feridas";"Plena noite";"Crescente";"Nublado";"Simples";"Curva";"Urbano";2;0;0;1;1;0;1;2
83526707;"23/12/16";"Sexta";"08:30:00";"RJ";101;"310";"SAO GONCALO";"Falta de atenção";"Queda de motocicleta / bicicleta / veículo";"Com Vítimas Feridas";"Pleno dia";"Crescente";"Nublado";"Dupla";"Reta";"Urbano";1;0;1;0;0;0;1;1
83526708;"23/12/16";"Sexta";"06:00:00";"SP";116;"297";"ITAPECERICA DA SERRA";"Falta de atenção";"Colisão Transversal";"Com Vítimas Feridas";"Amanhecer";"Decrescente";"Ceu Claro";"Dupla";"Cruzamento";"Rural";3;0;2;1;0;0;3;2
83526709;"11/11/16";"Sexta";"17:20:00";"PR";376;"493,5";"PONTA GROSSA";"Falta de atenção";"Colisão traseira";"Sem Vítimas";"Pleno dia";"Crescente";"Ceu Claro";"Dupla";"Reta";"Urbano";2;0;0;0;2;0;0;2
83526710;"19/12/16";"Segunda";"21:30:00";"RJ";116;"108";"GUAPIMIRIM";"Outras";"Colisão traseira";"Com Vítimas Feridas";"Plena noite";"Crescente";"Ceu Claro";"Simples";"Reta";"Urbano";2;0;0;1;1;0;1;2
83526711;"19/12/16";"Segunda";"20:00:00";"RJ";116;"237";"PIRAI";"Outras";"Atropelamento de pessoa";"Com Vítimas Fatais";"Plena noite";"Decrescente";"Ceu Claro";"Dupla";"Reta";"Rural";2;1;0;0;1;0;0;1
83526712;"23/12/16";"Sexta";"09:20:00";"SP";116;"287";"ITAPECERICA DA SERRA";"Outras";"Queda de motocicleta / bicicleta / veículo";"Com Vítimas Feridas";"Pleno dia";"Decrescente";"Ceu Claro";"Dupla";"Curva";"Rural";1;0;1;0;0;0;1;1
83526713;"21/12/16";"Quarta";"22:30:00";"GO";20;"215";"GUARANI DE GOIAS";"Falta de atenção";"Atropelamento de pessoa";"Com Vítimas Fatais";"Plena noite";"Decrescente";"Ceu Claro";"Simples";"Reta";"Rural";2;1;0;0;1;0;0;1
83526714;"14/12/16";"Quarta";"18:23:00";"PR";376;"181,6";"MARINGA";"Outras";"Colisão lateral";"Com Vítimas Feridas";"Pleno dia";"Crescente";"Ignorada";"Dupla";"Reta";"Urbano";2;0;0;1;0;1;1;2
83526715;"23/12/16";"Sexta";"07:45:00";"DF";40;"0,5";"BRASILIA";"Outras";"Saída de Pista";"Com Vítimas Feridas";"Pleno dia";"Decrescente";"Ceu Claro";"Simples";"Reta";"Urbano";1;0;1;0;0;0;1;1
83526716;"19/12/16";"Segunda";"21:00:00";"PR";277;"31";"MORRETES";"Ingestão de álcool";"Colisão traseira";"Sem Vítimas";"Plena noite";"Crescente";"Nublado";"Dupla";"Reta";"Rural";2;0;0;0;2;0;0;2
83526717;"23/12/16";"Sexta";"06:00:00";"BA";101;"831,1";"ITAMARAJU";"Falta de atenção";"Colisão Transversal";"Sem Vítimas";"Amanhecer";"Crescente";"Ceu Claro";"Simples";"Curva";"Rural";2;0;0;0;2;0;0;2
83526718;"23/12/16";"Sexta";"08:00:00";"RS";471;"173";"RIO PARDO";"Falta de atenção";"Colisão traseira";"Com Vítimas Feridas";"Pleno dia";"Crescente";"Ceu Claro";"Simples";"Reta";"Urbano";3;0;1;0;2;0;1;2
83526719;"23/12/16";"Sexta";"08:30:00";"SP";116;"113";"TAUBATE";"Não guardar distância de segurança";"Colisão traseira";"Com Vítimas Feridas";"Pleno dia";"Decrescente";"Sol";"Dupla";"Reta";"Urbano";6;0;1;0;5;0;1;5
83526720;"19/12/16";"Segunda";"18:10:00";"RJ";393;"106,1";"SAPUCAIA";"Falta de atenção";"Atropelamento de pessoa";"Com Vítimas Feridas";"Pleno dia";"Crescente";"Sol";"Simples";"Reta";"Urbano";2;0;0;1;1;0;1;1
83526721;"19/12/16";"Segunda";"13:30:00";"SP";116;"225";"GUARULHOS";"Não guardar distância de segurança";"Queda de motocicleta / bicicleta / veículo";"Com Vítimas Feridas";"Pleno dia";"Decrescente";"Nublado";"Dupla";"Reta";"Urbano";1;0;1;0;0;0;1;1
83526722;"23/12/16";"Sexta";"10:20:00";"PR";277;"435";"VIRMOND";"Falta de atenção";"Colisão Transversal";"Com Vítimas Feridas";"Pleno dia";"Decrescente";"Ceu Claro";"Dupla";"Reta";"Rural";3;0;1;0;1;1;1;2
83526723;"16/05/16";"Segunda";"05:45:00";"SE";235;"102";"CARIRA";"Desobediência à sinalização";"Colisão frontal";"Com Vítimas Feridas";"Amanhecer";"Decrescente";"Nublado";"Simples";"Reta";"Rural";3;0;0;1;0;2;1;2
83526724;"23/12/16";"Sexta";"08:30:00";"PR";476;"136";"CURITIBA";"Outras";"Colisão traseira";"Com Vítimas Feridas";"Pleno dia";"Crescente";"Ceu Claro";"Múltipla";"Reta";"Urbano";2;0;1;0;1;0;1;2
83526725;"17/12/16";"Sábado";"21:30:00";"RN";304;"33,4";"MOSSORO";"Defeito na via";"Saída de Pista";"Com Vítimas Feridas";"Pleno dia";"Crescente";"Chuva";"Dupla";"Reta";"Urbano";1;0;1;0;0;0;1;1
83526726;"19/12/16";"Segunda";"16:45:00";"BA";324;"3,9";"FEIRA DE SANTANA";"Outras";"Capotamento";"Com Vítimas Feridas";"Pleno dia";"Crescente";"Sol";"Dupla";"Reta";"Urbano";1;0;1;0;0;0;1;1
83526727;"22/12/16";"Quinta";"06:50:00";"BA";242;"286";"IBIQUERA";"Falta de atenção";"Colisão lateral";"Com Vítimas Feridas";"Amanhecer";"Crescente";"Nublado";"Simples";"Reta";"Rural";5;0;2;0;0;3;2;2
83526728;"15/12/16";"Quinta";"19:00:00";"SP";381;"87,5";"SAO PAULO";"Velocidade incompatível";"Colisão com objeto fixo";"Ignorado";"Pleno dia";"Decrescente";"Ceu Claro";"Múltipla";"Curva";"Urbano";1;0;0;0;0;1;0;1
83526729;"12/10/16";"Quarta";"19:00:00";"RO";364;"1030";"PORTO VELHO";"Defeito na via";"Queda de motocicleta / bicicleta / veículo";"Com Vítimas Feridas";"Plena noite";"Crescente";"Nublado";"Simples";"Reta";"Urbano";1;0;0;1;0;0;1;1
83526730;"14/12/16";"Quarta";"16:30:00";"ES";101;"396,5";"RIO NOVO DO SUL";"Velocidade incompatível";"Saída de Pista";"Com Vítimas Feridas";"Anoitecer";"Crescente";"Chuva";"Simples";"Reta";"Urbano";4;0;1;1;1;1;2;1
83526731;"19/12/16";"Segunda";"22:50:00";"RO";364;"239,9";"CACOAL";"Falta de atenção";"Colisão com objeto fixo";"Com Vítimas Feridas";"Plena noite";"Crescente";"Nublado";"Simples";"Reta";"Urbano";1;0;1;0;0;0;1;1
83526732;"23/12/16";"Sexta";"10:20:00";"SC";101;"133,2";"BALNEARIO CAMBORIU";"Outras";"Queda de motocicleta / bicicleta / veículo";"Com Vítimas Feridas";"Pleno dia";"Decrescente";"Sol";"Dupla";"Reta";"Urbano";2;0;2;0;0;0;2;1
83526733;"23/12/16";"Sexta";"03:30:00";"RS";470;"224";"GARIBALDI";"Ingestão de álcool";"Saída de Pista";"Com Vítimas Feridas";"Plena noite";"Decrescente";"Ceu Claro";"Simples";"Curva";"Urbano";2;0;2;0;0;0;2;1
83526734;"19/12/16";"Segunda";"12:30:00";"RO";364;"737";"PORTO VELHO";"Falta de atenção";"Saída de Pista";"Com Vítimas Feridas";"Pleno dia";"Decrescente";"Nublado";"Simples";"Reta";"Rural";1;0;1;0;0;0;1;1