"id";"data_inversa";"dia_semana";"horario";"uf";"br";"km";"municipio";"causa_acidente";"tipo_acidente";"classificacao_acidente";"fase_dia";"sentido_via";"condicao_metereologica";"tipo_pista";"tracado_via";"uso_solo";"pessoas";"mortos";"feridos_leves";"feridos_graves";"ilesos";"ignorados";"feridos";"veiculos"
83526735;"23/12/16";"Sexta";"08:20:00";"PE";101;"112,5";"CABO DE SANTO AGOSTINHO";"Defeito mecânico em veículo";"Tombamento";"Sem Vítimas";"Pleno dia";"Decrescente";"Sol";"Dupla";"Curva";"Rural";1;0;0;0;1;0;0;1
83526736;"23/12/16";"Sexta";"09:30:00";"SP";116;"532";"BARRA DO TURVO";"Falta de atenção";"Saída de Pista";"Sem Vítimas";"Pleno dia";"Crescente";"Nublado";"Dupla";"Reta";"Rural";7;0;0;0;7;0;0;2
83526737;"23/12/16";"Sexta";"08:00:00";"BA";407;"127";"SENHOR DO BONFIM";"Falta de atenção";"Colisão Transversal";"Com Vítimas Feridas";"Amanhecer";"Crescente";"Nublado";"Simples";"Reta";"Urbano";2;0;1;0;1;0;1;2
83526738;"23/12/16";"Sexta";"01:30:00";"BA";407;"168";"FILADELFIA";"Dormindo";"Colisão frontal";"Com Vítimas Fatais";"Plena noite";"Crescente";"Chuva";"Simples";"Reta";"Rural";2;1;0;0;1;0;0;2
83526739;"19/12/16";"Segunda";"16:00:00";"PB";104;"176";"ALCANTIL";"Falta de atenção";"Colisão Transversal";"Com Vítimas Feridas";"Pleno dia";"Decrescente";"Ceu Claro";"Simples";"Reta";"Rural";3;0;2;0;1;0;2;2
83526740;"23/12/16";"Sexta";"11:00:00";"SC";282;"22,4";"PALHOCA";"Não guardar distância de segurança";"Colisão traseira";"Com Vítimas Feridas";"Pleno dia";"Decrescente";"Ceu Claro";"Simples";"Reta";"Urbano";2;0;1;0;1;0;1;2
83526741;"23/12/16";"Sexta";"05:10:00";"SP";381;"73,6";"SAO PAULO";"Dormindo";"Capotamento";"Sem Vítimas";"Plena noite";"Decrescente";"Ceu Claro";"Dupla";"Reta";"Rural";1;0;0;0;1;0;0;1
83526742;"22/12/16";"Quinta";"17:30:00";"RR";174;"237";"RORAINOPOLIS";"Velocidade incompatível";"Saída de Pista";"Com Vítimas Feridas";"Anoitecer";"Crescente";"Chuva";"Simples";"Curva";"Urbano";2;0;1;1;0;0;2;1
83526743;"23/12/16";"Sexta";"11:10:00";"GO";60;"189";"GUAPO";"Defeito mecânico em veículo";"Queda de motocicleta / bicicleta / veículo";"Com Vítimas Feridas";"Pleno dia";"Crescente";"Ceu Claro";"Dupla";"Reta";"Urbano";1;0;0;1;0;0;1;1
83526744;"23/12/16";"Sexta";"09:15:00";"SP";116;"517,9";"CAJATI";"Falta de atenção";"Colisão traseira";"Com Vítimas Feridas";"Pleno dia";"Crescente";"Nublado";"Simples";"Reta";"Rural";2;0;0;1;1;0;1;2
83526745;"23/12/16";"Sexta";"08:10:00";"RJ";101;"313";"SAO GONCALO";"Outras";"Colisão lateral";"Com Vítimas Feridas";"Pleno dia";"Decrescente";"Nublado";"Dupla";"Reta";"Urbano";2;0;1;0;1;0;1;2
83526746;"23/12/16";"Sexta";"08:00:00";"SC";101;"131,3";"CAMBORIU";"Desobediência à sinalização";"Colisão lateral";"Com Vítimas Feridas";"Pleno dia";"Crescente";"Sol";"Simples";"Reta";"Urbano";2;0;1;0;1;0;1;2
83526747;"23/12/16";"Sexta";"10:30:00";"RS";386;"152";"ALMIRANTE TAMANDARE DO SUL";"Falta de atenção";"Colisão traseira";"Sem Vítimas";"Pleno dia";"Crescente";"Ceu Claro";"Simples";"Curva";"Rural";3;0;0;0;3;0;0;2
83526748;"17/12/16";"Sábado";"08:10:00";"RJ";116;"298";"RESENDE";"Falta de atenção";"Queda de motocicleta / bicicleta / veículo";"Com Vítimas Feridas";"Pleno dia";"Crescente";"Nublado";"Dupla";"Reta";"Rural";1;0;0;1;0;0;1;1
83526749;"19/12/16";"Segunda";"08:45:00";"SP";116;"217,1";"GUARULHOS";"Outras";"Colisão lateral";"Com Vítimas Feridas";"Pleno dia";"Decrescente";"Ceu Claro";"Múltipla";"Reta";"Urbano";2;0;1;0;1;0;1;2
83526750;"23/12/16";"Sexta";"10:20:00";"PE";116;"9";"SALGUEIRO";"Defeito mecânico em veículo";"Incêndio";"Sem Vítimas";"Pleno dia";"Decrescente";"Ceu Claro";"Simples";"Reta";"Rural";3;0;0;0;3;0;0;1
83526751;"23/12/16";"Sexta";"12:10:00";"RS";470;"228,1";"GARIBALDI";"Outras";"Queda de motocicleta / bicicleta / veículo";"Com Vítimas Feridas";"Pleno dia";"Crescente";"Ceu Claro";"Simples";"Curva";"Rural";1;0;1;0;0;0;1;1
83526752;"23/12/16";"Sexta";"09:30:00";"PE";116;"47";"SALGUEIRO";"Outras";"Saída de Pista";"Com Vítimas Feridas";"Pleno dia";"Decrescente";"Ceu Claro";"Simples";"Reta";"Rural";2;0;1;1;0;0;2;1
83526753;"23/12/16";"Sexta";"09:45:00";"SC";280;"201,1";"MAFRA";"Outras";"Colisão traseira";"Sem Vítimas";"Pleno dia";"Decrescente";"Sol";"Simples";"Reta";"Rural";3;0;0;0;3;0;0;3
83526754;"23/12/16";"Sexta";"10:15:00";"RS";386;"401,7";"TRIUNFO";"Falta de atenção";"Saída de Pista";"Sem Vítimas";"Pleno dia";"Decrescente";"Sol";"Simples";"Reta";"Rural";3;0;0;0;3;0;0;1
83526755;"23/12/16";"Sexta";"10:15:00";"MT";174;"3";"CACERES";"Outras";"Saída de Pista";"Com Vítimas Feridas";"Pleno dia";"Crescente";"Nublado";"Simples";"Reta";"Rural";2;0;1;0;1;0;1;1
83526756;"15/12/16";"Quinta";"20:50:00";"BA";242;"162";"ITABERABA";"Não guardar distância de segurança";"Colisão com objeto móvel";"Sem Vítimas";"Plena noite";"Crescente";"Nublado";"Simples";"Reta";"Rural";4;0;0;0;4;0;0;1
83526757;"23/12/16";"Sexta";"11:10:00";"RS";287;"250,6";"SANTA MARIA";"Outras";"Colisão lateral";"Sem Vítimas";"Pleno dia";"Crescente";"Ceu Claro";"Simples";"Reta";"Urbano";2;0;0;0;2;0;0;2
83526758;"23/12/16";"Sexta";"10:45:00";"MG";267;"287,1";"BAEPENDI";"Dormindo";"Saída de Pista";"Com Vítimas Feridas";"Pleno dia";"Crescente";"Ceu Claro";"Simples";"Curva";"Rural";2;0;2;0;0;0;2;1
83526759;"21/12/16";"Quarta";"22:40:00";"SP";116;"186";"SANTA ISABEL";"Falta de atenção";"Colisão traseira";"Com Vítimas Feridas";"Plena noite";"Decrescente";"Nublado";"Dupla";"Curva";"Rural";5;0;3;0;2;0;3;2
83526760;"20/12/16";"Terça";"05:55:00";"AL";101;"110";"PILAR";"Outras";"Saída de Pista";"Com Vítimas Feridas";"Amanhecer";"Decrescente";"Ceu Claro";"Simples";"Reta";"Rural";1;0;1;0;0;0;1;1
83526761;"19/12/16";"Segunda";"18:00:00";"GO";20;"25";"FORMOSA";"Outras";"Saída de Pista";"Com Vítimas Feridas";"Pleno dia";"Crescente";"Nublado";"Simples";"Reta";"Rural";3;0;3;0;0;0;3;1
83526762;"23/12/16";"Sexta";"11:40:00";"SC";282;"408";"CATANDUVAS";"Desobediência à sinalização";"Colisão frontal";"Com Vítimas Feridas";"Pleno dia";"Crescente";"Sol";"Simples";"Curva";"Rural";4;0;2;1;1;0;3;3
83526763;"23/12/16";"Sexta";"06:30:00";"BA";116;"461,4";"SANTO ESTEVAO";"Não guardar distância de segurança";"Colisão traseira";"Sem Vítimas";"Pleno dia";"Decrescente";"Ceu Claro";"Simples";"Reta";"Urbano";3;0;0;0;3;0;0;2
83526764;"23/12/16";"Sexta";"11:58:00";"SC";101;"117,4";"ITAJAI";"Velocidade incompatível";"Colisão traseira";"Sem Vítimas";"Pleno dia";"Crescente";"Ceu Claro";"Dupla";"Reta";"Urbano";5;0;0;0;5;0;0;5
83526765;"23/12/16";"Sexta";"12:35:00";"SP";153;"28,5";"NOVA GRANADA";"Outras";"Incêndio";"Sem Vítimas";"Pleno dia";"Decrescente";"Sol";"Simples";"Reta";"Rural";1;0;0;0;1;0;0;1
83526766;"23/12/16";"Sexta";"11:15:00";"MG";116;"753,6";"LEOPOLDINA";"Outras";"Saída de Pista";"Com Vítimas Feridas";"Pleno dia";"Decrescente";"Ceu Claro";"Simples";"Curva";"Rural";1;0;0;1;0;0;1;1
83526768;"23/12/16";"Sexta";"12:09:00";"RJ";101;"228";"SILVA JARDIM";"Falta de atenção";"Saída de Pista";"Sem Vítimas";"Pleno dia";"Crescente";"Ceu Claro";"Simples";"Curva";"Rural";2;0;0;0;2;0;0;1
83526769;"23/12/16";"Sexta";"13:40:00";"PR";376;"648";"TIJUCAS DO SUL";"Velocidade incompatível";"Capotamento";"Sem Vítimas";"Pleno dia";"Decrescente";"Ceu Claro";"Dupla";"Reta";"Rural";2;0;0;0;2;0;0;1
83526770;"23/12/16";"Sexta";"12:40:00";"PR";163;"39";"PRANCHITA";"Falta de atenção";"Colisão Transversal";"Com Vítimas Feridas";"Pleno dia";"Decrescente";"Sol";"Simples";"Curva";"Rural";4;0;1;0;3;0;1;2
83526771;"23/12/16";"Sexta";"13:00:00";"CE";20;"403";"CAUCAIA";"Não guardar distância de segurança";"Colisão traseira";"Com Vítimas Feridas";"Pleno dia";"Decrescente";"Sol";"Simples";"Reta";"Urbano";3;0;1;0;2;0;1;2
83526772;"19/12/16";"Segunda";"20:30:00";"MG";40;"43";"PARACATU";"Falta de atenção";"Colisão lateral";"Com Vítimas Feridas";"Plena noite";"Crescente";"Ceu Claro";"Simples";"Reta";"Urbano";5;0;3;0;2;0;3;2
83526773;"23/12/16";"Sexta";"08:18:00";"MG";381;"628";"OLIVEIRA";"Animais na Pista";"Queda de motocicleta / bicicleta / veículo";"Com Vítimas Feridas";"Pleno dia";"Decrescente";"Ceu Claro";"Dupla";"Curva";"Rural";2;0;1;1;0;0;2;1
83526774;"18/12/16";"Domingo";"20:20:00";"SP";381;"45";"ATIBAIA";"Ingestão de álcool";"Colisão lateral";"Com Vítimas Feridas";"Plena noite";"Crescente";"Nublado";"Dupla";"Reta";"Urbano";3;0;1;1;1;0;2;2
83526775;"18/12/16";"Domingo";"20:30:00";"PR";277;"592";"CASCAVEL";"Outras";"Colisão Transversal";"Com Vítimas Feridas";"Plena noite";"Decrescente";"Ceu Claro";"Múltipla";"Reta";"Urbano";6;0;3;0;3;0;3;2
83526776;"23/12/16";"Sexta";"11:20:00";"MG";40;"469";"SETE LAGOAS";"Falta de atenção";"Colisão lateral";"Com Vítimas Feridas";"Pleno dia";"Crescente";"Ceu Claro";"Dupla";"Reta";"Rural";3;0;2;0;1;0;2;2
83526777;"23/12/16";"Sexta";"07:40:00";"PB";101;"89,7";"JOAO PESSOA";"Falta de atenção";"Colisão lateral";"Com Vítimas Feridas";"Pleno dia";"Crescente";"Ceu Claro";"Dupla";"Reta";"Urbano";3;0;1;0;1;1;1;2
83526778;"20/12/16";"Terça";"04:00:00";"RJ";116;"223,4";"PIRAI";"Outras";"Colisão com objeto fixo";"Sem Vítimas";"Amanhecer";"Decrescente";"Ceu Claro";"Dupla";"Curva";"Rural";1;0;0;0;1;0;0;1
83526779;"23/12/16";"Sexta";"04:50:00";"MT";364;"72";"ALTO GARCAS";"Ingestão de álcool";"Colisão traseira";"Com Vítimas Feridas";"Amanhecer";"Crescente";"Nublado";"Simples";"Curva";"Rural";8;0;3;1;4;0;4;2
83526780;"23/12/16";"Sexta";"08:45:00";"BA";324;"534";"FEIRA DE SANTANA";"Outras";"Capotamento";"Sem Vítimas";"Pleno dia";"Decrescente";"Ceu Claro";"Dupla";"Reta";"Urbano";2;0;0;0;2;0;0;2
83526781;"21/12/16";"Quarta";"17:00:00";"MT";364;"439";"VARZEA GRANDE";"Outras";"Saída de Pista";"Sem Vítimas";"Pleno dia";"Decrescente";"Chuva";"Simples";"Curva";"Rural";1;0;0;0;1;0;0;1
83526782;"23/12/16";"Sexta";"11:40:00";"MG";116;"732,2";"LARANJAL";"Não guardar distância de segurança";"Colisão traseira";"Sem Vítimas";"Pleno dia";"Crescente";"Sol";"Simples";"Reta";"Rural";2;0;0;0;2;0;0;2
83526783;"23/12/16";"Sexta";"08:11:00";"RO";319;"58,3";"PORTO VELHO";"Outras";"Atropelamento de pessoa";"Com Vítimas Fatais";"Pleno dia";"Decrescente";"Nublado";"Dupla";"Reta";"Urbano";3;1;0;0;2;0;0;2
83526784;"23/12/16";"Sexta";"11:12:00";"RO";364;"338";"JI-PARANA";"Não guardar distância de segurança";"Colisão traseira";"Sem Vítimas";"Pleno dia";"Crescente";"Sol";"Simples";"Reta";"Rural";4;0;0;0;4;0;0;4
83526785;"19/12/16";"Segunda";"10:20:00";"RN";101;"158";"CANGUARETAMA";"Desobediência à sinalização";"Colisão traseira";"Com Vítimas Feridas";"Pleno dia";"Crescente";"Ceu Claro";"Dupla";"Reta";"Rural";2;0;1;0;1;0;1;2
83526786;"21/12/16";"Quarta";"10:40:00";"PR";487;"218,8";"LUIZIANA";"Não guardar distância de segurança";"Colisão traseira";"Com Vítimas Feridas";"Pleno dia";"Crescente";"Chuva";"Simples";"Curva";"Rural";2;0;0;1;1;0;1;2
83526787;"23/12/16";"Sexta";"09:30:00";"RJ";393;"192";"PARAIBA DO SUL";"Falta de atenção";"Colisão frontal";"Com Vítimas Fatais";"Pleno dia";"Crescente";"Sol";"Simples";"Reta";"Rural";5;3;1;1;0;0;2;2
83526788;"23/12/16";"Sexta";"13:45:00";"MG";40;"618,5";"CONGONHAS";"Falta de atenção";"Atropelamento de pessoa";"Com Vítimas Feridas";"Pleno dia";"Crescente";"Ceu Claro";"Simples";"Reta";"Urbano";2;0;1;0;1;0;1;1
83526789;"19/12/16";"Segunda";"19:20:00";"PI";135;"520";"GILBUES";"Animais na Pista";"Atropelamento de animal";"Com Vítimas Feridas";"Anoitecer";"Crescente";"Ceu Claro";"Simples";"Curva";"Rural";2;0;2;0;0;0;2;1
83526790;"23/12/16";"Sexta";"15:05:00";"SC";101;"141,9";"BALNEARIO CAMBORIU";"Defeito mecânico em veículo";"Queda de motocicleta / bicicleta / veículo";"Com Vítimas Feridas";"Pleno dia";"Decrescente";"Sol";"Dupla";"Reta";"Urbano";2;0;2;0;0;0;2;1
83526791;"23/12/16";"Sexta";"10:00:00";"TO";226;"8";"PALMEIRAS DO TOCANTINS";"Falta de atenção";"Colisão traseira";"Sem Vítimas";"Pleno dia";"Decrescente";"Sol";"Simples";"Reta";"Rural";3;0;0;0;3;0;0;3
83526792;"23/12/16";"Sexta";"10:15:00";"AL";424;"94,1";"SATUBA";"Falta de atenção";"Colisão traseira";"Sem Vítimas";"Pleno dia";"Decrescente";"Ceu Claro";"Simples";"Reta";"Rural";3;0;0;0;3;0;0;3
83526793;"23/12/16";"Sexta";"11:00:00";"SC";470;"176,5";"POUSO REDONDO";"Não guardar distância de segurança";"Colisão traseira";"Com Vítimas Feridas";"Pleno dia";"Decrescente";"Ceu Claro";"Simples";"Reta";"Urbano";3;0;1;0;2;0;1;2
83526794;"23/12/16";"Sexta";"09:10:00";"GO";153;"633";"MORRINHOS";"Outras";"Capotamento";"Com Vítimas Feridas";"Pleno dia";"Crescente";"Sol";"Dupla";"Reta";"Rural";2;0;2;0;0;0;2;1
83526795;"23/12/16";"Sexta";"15:20:00";"SC";101;"127,9";"ITAJAI";"Não guardar distância de segurança";"Colisão traseira";"Com Vítimas Feridas";"Pleno dia";"Crescente";"Sol";"Dupla";"Reta";"Rural";3;0;1;1;1;0;2;2
83526796;"23/12/16";"Sexta";"12:30:00";"RJ";40;"120";"DUQUE DE CAXIAS";"Falta de atenção";"Capotamento";"Com Vítimas Feridas";"Pleno dia";"Decrescente";"Ceu Claro";"Múltipla";"Reta";"Urbano";1;0;1;0;0;0;1;1
83526797;"16/12/16";"Sexta";"08:00:00";"MA";316;"447";"PERITORO";"Falta de atenção";"Colisão lateral";"Sem Vítimas";"Pleno dia";"Decrescente";"Ceu Claro";"Simples";"Curva";"Rural";4;0;0;0;3;1;0;3
83526798;"23/12/16";"Sexta";"11:30:00";"RO";364;"422";"JARU";"Falta de atenção";"Queda de motocicleta / bicicleta / veículo";"Com Vítimas Feridas";"Pleno dia";"Decrescente";"Ceu Claro";"Simples";"Reta";"Urbano";1;0;1;0;0;0;1;1
83526799;"23/12/16";"Sexta";"11:05:00";"GO";70;"6";"AGUAS LINDAS DE GOIAS";"Falta de atenção";"Colisão Transversal";"Com Vítimas Feridas";"Pleno dia";"Crescente";"Sol";"Dupla";"Reta";"Urbano";2;0;1;0;1;0;1;2
83526800;"23/12/16";"Sexta";"14:00:00";"MG";381;"752,2";"TRES CORACOES";"Falta de atenção";"Colisão traseira";"Com Vítimas Feridas";"Pleno dia";"Crescente";"Ceu Claro";"Dupla";"Reta";"Rural";4;0;2;0;1;1;2;3
83526801;"21/12/16";"Quarta";"09:40:00";"GO";153;"317";"RIANAPOLIS";"Defeito mecânico em veículo";"Tombamento";"Sem Vítimas";"Pleno dia";"Decrescente";"Ceu Claro";"Simples";"Curva";"Rural";1;0;0;0;1;0;0;1
83526802;"21/12/16";"Quarta";"13:00:00";"RJ";116;"329";"RESENDE";"Falta de atenção";"Colisão lateral";"Com Vítimas Feridas";"Pleno dia";"Decrescente";"Sol";"Simples";"Curva";"Urbano";2;0;1;0;1;0;1;2
83526803;"23/12/16";"Sexta";"13:00:00";"MS";163;"113";"NAVIRAI";"Dormindo";"Colisão traseira";"Sem Vítimas";"Pleno dia";"Decrescente";"Nublado";"Simples";"Reta";"Rural";6;0;0;0;6;0;0;3
83526804;"23/12/16";"Sexta";"15:10:00";"SC";101;"43,2";"JOINVILLE";"Falta de atenção";"Colisão Transversal";"Com Vítimas Feridas";"Pleno dia";"Crescente";"Sol";"Dupla";"Cruzamento";"Urbano";2;0;1;0;1;0;1;2
83526805;"15/12/16";"Quinta";"19:30:00";"MG";50;"18,2";"ARAGUARI";"Velocidade incompatível";"Colisão com objeto fixo";"Sem Vítimas";"Plena noite";"Decrescente";"Nublado";"Dupla";"Curva";"Rural";1;0;0;0;1;0;0;1
83526806;"18/12/16";"Domingo";"22:40:00";"SP";116;"95,7";"PINDAMONHANGABA";"Defeito mecânico em veículo";"Queda de motocicleta / bicicleta / veículo";"Com Vítimas Feridas";"Plena noite";"Decrescente";"Ceu Claro";"Dupla";"Reta";"Rural";3;0;2;0;1;0;2;2
83526807;"23/12/16";"Sexta";"08:30:00";"AC";364;"124";"RIO BRANCO";"Falta de atenção";"Colisão lateral";"Com Vítimas Feridas";"Pleno dia";"Crescente";"Ceu Claro";"Dupla";"Reta";"Urbano";2;0;1;0;1;0;1;2
83526808;"22/12/16";"Quinta";"07:50:00";"GO";153;"611,2";"MORRINHOS";"Falta de atenção";"Saída de Pista";"Com Vítimas Feridas";"Amanhecer";"Decrescente";"Ceu Claro";"Dupla";"Curva";"Urbano";3;0;1;0;1;1;1;1
83526809;"10/12/16";"Sábado";"00:10:00";"DF";60;"1";"BRASILIA";"Ingestão de álcool";"Colisão traseira";"Sem Vítimas";"Plena noite";"Decrescente";"Nublado";"Dupla";"Reta";"Urbano";2;0;0;0;2;0;0;2
83526810;"23/12/16";"Sexta";"15:00:00";"RS";285;"369,1";"SALDANHA MARINHO";"Velocidade incompatível";"Saída de Pista";"Sem Vítimas";"Pleno dia";"Decrescente";"Sol";"Simples";"Reta";"Rural";2;0;0;0;2;0;0;1
83526811;"23/12/16";"Sexta";"10:00:00";"RS";116;"361,1";"SAO LOURENCO DO SUL";"Não guardar distância de segurança";"Colisão traseira";"Sem Vítimas";"Pleno dia";"Decrescente";"Ceu Claro";"Simples";"Reta";"Rural";2;0;0;0;2;0;0;2
83526812;"23/12/16";"Sexta";"15:00:00";"PA";316;"4";"ANANINDEUA";"Não guardar distância de segurança";"Colisão traseira";"Sem Vítimas";"Pleno dia";"Crescente";"Nublado";"Dupla";"Reta";"Urbano";2;0;0;0;2;0;0;2
83526813;"23/12/16";"Sexta";"15:30:00";"MG";381;"761,7";"CAMPANHA";"Defeito mecânico em veículo";"Colisão traseira";"Sem Vítimas";"Pleno dia";"Decrescente";"Ceu Claro";"Dupla";"Reta";"Rural";2;0;0;0;2;0;0;2
83526814;"23/12/16";"Sexta";"05:45:00";"MG";50;"37";"ARAGUARI";"Falta de atenção";"Colisão com bicicleta";"Com Vítimas Feridas";"Plena noite";"Decrescente";"Nublado";"Dupla";"Cruzamento";"Urbano";2;0;1;0;0;1;1;2
83526815;"23/12/16";"Sexta";"16:00:00";"PR";369;"154";"LONDRINA";"Ultrapassagem indevida";"Colisão Transversal";"Com Vítimas Feridas";"Pleno dia";"Decrescente";"Sol";"Simples";"Reta";"Urbano";2;0;0;1;1;0;1;2
83526816;"23/12/16";"Sexta";"17:40:00";"RS";386;"250";"SOLEDADE";"Ultrapassagem indevida";"Colisão Transversal";"Com Vítimas Feridas";"Pleno dia";"Decrescente";"Ceu Claro";"Simples";"Reta";"Rural";3;0;1;0;2;0;1;2
83526817;"23/12/16";"Sexta";"15:00:00";"SP";116;"123,6";"CACAPAVA";"Outras";"Queda de motocicleta / bicicleta / veículo";"Com Vítimas Feridas";"Pleno dia";"Decrescente";"Ceu Claro";"Dupla";"Reta";"Urbano";1;0;1;0;0;0;1;1
83526818;"23/12/16";"Sexta";"09:20:00";"MG";262;"755,5";"SACRAMENTO";"Desobediência à sinalização";"Colisão Transversal";"Com Vítimas Feridas";"Pleno dia";"Decrescente";"Ceu Claro";"Simples";"Reta";"Rural";4;0;3;0;1;0;3;2
83526819;"23/12/16";"Sexta";"14:40:00";"SP";116;"442,2";"JUQUIA";"Falta de atenção";"Capotamento";"Com Vítimas Feridas";"Pleno dia";"Decrescente";"Ceu Claro";"Dupla";"Curva";"Rural";1;0;1;0;0;0;1;1
83526820;"23/12/16";"Sexta";"02:00:00";"PR";158;"515,6";"PATO BRANCO";"Ingestão de álcool";"Colisão frontal";"Com Vítimas Fatais";"Plena noite";"Crescente";"Nublado";"Simples";"Reta";"Rural";3;1;0;2;0;0;2;2
83526821;"23/12/16";"Sexta";"11:30:00";"RS";287;"238,4";"SANTA MARIA";"Falta de atenção";"Colisão Transversal";"Com Vítimas Feridas";"Pleno dia";"Crescente";"Sol";"Múltipla";"Cruzamento";"Urbano";2;0;0;1;1;0;1;2
83526822;"22/12/16";"Quinta";"13:10:00";"ES";262;"47,9";"MARECHAL FLORIANO";"Outras";"Colisão lateral";"Com Vítimas Feridas";"Pleno dia";"Crescente";"Ceu Claro";"Simples";"Reta";"Urbano";2;0;1;0;1;0;1;2
83526823;"19/12/16";"Segunda";"08:00:00";"BA";242;"242";"RUY BARBOSA";"Defeito mecânico em veículo";"Saída de Pista";"Com Vítimas Feridas";"Pleno dia";"Decrescente";"Ceu Claro";"Simples";"Curva";"Rural";2;0;1;0;0;1;1;1
83526824;"23/12/16";"Sexta";"09:30:00";"BA";330;"726";"JEQUIE";"Ultrapassagem indevida";"Queda de motocicleta / bicicleta / veículo";"Com Vítimas Feridas";"Pleno dia";"Crescente";"Ceu Claro";"Simples";"Reta";"Urbano";2;0;2;0;0;0;2;1
83526825;"19/12/16";"Segunda";"12:05:00";"ES";101;"296,8";"CARIACICA";"Outras";"Incêndio";"Sem Vítimas";"Pleno dia";"Crescente";"Nublado";"Múltipla";"Curva";"Urbano";1;0;0;0;1;0;0;1
83526826;"19/12/16";"Segunda";"13:40:00";"MA";316;"557";"CAXIAS";"Velocidade incompatível";"Colisão frontal";"Com Vítimas Fatais";"Pleno dia";"Decrescente";"Chuva";"Simples";"Reta";"Rural";5;2;1;2;0;0;3;2
83526827;"21/12/16";"Quarta";"03:30:00";"PR";280;"308";"BARRACAO";"Dormindo";"Saída de Pista";"Com Vítimas Feridas";"Plena noite";"Crescente";"Ceu Claro";"Simples";"Reta";"Rural";3;0;0;3;0;0;3;1
83526828;"23/12/16";"Sexta";"17:40:00";"SC";470;"132";"LONTRAS";"Ingestão de álcool";"Queda de motocicleta / bicicleta / veículo";"Com Vítimas Feridas";"Pleno dia";"Crescente";"Sol";"Simples";"Curva";"Rural";1;0;1;0;0;0;1;1
83526829;"23/12/16";"Sexta";"07:40:00";"MT";158;"556,8";"AGUA BOA";"Outras";"Colisão frontal";"Com Vítimas Fatais";"Pleno dia";"Decrescente";"Sol";"Simples";"Reta";"Rural";3;1;2;0;0;0;2;2
83526830;"23/12/16";"Sexta";"13:20:00";"PB";230;"39,2";"SANTA RITA";"Não guardar distância de segurança";"Colisão traseira";"Com Vítimas Feridas";"Pleno dia";"Decrescente";"Sol";"Dupla";"Reta";"Urbano";2;0;0;1;1;0;1;2
83526831;"23/12/16";"Sexta";"17:45:00";"RS";290;"212,8";"PANTANO GRANDE";"Não guardar distância de segurança";"Colisão traseira";"Sem Vítimas";"Pleno dia";"Crescente";"Ceu Claro";"Simples";"Reta";"Urbano";3;0;0;0;3;0;0;3
83526832;"28/11/16";"Segunda";"04:10:00";"PR";116;"17";"COLOMBO";"Velocidade incompatível";"Colisão lateral";"Com Vítimas Feridas";"Amanhecer";"Decrescente";"Chuva";"Dupla";"Reta";"Urbano";2;0;1;0;1;0;1;2
83526833;"23/12/16";"Sexta";"11:00:00";"MT";163;"832,8";"SINOP";"Falta de atenção";"Colisão traseira";"Com Vítimas Feridas";"Pleno dia";"Crescente";"Ceu Claro";"Dupla";"Cruzamento";"Urbano";2;0;0;1;1;0;1;2
83526834;"23/12/16";"Sexta";"18:20:00";"PR";376;"188,9";"MARIALVA";"Não guardar distância de segurança";"Colisão traseira";"Sem Vítimas";"Pleno dia";"Crescente";"Nublado";"Dupla";"Reta";"Rural";2;0;0;0;2;0;0;2
83526835;"23/12/16";"Sexta";"14:55:00";"PR";369;"193";"ARAPONGAS";"Velocidade incompatível";"Colisão Transversal";"Sem Vítimas";"Pleno dia";"Crescente";"Nublado";"Dupla";"Reta";"Rural";2;0;0;0;1;1;0;2
83526836;"23/12/16";"Sexta";"05:30:00";"MT";364;"348";"SANTO ANTONIO DO LEVERGER";"Outras";"Saída de Pista";"Sem Vítimas";"Amanhecer";"Decrescente";"Chuva";"Simples";"Reta";"Rural";5;0;0;0;5;0;0;5
83526837;"23/12/16";"Sexta";"15:30:00";"RS";290;"181";"MINAS DO LEAO";"Falta de atenção";"Colisão com bicicleta";"Com Vítimas Feridas";"Pleno dia";"Crescente";"Ceu Claro";"Simples";"Reta";"Urbano";2;0;0;1;1;0;1;2
83526838;"23/12/16";"Sexta";"15:38:00";"SP";116;"143,2";"SAO JOSE DOS CAMPOS";"Não guardar distância de segurança";"Colisão lateral";"Com Vítimas Feridas";"Pleno dia";"Decrescente";"Nublado";"Dupla";"Reta";"Urbano";2;0;1;0;0;1;1;2
83526839;"23/12/16";"Sexta";"16:30:00";"SP";488;"2,3";"APARECIDA";"Falta de atenção";"Colisão lateral";"Com Vítimas Feridas";"Pleno dia";"Crescente";"Ceu Claro";"Simples";"Reta";"Urbano";3;0;2;0;1;0;2;2
83526840;"23/12/16";"Sexta";"09:40:00";"PI";343;"3,4";"TERESINA";"Desobediência à sinalização";"Colisão Transversal";"Com Vítimas Feridas";"Pleno dia";"Crescente";"Ceu Claro";"Múltipla";"Reta";"Urbano";2;0;0;1;1;0;1;2
83526841;"23/12/16";"Sexta";"08:00:00";"MG";40;"264";"SAO GONCALO DO ABAETE";"Ultrapassagem indevida";"Colisão frontal";"Com Vítimas Fatais";"Pleno dia";"Crescente";"Ceu Claro";"Simples";"Reta";"Urbano";3;1;0;2;0;0;2;2