"id";"data_inversa";"dia_semana";"horario";"uf";"br";"km";"municipio";"causa_acidente";"tipo_acidente";"classificacao_acidente";"fase_dia";"sentido_via";"condicao_metereologica";"tipo_pista";"tracado_via";"uso_solo";"pessoas";"mortos";"feridos_leves";"feridos_graves";"ilesos";"ignorados";"feridos";"veiculos"
83527068;"20/12/16";"Terça";"16:15:00";"RJ";116;"114";"MAGE";"Falta de atenção";"Atropelamento de pessoa";"Com Vítimas Fatais";"Pleno dia";"Decrescente";"Sol";"Simples";"Reta";"Urbano";2;1;0;0;1;0;0;1
83527069;"22/12/16";"Quinta";"13:40:00";"PI";135;"389";"BOM JESUS";"Outras";"Colisão lateral";"Sem Vítimas";"Pleno dia";"Decrescente";"Ceu Claro";"Simples";"Reta";"Rural";6;0;0;0;6;0;0;2
83527070;"19/12/16";"Segunda";"12:20:00";"SC";282;"18,9";"PALHOCA";"Velocidade incompatível";"Colisão traseira";"Com Vítimas Feridas";"Pleno dia";"Decrescente";"Ceu Claro";"Simples";"Reta";"Rural";6;0;3;0;3;0;3;4
83527071;"23/12/16";"Sexta";"04:50:00";"RO";319;"62,8";"PORTO VELHO";"Desobediência à sinalização";"Colisão Transversal";"Com Vítimas Feridas";"Amanhecer";"Decrescente";"Ceu Claro";"Dupla";"Reta";"Urbano";3;0;0;3;0;0;3;2
83527072;"24/12/16";"Sábado";"06:40:00";"PB";101;"42,1";"MAMANGUAPE";"Defeito na via";"Saída de Pista";"Com Vítimas Feridas";"Pleno dia";"Decrescente";"Chuva";"Dupla";"Cruzamento";"Rural";2;0;1;0;1;0;1;1
83527073;"24/12/16";"Sábado";"06:47:00";"RN";304;"29,9";"MOSSORO";"Falta de atenção";"Colisão lateral";"Com Vítimas Feridas";"Pleno dia";"Decrescente";"Ceu Claro";"Simples";"Reta";"Rural";3;0;1;1;1;0;2;2
83527074;"23/12/16";"Sexta";"12:00:00";"BA";116;"255";"TUCANO";"Falta de atenção";"Colisão frontal";"Com Vítimas Feridas";"Pleno dia";"Crescente";"Nublado";"Simples";"Reta";"Rural";5;0;3;0;2;0;3;2
83527075;"24/12/16";"Sábado";"08:15:00";"RS";386;"344,9";"LAJEADO";"Falta de atenção";"Colisão lateral";"Sem Vítimas";"Pleno dia";"Decrescente";"Ceu Claro";"Dupla";"Reta";"Urbano";2;0;0;0;2;0;0;2
83527076;"24/12/16";"Sábado";"01:30:00";"MS";262;"237,5";"RIBAS DO RIO PARDO";"Outras";"Colisão frontal";"Com Vítimas Fatais";"Plena noite";"Crescente";"Ceu Claro";"Simples";"Reta";"Rural";6;2;0;4;0;0;4;2
83527077;"24/12/16";"Sábado";"07:30:00";"RS";471;"194,5";"PANTANO GRANDE";"Dormindo";"Saída de Pista";"Com Vítimas Feridas";"Pleno dia";"Decrescente";"Sol";"Simples";"Curva";"Rural";2;0;1;0;1;0;1;1
83527078;"24/12/16";"Sábado";"08:45:00";"PR";116;"102";"SAO JOSE DOS PINHAIS";"Defeito mecânico em veículo";"Incêndio";"Sem Vítimas";"Pleno dia";"Crescente";"Ceu Claro";"Dupla";"Reta";"Rural";1;0;0;0;1;0;0;1
83527079;"20/12/16";"Terça";"19:30:00";"PE";101;"99";"CABO DE SANTO AGOSTINHO";"Velocidade incompatível";"Colisão traseira";"Com Vítimas Feridas";"Plena noite";"Decrescente";"Nublado";"Simples";"Reta";"Urbano";2;0;0;1;1;0;1;2
83527080;"24/12/16";"Sábado";"07:20:00";"SC";116;"243";"LAGES";"Outras";"Saída de Pista";"Ignorado";"Amanhecer";"Crescente";"Chuva";"Simples";"Curva";"Rural";1;0;0;0;0;1;0;1
83527081;"22/12/16";"Quinta";"18:50:00";"AL";104;"93";"RIO LARGO";"Falta de atenção";"Colisão traseira";"Com Vítimas Feridas";"Plena noite";"Decrescente";"Nublado";"Dupla";"Reta";"Urbano";3;0;1;0;2;0;1;2
83527082;"23/12/16";"Sexta";"04:40:00";"CE";20;"411";"CAUCAIA";"Defeito na via";"Colisão traseira";"Sem Vítimas";"Plena noite";"Crescente";"Ceu Claro";"Dupla";"Reta";"Urbano";2;0;0;0;2;0;0;2
83527083;"20/12/16";"Terça";"18:30:00";"SP";116;"417";"REGISTRO";"Velocidade incompatível";"Tombamento";"Sem Vítimas";"Anoitecer";"Crescente";"Chuva";"Simples";"Curva";"Rural";1;0;0;0;1;0;0;1
83527084;"21/12/16";"Quarta";"18:40:00";"GO";452;"150";"BOM JESUS DE GOIAS";"Velocidade incompatível";"Saída de Pista";"Com Vítimas Feridas";"Anoitecer";"Decrescente";"Chuva";"Simples";"Reta";"Rural";1;0;1;0;0;0;1;1
83527085;"23/12/16";"Sexta";"23:00:00";"ES";101;"184,5";"ARACRUZ";"Ultrapassagem indevida";"Colisão Transversal";"Sem Vítimas";"Plena noite";"Decrescente";"Nublado";"Simples";"Reta";"Rural";3;0;0;0;1;2;0;3
83527086;"15/12/16";"Quinta";"18:15:00";"PE";116;"26";"SALGUEIRO";"Ingestão de álcool";"Atropelamento de pessoa";"Com Vítimas Feridas";"Anoitecer";"Crescente";"Ceu Claro";"Simples";"Reta";"Urbano";2;0;0;1;1;0;1;1
83527087;"24/12/16";"Sábado";"08:00:00";"PI";230;"281";"FLORIANO";"Dormindo";"Saída de Pista";"Com Vítimas Feridas";"Amanhecer";"Crescente";"Ceu Claro";"Simples";"Reta";"Urbano";1;0;1;0;0;0;1;1
83527088;"23/12/16";"Sexta";"17:00:00";"MT";163;"845";"SINOP";"Ingestão de álcool";"Colisão Transversal";"Com Vítimas Feridas";"Pleno dia";"Decrescente";"Nublado";"Simples";"Cruzamento";"Rural";3;0;2;0;1;0;2;2
83527089;"24/12/16";"Sábado";"04:00:00";"RJ";40;"92";"PETROPOLIS";"Dormindo";"Tombamento";"Sem Vítimas";"Plena noite";"Crescente";"Ceu Claro";"Simples";"Curva";"Rural";1;0;0;0;1;0;0;1
83527090;"24/12/16";"Sábado";"07:20:00";"MG";50;"69";"UBERLANDIA";"Velocidade incompatível";"Colisão Transversal";"Com Vítimas Feridas";"Amanhecer";"Decrescente";"Ceu Claro";"Dupla";"Reta";"Urbano";2;0;0;1;1;0;1;2
83527091;"22/12/16";"Quinta";"06:40:00";"SP";116;"74";"APARECIDA";"Outras";"Queda de motocicleta / bicicleta / veículo";"Com Vítimas Feridas";"Amanhecer";"Decrescente";"Sol";"Dupla";"Reta";"Rural";1;0;1;0;0;0;1;1
83527092;"24/12/16";"Sábado";"08:30:00";"PR";476;"139,5";"CURITIBA";"Velocidade incompatível";"Colisão traseira";"Sem Vítimas";"Pleno dia";"Decrescente";"Sol";"Múltipla";"Reta";"Urbano";2;0;0;0;2;0;0;2
83527093;"24/12/16";"Sábado";"07:20:00";"SP";381;"33,5";"ATIBAIA";"Ingestão de álcool";"Colisão com objeto fixo";"Sem Vítimas";"Pleno dia";"Crescente";"Ceu Claro";"Dupla";"Reta";"Rural";1;0;0;0;1;0;0;1
83527094;"24/12/16";"Sábado";"09:20:00";"PR";376;"161,4";"MARINGA";"Falta de atenção";"Colisão Transversal";"Com Vítimas Feridas";"Pleno dia";"Crescente";"Sol";"Dupla";"Cruzamento";"Urbano";2;0;0;1;1;0;1;2
83527095;"24/12/16";"Sábado";"09:45:00";"PR";376;"182,7";"SARANDI";"Desobediência à sinalização";"Colisão Transversal";"Com Vítimas Feridas";"Pleno dia";"Crescente";"Sol";"Dupla";"Cruzamento";"Urbano";4;0;3;0;1;0;3;2
83527096;"24/12/16";"Sábado";"09:00:00";"SP";116;"389,8";"MIRACATU";"Outras";"Saída de Pista";"Sem Vítimas";"Pleno dia";"Crescente";"Sol";"Dupla";"Reta";"Rural";1;0;0;0;1;0;0;1
83527097;"21/12/16";"Quarta";"05:30:00";"AM";319;"57";"CAREIRO";"Defeito na via";"Colisão com objeto fixo";"Sem Vítimas";"Amanhecer";"Decrescente";"Nublado";"Simples";"Reta";"Rural";1;0;0;0;1;0;0;1
83527098;"24/12/16";"Sábado";"08:40:00";"PR";277;"243,6";"IRATI";"Falta de atenção";"Colisão traseira";"Sem Vítimas";"Pleno dia";"Decrescente";"Sol";"Simples";"Reta";"Rural";2;0;0;0;2;0;0;2
83527099;"24/12/16";"Sábado";"07:20:00";"PR";476;"111";"COLOMBO";"Outras";"Atropelamento de pessoa";"Com Vítimas Feridas";"Pleno dia";"Decrescente";"Ceu Claro";"Simples";"Curva";"Rural";2;0;1;0;1;0;1;1
83527100;"24/12/16";"Sábado";"05:00:00";"RS";158;"145,6";"PANAMBI";"Desobediência à sinalização";"Colisão traseira";"Sem Vítimas";"Plena noite";"Crescente";"Nublado";"Simples";"Reta";"Rural";2;0;0;0;1;1;0;2
83527101;"24/12/16";"Sábado";"09:50:00";"MG";116;"520,5";"CARATINGA";"Falta de atenção";"Colisão traseira";"Com Vítimas Feridas";"Pleno dia";"Crescente";"Ceu Claro";"Simples";"Reta";"Rural";2;0;1;0;1;0;1;2
83527102;"24/12/16";"Sábado";"06:55:00";"RS";290;"97";"PORTO ALEGRE";"Outras";"Colisão com objeto fixo";"Com Vítimas Feridas";"Pleno dia";"Decrescente";"Nublado";"Simples";"Reta";"Urbano";1;0;1;0;0;0;1;1
83527103;"24/12/16";"Sábado";"03:30:00";"RS";472;"180,8";"SANTO CRISTO";"Velocidade incompatível";"Saída de Pista";"Com Vítimas Feridas";"Plena noite";"Decrescente";"Nublado";"Múltipla";"Curva";"Rural";1;0;0;1;0;0;1;1
83527104;"19/12/16";"Segunda";"21:30:00";"AP";156;"201";"MAZAGAO";"Defeito na via";"Saída de Pista";"Sem Vítimas";"Plena noite";"Crescente";"Chuva";"Simples";"Reta";"Rural";1;0;0;0;1;0;0;1
83527105;"24/12/16";"Sábado";"10:20:00";"SC";116;"52";"PAPANDUVA";"Falta de atenção";"Colisão traseira";"Sem Vítimas";"Pleno dia";"Decrescente";"Ceu Claro";"Simples";"Reta";"Urbano";2;0;0;0;2;0;0;2
83527106;"24/12/16";"Sábado";"08:19:00";"MT";364;"483";"JANGADA";"Velocidade incompatível";"Saída de Pista";"Sem Vítimas";"Pleno dia";"Crescente";"Chuva";"Simples";"Reta";"Rural";1;0;0;0;1;0;0;1
83527107;"24/12/16";"Sábado";"09:45:00";"SC";470;"181,5";"POUSO REDONDO";"Falta de atenção";"Colisão Transversal";"Com Vítimas Feridas";"Pleno dia";"Decrescente";"Sol";"Simples";"Reta";"Rural";3;0;2;0;1;0;2;2
83527108;"21/12/16";"Quarta";"00:01:00";"SP";116;"407,4";"JUQUIA";"Falta de atenção";"Colisão traseira";"Sem Vítimas";"Plena noite";"Decrescente";"Nublado";"Simples";"Reta";"Rural";2;0;0;0;2;0;0;2
83527109;"15/12/16";"Quinta";"18:00:00";"SP";116;"230,8";"SAO PAULO";"Falta de atenção";"Colisão lateral";"Com Vítimas Feridas";"Pleno dia";"Crescente";"Ceu Claro";"Múltipla";"Reta";"Urbano";2;0;1;0;1;0;1;2
83527110;"23/12/16";"Sexta";"18:40:00";"PR";116;"50,9";"CAMPINA GRANDE DO SUL";"Outras";"Capotamento";"Com Vítimas Feridas";"Pleno dia";"Decrescente";"Ignorada";"Dupla";"Curva";"Rural";1;0;1;0;0;0;1;1
83527111;"23/12/16";"Sexta";"20:15:00";"SP";116;"294,8";"ITAPECERICA DA SERRA";"Velocidade incompatível";"Colisão com objeto fixo";"Ignorado";"Plena noite";"Decrescente";"Nublado";"Dupla";"Reta";"Rural";1;0;0;0;0;1;0;1
83527112;"24/12/16";"Sábado";"06:30:00";"SP";116;"279,3";"EMBU";"Velocidade incompatível";"Colisão traseira";"Com Vítimas Feridas";"Amanhecer";"Crescente";"Nublado";"Dupla";"Curva";"Urbano";7;0;2;2;3;0;4;2
83527113;"24/12/16";"Sábado";"06:40:00";"PR";369;"145,9";"LONDRINA";"Falta de atenção";"Capotamento";"Sem Vítimas";"Pleno dia";"Crescente";"Ceu Claro";"Simples";"Reta";"Urbano";1;0;0;0;1;0;0;1
83527114;"24/12/16";"Sábado";"00:25:00";"SP";116;"269,6";"TABOAO DA SERRA";"Desobediência à sinalização";"Colisão Transversal";"Com Vítimas Feridas";"Plena noite";"Crescente";"Chuva";"Dupla";"Reta";"Urbano";3;0;2;0;0;1;2;2
83527115;"24/12/16";"Sábado";"08:30:00";"SP";116;"315";"JUQUITIBA";"Falta de atenção";"Colisão com objeto fixo";"Sem Vítimas";"Pleno dia";"Decrescente";"Ceu Claro";"Dupla";"Curva";"Rural";3;0;0;0;3;0;0;1
83527116;"15/12/16";"Quinta";"08:15:00";"PI";316;"236";"INHUMA";"Defeito na via";"Saída de Pista";"Sem Vítimas";"Pleno dia";"Crescente";"Sol";"Simples";"Reta";"Rural";2;0;0;0;2;0;0;1
83527117;"23/12/16";"Sexta";"21:00:00";"PR";116;"25";"CAMPINA GRANDE DO SUL";"Velocidade incompatível";"Saída de Pista";"Com Vítimas Feridas";"Plena noite";"Crescente";"Nublado";"Dupla";"Reta";"Rural";1;0;1;0;0;0;1;1
83527118;"24/12/16";"Sábado";"07:45:00";"BA";101;"892";"TEIXEIRA DE FREITAS";"Outras";"Saída de Pista";"Com Vítimas Feridas";"Pleno dia";"Decrescente";"Sol";"Simples";"Reta";"Rural";2;0;2;0;0;0;2;1
83527119;"21/12/16";"Quarta";"18:00:00";"PE";101;"86";"JABOATAO DOS GUARARAPES";"Defeito mecânico em veículo";"Colisão traseira";"Sem Vítimas";"Plena noite";"Decrescente";"Ceu Claro";"Dupla";"Reta";"Rural";4;0;0;0;4;0;0;4
83527120;"24/12/16";"Sábado";"09:30:00";"BA";116;"783,1";"PLANALTO";"Outras";"Capotamento";"Com Vítimas Feridas";"Pleno dia";"Crescente";"Ceu Claro";"Simples";"Reta";"Rural";1;0;1;0;0;0;1;1
83527121;"24/12/16";"Sábado";"05:10:00";"RS";285;"375,7";"SALDANHA MARINHO";"Ingestão de álcool";"Colisão frontal";"Com Vítimas Feridas";"Amanhecer";"Crescente";"Nublado";"Simples";"Curva";"Rural";2;0;1;0;1;0;1;2
83527122;"24/12/16";"Sábado";"05:50:00";"MA";10;"255,6";"IMPERATRIZ";"Falta de atenção";"Colisão Transversal";"Com Vítimas Feridas";"Amanhecer";"Crescente";"Ceu Claro";"Simples";"Reta";"Urbano";2;0;1;0;1;0;1;2
83527123;"24/12/16";"Sábado";"10:32:00";"PR";116;"117";"CURITIBA";"Falta de atenção";"Colisão traseira";"Com Vítimas Feridas";"Pleno dia";"Crescente";"Ceu Claro";"Dupla";"Reta";"Urbano";3;0;2;0;1;0;2;3
83527124;"15/12/16";"Quinta";"16:15:00";"AP";210;"1,8";"MACAPA";"Falta de atenção";"Queda de motocicleta / bicicleta / veículo";"Com Vítimas Feridas";"Pleno dia";"Crescente";"Nublado";"Simples";"Reta";"Urbano";3;0;2;0;1;0;2;2
83527125;"23/12/16";"Sexta";"18:30:00";"GO";40;"4";"VALPARAISO DE GOIAS";"Ingestão de álcool";"Colisão traseira";"Sem Vítimas";"Anoitecer";"Crescente";"Ceu Claro";"Dupla";"Reta";"Urbano";2;0;0;0;2;0;0;2
83527126;"23/12/16";"Sexta";"15:30:00";"RJ";116;"222,3";"PIRAI";"Defeito mecânico em veículo";"Saída de Pista";"Com Vítimas Feridas";"Pleno dia";"Decrescente";"Ceu Claro";"Dupla";"Curva";"Rural";1;0;0;1;0;0;1;1
83527127;"20/12/16";"Terça";"18:40:00";"SP";116;"154,3";"SAO JOSE DOS CAMPOS";"Falta de atenção";"Colisão traseira";"Com Vítimas Feridas";"Anoitecer";"Crescente";"Ceu Claro";"Simples";"Reta";"Urbano";2;0;1;0;0;1;1;2
83527128;"20/12/16";"Terça";"20:00:00";"MT";70;"340";"DOM AQUINO";"Animais na Pista";"Atropelamento de animal";"Com Vítimas Feridas";"Anoitecer";"Crescente";"Ceu Claro";"Simples";"Reta";"Rural";1;0;1;0;0;0;1;1
83527129;"24/12/16";"Sábado";"09:30:00";"CE";20;"366";"MARANGUAPE";"Falta de atenção";"Colisão Transversal";"Com Vítimas Feridas";"Pleno dia";"Decrescente";"Ceu Claro";"Simples";"Reta";"Rural";2;0;1;0;1;0;1;2
83527130;"24/12/16";"Sábado";"08:00:00";"GO";20;"48";"FORMOSA";"Velocidade incompatível";"Colisão traseira";"Sem Vítimas";"Pleno dia";"Crescente";"Ceu Claro";"Simples";"Reta";"Rural";2;0;0;0;2;0;0;2
83527131;"23/12/16";"Sexta";"00:30:00";"PI";135;"255";"ALVORADA DO GURGUEIA";"Outras";"Tombamento";"Sem Vítimas";"Plena noite";"Decrescente";"Ignorada";"Simples";"Reta";"Rural";1;0;0;0;1;0;0;1
83527132;"24/12/16";"Sábado";"10:50:00";"CE";20;"403,9";"CAUCAIA";"Falta de atenção";"Colisão Transversal";"Com Vítimas Feridas";"Pleno dia";"Crescente";"Sol";"Simples";"Cruzamento";"Urbano";2;0;1;0;1;0;1;2
83527133;"24/12/16";"Sábado";"04:00:00";"BA";116;"748,6";"POCOES";"Outras";"Saída de Pista";"Com Vítimas Feridas";"Plena noite";"Crescente";"Ceu Claro";"Simples";"Reta";"Rural";2;0;1;0;1;0;1;1
83527134;"24/12/16";"Sábado";"10:40:00";"MG";262;"161";"SAO DOMINGOS DO PRATA";"Falta de atenção";"Saída de Pista";"Com Vítimas Feridas";"Pleno dia";"Decrescente";"Ceu Claro";"Simples";"Curva";"Rural";4;0;1;1;2;0;2;1
83527135;"24/12/16";"Sábado";"08:10:00";"MG";381;"422";"CAETE";"Falta de atenção";"Colisão traseira";"Sem Vítimas";"Pleno dia";"Crescente";"Sol";"Simples";"Reta";"Rural";2;0;0;0;2;0;0;2
83527136;"24/12/16";"Sábado";"09:30:00";"PB";230;"126,1";"RIACHAO DO BACAMARTE";"Falta de atenção";"Capotamento";"Sem Vítimas";"Pleno dia";"Crescente";"Chuva";"Dupla";"Curva";"Rural";1;0;0;0;1;0;0;1
83527137;"21/12/16";"Quarta";"20:30:00";"BA";367;"26";"PORTO SEGURO";"Falta de atenção";"Colisão lateral";"Com Vítimas Feridas";"Plena noite";"Crescente";"Ignorada";"Simples";"Curva";"Urbano";3;0;2;0;0;1;2;2
83527138;"24/12/16";"Sábado";"12:45:00";"PR";277;"674";"MEDIANEIRA";"Falta de atenção";"Colisão traseira";"Com Vítimas Feridas";"Pleno dia";"Decrescente";"Ceu Claro";"Dupla";"Reta";"Urbano";3;0;2;0;1;0;2;2
83527139;"20/12/16";"Terça";"15:32:00";"PR";272;"431,4";"GOIO-ERE";"Falta de atenção";"Colisão com bicicleta";"Com Vítimas Fatais";"Pleno dia";"Decrescente";"Nublado";"Simples";"Reta";"Urbano";2;1;0;0;1;0;0;2
83527140;"22/12/16";"Quinta";"18:30:00";"MS";262;"460,9";"DOIS IRMAOS DO BURITI";"Outras";"Capotamento";"Com Vítimas Feridas";"Anoitecer";"Decrescente";"Chuva";"Simples";"Curva";"Rural";1;0;1;0;0;0;1;1
83527141;"24/12/16";"Sábado";"13:02:00";"CE";222;"7,5";"CAUCAIA";"Outras";"Saída de Pista";"Com Vítimas Feridas";"Pleno dia";"Crescente";"Ceu Claro";"Simples";"Reta";"Urbano";1;0;1;0;0;0;1;1
83527142;"24/12/16";"Sábado";"05:30:00";"BA";242;"270,4";"LAJEDINHO";"Defeito mecânico em veículo";"Capotamento";"Com Vítimas Feridas";"Amanhecer";"Decrescente";"Ceu Claro";"Simples";"Curva";"Rural";2;0;2;0;0;0;2;1
83527143;"16/12/16";"Sexta";"19:15:00";"PE";428;"10";"CABROBO";"Falta de atenção";"Colisão Transversal";"Com Vítimas Feridas";"Plena noite";"Decrescente";"Ceu Claro";"Simples";"Reta";"Urbano";2;0;1;0;1;0;1;2
83527144;"16/10/16";"Domingo";"17:40:00";"SC";101;"314,5";"LAGUNA";"Outras";"Tombamento";"Com Vítimas Feridas";"Pleno dia";"Crescente";"Vento";"Dupla";"Reta";"Urbano";3;0;1;1;1;0;2;2
83527145;"17/12/16";"Sábado";"05:30:00";"PR";476;"124";"CURITIBA";"Velocidade incompatível";"Colisão Transversal";"Sem Vítimas";"Amanhecer";"Crescente";"Ceu Claro";"Dupla";"Reta";"Urbano";2;0;0;0;1;1;0;2
83527146;"24/12/16";"Sábado";"14:30:00";"RJ";101;"303";"SAO GONCALO";"Outras";"Capotamento";"Com Vítimas Feridas";"Pleno dia";"Decrescente";"Sol";"Dupla";"Reta";"Urbano";1;0;1;0;0;0;1;1
83527147;"24/12/16";"Sábado";"13:25:00";"RS";285;"307,8";"PASSO FUNDO";"Ingestão de álcool";"Colisão frontal";"Com Vítimas Feridas";"Pleno dia";"Crescente";"Nublado";"Simples";"Reta";"Rural";5;0;1;4;0;0;5;2
83527148;"24/12/16";"Sábado";"10:45:00";"MG";40;"657,5";"CARANDAI";"Falta de atenção";"Saída de Pista";"Com Vítimas Fatais";"Pleno dia";"Crescente";"Ceu Claro";"Simples";"Reta";"Rural";4;1;1;2;0;0;3;1
83527149;"24/12/16";"Sábado";"12:30:00";"GO";153;"671";"PANAMA";"Defeito mecânico em veículo";"Capotamento";"Com Vítimas Feridas";"Pleno dia";"Crescente";"Ceu Claro";"Dupla";"Reta";"Rural";2;0;2;0;0;0;2;1
83527150;"24/12/16";"Sábado";"12:30:00";"PR";376;"494,5";"PONTA GROSSA";"Falta de atenção";"Saída de Pista";"Com Vítimas Feridas";"Pleno dia";"Decrescente";"Ceu Claro";"Dupla";"Reta";"Urbano";3;0;2;1;0;0;3;1
83527151;"24/12/16";"Sábado";"14:00:00";"PR";376;"322,6";"ORTIGUEIRA";"Outras";"Saída de Pista";"Sem Vítimas";"Pleno dia";"Crescente";"Chuva";"Simples";"Curva";"Urbano";1;0;0;0;1;0;0;1
83527152;"24/12/16";"Sábado";"14:20:00";"SC";470;"128,5";"LONTRAS";"Falta de atenção";"Colisão Transversal";"Com Vítimas Feridas";"Pleno dia";"Decrescente";"Sol";"Simples";"Cruzamento";"Urbano";3;0;2;0;1;0;2;2
83527153;"24/12/16";"Sábado";"14:10:00";"SC";470;"138,2";"RIO DO SUL";"Desobediência à sinalização";"Colisão lateral";"Com Vítimas Feridas";"Pleno dia";"Decrescente";"Sol";"Simples";"Reta";"Urbano";3;0;1;0;2;0;1;3
83527154;"21/12/16";"Quarta";"18:30:00";"SP";116;"157";"SAO JOSE DOS CAMPOS";"Ingestão de álcool";"Atropelamento de pessoa";"Com Vítimas Feridas";"Pleno dia";"Decrescente";"Ceu Claro";"Múltipla";"Reta";"Urbano";2;0;0;1;1;0;1;1
83527155;"24/12/16";"Sábado";"09:20:00";"CE";222;"239,9";"SOBRAL";"Falta de atenção";"Colisão Transversal";"Sem Vítimas";"Pleno dia";"Crescente";"Ceu Claro";"Simples";"Reta";"Rural";4;0;0;0;4;0;0;2
83527156;"24/12/16";"Sábado";"11:50:00";"ES";101;"295,8";"CARIACICA";"Desobediência à sinalização";"Colisão Transversal";"Com Vítimas Feridas";"Pleno dia";"Decrescente";"Ceu Claro";"Dupla";"Reta";"Urbano";2;0;1;1;0;0;2;2
83527157;"24/12/16";"Sábado";"12:00:00";"PE";232;"26,8";"MORENO";"Outras";"Incêndio";"Sem Vítimas";"Pleno dia";"Decrescente";"Ceu Claro";"Simples";"Reta";"Rural";1;0;0;0;1;0;0;1
83527158;"24/12/16";"Sábado";"11:30:00";"MT";163;"584";"NOVA MUTUM";"Outras";"Queda de motocicleta / bicicleta / veículo";"Com Vítimas Feridas";"Pleno dia";"Decrescente";"Chuva";"Simples";"Reta";"Rural";1;0;1;0;0;0;1;1
83527159;"24/12/16";"Sábado";"13:00:00";"RS";153;"19";"SEVERIANO DE ALMEIDA";"Não guardar distância de segurança";"Colisão traseira";"Sem Vítimas";"Pleno dia";"Decrescente";"Nublado";"Múltipla";"Curva";"Rural";5;0;0;0;5;0;0;2
83527160;"24/12/16";"Sábado";"11:30:00";"PA";230;"119";"MARABA";"Falta de atenção";"Colisão traseira";"Sem Vítimas";"Pleno dia";"Crescente";"Ceu Claro";"Dupla";"Reta";"Urbano";2;0;0;0;2;0;0;2
83527161;"23/12/16";"Sexta";"20:45:00";"MG";381;"876,8";"ESTIVA";"Falta de atenção";"Colisão lateral";"Com Vítimas Feridas";"Plena noite";"Decrescente";"Chuva";"Dupla";"Curva";"Rural";5;0;3;0;2;0;3;2
83527162;"20/12/16";"Terça";"14:30:00";"PA";222;"209";"MARABA";"Outras";"Saída de Pista";"Sem Vítimas";"Pleno dia";"Crescente";"Sol";"Simples";"Reta";"Rural";3;0;0;0;3;0;0;1
83527163;"23/12/16";"Sexta";"05:50:00";"MG";135;"582,4";"CORINTO";"Ultrapassagem indevida";"Colisão frontal";"Com Vítimas Fatais";"Amanhecer";"Crescente";"Ceu Claro";"Simples";"Reta";"Rural";15;6;6;3;0;0;9;2
83527164;"24/12/16";"Sábado";"12:40:00";"ES";101;"294,3";"CARIACICA";"Velocidade incompatível";"Colisão frontal";"Com Vítimas Feridas";"Pleno dia";"Decrescente";"Ceu Claro";"Simples";"Curva";"Urbano";2;0;0;1;1;0;1;2
83527165;"24/12/16";"Sábado";"13:12:00";"SP";116;"100,7";"PINDAMONHANGABA";"Outras";"Capotamento";"Com Vítimas Feridas";"Pleno dia";"Crescente";"Ceu Claro";"Dupla";"Reta";"Rural";4;0;3;0;1;0;3;1
83527166;"21/12/16";"Quarta";"07:20:00";"RO";364;"416";"JARU";"Defeito na via";"Colisão frontal";"Com Vítimas Fatais";"Amanhecer";"Decrescente";"Ceu Claro";"Simples";"Reta";"Rural";2;1;1;0;0;0;1;2
83527167;"20/12/16";"Terça";"16:04:00";"RO";364;"723";"PORTO VELHO";"Falta de atenção";"Colisão Transversal";"Sem Vítimas";"Pleno dia";"Crescente";"Chuva";"Simples";"Cruzamento";"Rural";2;0;0;0;2;0;0;2
83527168;"24/12/16";"Sábado";"11:15:00";"AL";101;"36";"JOAQUIM GOMES";"Desobediência à sinalização";"Colisão Transversal";"Sem Vítimas";"Pleno dia";"Decrescente";"Ceu Claro";"Dupla";"Reta";"Rural";2;0;0;0;2;0;0;2
83527169;"24/12/16";"Sábado";"12:45:00";"SC";280;"1,8";"SAO FRANCISCO DO SUL";"Outras";"Danos Eventuais";"Sem Vítimas";"Pleno dia";"Crescente";"Nublado";"Simples";"Reta";"Urbano";2;0;0;0;2;0;0;2
83527170;"23/12/16";"Sexta";"10:40:00";"MG";50;"190,9";"DELTA";"Velocidade incompatível";"Capotamento";"Com Vítimas Feridas";"Pleno dia";"Crescente";"Ceu Claro";"Dupla";"Reta";"Rural";2;0;2;0;0;0;2;1
83527171;"21/12/16";"Quarta";"05:00:00";"PA";155;"269";"ELDORADO DOS CARAJAS";"Outras";"Saída de Pista";"Ignorado";"Pleno dia";"Crescente";"Nublado";"Simples";"Reta";"Rural";1;0;0;0;0;1;0;1
83527172;"24/12/16";"Sábado";"10:00:00";"RJ";101;"133";"CARAPEBUS";"Defeito mecânico em veículo";"Colisão lateral";"Sem Vítimas";"Pleno dia";"Decrescente";"Ceu Claro";"Dupla";"Reta";"Rural";2;0;0;0;2;0;0;2
83527173;"24/12/16";"Sábado";"14:20:00";"GO";80;"156";"SANTA RITA DO NOVO DESTINO";"Defeito mecânico em veículo";"Saída de Pista";"Com Vítimas Feridas";"Pleno dia";"Crescente";"Ceu Claro";"Simples";"Reta";"Urbano";3;0;3;0;0;0;3;1
83527174;"17/12/16";"Sábado";"10:55:00";"PB";101;"94,1";"CONDE";"Defeito na via";"Saída de Pista";"Sem Vítimas";"Pleno dia";"Decrescente";"Chuva";"Dupla";"Reta";"Rural";1;0;0;0;1;0;0;1
83527175;"20/12/16";"Terça";"11:00:00";"PR";158;"204,7";"PEABIRU";"Falta de atenção";"Colisão lateral";"Com Vítimas Feridas";"Pleno dia";"Crescente";"Chuva";"Dupla";"Reta";"Rural";4;0;2;1;1;0;3;2