"id";"data_inversa";"dia_semana";"horario";"uf";"br";"km";"municipio";"causa_acidente";"tipo_acidente";"classificacao_acidente";"fase_dia";"sentido_via";"condicao_metereologica";"tipo_pista";"tracado_via";"uso_solo";"pessoas";"mortos";"feridos_leves";"feridos_graves";"ilesos";"ignorados";"feridos";"veiculos"
83527176;"22/12/16";"Quinta";"17:30:00";"SP";116;"145";"SAO JOSE DOS CAMPOS";"Falta de atenção";"Colisão lateral";"Com Vítimas Feridas";"Pleno dia";"Decrescente";"Sol";"Dupla";"Reta";"Urbano";2;0;1;0;0;1;1;2
83527177;"16/12/16";"Sexta";"16:30:00";"PI";402;"35,5";"PARNAIBA";"Ingestão de álcool";"Colisão com objeto fixo";"Com Vítimas Feridas";"Pleno dia";"Decrescente";"Ceu Claro";"Simples";"Cruzamento";"Urbano";1;0;1;0;0;0;1;1
83527178;"24/12/16";"Sábado";"15:00:00";"BA";116;"24,6";"VITORIA DA CONQUISTA";"Falta de atenção";"Queda de motocicleta / bicicleta / veículo";"Com Vítimas Feridas";"Pleno dia";"Crescente";"Ceu Claro";"Dupla";"Cruzamento";"Urbano";1;0;1;0;0;0;1;1
83527179;"24/12/16";"Sábado";"15:00:00";"RS";158;"202";"CRUZ ALTA";"Ingestão de álcool";"Colisão com objeto fixo";"Com Vítimas Feridas";"Pleno dia";"Decrescente";"Nublado";"Simples";"Cruzamento";"Rural";4;0;0;2;2;0;2;1
83527180;"24/12/16";"Sábado";"11:50:00";"AM";230;"616";"HUMAITA";"Falta de atenção";"Colisão Transversal";"Com Vítimas Feridas";"Pleno dia";"Decrescente";"Ceu Claro";"Simples";"Reta";"Urbano";2;0;0;2;0;0;2;2
83527181;"24/12/16";"Sábado";"14:30:00";"PE";101;"86";"JABOATAO DOS GUARARAPES";"Animais na Pista";"Colisão traseira";"Com Vítimas Feridas";"Pleno dia";"Decrescente";"Sol";"Dupla";"Reta";"Rural";4;0;1;0;3;0;1;3
83527182;"24/12/16";"Sábado";"15:40:00";"PR";116;"169";"QUITANDINHA";"Velocidade incompatível";"Capotamento";"Com Vítimas Feridas";"Pleno dia";"Decrescente";"Nublado";"Simples";"Reta";"Rural";2;0;1;1;0;0;2;1
83527183;"24/12/16";"Sábado";"07:00:00";"BA";20;"12";"CORRENTINA";"Falta de atenção";"Colisão frontal";"Com Vítimas Feridas";"Amanhecer";"Decrescente";"Ceu Claro";"Simples";"Reta";"Rural";2;0;2;0;0;0;2;2
83527184;"14/12/16";"Quarta";"11:00:00";"BA";101;"191";"CONCEICAO DA FEIRA";"Outras";"Colisão lateral";"Sem Vítimas";"Pleno dia";"Crescente";"Ceu Claro";"Simples";"Reta";"Rural";5;0;0;0;5;0;0;2
83527185;"17/12/16";"Sábado";"10:30:00";"PB";101;"94,4";"CONDE";"Defeito na via";"Saída de Pista";"Sem Vítimas";"Pleno dia";"Decrescente";"Chuva";"Dupla";"Curva";"Rural";1;0;0;0;1;0;0;1
83527186;"24/12/16";"Sábado";"17:00:00";"RS";290;"92";"PORTO ALEGRE";"Outras";"Colisão Transversal";"Com Vítimas Feridas";"Pleno dia";"Decrescente";"Ceu Claro";"Dupla";"Reta";"Urbano";2;0;0;2;0;0;2;2
83527187;"23/12/16";"Sexta";"03:50:00";"PR";476;"271";"SAO MATEUS DO SUL";"Outras";"Atropelamento de animal";"Sem Vítimas";"Plena noite";"Crescente";"Ceu Claro";"Simples";"Reta";"Urbano";1;0;0;0;1;0;0;1
83527188;"24/12/16";"Sábado";"08:15:00";"BA";101;"9";"RIO REAL";"Outras";"Saída de Pista";"Com Vítimas Feridas";"Pleno dia";"Crescente";"Ceu Claro";"Simples";"Reta";"Rural";3;0;3;0;0;0;3;1
83527189;"24/12/16";"Sábado";"15:30:00";"MG";116;"564,8";"MANHUACU";"Falta de atenção";"Saída de Pista";"Sem Vítimas";"Pleno dia";"Decrescente";"Ceu Claro";"Simples";"Curva";"Rural";5;0;0;0;5;0;0;1
83527190;"24/12/16";"Sábado";"08:40:00";"GO";153;"207";"URUACU";"Ultrapassagem indevida";"Colisão frontal";"Com Vítimas Feridas";"Pleno dia";"Crescente";"Ceu Claro";"Simples";"Reta";"Rural";2;0;1;0;1;0;1;2
83527191;"24/12/16";"Sábado";"13:45:00";"RJ";40;"92";"PETROPOLIS";"Outras";"Derramamento de Carga";"Sem Vítimas";"Pleno dia";"Crescente";"Sol";"Simples";"Curva";"Rural";1;0;0;0;1;0;0;1
83527192;"24/12/16";"Sábado";"08:30:00";"PR";277;"78";"SAO JOSE DOS PINHAIS";"Outras";"Saída de Pista";"Sem Vítimas";"Pleno dia";"Decrescente";"Ceu Claro";"Dupla";"Reta";"Urbano";1;0;0;0;1;0;0;1
83527193;"24/12/16";"Sábado";"16:10:00";"PR";476;"123";"CURITIBA";"Desobediência à sinalização";"Colisão frontal";"Com Vítimas Feridas";"Pleno dia";"Decrescente";"Ceu Claro";"Múltipla";"Reta";"Urbano";2;0;0;1;1;0;1;2
83527194;"24/12/16";"Sábado";"09:30:00";"RS";386;"407,1";"TRIUNFO";"Outras";"Colisão traseira";"Sem Vítimas";"Pleno dia";"Decrescente";"Ceu Claro";"Simples";"Reta";"Rural";2;0;0;0;2;0;0;2
83527195;"24/12/16";"Sábado";"15:44:00";"RS";386;"361";"ESTRELA";"Desobediência à sinalização";"Colisão Transversal";"Com Vítimas Feridas";"Pleno dia";"Decrescente";"Sol";"Simples";"Curva";"Urbano";5;0;2;2;1;0;4;2
83527196;"24/12/16";"Sábado";"07:25:00";"GO";153;"245";"SAO LUIZ DO NORTE";"Falta de atenção";"Saída de Pista";"Com Vítimas Feridas";"Pleno dia";"Crescente";"Sol";"Simples";"Reta";"Rural";2;0;1;0;1;0;1;1
83527197;"24/12/16";"Sábado";"10:50:00";"ES";101;"412,3";"ITAPEMIRIM";"Dormindo";"Colisão frontal";"Com Vítimas Fatais";"Pleno dia";"Crescente";"Ceu Claro";"Simples";"Curva";"Rural";5;1;2;1;1;0;3;3
83527198;"24/12/16";"Sábado";"14:35:00";"PR";376;"176,6";"MARINGA";"Defeito mecânico em veículo";"Colisão traseira";"Com Vítimas Feridas";"Pleno dia";"Crescente";"Ceu Claro";"Simples";"Cruzamento";"Urbano";5;0;1;0;4;0;1;2
83527199;"24/12/16";"Sábado";"16:35:00";"RS";153;"45";"ERECHIM";"Velocidade incompatível";"Colisão traseira";"Sem Vítimas";"Pleno dia";"Crescente";"Chuva";"Múltipla";"Reta";"Rural";5;0;0;0;5;0;0;2
83527200;"24/12/16";"Sábado";"07:30:00";"ES";101;"286,5";"CARIACICA";"Velocidade incompatível";"Queda de motocicleta / bicicleta / veículo";"Com Vítimas Feridas";"Pleno dia";"Decrescente";"Sol";"Dupla";"Curva";"Urbano";1;0;0;1;0;0;1;1
83527201;"24/12/16";"Sábado";"17:30:00";"DF";60;"4,5";"BRASILIA";"Desobediência à sinalização";"Colisão lateral";"Com Vítimas Feridas";"Pleno dia";"Crescente";"Sol";"Dupla";"Reta";"Urbano";6;0;2;0;4;0;2;2
83527202;"24/12/16";"Sábado";"09:30:00";"MG";251;"518";"MONTES CLAROS";"Falta de atenção";"Colisão com bicicleta";"Com Vítimas Feridas";"Pleno dia";"Decrescente";"Ceu Claro";"Simples";"Reta";"Rural";2;0;1;0;1;0;1;2
83527204;"24/12/16";"Sábado";"09:30:00";"SE";101;"74";"MARUIM";"Outras";"Tombamento";"Sem Vítimas";"Pleno dia";"Crescente";"Ceu Claro";"Simples";"Reta";"Rural";1;0;0;0;1;0;0;1
83527205;"24/12/16";"Sábado";"16:50:00";"RS";101;"29,5";"TRES CACHOEIRAS";"Falta de atenção";"Saída de Pista";"Com Vítimas Feridas";"Pleno dia";"Decrescente";"Ceu Claro";"Dupla";"Reta";"Rural";4;0;4;0;0;0;4;1
83527206;"24/12/16";"Sábado";"17:30:00";"RJ";101;"324";"RIO DE JANEIRO";"Outras";"Colisão traseira";"Com Vítimas Feridas";"Pleno dia";"Crescente";"Ceu Claro";"Dupla";"Reta";"Urbano";3;0;1;0;2;0;1;2
83527207;"20/12/16";"Terça";"11:30:00";"MG";365;"499";"PATROCINIO";"Não guardar distância de segurança";"Colisão lateral";"Com Vítimas Feridas";"Pleno dia";"Decrescente";"Sol";"Simples";"Reta";"Rural";2;0;1;0;1;0;1;2
83527208;"24/12/16";"Sábado";"18:20:00";"SC";101;"193";"BIGUACU";"Desobediência à sinalização";"Queda de motocicleta / bicicleta / veículo";"Com Vítimas Feridas";"Pleno dia";"Crescente";"Chuva";"Dupla";"Reta";"Urbano";1;0;0;1;0;0;1;1
83527209;"24/12/16";"Sábado";"13:26:00";"SP";153;"107";"JOSE BONIFACIO";"Falta de atenção";"Colisão Transversal";"Com Vítimas Feridas";"Pleno dia";"Crescente";"Sol";"Simples";"Reta";"Urbano";3;0;3;0;0;0;3;2
83527210;"20/12/16";"Terça";"16:40:00";"RJ";116;"328";"RESENDE";"Outras";"Colisão com objeto fixo";"Sem Vítimas";"Pleno dia";"Decrescente";"Ceu Claro";"Dupla";"Curva";"Rural";1;0;0;0;1;0;0;1
83527211;"22/12/16";"Quinta";"22:10:00";"SC";101;"207";"SAO JOSE";"Outras";"Colisão traseira";"Com Vítimas Feridas";"Anoitecer";"Decrescente";"Chuva";"Múltipla";"Reta";"Urbano";2;0;1;0;1;0;1;2
83527212;"20/12/16";"Terça";"22:30:00";"SP";116;"227";"GUARULHOS";"Velocidade incompatível";"Colisão com objeto fixo";"Com Vítimas Feridas";"Plena noite";"Crescente";"Nublado";"Múltipla";"Reta";"Urbano";2;0;0;2;0;0;2;1
83527213;"24/12/16";"Sábado";"16:50:00";"RJ";40;"1";"COMENDADOR LEVY GASPARIAN";"Outras";"Capotamento";"Com Vítimas Feridas";"Pleno dia";"Decrescente";"Chuva";"Dupla";"Curva";"Rural";2;0;2;0;0;0;2;1
83527214;"24/12/16";"Sábado";"15:15:00";"DF";70;"5,5";"BRASILIA";"Falta de atenção";"Colisão lateral";"Com Vítimas Feridas";"Pleno dia";"Decrescente";"Sol";"Dupla";"Reta";"Rural";5;0;2;0;3;0;2;2
83527215;"24/12/16";"Sábado";"15:00:00";"MT";70;"346";"CAMPO VERDE";"Falta de atenção";"Colisão Transversal";"Sem Vítimas";"Pleno dia";"Decrescente";"Ceu Claro";"Simples";"Reta";"Rural";2;0;0;0;2;0;0;2
83527216;"21/12/16";"Quarta";"23:50:00";"GO";60;"170,3";"GOIANIA";"Falta de atenção";"Colisão traseira";"Com Vítimas Feridas";"Plena noite";"Crescente";"Ceu Claro";"Dupla";"Reta";"Urbano";2;0;0;1;1;0;1;2
83527217;"24/12/16";"Sábado";"11:00:00";"SE";101;"70";"MARUIM";"Falta de atenção";"Colisão traseira";"Sem Vítimas";"Pleno dia";"Crescente";"Sol";"Simples";"Reta";"Rural";2;0;0;0;2;0;0;2
83527218;"24/12/16";"Sábado";"16:10:00";"GO";452;"44";"SANTA HELENA DE GOIAS";"Ultrapassagem indevida";"Saída de Pista";"Sem Vítimas";"Pleno dia";"Decrescente";"Ceu Claro";"Simples";"Reta";"Urbano";2;0;0;0;2;0;0;1
83527219;"24/12/16";"Sábado";"13:00:00";"GO";50;"147";"IPAMERI";"Falta de atenção";"Saída de Pista";"Com Vítimas Feridas";"Pleno dia";"Decrescente";"Ceu Claro";"Dupla";"Reta";"Rural";2;0;2;0;0;0;2;1
83527220;"24/12/16";"Sábado";"18:00:00";"RJ";101;"91";"CAMPOS DOS GOYTACAZES";"Outras";"Queda de motocicleta / bicicleta / veículo";"Com Vítimas Feridas";"Pleno dia";"Decrescente";"Nublado";"Simples";"Reta";"Rural";2;0;1;0;1;0;1;1
83527221;"24/12/16";"Sábado";"17:45:00";"PE";232;"300,5";"SERTANIA";"Outras";"Capotamento";"Sem Vítimas";"Anoitecer";"Crescente";"Vento";"Simples";"Reta";"Rural";1;0;0;0;1;0;0;1
83527222;"24/12/16";"Sábado";"10:30:00";"MG";365;"463";"PATROCINIO";"Ultrapassagem indevida";"Colisão lateral";"Com Vítimas Feridas";"Pleno dia";"Decrescente";"Ceu Claro";"Simples";"Reta";"Rural";8;0;6;0;1;1;6;4
83527223;"24/12/16";"Sábado";"16:30:00";"SP";116;"427,6";"REGISTRO";"Velocidade incompatível";"Capotamento";"Sem Vítimas";"Pleno dia";"Decrescente";"Nublado";"Dupla";"Reta";"Rural";1;0;0;0;1;0;0;1
83527224;"24/12/16";"Sábado";"13:20:00";"MS";158;"125,5";"APARECIDA DO TABOADO";"Falta de atenção";"Colisão traseira";"Com Vítimas Fatais";"Pleno dia";"Crescente";"Sol";"Simples";"Reta";"Rural";4;1;0;2;1;0;2;3
83527225;"24/12/16";"Sábado";"15:30:00";"DF";40;"2";"BRASILIA";"Outras";"Capotamento";"Sem Vítimas";"Pleno dia";"Crescente";"Sol";"Dupla";"Reta";"Urbano";2;0;0;0;1;1;0;2
83527226;"24/12/16";"Sábado";"15:00:00";"BA";101;"70";"ENTRE RIOS";"Defeito na via";"Capotamento";"Com Vítimas Feridas";"Pleno dia";"Decrescente";"Nublado";"Simples";"Reta";"Rural";3;0;3;0;0;0;3;1
83527227;"22/12/16";"Quinta";"06:20:00";"GO";60;"163,5";"GOIANIA";"Velocidade incompatível";"Colisão com objeto fixo";"Sem Vítimas";"Amanhecer";"Decrescente";"Ceu Claro";"Dupla";"Reta";"Urbano";1;0;0;0;1;0;0;1
83527228;"24/12/16";"Sábado";"16:30:00";"RJ";101;"190";"CASIMIRO DE ABREU";"Outras";"Colisão com objeto fixo";"Sem Vítimas";"Pleno dia";"Crescente";"Nublado";"Simples";"Curva";"Rural";1;0;0;0;1;0;0;1
83527229;"24/12/16";"Sábado";"13:40:00";"BA";116;"342";"TEOFILANDIA";"Defeito mecânico em veículo";"Capotamento";"Com Vítimas Feridas";"Pleno dia";"Decrescente";"Sol";"Simples";"Reta";"Rural";10;0;8;0;2;0;8;1
83527230;"24/12/16";"Sábado";"15:30:00";"RS";116;"105";"SAO MARCOS";"Velocidade incompatível";"Tombamento";"Sem Vítimas";"Pleno dia";"Decrescente";"Ceu Claro";"Simples";"Curva";"Rural";1;0;0;0;1;0;0;1
83527231;"24/12/16";"Sábado";"14:10:00";"PR";153;"504,4";"GENERAL CARNEIRO";"Ultrapassagem indevida";"Colisão lateral";"Sem Vítimas";"Pleno dia";"Decrescente";"Chuva";"Dupla";"Reta";"Rural";2;0;0;0;2;0;0;2
83527232;"24/12/16";"Sábado";"18:00:00";"MG";381;"485,7";"BETIM";"Outras";"Danos Eventuais";"Com Vítimas Feridas";"Pleno dia";"Decrescente";"Sol";"Dupla";"Reta";"Urbano";2;0;0;2;0;0;2;1
83527233;"24/12/16";"Sábado";"20:00:00";"RJ";101;"324";"NITEROI";"Desobediência à sinalização";"Queda de motocicleta / bicicleta / veículo";"Com Vítimas Feridas";"Plena noite";"Decrescente";"Ceu Claro";"Dupla";"Reta";"Urbano";1;0;1;0;0;0;1;1
83527234;"24/12/16";"Sábado";"14:30:00";"SC";158;"143";"PALMITOS";"Defeito mecânico em veículo";"Colisão frontal";"Com Vítimas Feridas";"Pleno dia";"Decrescente";"Sol";"Simples";"Curva";"Rural";5;0;4;0;1;0;4;2
83527235;"24/12/16";"Sábado";"17:40:00";"PA";163;"1001";"SANTAREM";"Falta de atenção";"Colisão Transversal";"Com Vítimas Feridas";"Pleno dia";"Crescente";"Nublado";"Dupla";"Cruzamento";"Urbano";2;0;1;0;1;0;1;2
83527236;"24/12/16";"Sábado";"07:20:00";"ES";101;"263,9";"SERRA";"Falta de atenção";"Colisão com objeto fixo";"Sem Vítimas";"Amanhecer";"Crescente";"Ceu Claro";"Dupla";"Cruzamento";"Urbano";1;0;0;0;1;0;0;1
83527237;"24/12/16";"Sábado";"16:20:00";"GO";153;"503,5";"APARECIDA DE GOIANIA";"Falta de atenção";"Colisão com objeto fixo";"Sem Vítimas";"Pleno dia";"Crescente";"Ceu Claro";"Dupla";"Reta";"Urbano";1;0;0;0;1;0;0;1
83527238;"24/12/16";"Sábado";"16:30:00";"MS";163;"492";"CAMPO GRANDE";"Outras";"Saída de Pista";"Sem Vítimas";"Pleno dia";"Crescente";"Chuva";"Simples";"Reta";"Rural";1;0;0;0;1;0;0;1
83527239;"24/12/16";"Sábado";"13:00:00";"GO";153;"399";"PIRENOPOLIS";"Ultrapassagem indevida";"Colisão com objeto fixo";"Com Vítimas Feridas";"Pleno dia";"Crescente";"Sol";"Simples";"Reta";"Rural";1;0;1;0;0;0;1;1
83527240;"24/12/16";"Sábado";"19:50:00";"SP";116;"279";"EMBU";"Defeito mecânico em veículo";"Colisão traseira";"Com Vítimas Feridas";"Anoitecer";"Crescente";"Nublado";"Múltipla";"Reta";"Urbano";2;0;1;0;1;0;1;2
83527241;"24/12/16";"Sábado";"16:25:00";"SP";116;"485";"CAJATI";"Falta de atenção";"Colisão com objeto fixo";"Sem Vítimas";"Pleno dia";"Crescente";"Nublado";"Dupla";"Reta";"Rural";2;0;0;0;2;0;0;1
83527242;"13/12/16";"Terça";"05:00:00";"RJ";116;"217";"PIRAI";"Falta de atenção";"Colisão traseira";"Com Vítimas Feridas";"Plena noite";"Decrescente";"Ceu Claro";"Dupla";"Reta";"Rural";2;0;0;1;1;0;1;2
83527243;"24/12/16";"Sábado";"17:00:00";"MG";40;"697";"BARBACENA";"Velocidade incompatível";"Queda de motocicleta / bicicleta / veículo";"Com Vítimas Feridas";"Pleno dia";"Crescente";"Sol";"Dupla";"Curva";"Rural";2;0;0;2;0;0;2;1
83527244;"24/12/16";"Sábado";"11:45:00";"PB";230;"71,1";"SOBRADO";"Falta de atenção";"Colisão traseira";"Com Vítimas Feridas";"Pleno dia";"Crescente";"Sol";"Dupla";"Reta";"Rural";2;0;1;0;1;0;1;2
83527245;"24/12/16";"Sábado";"18:00:00";"MG";262;"676";"ARAXA";"Velocidade incompatível";"Saída de Pista";"Sem Vítimas";"Pleno dia";"Crescente";"Nublado";"Simples";"Curva";"Rural";5;0;0;0;5;0;0;1
83527246;"24/12/16";"Sábado";"19:15:00";"RS";153;"546,7";"CACAPAVA DO SUL";"Ultrapassagem indevida";"Colisão lateral";"Sem Vítimas";"Pleno dia";"Crescente";"Ceu Claro";"Simples";"Reta";"Rural";2;0;0;0;2;0;0;2
83527247;"24/12/16";"Sábado";"16:10:00";"MG";116;"667,5";"MURIAE";"Velocidade incompatível";"Colisão com objeto fixo";"Com Vítimas Feridas";"Pleno dia";"Crescente";"Chuva";"Simples";"Curva";"Rural";3;0;1;2;0;0;3;1
83527248;"24/12/16";"Sábado";"09:40:00";"MG";40;"511,9";"RIBEIRAO DAS NEVES";"Outras";"Saída de Pista";"Sem Vítimas";"Pleno dia";"Crescente";"Ceu Claro";"Dupla";"Reta";"Urbano";1;0;0;0;1;0;0;1
83527249;"24/12/16";"Sábado";"13:35:00";"PI";316;"210,8";"VALENCA DO PIAUI";"Ingestão de álcool";"Colisão Transversal";"Com Vítimas Feridas";"Pleno dia";"Crescente";"Nublado";"Simples";"Cruzamento";"Rural";7;0;1;1;5;0;2;2
83527251;"21/12/16";"Quarta";"03:40:00";"AL";101;"100,1";"PILAR";"Outras";"Atropelamento de pessoa";"Com Vítimas Fatais";"Plena noite";"Decrescente";"Ceu Claro";"Simples";"Reta";"Rural";2;1;0;0;1;0;0;1
83527252;"24/12/16";"Sábado";"19:50:00";"BA";116;"424,8";"FEIRA DE SANTANA";"Falta de atenção";"Colisão Transversal";"Com Vítimas Feridas";"Plena noite";"Decrescente";"Ceu Claro";"Simples";"Reta";"Urbano";3;0;2;0;1;0;2;2
83527253;"24/12/16";"Sábado";"18:50:00";"PR";373;"243,5";"GUAMIRANGA";"Velocidade incompatível";"Capotamento";"Com Vítimas Feridas";"Anoitecer";"Crescente";"Chuva";"Simples";"Reta";"Rural";2;0;1;0;1;0;1;1
83527254;"20/12/16";"Terça";"23:50:00";"MG";40;"509,5";"RIBEIRAO DAS NEVES";"Outras";"Queda de motocicleta / bicicleta / veículo";"Com Vítimas Feridas";"Plena noite";"Crescente";"Nublado";"Dupla";"Reta";"Urbano";1;0;1;0;0;0;1;1
83527255;"24/12/16";"Sábado";"20:15:00";"MG";354;"753";"ITAMONTE";"Falta de atenção";"Colisão Transversal";"Com Vítimas Feridas";"Plena noite";"Crescente";"Ceu Claro";"Simples";"Reta";"Urbano";3;0;2;0;0;1;2;2
83527256;"24/12/16";"Sábado";"09:35:00";"PR";277;"452,3";"LARANJEIRAS DO SUL";"Falta de atenção";"Colisão Transversal";"Sem Vítimas";"Pleno dia";"Decrescente";"Ceu Claro";"Simples";"Reta";"Urbano";2;0;0;0;2;0;0;2
83527257;"24/12/16";"Sábado";"19:30:00";"MG";116;"753,3";"LEOPOLDINA";"Dormindo";"Saída de Pista";"Com Vítimas Feridas";"Plena noite";"Decrescente";"Chuva";"Simples";"Reta";"Rural";3;0;3;0;0;0;3;1
83527258;"24/12/16";"Sábado";"20:20:00";"SC";116;"259,9";"CAPAO ALTO";"Outras";"Saída de Pista";"Com Vítimas Fatais";"Plena noite";"Decrescente";"Chuva";"Simples";"Reta";"Rural";1;1;0;0;0;0;0;1
83527259;"24/12/16";"Sábado";"18:40:00";"RS";392;"72,9";"PELOTAS";"Outras";"Queda de motocicleta / bicicleta / veículo";"Com Vítimas Feridas";"Pleno dia";"Decrescente";"Ceu Claro";"Simples";"Curva";"Rural";1;0;1;0;0;0;1;1
83527260;"24/12/16";"Sábado";"14:40:00";"SC";470;"56";"BLUMENAU";"Falta de atenção";"Colisão Transversal";"Com Vítimas Feridas";"Pleno dia";"Crescente";"Ceu Claro";"Simples";"Cruzamento";"Urbano";4;0;2;0;2;0;2;2
83527261;"24/12/16";"Sábado";"19:20:00";"MG";40;"475";"SETE LAGOAS";"Defeito mecânico em veículo";"Queda de motocicleta / bicicleta / veículo";"Com Vítimas Feridas";"Anoitecer";"Decrescente";"Ceu Claro";"Dupla";"Reta";"Urbano";2;0;2;0;0;0;2;1
83527262;"24/12/16";"Sábado";"18:00:00";"MG";116;"207";"CATUJI";"Ingestão de álcool";"Colisão com bicicleta";"Com Vítimas Feridas";"Anoitecer";"Decrescente";"Ceu Claro";"Simples";"Cruzamento";"Urbano";3;0;2;0;1;0;2;2
83527263;"24/12/16";"Sábado";"19:40:00";"MG";50;"183,9";"UBERABA";"Velocidade incompatível";"Capotamento";"Sem Vítimas";"Anoitecer";"Decrescente";"Ceu Claro";"Dupla";"Reta";"Rural";1;0;0;0;1;0;0;1
83527264;"19/12/16";"Segunda";"03:50:00";"RN";406;"156,5";"CEARA-MIRIM";"Outras";"Colisão frontal";"Com Vítimas Fatais";"Plena noite";"Decrescente";"Ceu Claro";"Simples";"Reta";"Rural";3;1;0;0;2;0;0;3
83527265;"24/12/16";"Sábado";"19:10:00";"RN";226;"162,7";"CURRAIS NOVOS";"Falta de atenção";"Colisão Transversal";"Com Vítimas Feridas";"Plena noite";"Crescente";"Ceu Claro";"Simples";"Reta";"Rural";2;0;1;0;1;0;1;2
83527266;"24/12/16";"Sábado";"17:50:00";"MG";381;"435";"SABARA";"Outras";"Queda de motocicleta / bicicleta / veículo";"Com Vítimas Feridas";"Pleno dia";"Crescente";"Ceu Claro";"Simples";"Curva";"Rural";2;0;2;0;0;0;2;1
83527267;"24/12/16";"Sábado";"17:00:00";"MT";163;"558";"DIAMANTINO";"Velocidade incompatível";"Saída de Pista";"Com Vítimas Feridas";"Plena noite";"Decrescente";"Chuva";"Simples";"Reta";"Rural";2;0;2;0;0;0;2;1
83527268;"21/12/16";"Quarta";"07:00:00";"RJ";465;"20";"NOVA IGUACU";"Falta de atenção";"Colisão lateral";"Com Vítimas Feridas";"Pleno dia";"Crescente";"Ceu Claro";"Simples";"Reta";"Urbano";3;0;1;0;2;0;1;2
83527269;"24/12/16";"Sábado";"18:20:00";"RS";285;"308,5";"PASSO FUNDO";"Não guardar distância de segurança";"Colisão traseira";"Sem Vítimas";"Pleno dia";"Decrescente";"Ceu Claro";"Simples";"Reta";"Rural";2;0;0;0;2;0;0;2
83527270;"24/12/16";"Sábado";"18:58:00";"CE";20;"310";"CANINDE";"Ingestão de álcool";"Colisão Transversal";"Com Vítimas Feridas";"Plena noite";"Crescente";"Ceu Claro";"Simples";"Reta";"Rural";3;0;1;1;1;0;2;2
83527271;"24/12/16";"Sábado";"19:00:00";"RS";285;"360";"SALDANHA MARINHO";"Velocidade incompatível";"Saída de Pista";"Sem Vítimas";"Pleno dia";"Crescente";"Chuva";"Simples";"Curva";"Rural";1;0;0;0;1;0;0;1
83527272;"24/12/16";"Sábado";"16:00:00";"BA";407;"152";"FILADELFIA";"Defeito mecânico em veículo";"Incêndio";"Sem Vítimas";"Pleno dia";"Decrescente";"Ceu Claro";"Simples";"Reta";"Rural";1;0;0;0;1;0;0;1
83527273;"24/12/16";"Sábado";"20:50:00";"SC";280;"127,5";"RIO NEGRINHO";"Falta de atenção";"Colisão Transversal";"Com Vítimas Feridas";"Plena noite";"Crescente";"Ceu Claro";"Simples";"Reta";"Urbano";3;0;1;1;1;0;2;2
83527274;"21/12/16";"Quarta";"05:25:00";"PB";230;"137,1";"CAMPINA GRANDE";"Velocidade incompatível";"Saída de Pista";"Com Vítimas Feridas";"Amanhecer";"Decrescente";"Chuva";"Dupla";"Curva";"Rural";1;0;1;0;0;0;1;1
83527275;"24/12/16";"Sábado";"18:30:00";"RS";386;"318,5";"MARQUES DE SOUZA";"Ultrapassagem indevida";"Saída de Pista";"Sem Vítimas";"Pleno dia";"Decrescente";"Sol";"Simples";"Curva";"Rural";1;0;0;0;1;0;0;1
83527276;"24/12/16";"Sábado";"22:45:00";"RS";101;"86,5";"OSORIO";"Falta de atenção";"Capotamento";"Sem Vítimas";"Plena noite";"Decrescente";"Nublado";"Dupla";"Curva";"Urbano";1;0;0;0;1;0;0;1
83527277;"24/12/16";"Sábado";"10:00:00";"MG";40;"527";"BELO HORIZONTE";"Outras";"Queda de motocicleta / bicicleta / veículo";"Com Vítimas Feridas";"Pleno dia";"Decrescente";"Ceu Claro";"Dupla";"Reta";"Urbano";2;0;1;0;1;0;1;1
83527278;"14/11/16";"Segunda";"18:40:00";"PR";277;"715";"SANTA TEREZINHA DE ITAIPU";"Falta de atenção";"Colisão traseira";"Com Vítimas Feridas";"Pleno dia";"Decrescente";"Sol";"Dupla";"Reta";"Rural";2;0;1;0;1;0;1;2
83527279;"24/12/16";"Sábado";"21:30:00";"PE";101;"31,4";"IGARASSU";"Outras";"Queda de motocicleta / bicicleta / veículo";"Com Vítimas Feridas";"Plena noite";"Crescente";"Ceu Claro";"Múltipla";"Reta";"Urbano";1;0;1;0;0;0;1;1
83527280;"24/12/16";"Sábado";"22:00:00";"SC";101;"119";"ITAJAI";"Outras";"Colisão com objeto fixo";"Sem Vítimas";"Plena noite";"Decrescente";"Chuva";"Dupla";"Reta";"Urbano";1;0;0;0;1;0;0;1
83527281;"20/12/16";"Terça";"01:10:00";"MG";381;"739";"TRES CORACOES";"Dormindo";"Saída de Pista";"Sem Vítimas";"Plena noite";"Decrescente";"Nublado";"Dupla";"Curva";"Rural";1;0;0;0;1;0;0;1
83527282;"20/12/16";"Terça";"09:00:00";"RJ";101;"303";"SAO GONCALO";"Velocidade incompatível";"Capotamento";"Com Vítimas Fatais";"Pleno dia";"Crescente";"Sol";"Dupla";"Reta";"Urbano";4;1;0;3;0;0;3;1
83527283;"24/12/16";"Sábado";"10:00:00";"TO";153;"309";"PRESIDENTE KENNEDY";"Outras";"Capotamento";"Sem Vítimas";"Pleno dia";"Decrescente";"Ceu Claro";"Simples";"Curva";"Rural";1;0;0;0;1;0;0;1