"id";"data_inversa";"dia_semana";"horario";"uf";"br";"km";"municipio";"causa_acidente";"tipo_acidente";"classificacao_acidente";"fase_dia";"sentido_via";"condicao_metereologica";"tipo_pista";"tracado_via";"uso_solo";"pessoas";"mortos";"feridos_leves";"feridos_graves";"ilesos";"ignorados";"feridos";"veiculos"
83527393;"24/12/16";"Sábado";"07:15:00";"SC";470;"165,9";"TROMBUDO CENTRAL";"Falta de atenção";"Colisão traseira";"Sem Vítimas";"Pleno dia";"Crescente";"Ceu Claro";"Simples";"Reta";"Urbano";2;0;0;0;2;0;0;2
83527394;"25/12/16";"Domingo";"06:20:00";"MT";364;"157";"PEDRA PRETA";"Dormindo";"Saída de Pista";"Com Vítimas Fatais";"Amanhecer";"Decrescente";"Nublado";"Simples";"Curva";"Rural";5;1;3;1;0;0;4;1
83527395;"22/12/16";"Quinta";"09:00:00";"MG";116;"269,9";"SALINAS";"Outras";"Colisão Transversal";"Com Vítimas Feridas";"Pleno dia";"Decrescente";"Nublado";"Simples";"Reta";"Rural";4;0;1;2;1;0;3;2
83527396;"25/12/16";"Domingo";"07:30:00";"SC";470;"122,8";"IBIRAMA";"Velocidade incompatível";"Colisão lateral";"Com Vítimas Feridas";"Pleno dia";"Decrescente";"Chuva";"Simples";"Curva";"Rural";3;0;1;0;2;0;1;2
83527397;"17/12/16";"Sábado";"13:00:00";"ES";101;"70";"SAO MATEUS";"Falta de atenção";"Colisão Transversal";"Com Vítimas Feridas";"Pleno dia";"Crescente";"Ceu Claro";"Simples";"Reta";"Rural";2;0;1;0;1;0;1;2
83527398;"23/12/16";"Sexta";"16:20:00";"SC";101;"122,6";"ITAJAI";"Velocidade incompatível";"Colisão traseira";"Com Vítimas Feridas";"Pleno dia";"Crescente";"Ceu Claro";"Dupla";"Reta";"Urbano";3;0;1;0;2;0;1;3
83527399;"24/12/16";"Sábado";"08:30:00";"MG";40;"328";"FELIXLANDIA";"Falta de atenção";"Colisão traseira";"Sem Vítimas";"Pleno dia";"Decrescente";"Ceu Claro";"Múltipla";"Reta";"Rural";4;0;0;0;4;0;0;2
83527400;"21/12/16";"Quarta";"08:00:00";"BA";116;"854";"VITORIA DA CONQUISTA";"Desobediência à sinalização";"Colisão Transversal";"Sem Vítimas";"Pleno dia";"Crescente";"Ceu Claro";"Simples";"Reta";"Rural";2;0;0;0;2;0;0;2
83527401;"23/12/16";"Sexta";"19:50:00";"BA";116;"824,9";"VITORIA DA CONQUISTA";"Falta de atenção";"Colisão lateral";"Sem Vítimas";"Plena noite";"Decrescente";"Ceu Claro";"Múltipla";"Reta";"Urbano";2;0;0;0;2;0;0;2
83527402;"24/12/16";"Sábado";"04:30:00";"SC";470;"134,5";"LONTRAS";"Ingestão de álcool";"Colisão com objeto fixo";"Com Vítimas Feridas";"Plena noite";"Crescente";"Ceu Claro";"Simples";"Reta";"Urbano";5;0;1;4;0;0;5;1
83527403;"25/12/16";"Domingo";"07:30:00";"SP";381;"90";"SAO PAULO";"Falta de atenção";"Colisão com objeto fixo";"Com Vítimas Feridas";"Pleno dia";"Decrescente";"Ceu Claro";"Múltipla";"Curva";"Urbano";1;0;1;0;0;0;1;1
83527404;"25/12/16";"Domingo";"07:00:00";"MS";163;"787,9";"COXIM";"Outras";"Colisão com objeto fixo";"Sem Vítimas";"Pleno dia";"Decrescente";"Chuva";"Simples";"Reta";"Rural";2;0;0;0;2;0;0;1
83527405;"24/12/16";"Sábado";"16:40:00";"MA";316;"185";"ZE DOCA";"Defeito mecânico em veículo";"Colisão lateral";"Com Vítimas Feridas";"Pleno dia";"Crescente";"Nublado";"Simples";"Reta";"Rural";3;0;1;2;0;0;3;2
83527406;"25/12/16";"Domingo";"07:45:00";"PR";277;"544,8";"CATANDUVAS";"Ingestão de álcool";"Saída de Pista";"Sem Vítimas";"Pleno dia";"Crescente";"Ceu Claro";"Simples";"Reta";"Rural";1;0;0;0;1;0;0;1
83527407;"22/12/16";"Quinta";"05:30:00";"RJ";101;"52,9";"CAMPOS DOS GOYTACAZES";"Outras";"Saída de Pista";"Sem Vítimas";"Pleno dia";"Crescente";"Ceu Claro";"Simples";"Reta";"Urbano";1;0;0;0;1;0;0;1
83527408;"21/12/16";"Quarta";"19:20:00";"CE";222;"154";"IRAUCUBA";"Falta de atenção";"Colisão lateral";"Com Vítimas Feridas";"Plena noite";"Crescente";"Ceu Claro";"Simples";"Reta";"Rural";2;0;0;1;1;0;1;2
83527409;"25/12/16";"Domingo";"08:00:00";"CE";222;"5,5";"CAUCAIA";"Velocidade incompatível";"Colisão com objeto fixo";"Ignorado";"Pleno dia";"Decrescente";"Sol";"Dupla";"Reta";"Urbano";1;0;0;0;0;1;0;1
83527410;"22/12/16";"Quinta";"03:20:00";"MG";40;"562,8";"NOVA LIMA";"Velocidade incompatível";"Colisão traseira";"Sem Vítimas";"Plena noite";"Crescente";"Ceu Claro";"Dupla";"Curva";"Urbano";2;0;0;0;2;0;0;2
83527411;"21/12/16";"Quarta";"17:55:00";"SE";101;"203,6";"CRISTINAPOLIS";"Defeito mecânico em veículo";"Colisão lateral";"Sem Vítimas";"Anoitecer";"Crescente";"Ceu Claro";"Simples";"Reta";"Rural";8;0;0;0;8;0;0;3
83527412;"25/12/16";"Domingo";"08:15:00";"PA";155;"341";"MARABA";"Ingestão de álcool";"Queda de motocicleta / bicicleta / veículo";"Com Vítimas Feridas";"Pleno dia";"Decrescente";"Ceu Claro";"Simples";"Reta";"Rural";1;0;1;0;0;0;1;1
83527413;"23/12/16";"Sexta";"18:20:00";"TO";226;"27";"DARCINOPOLIS";"Ultrapassagem indevida";"Tombamento";"Com Vítimas Feridas";"Anoitecer";"Crescente";"Ceu Claro";"Simples";"Reta";"Rural";1;0;1;0;0;0;1;1
83527414;"25/12/16";"Domingo";"08:25:00";"MG";153;"40";"CANAPOLIS";"Dormindo";"Saída de Pista";"Sem Vítimas";"Pleno dia";"Decrescente";"Ceu Claro";"Simples";"Reta";"Rural";1;0;0;0;1;0;0;1
83527415;"20/12/16";"Terça";"20:15:00";"PB";230;"28";"JOAO PESSOA";"Outras";"Queda de motocicleta / bicicleta / veículo";"Com Vítimas Feridas";"Plena noite";"Decrescente";"Ceu Claro";"Dupla";"Curva";"Urbano";2;0;2;0;0;0;2;1
83527416;"25/12/16";"Domingo";"10:50:00";"ES";101;"224";"IBIRACU";"Outras";"Colisão com objeto móvel";"Com Vítimas Feridas";"Pleno dia";"Crescente";"Ceu Claro";"Simples";"Reta";"Urbano";2;0;0;1;0;1;1;2
83527417;"17/11/16";"Quinta";"09:10:00";"PR";373;"181";"PONTA GROSSA";"Falta de atenção";"Colisão Transversal";"Com Vítimas Feridas";"Pleno dia";"Crescente";"Ignorada";"Dupla";"Reta";"Urbano";2;0;1;0;1;0;1;2
83527418;"25/12/16";"Domingo";"12:00:00";"MG";381;"495";"BETIM";"Outras";"Colisão traseira";"Com Vítimas Feridas";"Pleno dia";"Decrescente";"Sol";"Dupla";"Reta";"Urbano";2;0;0;1;1;0;1;2
83527419;"25/12/16";"Domingo";"12:10:00";"ES";262;"6,3";"CARIACICA";"Falta de atenção";"Colisão traseira";"Com Vítimas Feridas";"Pleno dia";"Decrescente";"Ceu Claro";"Múltipla";"Reta";"Urbano";3;0;1;1;1;0;2;2
83527420;"22/12/16";"Quinta";"07:35:00";"PR";376;"675";"GUARATUBA";"Dormindo";"Saída de Pista";"Com Vítimas Feridas";"Amanhecer";"Crescente";"Ceu Claro";"Dupla";"Reta";"Rural";2;0;1;1;0;0;2;1
83527422;"25/12/16";"Domingo";"13:10:00";"SC";101;"188";"BIGUACU";"Defeito mecânico em veículo";"Tombamento";"Com Vítimas Feridas";"Pleno dia";"Crescente";"Ceu Claro";"Dupla";"Reta";"Urbano";2;0;2;0;0;0;2;1
83527423;"18/12/16";"Domingo";"16:15:00";"SC";101;"138";"BALNEARIO CAMBORIU";"Outras";"Colisão Transversal";"Com Vítimas Feridas";"Pleno dia";"Crescente";"Sol";"Simples";"Reta";"Urbano";2;0;1;0;0;1;1;2
83527424;"25/12/16";"Domingo";"04:00:00";"PR";277;"77,5";"CURITIBA";"Outras";"Saída de Pista";"Ignorado";"Pleno dia";"Crescente";"Ceu Claro";"Dupla";"Reta";"Urbano";1;0;0;0;0;1;0;1
83527425;"25/12/16";"Domingo";"11:50:00";"MG";381;"839";"SAO SEBASTIAO DA BELA VISTA";"Outras";"Saída de Pista";"Sem Vítimas";"Pleno dia";"Crescente";"Sol";"Dupla";"Reta";"Rural";1;0;0;0;1;0;0;1
83527426;"25/12/16";"Domingo";"11:00:00";"MG";267;"133,8";"JUIZ DE FORA";"Outras";"Queda de motocicleta / bicicleta / veículo";"Com Vítimas Feridas";"Pleno dia";"Crescente";"Ceu Claro";"Simples";"Curva";"Rural";1;0;1;0;0;0;1;1
83527427;"20/12/16";"Terça";"20:30:00";"SP";116;"27";"SILVEIRAS";"Outras";"Derramamento de Carga";"Sem Vítimas";"Plena noite";"Decrescente";"Ceu Claro";"Múltipla";"Reta";"Rural";1;0;0;0;1;0;0;1
83527428;"25/12/16";"Domingo";"06:00:00";"BA";410;"9";"RIBEIRA DO POMBAL";"Outras";"Capotamento";"Com Vítimas Feridas";"Pleno dia";"Decrescente";"Ceu Claro";"Simples";"Reta";"Rural";5;0;1;0;4;0;1;1
83527429;"25/12/16";"Domingo";"12:30:00";"MG";381;"761,5";"CAMPANHA";"Outras";"Derramamento de Carga";"Sem Vítimas";"Pleno dia";"Crescente";"Sol";"Dupla";"Curva";"Rural";1;0;0;0;1;0;0;1
83527430;"25/12/16";"Domingo";"10:30:00";"PR";476;"131,5";"CURITIBA";"Falta de atenção";"Colisão Transversal";"Com Vítimas Feridas";"Pleno dia";"Decrescente";"Nublado";"Dupla";"Reta";"Urbano";2;0;1;0;1;0;1;2
83527431;"25/12/16";"Domingo";"11:25:00";"PR";369;"237,7";"JANDAIA DO SUL";"Desobediência à sinalização";"Colisão Transversal";"Com Vítimas Feridas";"Pleno dia";"Crescente";"Ceu Claro";"Simples";"Reta";"Rural";10;0;9;1;0;0;10;2
83527432;"23/12/16";"Sexta";"08:15:00";"GO";153;"344,1";"JARAGUA";"Dormindo";"Colisão frontal";"Com Vítimas Fatais";"Pleno dia";"Decrescente";"Ceu Claro";"Simples";"Reta";"Rural";5;2;1;2;0;0;3;2
83527433;"25/12/16";"Domingo";"10:00:00";"SC";470;"192";"POUSO REDONDO";"Velocidade incompatível";"Tombamento";"Com Vítimas Feridas";"Pleno dia";"Decrescente";"Ceu Claro";"Simples";"Curva";"Rural";1;0;1;0;0;0;1;1
83527434;"25/12/16";"Domingo";"12:00:00";"SC";101;"203,9";"SAO JOSE";"Falta de atenção";"Colisão Transversal";"Com Vítimas Feridas";"Pleno dia";"Crescente";"Nublado";"Múltipla";"Cruzamento";"Urbano";2;0;1;0;1;0;1;2
83527435;"25/12/16";"Domingo";"10:45:00";"GO";153;"499";"GOIANIA";"Outras";"Queda de motocicleta / bicicleta / veículo";"Ignorado";"Pleno dia";"Crescente";"Ceu Claro";"Dupla";"Reta";"Urbano";1;0;0;0;0;1;0;1
83527436;"25/12/16";"Domingo";"14:10:00";"GO";60;"163,6";"GOIANIA";"Outras";"Saída de Pista";"Com Vítimas Feridas";"Pleno dia";"Decrescente";"Ceu Claro";"Simples";"Reta";"Urbano";1;0;1;0;0;0;1;1
83527437;"25/12/16";"Domingo";"12:15:00";"PR";476;"138,8";"CURITIBA";"Desobediência à sinalização";"Colisão lateral";"Com Vítimas Feridas";"Pleno dia";"Crescente";"Ceu Claro";"Múltipla";"Reta";"Urbano";3;0;1;0;2;0;1;2
83527438;"25/12/16";"Domingo";"11:30:00";"MS";267;"433";"MARACAJU";"Defeito mecânico em veículo";"Saída de Pista";"Sem Vítimas";"Pleno dia";"Crescente";"Sol";"Simples";"Reta";"Rural";5;0;0;0;5;0;0;1
83527439;"21/12/16";"Quarta";"18:30:00";"BA";324;"551";"AMELIA RODRIGUES";"Defeito mecânico em veículo";"Colisão com objeto fixo";"Sem Vítimas";"Plena noite";"Decrescente";"Ceu Claro";"Múltipla";"Reta";"Rural";2;0;0;0;2;0;0;2
83527440;"25/12/16";"Domingo";"14:45:00";"SP";116;"284,2";"ITAPECERICA DA SERRA";"Outras";"Queda de motocicleta / bicicleta / veículo";"Com Vítimas Feridas";"Pleno dia";"Crescente";"Sol";"Simples";"Reta";"Urbano";2;0;1;0;1;0;1;1
83527441;"25/12/16";"Domingo";"13:30:00";"PR";369;"58";"BANDEIRANTES";"Ultrapassagem indevida";"Colisão lateral";"Com Vítimas Feridas";"Pleno dia";"Decrescente";"Ceu Claro";"Simples";"Curva";"Urbano";3;0;1;1;1;0;2;2
83527442;"25/12/16";"Domingo";"12:30:00";"MS";262;"99";"TRES LAGOAS";"Defeito na via";"Capotamento";"Com Vítimas Feridas";"Pleno dia";"Decrescente";"Nublado";"Simples";"Curva";"Rural";2;0;1;0;1;0;1;1
83527443;"27/05/16";"Sexta";"13:30:00";"PE";232;"178,3";"BELO JARDIM";"Ingestão de álcool";"Colisão traseira";"Com Vítimas Feridas";"Pleno dia";"Crescente";"Ceu Claro";"Simples";"Reta";"Urbano";2;0;1;0;1;0;1;2
83527444;"26/10/16";"Quarta";"03:50:00";"SP";116;"162";"JACAREI";"Dormindo";"Saída de Pista";"Sem Vítimas";"Plena noite";"Decrescente";"Ceu Claro";"Dupla";"Reta";"Rural";1;0;0;0;1;0;0;1
83527445;"25/12/16";"Domingo";"05:30:00";"MT";70;"508";"CUIABA";"Ingestão de álcool";"Saída de Pista";"Sem Vítimas";"Amanhecer";"Crescente";"Chuva";"Simples";"Curva";"Rural";1;0;0;0;1;0;0;1
83527446;"21/12/16";"Quarta";"22:00:00";"RJ";101;"248";"SILVA JARDIM";"Outras";"Atropelamento de pessoa";"Com Vítimas Feridas";"Plena noite";"Crescente";"Nublado";"Dupla";"Reta";"Rural";2;0;1;0;1;0;1;1
83527447;"21/12/16";"Quarta";"22:20:00";"MG";381;"726,7";"CARMO DA CACHOEIRA";"Velocidade incompatível";"Tombamento";"Com Vítimas Feridas";"Plena noite";"Decrescente";"Ceu Claro";"Dupla";"Curva";"Rural";3;0;2;0;1;0;2;1
83527448;"25/12/16";"Domingo";"12:00:00";"MA";316;"424";"PERITORO";"Outras";"Atropelamento de pessoa";"Com Vítimas Fatais";"Pleno dia";"Decrescente";"Ceu Claro";"Simples";"Reta";"Urbano";2;1;0;0;1;0;0;1
83527449;"25/12/16";"Domingo";"16:30:00";"SP";381;"48,5";"ATIBAIA";"Outras";"Capotamento";"Com Vítimas Feridas";"Pleno dia";"Crescente";"Chuva";"Dupla";"Reta";"Urbano";1;0;1;0;0;0;1;1
83527450;"25/12/16";"Domingo";"13:30:00";"TO";153;"725,3";"FIGUEIROPOLIS";"Defeito na via";"Derramamento de Carga";"Sem Vítimas";"Pleno dia";"Crescente";"Sol";"Simples";"Reta";"Rural";1;0;0;0;1;0;0;1
83527451;"25/12/16";"Domingo";"15:50:00";"SC";116;"207,4";"PONTE ALTA";"Não guardar distância de segurança";"Colisão traseira";"Sem Vítimas";"Pleno dia";"Crescente";"Nublado";"Simples";"Cruzamento";"Urbano";4;0;0;0;4;0;0;2
83527452;"25/12/16";"Domingo";"10:30:00";"RR";174;"563";"AMAJARI";"Velocidade incompatível";"Saída de Pista";"Com Vítimas Feridas";"Pleno dia";"Crescente";"Ceu Claro";"Simples";"Reta";"Rural";4;0;2;1;0;1;3;1
83527453;"25/12/16";"Domingo";"13:55:00";"SC";470;"69,9";"INDAIAL";"Falta de atenção";"Colisão lateral";"Com Vítimas Fatais";"Pleno dia";"Decrescente";"Sol";"Simples";"Reta";"Urbano";5;1;2;1;1;0;3;2
83527454;"25/12/16";"Domingo";"15:10:00";"GO";20;"4";"FORMOSA";"Desobediência à sinalização";"Colisão traseira";"Com Vítimas Feridas";"Pleno dia";"Decrescente";"Ceu Claro";"Dupla";"Reta";"Urbano";3;0;2;0;1;0;2;2
83527455;"25/12/16";"Domingo";"16:10:00";"RS";386;"426,8";"MONTENEGRO";"Ingestão de álcool";"Colisão traseira";"Sem Vítimas";"Pleno dia";"Crescente";"Sol";"Dupla";"Reta";"Rural";4;0;0;0;4;0;0;4
83527456;"23/12/16";"Sexta";"08:30:00";"MG";365;"623";"UBERLANDIA";"Falta de atenção";"Colisão lateral";"Sem Vítimas";"Pleno dia";"Decrescente";"Ceu Claro";"Dupla";"Reta";"Urbano";2;0;0;0;1;1;0;2
83527457;"25/12/16";"Domingo";"17:30:00";"GO";364;"16";"SAO SIMAO";"Defeito mecânico em veículo";"Saída de Pista";"Com Vítimas Feridas";"Pleno dia";"Decrescente";"Ceu Claro";"Simples";"Reta";"Rural";4;0;2;0;2;0;2;1
83527458;"22/12/16";"Quinta";"20:15:00";"MG";116;"34";"CACHOEIRA DE PAJEU";"Outras";"Capotamento";"Com Vítimas Feridas";"Plena noite";"Decrescente";"Nublado";"Simples";"Curva";"Rural";2;0;1;0;1;0;1;1
83527459;"25/12/16";"Domingo";"12:15:00";"RS";116;"235";"NOVO HAMBURGO";"Defeito mecânico em veículo";"Tombamento";"Com Vítimas Feridas";"Pleno dia";"Decrescente";"Ceu Claro";"Dupla";"Reta";"Urbano";2;0;2;0;0;0;2;1
83527460;"25/12/16";"Domingo";"11:45:00";"PR";277;"527,8";"IBEMA";"Ingestão de álcool";"Saída de Pista";"Com Vítimas Fatais";"Pleno dia";"Crescente";"Ceu Claro";"Simples";"Curva";"Rural";1;1;0;0;0;0;0;1
83527461;"25/12/16";"Domingo";"15:50:00";"RS";153;"44,5";"ERECHIM";"Desobediência à sinalização";"Colisão Transversal";"Sem Vítimas";"Pleno dia";"Crescente";"Sol";"Múltipla";"Cruzamento";"Urbano";3;0;0;0;3;0;0;2
83527462;"21/12/16";"Quarta";"23:30:00";"RJ";116;"210";"PARACAMBI";"Outras";"Colisão lateral";"Sem Vítimas";"Plena noite";"Crescente";"Ceu Claro";"Dupla";"Reta";"Rural";2;0;0;0;2;0;0;2
83527463;"23/12/16";"Sexta";"20:45:00";"MG";40;"735";"SANTOS DUMONT";"Falta de atenção";"Colisão com objeto fixo";"Com Vítimas Feridas";"Plena noite";"Decrescente";"Nublado";"Simples";"Curva";"Rural";3;0;1;0;2;0;1;2
83527464;"25/12/16";"Domingo";"18:30:00";"PR";277;"156";"PORTO AMAZONAS";"Outras";"Capotamento";"Sem Vítimas";"Pleno dia";"Crescente";"Ceu Claro";"Simples";"Reta";"Rural";1;0;0;0;1;0;0;1
83527465;"19/11/16";"Sábado";"21:00:00";"RJ";116;"184";"NOVA IGUACU";"Outras";"Danos Eventuais";"Sem Vítimas";"Plena noite";"Decrescente";"Ignorada";"Dupla";"Curva";"Urbano";1;0;0;0;1;0;0;1
83527466;"25/12/16";"Domingo";"07:21:00";"ES";101;"200";"JOAO NEIVA";"Outras";"Saída de Pista";"Sem Vítimas";"Pleno dia";"Crescente";"Ceu Claro";"Simples";"Reta";"Rural";3;0;0;0;2;1;0;1
83527467;"25/12/16";"Domingo";"16:00:00";"MG";40;"716,1";"BARBACENA";"Velocidade incompatível";"Colisão com objeto fixo";"Sem Vítimas";"Pleno dia";"Decrescente";"Chuva";"Dupla";"Curva";"Rural";1;0;0;0;1;0;0;1
83527469;"25/12/16";"Domingo";"14:15:00";"MA";316;"448";"PERITORO";"Outras";"Atropelamento de pessoa";"Com Vítimas Feridas";"Pleno dia";"Crescente";"Ceu Claro";"Simples";"Reta";"Rural";2;0;0;1;1;0;1;1
83527470;"25/12/16";"Domingo";"14:50:00";"MT";163;"797";"VERA";"Ingestão de álcool";"Colisão traseira";"Com Vítimas Feridas";"Pleno dia";"Crescente";"Ceu Claro";"Simples";"Reta";"Urbano";3;0;0;1;2;0;1;2
83527471;"25/12/16";"Domingo";"15:25:00";"PE";101;"50,3";"ABREU E LIMA";"Falta de atenção";"Colisão Transversal";"Com Vítimas Feridas";"Pleno dia";"Crescente";"Ceu Claro";"Múltipla";"Reta";"Urbano";3;0;1;0;2;0;1;2
83527472;"25/12/16";"Domingo";"12:45:00";"GO";20;"55";"FORMOSA";"Outras";"Capotamento";"Sem Vítimas";"Pleno dia";"Decrescente";"Ceu Claro";"Simples";"Reta";"Rural";1;0;0;0;1;0;0;1
83527473;"24/12/16";"Sábado";"20:45:00";"CE";116;"17";"EUSEBIO";"Falta de atenção";"Colisão traseira";"Com Vítimas Feridas";"Pleno dia";"Crescente";"Ceu Claro";"Simples";"Reta";"Urbano";2;0;1;0;1;0;1;2
83527474;"25/12/16";"Domingo";"13:00:00";"SC";116;"57,4";"PAPANDUVA";"Ultrapassagem indevida";"Colisão Transversal";"Com Vítimas Feridas";"Pleno dia";"Decrescente";"Ceu Claro";"Simples";"Curva";"Rural";6;0;5;0;0;1;5;3
83527475;"25/12/16";"Domingo";"15:00:00";"RJ";101;"403";"ITAGUAI";"Outras";"Queda de motocicleta / bicicleta / veículo";"Com Vítimas Feridas";"Pleno dia";"Crescente";"Ceu Claro";"Dupla";"Reta";"Urbano";2;0;2;0;0;0;2;1
83527476;"25/12/16";"Domingo";"18:00:00";"SP";116;"556,3";"BARRA DO TURVO";"Velocidade incompatível";"Capotamento";"Com Vítimas Feridas";"Pleno dia";"Crescente";"Ceu Claro";"Simples";"Reta";"Rural";1;0;1;0;0;0;1;1
83527477;"20/12/16";"Terça";"07:00:00";"BA";101;"161";"CONCEICAO DO JACUIPE";"Falta de atenção";"Colisão Transversal";"Com Vítimas Feridas";"Amanhecer";"Crescente";"Ceu Claro";"Simples";"Reta";"Rural";2;0;0;1;1;0;1;2
83527478;"25/12/16";"Domingo";"14:00:00";"PI";316;"46";"LAGOA DO PIAUI";"Ingestão de álcool";"Saída de Pista";"Sem Vítimas";"Pleno dia";"Decrescente";"Sol";"Simples";"Reta";"Rural";1;0;0;0;1;0;0;1
83527479;"25/12/16";"Domingo";"18:50:00";"SC";101;"222";"PALHOCA";"Outras";"Colisão lateral";"Com Vítimas Feridas";"Pleno dia";"Decrescente";"Sol";"Dupla";"Reta";"Urbano";4;0;2;0;1;1;2;3
83527480;"25/12/16";"Domingo";"18:45:00";"RJ";116;"188,3";"NOVA IGUACU";"Não guardar distância de segurança";"Colisão traseira";"Com Vítimas Feridas";"Pleno dia";"Decrescente";"Sol";"Dupla";"Reta";"Urbano";2;0;1;0;1;0;1;2
83527481;"21/12/16";"Quarta";"16:05:00";"MG";50;"138";"UBERABA";"Falta de atenção";"Colisão traseira";"Com Vítimas Feridas";"Pleno dia";"Crescente";"Ceu Claro";"Dupla";"Reta";"Rural";2;0;0;1;1;0;1;2
83527482;"25/12/16";"Domingo";"15:15:00";"GO";153;"527,9";"HIDROLANDIA";"Defeito mecânico em veículo";"Queda de motocicleta / bicicleta / veículo";"Com Vítimas Feridas";"Pleno dia";"Crescente";"Sol";"Dupla";"Reta";"Rural";2;0;0;2;0;0;2;1
83527483;"25/12/16";"Domingo";"14:30:00";"MG";40;"728,2";"OLIVEIRA FORTES";"Velocidade incompatível";"Saída de Pista";"Sem Vítimas";"Pleno dia";"Crescente";"Chuva";"Dupla";"Curva";"Rural";1;0;0;0;1;0;0;1
83527484;"25/12/16";"Domingo";"17:00:00";"MG";381;"876,6";"ESTIVA";"Velocidade incompatível";"Saída de Pista";"Sem Vítimas";"Pleno dia";"Decrescente";"Chuva";"Dupla";"Curva";"Rural";1;0;0;0;1;0;0;1
83527486;"21/12/16";"Quarta";"23:00:00";"SP";116;"351";"MIRACATU";"Falta de atenção";"Colisão traseira";"Sem Vítimas";"Plena noite";"Decrescente";"Nublado";"Simples";"Reta";"Rural";2;0;0;0;2;0;0;2
83527487;"24/12/16";"Sábado";"07:50:00";"DF";20;"26";"BRASILIA";"Outras";"Capotamento";"Com Vítimas Feridas";"Pleno dia";"Crescente";"Ceu Claro";"Dupla";"Reta";"Rural";1;0;1;0;0;0;1;1
83527488;"25/12/16";"Domingo";"17:30:00";"RS";386;"330,9";"MARQUES DE SOUZA";"Não guardar distância de segurança";"Colisão traseira";"Sem Vítimas";"Pleno dia";"Crescente";"Ceu Claro";"Simples";"Reta";"Rural";4;0;0;0;3;1;0;4
83527489;"25/12/16";"Domingo";"18:40:00";"RS";386;"386,8";"TRIUNFO";"Falta de atenção";"Colisão traseira";"Sem Vítimas";"Pleno dia";"Crescente";"Sol";"Dupla";"Curva";"Urbano";2;0;0;0;2;0;0;2
83527490;"22/12/16";"Quinta";"17:00:00";"SP";116;"193";"SANTA ISABEL";"Defeito mecânico em veículo";"Colisão com objeto móvel";"Sem Vítimas";"Pleno dia";"Crescente";"Ceu Claro";"Dupla";"Reta";"Rural";2;0;0;0;2;0;0;2
83527491;"25/12/16";"Domingo";"14:40:00";"ES";101;"270,9";"SERRA";"Outras";"Tombamento";"Com Vítimas Feridas";"Pleno dia";"Decrescente";"Sol";"Dupla";"Curva";"Urbano";2;0;2;0;0;0;2;1
83527492;"25/12/16";"Domingo";"11:35:00";"PA";316;"153,5";"CAPANEMA";"Falta de atenção";"Saída de Pista";"Com Vítimas Feridas";"Pleno dia";"Crescente";"Ceu Claro";"Simples";"Reta";"Rural";2;0;1;1;0;0;2;1
83527493;"25/12/16";"Domingo";"16:00:00";"RJ";116;"181";"NOVA IGUACU";"Defeito mecânico em veículo";"Queda de motocicleta / bicicleta / veículo";"Com Vítimas Feridas";"Pleno dia";"Decrescente";"Ceu Claro";"Dupla";"Reta";"Urbano";1;0;1;0;0;0;1;1
83527494;"25/12/16";"Domingo";"18:15:00";"PR";277;"134,9";"BALSA NOVA";"Falta de atenção";"Colisão com objeto fixo";"Sem Vítimas";"Pleno dia";"Decrescente";"Chuva";"Dupla";"Reta";"Rural";1;0;0;0;1;0;0;1
83527495;"25/12/16";"Domingo";"17:40:00";"MA";10;"321";"ACAILANDIA";"Falta de atenção";"Colisão traseira";"Sem Vítimas";"Pleno dia";"Decrescente";"Ceu Claro";"Simples";"Reta";"Urbano";2;0;0;0;2;0;0;2
83527496;"25/12/16";"Domingo";"18:50:00";"PR";476;"158,8";"ARAUCARIA";"Falta de atenção";"Colisão traseira";"Com Vítimas Feridas";"Pleno dia";"Decrescente";"Ceu Claro";"Simples";"Reta";"Rural";7;0;3;0;4;0;3;4
83527497;"25/12/16";"Domingo";"07:35:00";"SE";235;"74,1";"FREI PAULO";"Ingestão de álcool";"Capotamento";"Com Vítimas Fatais";"Pleno dia";"Crescente";"Ceu Claro";"Simples";"Reta";"Urbano";3;2;0;1;0;0;1;1
83527498;"24/12/16";"Sábado";"07:55:00";"RS";386;"341";"LAJEADO";"Falta de atenção";"Colisão lateral";"Com Vítimas Feridas";"Pleno dia";"Crescente";"Sol";"Simples";"Reta";"Urbano";2;0;1;0;1;0;1;2
83527499;"22/12/16";"Quinta";"11:30:00";"MG";365;"353";"VARJAO DE MINAS";"Ultrapassagem indevida";"Colisão lateral";"Com Vítimas Feridas";"Pleno dia";"Decrescente";"Ceu Claro";"Dupla";"Reta";"Rural";5;0;2;1;2;0;3;3
83527500;"25/12/16";"Domingo";"15:50:00";"MG";381;"913";"CAMANDUCAIA";"Velocidade incompatível";"Capotamento";"Sem Vítimas";"Pleno dia";"Decrescente";"Nublado";"Dupla";"Curva";"Rural";1;0;0;0;1;0;0;1
83527501;"25/12/16";"Domingo";"10:30:00";"BA";367;"73";"PORTO SEGURO";"Ingestão de álcool";"Colisão lateral";"Sem Vítimas";"Pleno dia";"Decrescente";"Sol";"Simples";"Reta";"Rural";6;0;0;0;6;0;0;2
83527502;"25/12/16";"Domingo";"19:00:00";"RJ";116;"176,2";"NOVA IGUACU";"Outras";"Colisão com objeto fixo";"Com Vítimas Feridas";"Anoitecer";"Decrescente";"Nublado";"Dupla";"Reta";"Urbano";1;0;1;0;0;0;1;1