"id";"data_inversa";"dia_semana";"horario";"uf";"br";"km";"municipio";"causa_acidente";"tipo_acidente";"classificacao_acidente";"fase_dia";"sentido_via";"condicao_metereologica";"tipo_pista";"tracado_via";"uso_solo";"pessoas";"mortos";"feridos_leves";"feridos_graves";"ilesos";"ignorados";"feridos";"veiculos"
83527503;"25/12/16";"Domingo";"15:45:00";"ES";101;"129";"LINHARES";"Outras";"Colisão Transversal";"Com Vítimas Feridas";"Pleno dia";"Crescente";"Ceu Claro";"Simples";"Cruzamento";"Urbano";2;0;1;0;1;0;1;2
83527504;"25/12/16";"Domingo";"11:15:00";"PR";277;"15";"PARANAGUA";"Falta de atenção";"Capotamento";"Sem Vítimas";"Pleno dia";"Crescente";"Nublado";"Dupla";"Reta";"Urbano";1;0;0;0;1;0;0;1
83527505;"25/12/16";"Domingo";"18:55:00";"MG";381;"912,8";"CAMANDUCAIA";"Velocidade incompatível";"Capotamento";"Com Vítimas Feridas";"Pleno dia";"Decrescente";"Chuva";"Dupla";"Curva";"Rural";1;0;1;0;0;0;1;1
83527506;"25/12/16";"Domingo";"17:45:00";"MS";163;"364";"NOVA ALVORADA DO SUL";"Falta de atenção";"Saída de Pista";"Sem Vítimas";"Pleno dia";"Crescente";"Nublado";"Dupla";"Curva";"Urbano";3;0;0;0;3;0;0;1
83527507;"25/12/16";"Domingo";"18:30:00";"PE";232;"98";"BEZERROS";"Defeito mecânico em veículo";"Incêndio";"Sem Vítimas";"Plena noite";"Crescente";"Ceu Claro";"Dupla";"Reta";"Rural";1;0;0;0;1;0;0;1
83527508;"25/12/16";"Domingo";"17:10:00";"DF";20;"19";"BRASILIA";"Falta de atenção";"Colisão traseira";"Com Vítimas Feridas";"Pleno dia";"Decrescente";"Sol";"Dupla";"Reta";"Urbano";2;0;1;0;1;0;1;2
83527509;"25/12/16";"Domingo";"18:20:00";"PR";376;"617";"SAO JOSE DOS PINHAIS";"Falta de atenção";"Atropelamento de pessoa";"Com Vítimas Fatais";"Pleno dia";"Decrescente";"Ceu Claro";"Dupla";"Curva";"Urbano";3;1;0;0;2;0;0;1
83527510;"24/12/16";"Sábado";"09:30:00";"PR";373;"183,3";"PONTA GROSSA";"Falta de atenção";"Colisão Transversal";"Sem Vítimas";"Pleno dia";"Decrescente";"Ceu Claro";"Dupla";"Reta";"Urbano";2;0;0;0;2;0;0;2
83527511;"25/12/16";"Domingo";"16:50:00";"PE";232;"178,8";"BELO JARDIM";"Outras";"Colisão traseira";"Com Vítimas Feridas";"Pleno dia";"Decrescente";"Chuva";"Simples";"Reta";"Urbano";3;0;1;0;2;0;1;3
83527512;"25/12/16";"Domingo";"14:15:00";"CE";116;"64";"CHOROZINHO";"Desobediência à sinalização";"Colisão Transversal";"Sem Vítimas";"Pleno dia";"Crescente";"Ceu Claro";"Simples";"Reta";"Urbano";2;0;0;0;2;0;0;2
83527513;"25/12/16";"Domingo";"16:10:00";"PR";487;"177,3";"CAMPO MOURAO";"Outras";"Capotamento";"Com Vítimas Feridas";"Pleno dia";"Crescente";"Chuva";"Simples";"Reta";"Rural";5;0;3;2;0;0;5;1
83527514;"25/12/16";"Domingo";"19:30:00";"MS";163;"543";"BANDEIRANTES";"Falta de atenção";"Saída de Pista";"Com Vítimas Feridas";"Plena noite";"Decrescente";"Ceu Claro";"Simples";"Reta";"Rural";1;0;1;0;0;0;1;1
83527515;"25/12/16";"Domingo";"19:40:00";"MG";381;"742";"EXTREMA";"Velocidade incompatível";"Colisão Transversal";"Sem Vítimas";"Anoitecer";"Decrescente";"Chuva";"Dupla";"Curva";"Rural";2;0;0;0;2;0;0;2
83527516;"25/12/16";"Domingo";"18:40:00";"PE";428;"183,8";"PETROLINA";"Outras";"Colisão frontal";"Com Vítimas Feridas";"Plena noite";"Crescente";"Ignorada";"Simples";"Cruzamento";"Rural";3;0;0;2;0;1;2;2
83527517;"25/12/16";"Domingo";"19:00:00";"RS";293;"278,1";"DOM PEDRITO";"Falta de atenção";"Saída de Pista";"Com Vítimas Feridas";"Plena noite";"Decrescente";"Nublado";"Simples";"Reta";"Rural";1;0;1;0;0;0;1;1
83527518;"25/12/16";"Domingo";"16:00:00";"PI";316;"9";"TERESINA";"Não guardar distância de segurança";"Colisão traseira";"Sem Vítimas";"Pleno dia";"Decrescente";"Ceu Claro";"Simples";"Reta";"Urbano";7;0;0;0;7;0;0;3
83527519;"23/12/16";"Sexta";"04:10:00";"SP";116;"110,3";"TAUBATE";"Outras";"Colisão com objeto fixo";"Sem Vítimas";"Plena noite";"Crescente";"Nublado";"Dupla";"Reta";"Urbano";2;0;0;0;1;1;0;2
83527520;"20/12/16";"Terça";"06:20:00";"SE";235;"6";"NOSSA SENHORA DO SOCORRO";"Falta de atenção";"Atropelamento de pessoa";"Com Vítimas Feridas";"Amanhecer";"Decrescente";"Ceu Claro";"Simples";"Reta";"Urbano";2;0;0;1;0;1;1;1
83527521;"18/12/16";"Domingo";"02:10:00";"RJ";101;"60";"CAMPOS DOS GOYTACAZES";"Falta de atenção";"Colisão frontal";"Com Vítimas Feridas";"Plena noite";"Decrescente";"Ceu Claro";"Simples";"Reta";"Rural";3;0;0;1;1;1;1;2
83527522;"25/12/16";"Domingo";"18:56:00";"MG";381;"907,3";"CAMBUI";"Velocidade incompatível";"Capotamento";"Com Vítimas Feridas";"Pleno dia";"Crescente";"Nublado";"Múltipla";"Curva";"Rural";2;0;2;0;0;0;2;1
83527523;"25/12/16";"Domingo";"11:08:00";"SC";280;"118";"SAO BENTO DO SUL";"Ingestão de álcool";"Colisão traseira";"Sem Vítimas";"Pleno dia";"Decrescente";"Ceu Claro";"Simples";"Curva";"Rural";2;0;0;0;2;0;0;2
83527524;"25/12/16";"Domingo";"18:00:00";"MG";262;"178";"SAO DOMINGOS DO PRATA";"Velocidade incompatível";"Capotamento";"Com Vítimas Feridas";"Anoitecer";"Crescente";"Chuva";"Simples";"Curva";"Rural";1;0;1;0;0;0;1;1
83527525;"25/12/16";"Domingo";"17:10:00";"SC";470;"167,6";"POUSO REDONDO";"Falta de atenção";"Colisão traseira";"Com Vítimas Feridas";"Pleno dia";"Decrescente";"Sol";"Simples";"Reta";"Rural";2;0;1;0;1;0;1;2
83527526;"23/12/16";"Sexta";"21:30:00";"MG";365;"160";"PIRAPORA";"Velocidade incompatível";"Tombamento";"Com Vítimas Feridas";"Plena noite";"Decrescente";"Ignorada";"Simples";"Cruzamento";"Rural";1;0;1;0;0;0;1;1
83527527;"25/12/16";"Domingo";"20:00:00";"AL";101;"139,5";"SAO MIGUEL DOS CAMPOS";"Falta de atenção";"Colisão Transversal";"Sem Vítimas";"Plena noite";"Crescente";"Ceu Claro";"Simples";"Reta";"Rural";2;0;0;0;2;0;0;2
83527528;"25/12/16";"Domingo";"14:15:00";"MG";381;"642,1";"SANTO ANTONIO DO AMPARO";"Falta de atenção";"Capotamento";"Com Vítimas Feridas";"Pleno dia";"Crescente";"Sol";"Dupla";"Reta";"Rural";2;0;1;0;1;0;1;1
83527529;"22/12/16";"Quinta";"20:00:00";"MG";251;"210";"CACHOEIRA DE PAJEU";"Outras";"Saída de Pista";"Sem Vítimas";"Plena noite";"Crescente";"Chuva";"Simples";"Reta";"Rural";1;0;0;0;1;0;0;1
83527530;"23/12/16";"Sexta";"08:15:00";"SP";116;"151,8";"SAO JOSE DOS CAMPOS";"Falta de atenção";"Tombamento";"Com Vítimas Feridas";"Pleno dia";"Decrescente";"Sol";"Dupla";"Reta";"Urbano";1;0;1;0;0;0;1;1
83527531;"25/12/16";"Domingo";"19:30:00";"BA";116;"11";"VITORIA DA CONQUISTA";"Outras";"Queda de motocicleta / bicicleta / veículo";"Com Vítimas Feridas";"Plena noite";"Decrescente";"Ceu Claro";"Simples";"Reta";"Urbano";2;0;1;0;0;1;1;2
83527532;"25/12/16";"Domingo";"20:30:00";"PR";376;"186";"SARANDI";"Outras";"Queda de motocicleta / bicicleta / veículo";"Com Vítimas Feridas";"Plena noite";"Crescente";"Ceu Claro";"Dupla";"Reta";"Urbano";2;0;1;0;0;1;1;2
83527533;"25/12/16";"Domingo";"19:10:00";"RS";392;"233,5";"CACAPAVA DO SUL";"Desobediência à sinalização";"Colisão Transversal";"Sem Vítimas";"Plena noite";"Crescente";"Nublado";"Simples";"Reta";"Urbano";2;0;0;0;1;1;0;2
83527534;"25/12/16";"Domingo";"14:10:00";"RS";386;"350,8";"ESTRELA";"Velocidade incompatível";"Capotamento";"Sem Vítimas";"Pleno dia";"Crescente";"Chuva";"Dupla";"Reta";"Urbano";1;0;0;0;1;0;0;1
83527535;"25/12/16";"Domingo";"20:00:00";"RJ";101;"395";"RIO DE JANEIRO";"Falta de atenção";"Capotamento";"Sem Vítimas";"Plena noite";"Decrescente";"Ceu Claro";"Dupla";"Curva";"Urbano";4;0;0;0;4;0;0;1
83527536;"25/12/16";"Domingo";"20:35:00";"SC";470;"75";"INDAIAL";"Ultrapassagem indevida";"Colisão frontal";"Com Vítimas Feridas";"Plena noite";"Decrescente";"Ceu Claro";"Simples";"Reta";"Urbano";5;0;3;1;1;0;4;2
83527537;"25/12/16";"Domingo";"17:30:00";"CE";222;"5,6";"CAUCAIA";"Ingestão de álcool";"Colisão frontal";"Com Vítimas Feridas";"Pleno dia";"Decrescente";"Sol";"Múltipla";"Reta";"Urbano";2;0;0;1;1;0;1;2
83527538;"25/12/16";"Domingo";"18:45:00";"RS";290;"359";"SAO SEPE";"Falta de atenção";"Colisão lateral";"Sem Vítimas";"Pleno dia";"Decrescente";"Nublado";"Simples";"Reta";"Rural";2;0;0;0;1;1;0;2
83527539;"21/12/16";"Quarta";"11:20:00";"GO";60;"105";"GOIANAPOLIS";"Ultrapassagem indevida";"Capotamento";"Sem Vítimas";"Pleno dia";"Crescente";"Ceu Claro";"Dupla";"Reta";"Rural";1;0;0;0;1;0;0;1
83527540;"25/12/16";"Domingo";"19:20:00";"SC";116;"17,9";"MAFRA";"Falta de atenção";"Colisão lateral";"Sem Vítimas";"Pleno dia";"Crescente";"Ceu Claro";"Simples";"Reta";"Urbano";4;0;0;0;4;0;0;2
83527541;"21/12/16";"Quarta";"23:30:00";"PR";376;"475";"PONTA GROSSA";"Falta de atenção";"Tombamento";"Com Vítimas Feridas";"Plena noite";"Crescente";"Ignorada";"Dupla";"Reta";"Rural";1;0;1;0;0;0;1;1
83527542;"25/12/16";"Domingo";"17:00:00";"PR";476;"354,5";"UNIAO DA VITORIA";"Velocidade incompatível";"Incêndio";"Sem Vítimas";"Pleno dia";"Decrescente";"Nublado";"Simples";"Reta";"Rural";1;0;0;0;1;0;0;1
83527543;"25/12/16";"Domingo";"15:40:00";"MG";40;"638,5";"CONSELHEIRO LAFAIETE";"Outras";"Colisão traseira";"Sem Vítimas";"Pleno dia";"Decrescente";"Chuva";"Simples";"Curva";"Rural";4;0;0;0;4;0;0;2
83527544;"25/12/16";"Domingo";"07:55:00";"SC";280;"186";"MAFRA";"Não guardar distância de segurança";"Colisão traseira";"Com Vítimas Feridas";"Pleno dia";"Crescente";"Ceu Claro";"Simples";"Reta";"Rural";2;0;0;1;1;0;1;2
83527545;"25/12/16";"Domingo";"17:45:00";"SC";153;"45,7";"VARGEM BONITA";"Velocidade incompatível";"Saída de Pista";"Sem Vítimas";"Pleno dia";"Decrescente";"Chuva";"Simples";"Curva";"Rural";3;0;0;0;3;0;0;1
83527546;"25/12/16";"Domingo";"17:30:00";"MG";381;"338";"NOVA ERA";"Velocidade incompatível";"Capotamento";"Sem Vítimas";"Pleno dia";"Crescente";"Chuva";"Simples";"Curva";"Rural";1;0;0;0;1;0;0;1
83527547;"25/12/16";"Domingo";"17:40:00";"SP";116;"222";"GUARULHOS";"Velocidade incompatível";"Colisão com objeto fixo";"Com Vítimas Feridas";"Pleno dia";"Crescente";"Ceu Claro";"Múltipla";"Reta";"Urbano";3;0;1;0;2;0;1;1
83527548;"25/12/16";"Domingo";"17:45:00";"SC";470;"60,2";"BLUMENAU";"Desobediência à sinalização";"Colisão Transversal";"Com Vítimas Feridas";"Pleno dia";"Decrescente";"Ceu Claro";"Simples";"Cruzamento";"Urbano";2;0;1;0;1;0;1;2
83527549;"25/12/16";"Domingo";"18:00:00";"MG";381;"346";"BELA VISTA DE MINAS";"Velocidade incompatível";"Saída de Pista";"Com Vítimas Feridas";"Anoitecer";"Decrescente";"Chuva";"Simples";"Curva";"Rural";5;0;5;0;0;0;5;1
83527550;"25/12/16";"Domingo";"19:30:00";"CE";222;"1,2";"SOBRAL";"Falta de atenção";"Colisão Transversal";"Com Vítimas Feridas";"Plena noite";"Crescente";"Ceu Claro";"Dupla";"Reta";"Urbano";2;0;0;1;0;1;1;2
83527551;"23/12/16";"Sexta";"13:10:00";"MA";316;"597";"TIMON";"Outras";"Colisão lateral";"Sem Vítimas";"Pleno dia";"Decrescente";"Ceu Claro";"Simples";"Reta";"Rural";2;0;0;0;2;0;0;2
83527552;"25/12/16";"Domingo";"19:00:00";"SC";101;"199,1";"SAO JOSE";"Ingestão de álcool";"Colisão lateral";"Sem Vítimas";"Pleno dia";"Crescente";"Sol";"Múltipla";"Reta";"Urbano";3;0;0;0;3;0;0;3
83527553;"25/12/16";"Domingo";"16:40:00";"PB";230;"46,1";"SANTA RITA";"Defeito mecânico em veículo";"Saída de Pista";"Com Vítimas Feridas";"Pleno dia";"Decrescente";"Nublado";"Dupla";"Reta";"Rural";3;0;2;0;1;0;2;1
83527554;"25/12/16";"Domingo";"18:45:00";"SC";116;"184";"SAO CRISTOVAO DO SUL";"Ingestão de álcool";"Saída de Pista";"Sem Vítimas";"Pleno dia";"Crescente";"Nublado";"Simples";"Cruzamento";"Rural";1;0;0;0;1;0;0;1
83527555;"25/12/16";"Domingo";"16:10:00";"AM";319;"729";"HUMAITA";"Dormindo";"Saída de Pista";"Com Vítimas Feridas";"Plena noite";"Crescente";"Ceu Claro";"Simples";"Reta";"Rural";5;0;1;1;3;0;2;1
83527556;"25/12/16";"Domingo";"14:00:00";"MT";158;"771";"BARRA DO GARCAS";"Dormindo";"Capotamento";"Com Vítimas Fatais";"Pleno dia";"Crescente";"Nublado";"Simples";"Reta";"Rural";2;1;1;0;0;0;1;1
83527557;"25/12/16";"Domingo";"19:00:00";"MG";40;"460,2";"SETE LAGOAS";"Velocidade incompatível";"Saída de Pista";"Sem Vítimas";"Anoitecer";"Crescente";"Chuva";"Dupla";"Curva";"Rural";1;0;0;0;1;0;0;1
83527558;"25/12/16";"Domingo";"15:30:00";"GO";70;"0";"AGUAS LINDAS DE GOIAS";"Ingestão de álcool";"Colisão traseira";"Sem Vítimas";"Pleno dia";"Decrescente";"Ceu Claro";"Dupla";"Curva";"Urbano";2;0;0;0;2;0;0;2
83527559;"25/12/16";"Domingo";"17:30:00";"MG";40;"505,5";"RIBEIRAO DAS NEVES";"Velocidade incompatível";"Colisão traseira";"Com Vítimas Feridas";"Pleno dia";"Crescente";"Chuva";"Dupla";"Reta";"Urbano";5;0;2;0;3;0;2;3
83527560;"25/12/16";"Domingo";"17:00:00";"MT";364;"461,3";"VARZEA GRANDE";"Outras";"Saída de Pista";"Sem Vítimas";"Pleno dia";"Decrescente";"Chuva";"Simples";"Reta";"Rural";1;0;0;0;1;0;0;1
83527561;"25/12/16";"Domingo";"15:40:00";"CE";116;"17,4";"EUSEBIO";"Outras";"Colisão lateral";"Com Vítimas Feridas";"Pleno dia";"Crescente";"Sol";"Dupla";"Reta";"Urbano";2;0;0;1;0;1;1;2
83527562;"25/12/16";"Domingo";"18:50:00";"MG";262;"802";"UBERABA";"Falta de atenção";"Colisão traseira";"Sem Vítimas";"Pleno dia";"Decrescente";"Chuva";"Dupla";"Reta";"Urbano";3;0;0;0;1;2;0;3
83527563;"25/12/16";"Domingo";"19:25:00";"SE";101;"149,3";"ESTANCIA";"Outras";"Colisão frontal";"Com Vítimas Feridas";"Plena noite";"Crescente";"Nublado";"Simples";"Reta";"Urbano";2;0;1;0;0;1;1;2
83527564;"25/12/16";"Domingo";"19:39:00";"PR";369;"17,7";"CAMBARA";"Falta de atenção";"Colisão Transversal";"Com Vítimas Feridas";"Anoitecer";"Decrescente";"Ceu Claro";"Simples";"Reta";"Urbano";3;0;1;0;2;0;1;2
83527565;"25/12/16";"Domingo";"16:05:00";"MT";364;"484";"JANGADA";"Outras";"Saída de Pista";"Sem Vítimas";"Pleno dia";"Decrescente";"Chuva";"Simples";"Reta";"Rural";2;0;0;0;2;0;0;1
83527566;"25/12/16";"Domingo";"18:00:00";"PR";153;"85,1";"CONSELHEIRO MAIRINCK";"Falta de atenção";"Saída de Pista";"Com Vítimas Feridas";"Pleno dia";"Decrescente";"Ceu Claro";"Simples";"Reta";"Rural";5;0;4;0;1;0;4;1
83527567;"25/12/16";"Domingo";"17:30:00";"RR";401;"3";"CANTA";"Falta de atenção";"Colisão lateral";"Com Vítimas Feridas";"Pleno dia";"Crescente";"Ceu Claro";"Simples";"Reta";"Rural";2;0;1;0;1;0;1;2
83527568;"25/12/16";"Domingo";"08:15:00";"SC";282;"403,2";"CATANDUVAS";"Velocidade incompatível";"Saída de Pista";"Com Vítimas Feridas";"Amanhecer";"Decrescente";"Ceu Claro";"Simples";"Curva";"Rural";1;0;1;0;0;0;1;1
83527569;"21/12/16";"Quarta";"18:00:00";"PE";101;"41";"IGARASSU";"Falta de atenção";"Colisão traseira";"Com Vítimas Feridas";"Plena noite";"Crescente";"Ceu Claro";"Dupla";"Reta";"Rural";2;0;0;1;1;0;1;2
83527570;"21/12/16";"Quarta";"06:40:00";"GO";50;"301,9";"CUMARI";"Dormindo";"Colisão lateral";"Com Vítimas Feridas";"Amanhecer";"Crescente";"Ceu Claro";"Simples";"Curva";"Rural";11;0;2;1;8;0;3;3
83527571;"25/12/16";"Domingo";"21:40:00";"ES";101;"289,2";"CARIACICA";"Não guardar distância de segurança";"Colisão lateral";"Com Vítimas Feridas";"Plena noite";"Crescente";"Nublado";"Dupla";"Reta";"Urbano";4;0;1;0;2;1;1;4
83527572;"25/12/16";"Domingo";"13:30:00";"AC";364;"42";"RIO BRANCO";"Falta de atenção";"Colisão traseira";"Com Vítimas Fatais";"Pleno dia";"Crescente";"Ceu Claro";"Dupla";"Reta";"Rural";2;1;0;0;0;1;0;2
83527573;"23/12/16";"Sexta";"09:00:00";"MG";365;"477";"PATROCINIO";"Não guardar distância de segurança";"Colisão traseira";"Sem Vítimas";"Pleno dia";"Decrescente";"Ceu Claro";"Simples";"Reta";"Rural";6;0;0;0;1;5;0;6
83527574;"25/12/16";"Domingo";"17:45:00";"SC";282;"240,1";"SAO JOSE DO CERRITO";"Ingestão de álcool";"Colisão frontal";"Com Vítimas Feridas";"Pleno dia";"Crescente";"Nublado";"Simples";"Curva";"Rural";4;0;0;2;2;0;2;3
83527575;"25/12/16";"Domingo";"20:40:00";"PR";277;"562";"CASCAVEL";"Falta de atenção";"Colisão traseira";"Com Vítimas Feridas";"Plena noite";"Crescente";"Ceu Claro";"Simples";"Reta";"Rural";2;0;1;0;0;1;1;2
83527576;"25/12/16";"Domingo";"09:45:00";"SC";470;"59,9";"INDAIAL";"Não guardar distância de segurança";"Colisão traseira";"Com Vítimas Feridas";"Pleno dia";"Decrescente";"Sol";"Simples";"Cruzamento";"Urbano";6;0;2;0;2;2;2;5
83527577;"25/12/16";"Domingo";"22:40:00";"PR";277;"476";"NOVA LARANJEIRAS";"Outras";"Atropelamento de pessoa";"Com Vítimas Feridas";"Plena noite";"Decrescente";"Ceu Claro";"Simples";"Reta";"Rural";2;0;2;0;0;0;2;1
83527578;"25/12/16";"Domingo";"22:30:00";"SP";116;"440,5";"REGISTRO";"Outras";"Colisão com objeto fixo";"Sem Vítimas";"Plena noite";"Decrescente";"Nublado";"Simples";"Reta";"Rural";2;0;0;0;2;0;0;2
83527580;"25/12/16";"Domingo";"23:00:00";"SC";163;"73,4";"SAO MIGUEL DOESTE";"Ingestão de álcool";"Colisão frontal";"Com Vítimas Feridas";"Plena noite";"Decrescente";"Ceu Claro";"Simples";"Curva";"Rural";3;0;1;0;2;0;1;2
83527581;"17/12/16";"Sábado";"16:30:00";"PR";376;"635";"SAO JOSE DOS PINHAIS";"Não guardar distância de segurança";"Colisão com objeto fixo";"Sem Vítimas";"Pleno dia";"Crescente";"Sol";"Dupla";"Reta";"Rural";2;0;0;0;2;0;0;2
83527582;"23/12/16";"Sexta";"12:00:00";"MS";262;"736,6";"CORUMBA";"Falta de atenção";"Colisão traseira";"Com Vítimas Feridas";"Pleno dia";"Decrescente";"Chuva";"Simples";"Curva";"Rural";3;0;1;0;2;0;1;2
83527583;"25/12/16";"Domingo";"18:30:00";"PR";277;"134,9";"BALSA NOVA";"Não guardar distância de segurança";"Colisão traseira";"Com Vítimas Feridas";"Pleno dia";"Decrescente";"Ceu Claro";"Dupla";"Reta";"Rural";7;0;2;0;5;0;2;4
83527584;"17/12/16";"Sábado";"21:00:00";"MG";262;"409";"IGARATINGA";"Desobediência à sinalização";"Colisão Transversal";"Com Vítimas Feridas";"Plena noite";"Decrescente";"Ceu Claro";"Dupla";"Curva";"Rural";2;0;0;1;1;0;1;2
83527585;"25/12/16";"Domingo";"20:00:00";"GO";153;"284";"NOVA GLORIA";"Ultrapassagem indevida";"Colisão frontal";"Com Vítimas Feridas";"Plena noite";"Crescente";"Ceu Claro";"Simples";"Reta";"Rural";4;0;1;0;3;0;1;2
83527586;"25/12/16";"Domingo";"18:05:00";"MG";40;"520";"CONTAGEM";"Não guardar distância de segurança";"Colisão traseira";"Com Vítimas Feridas";"Pleno dia";"Crescente";"Chuva";"Dupla";"Reta";"Urbano";3;0;2;0;1;0;2;3
83527587;"25/12/16";"Domingo";"05:50:00";"MG";116;"609,5";"SAO JOAO DO MANHUACU";"Ingestão de álcool";"Colisão frontal";"Com Vítimas Feridas";"Amanhecer";"Crescente";"Ceu Claro";"Simples";"Reta";"Rural";3;0;1;2;0;0;3;2
83527588;"23/12/16";"Sexta";"01:40:00";"SC";101;"234,8";"PALHOCA";"Falta de atenção";"Saída de Pista";"Sem Vítimas";"Plena noite";"Decrescente";"Nublado";"Dupla";"Reta";"Urbano";1;0;0;0;1;0;0;1
83527589;"25/12/16";"Domingo";"11:40:00";"SC";101;"222,9";"PALHOCA";"Outras";"Queda de motocicleta / bicicleta / veículo";"Com Vítimas Feridas";"Pleno dia";"Crescente";"Nublado";"Dupla";"Reta";"Urbano";2;0;2;0;0;0;2;1
83527591;"25/12/16";"Domingo";"22:40:00";"MG";381;"533,6";"ITATIAIUCU";"Velocidade incompatível";"Capotamento";"Com Vítimas Feridas";"Plena noite";"Decrescente";"Chuva";"Dupla";"Curva";"Rural";1;0;1;0;0;0;1;1
83527592;"25/12/16";"Domingo";"19:40:00";"SP";158;"5";"PAULICEIA";"Outras";"Colisão lateral";"Com Vítimas Feridas";"Anoitecer";"Decrescente";"Ceu Claro";"Simples";"Reta";"Rural";2;0;1;0;1;0;1;2
83527593;"25/12/16";"Domingo";"16:30:00";"GO";70;"34";"COCALZINHO DE GOIAS";"Falta de atenção";"Colisão lateral";"Com Vítimas Feridas";"Pleno dia";"Decrescente";"Ceu Claro";"Simples";"Reta";"Rural";2;0;0;1;1;0;1;2
83527594;"25/12/16";"Domingo";"14:30:00";"MT";364;"448";"VARZEA GRANDE";"Defeito na via";"Saída de Pista";"Sem Vítimas";"Pleno dia";"Decrescente";"Chuva";"Simples";"Reta";"Rural";3;0;0;0;3;0;0;1
83527595;"25/12/16";"Domingo";"19:30:00";"MG";381;"331";"NOVA ERA";"Falta de atenção";"Capotamento";"Sem Vítimas";"Plena noite";"Decrescente";"Chuva";"Dupla";"Curva";"Rural";1;0;0;0;1;0;0;1
83527596;"25/12/16";"Domingo";"19:10:00";"ES";259;"69";"COLATINA";"Outras";"Capotamento";"Com Vítimas Feridas";"Plena noite";"Decrescente";"Ceu Claro";"Simples";"Curva";"Urbano";1;0;1;0;0;0;1;1
83527597;"25/12/16";"Domingo";"07:10:00";"RS";285;"137,5";"VACARIA";"Dormindo";"Saída de Pista";"Com Vítimas Feridas";"Pleno dia";"Crescente";"Sol";"Simples";"Curva";"Rural";3;0;2;0;1;0;2;1
83527598;"25/12/16";"Domingo";"19:00:00";"PI";222;"53,9";"BRASILEIRA";"Animais na Pista";"Atropelamento de animal";"Sem Vítimas";"Plena noite";"Decrescente";"Ceu Claro";"Simples";"Reta";"Rural";1;0;0;0;1;0;0;1
83527599;"25/12/16";"Domingo";"20:15:00";"MT";70;"541,6";"NOSSA SENHORA DO LIVRAMENTO";"Não guardar distância de segurança";"Colisão traseira";"Sem Vítimas";"Plena noite";"Decrescente";"Ceu Claro";"Simples";"Reta";"Rural";4;0;0;0;3;1;0;2
83527600;"25/12/16";"Domingo";"15:30:00";"PE";101;"153";"RIBEIRAO";"Outras";"Colisão traseira";"Com Vítimas Fatais";"Pleno dia";"Decrescente";"Ceu Claro";"Múltipla";"Reta";"Rural";7;1;0;4;2;0;4;6
83527601;"25/12/16";"Domingo";"18:00:00";"PB";230;"28,5";"JOAO PESSOA";"Falta de atenção";"Atropelamento de pessoa";"Com Vítimas Fatais";"Anoitecer";"Crescente";"Sol";"Dupla";"Reta";"Urbano";2;1;0;0;1;0;0;1
83527602;"25/12/16";"Domingo";"16:40:00";"MT";364;"462";"VARZEA GRANDE";"Outras";"Colisão frontal";"Com Vítimas Fatais";"Pleno dia";"Crescente";"Chuva";"Simples";"Curva";"Rural";8;1;0;5;2;0;5;2
83527603;"25/12/16";"Domingo";"19:00:00";"MG";381;"520";"IGARAPE";"Outras";"Saída de Pista";"Sem Vítimas";"Anoitecer";"Decrescente";"Chuva";"Dupla";"Reta";"Urbano";1;0;0;0;1;0;0;1
83527604;"25/12/16";"Domingo";"21:15:00";"GO";158;"272,6";"JATAI";"Desobediência à sinalização";"Colisão Transversal";"Com Vítimas Feridas";"Plena noite";"Decrescente";"Ceu Claro";"Simples";"Cruzamento";"Urbano";3;0;1;0;0;2;1;2
83527605;"25/12/16";"Domingo";"13:00:00";"PI";316;"0,1";"TERESINA";"Outras";"Colisão com objeto fixo";"Com Vítimas Feridas";"Pleno dia";"Crescente";"Ceu Claro";"Simples";"Reta";"Urbano";1;0;0;1;0;0;1;1
83527606;"25/12/16";"Domingo";"16:30:00";"SP";116;"292,3";"ITAPECERICA DA SERRA";"Defeito mecânico em veículo";"Capotamento";"Com Vítimas Feridas";"Pleno dia";"Decrescente";"Nublado";"Múltipla";"Reta";"Rural";2;0;0;1;1;0;1;1
83527607;"25/12/16";"Domingo";"22:00:00";"BA";116;"423";"FEIRA DE SANTANA";"Ingestão de álcool";"Colisão traseira";"Sem Vítimas";"Plena noite";"Crescente";"Ceu Claro";"Simples";"Reta";"Urbano";2;0;0;0;2;0;0;2
83527608;"22/12/16";"Quinta";"04:50:00";"BA";324;"619";"SALVADOR";"Outras";"Incêndio";"Ignorado";"Amanhecer";"Decrescente";"Ceu Claro";"Dupla";"Reta";"Urbano";1;0;0;0;0;1;0;1
83527609;"25/12/16";"Domingo";"22:40:00";"SC";280;"43,2";"ARAQUARI";"Ingestão de álcool";"Queda de motocicleta / bicicleta / veículo";"Com Vítimas Feridas";"Plena noite";"Decrescente";"Ignorada";"Simples";"Reta";"Urbano";2;0;2;0;0;0;2;1
83527610;"25/12/16";"Domingo";"16:15:00";"GO";60;"101";"ANAPOLIS";"Defeito mecânico em veículo";"Queda de motocicleta / bicicleta / veículo";"Com Vítimas Feridas";"Pleno dia";"Decrescente";"Nublado";"Dupla";"Reta";"Urbano";2;0;1;0;0;1;1;1