"id";"data_inversa";"dia_semana";"horario";"uf";"br";"km";"municipio";"causa_acidente";"tipo_acidente";"classificacao_acidente";"fase_dia";"sentido_via";"condicao_metereologica";"tipo_pista";"tracado_via";"uso_solo";"pessoas";"mortos";"feridos_leves";"feridos_graves";"ilesos";"ignorados";"feridos";"veiculos"
83527721;"26/12/16";"Segunda";"10:00:00";"SP";116;"230";"SAO PAULO";"Outras";"Queda de motocicleta / bicicleta / veículo";"Com Vítimas Feridas";"Pleno dia";"Decrescente";"Sol";"Simples";"Reta";"Urbano";1;0;1;0;0;0;1;1
83527722;"24/12/16";"Sábado";"21:00:00";"TO";226;"18";"PALMEIRAS DO TOCANTINS";"Outras";"Tombamento";"Com Vítimas Fatais";"Plena noite";"Decrescente";"Ceu Claro";"Simples";"Reta";"Rural";3;1;2;0;0;0;2;2
83527723;"22/12/16";"Quinta";"14:15:00";"PE";423;"25";"SAO CAITANO";"Velocidade incompatível";"Capotamento";"Sem Vítimas";"Pleno dia";"Decrescente";"Sol";"Simples";"Reta";"Rural";2;0;0;0;2;0;0;2
83527724;"22/12/16";"Quinta";"19:10:00";"CE";222;"4,7";"CAUCAIA";"Falta de atenção";"Colisão traseira";"Com Vítimas Feridas";"Plena noite";"Crescente";"Nublado";"Múltipla";"Reta";"Urbano";2;0;1;0;1;0;1;2
83527725;"24/12/16";"Sábado";"17:50:00";"PR";277;"1,9";"FOZ DO IGUACU";"Falta de atenção";"Colisão Transversal";"Com Vítimas Feridas";"Pleno dia";"Decrescente";"Sol";"Dupla";"Cruzamento";"Urbano";2;0;0;1;1;0;1;2
83527726;"25/12/16";"Domingo";"20:50:00";"PI";343;"344,5";"TERESINA";"Falta de atenção";"Atropelamento de pessoa";"Com Vítimas Fatais";"Plena noite";"Crescente";"Nublado";"Simples";"Reta";"Urbano";2;1;0;0;1;0;0;1
83527727;"26/12/16";"Segunda";"11:15:00";"SC";101;"143,6";"ITAPEMA";"Não guardar distância de segurança";"Colisão traseira";"Com Vítimas Feridas";"Pleno dia";"Decrescente";"Ceu Claro";"Dupla";"Reta";"Urbano";3;0;2;0;1;0;2;2
83527728;"26/12/16";"Segunda";"08:30:00";"ES";393;"0,9";"CACHOEIRO DE ITAPEMIRIM";"Defeito mecânico em veículo";"Queda de motocicleta / bicicleta / veículo";"Com Vítimas Feridas";"Pleno dia";"Crescente";"Sol";"Simples";"Reta";"Urbano";1;0;1;0;0;0;1;1
83527729;"23/12/16";"Sexta";"15:00:00";"MT";70;"587";"NOSSA SENHORA DO LIVRAMENTO";"Outras";"Saída de Pista";"Sem Vítimas";"Pleno dia";"Crescente";"Sol";"Simples";"Reta";"Rural";4;0;0;0;4;0;0;1
83527730;"26/12/16";"Segunda";"12:40:00";"RJ";116;"270";"BARRA MANSA";"Não guardar distância de segurança";"Colisão traseira";"Sem Vítimas";"Pleno dia";"Decrescente";"Ceu Claro";"Dupla";"Reta";"Urbano";2;0;0;0;2;0;0;2
83527731;"23/12/16";"Sexta";"03:40:00";"PA";10;"353";"SANTA MARIA DO PARA";"Ingestão de álcool";"Colisão traseira";"Com Vítimas Feridas";"Plena noite";"Crescente";"Nublado";"Simples";"Reta";"Urbano";3;0;0;1;2;0;1;2
83527732;"26/12/16";"Segunda";"08:50:00";"PR";476;"218";"LAPA";"Velocidade incompatível";"Tombamento";"Com Vítimas Feridas";"Pleno dia";"Decrescente";"Ceu Claro";"Simples";"Curva";"Rural";1;0;0;1;0;0;1;1
83527733;"26/12/16";"Segunda";"10:20:00";"PE";232;"508";"SALGUEIRO";"Falta de atenção";"Colisão traseira";"Com Vítimas Feridas";"Pleno dia";"Decrescente";"Ceu Claro";"Simples";"Reta";"Urbano";4;0;2;0;2;0;2;2
83527734;"26/12/16";"Segunda";"09:00:00";"BA";116;"654";"JEQUIE";"Ultrapassagem indevida";"Colisão lateral";"Com Vítimas Feridas";"Pleno dia";"Decrescente";"Sol";"Simples";"Curva";"Rural";3;0;2;0;1;0;2;2
83527735;"26/12/16";"Segunda";"07:40:00";"RJ";116;"47";"TERESOPOLIS";"Outras";"Saída de Pista";"Com Vítimas Feridas";"Pleno dia";"Crescente";"Ceu Claro";"Simples";"Reta";"Rural";2;0;1;0;1;0;1;1
83527736;"26/10/16";"Quarta";"12:50:00";"RS";158;"181,8";"PEJUCARA";"Dormindo";"Saída de Pista";"Sem Vítimas";"Pleno dia";"Decrescente";"Ceu Claro";"Simples";"Reta";"Rural";1;0;0;0;1;0;0;1
83527737;"26/12/16";"Segunda";"07:45:00";"RS";290;"229,2";"PANTANO GRANDE";"Falta de atenção";"Saída de Pista";"Sem Vítimas";"Pleno dia";"Crescente";"Ceu Claro";"Simples";"Reta";"Rural";3;0;0;0;3;0;0;1
83527738;"26/12/16";"Segunda";"10:30:00";"SC";101;"398,8";"MARACAJA";"Defeito mecânico em veículo";"Colisão com objeto móvel";"Sem Vítimas";"Pleno dia";"Decrescente";"Sol";"Dupla";"Reta";"Rural";2;0;0;0;2;0;0;2
83527739;"26/12/16";"Segunda";"13:00:00";"SC";101;"13,3";"GARUVA";"Desobediência à sinalização";"Colisão Transversal";"Sem Vítimas";"Pleno dia";"Crescente";"Ceu Claro";"Dupla";"Reta";"Rural";2;0;0;0;2;0;0;2
83527740;"26/12/16";"Segunda";"11:20:00";"PI";135;"366";"BOM JESUS";"Velocidade incompatível";"Saída de Pista";"Com Vítimas Feridas";"Pleno dia";"Crescente";"Ceu Claro";"Simples";"Curva";"Rural";2;0;0;2;0;0;2;1
83527741;"24/12/16";"Sábado";"05:15:00";"TO";153;"622,3";"ALIANCA DO TOCANTINS";"Falta de atenção";"Colisão lateral";"Sem Vítimas";"Amanhecer";"Decrescente";"Ceu Claro";"Simples";"Reta";"Rural";2;0;0;0;2;0;0;2
83527742;"23/12/16";"Sexta";"08:00:00";"MA";222;"633";"ACAILANDIA";"Não guardar distância de segurança";"Colisão traseira";"Com Vítimas Feridas";"Pleno dia";"Decrescente";"Ceu Claro";"Simples";"Reta";"Rural";4;0;1;0;3;0;1;2
83527743;"25/12/16";"Domingo";"06:40:00";"RS";290;"91";"PORTO ALEGRE";"Ingestão de álcool";"Colisão com objeto fixo";"Sem Vítimas";"Pleno dia";"Decrescente";"Ceu Claro";"Simples";"Reta";"Urbano";1;0;0;0;1;0;0;1
83527744;"26/12/16";"Segunda";"06:56:00";"MT";364;"529";"ROSARIO OESTE";"Velocidade incompatível";"Tombamento";"Sem Vítimas";"Pleno dia";"Decrescente";"Nublado";"Simples";"Reta";"Rural";2;0;0;0;2;0;0;2
83527745;"20/12/16";"Terça";"15:15:00";"RO";364;"503,5";"ARIQUEMES";"Falta de atenção";"Colisão traseira";"Sem Vítimas";"Pleno dia";"Crescente";"Chuva";"Simples";"Reta";"Rural";2;0;0;0;2;0;0;2
83527746;"26/12/16";"Segunda";"09:45:00";"RJ";101;"428";"MANGARATIBA";"Falta de atenção";"Colisão traseira";"Com Vítimas Feridas";"Pleno dia";"Crescente";"Sol";"Dupla";"Reta";"Urbano";4;0;1;0;3;0;1;4
83527747;"26/12/16";"Segunda";"13:25:00";"RS";386;"134";"SARANDI";"Não guardar distância de segurança";"Colisão traseira";"Sem Vítimas";"Pleno dia";"Crescente";"Sol";"Simples";"Reta";"Urbano";3;0;0;0;3;0;0;3
83527748;"22/12/16";"Quinta";"12:50:00";"MG";40;"642";"CONSELHEIRO LAFAIETE";"Falta de atenção";"Colisão com objeto fixo";"Sem Vítimas";"Pleno dia";"Decrescente";"Ceu Claro";"Múltipla";"Reta";"Rural";1;0;0;0;1;0;0;1
83527749;"24/12/16";"Sábado";"07:00:00";"RS";285;"615";"SAO BORJA";"Outras";"Saída de Pista";"Sem Vítimas";"Pleno dia";"Decrescente";"Ceu Claro";"Simples";"Reta";"Rural";1;0;0;0;1;0;0;1
83527750;"22/12/16";"Quinta";"16:25:00";"MG";381;"887,1";"ESTIVA";"Velocidade incompatível";"Saída de Pista";"Com Vítimas Feridas";"Pleno dia";"Crescente";"Nublado";"Dupla";"Reta";"Rural";2;0;1;0;1;0;1;1
83527751;"26/12/16";"Segunda";"07:10:00";"ES";101;"295";"CARIACICA";"Ingestão de álcool";"Colisão com objeto fixo";"Sem Vítimas";"Pleno dia";"Crescente";"Ceu Claro";"Múltipla";"Reta";"Urbano";1;0;0;0;1;0;0;1
83527752;"26/12/16";"Segunda";"12:30:00";"RJ";101;"305";"SAO GONCALO";"Outras";"Colisão traseira";"Com Vítimas Feridas";"Pleno dia";"Crescente";"Ceu Claro";"Dupla";"Reta";"Urbano";2;0;1;0;1;0;1;2
83527753;"26/12/16";"Segunda";"11:30:00";"MS";262;"426";"TERENOS";"Defeito mecânico em veículo";"Saída de Pista";"Sem Vítimas";"Pleno dia";"Crescente";"Ceu Claro";"Simples";"Reta";"Rural";1;0;0;0;1;0;0;1
83527754;"10/11/16";"Quinta";"15:30:00";"SP";381;"34";"ATIBAIA";"Outras";"Colisão traseira";"Sem Vítimas";"Pleno dia";"Decrescente";"Sol";"Múltipla";"Curva";"Urbano";2;0;0;0;2;0;0;2
83527755;"23/12/16";"Sexta";"11:00:00";"MT";163;"832";"SINOP";"Falta de atenção";"Colisão lateral";"Com Vítimas Feridas";"Pleno dia";"Decrescente";"Nublado";"Dupla";"Reta";"Urbano";5;0;1;2;2;0;3;3
83527756;"26/12/16";"Segunda";"10:47:00";"MT";364;"526,6";"ROSARIO OESTE";"Não guardar distância de segurança";"Colisão traseira";"Sem Vítimas";"Pleno dia";"Crescente";"Ceu Claro";"Simples";"Reta";"Rural";2;0;0;0;2;0;0;2
83527757;"06/10/16";"Quinta";"09:27:00";"PR";376;"668";"GUARATUBA";"Velocidade incompatível";"Tombamento";"Com Vítimas Feridas";"Pleno dia";"Crescente";"Chuva";"Dupla";"Curva";"Rural";1;0;0;1;0;0;1;1
83527758;"26/12/16";"Segunda";"11:20:00";"PR";277;"311,7";"GUARAPUAVA";"Falta de atenção";"Colisão frontal";"Com Vítimas Fatais";"Pleno dia";"Decrescente";"Sol";"Simples";"Curva";"Rural";5;1;1;2;1;0;3;2
83527759;"22/12/16";"Quinta";"11:50:00";"PR";369;"101,2";"URAI";"Falta de atenção";"Colisão Transversal";"Sem Vítimas";"Pleno dia";"Crescente";"Nublado";"Simples";"Cruzamento";"Urbano";2;0;0;0;2;0;0;2
83527760;"03/12/16";"Sábado";"05:10:00";"MG";40;"517,4";"RIBEIRAO DAS NEVES";"Outras";"Colisão traseira";"Com Vítimas Feridas";"Plena noite";"Decrescente";"Nublado";"Dupla";"Reta";"Urbano";2;0;0;1;1;0;1;2
83527761;"23/12/16";"Sexta";"17:00:00";"PA";155;"250";"ELDORADO DOS CARAJAS";"Desobediência à sinalização";"Colisão lateral";"Sem Vítimas";"Pleno dia";"Decrescente";"Ceu Claro";"Simples";"Reta";"Rural";2;0;0;0;2;0;0;2
83527762;"26/12/16";"Segunda";"11:10:00";"SC";101;"27";"ARAQUARI";"Desobediência à sinalização";"Colisão Transversal";"Com Vítimas Feridas";"Pleno dia";"Crescente";"Ceu Claro";"Simples";"Cruzamento";"Urbano";2;0;1;0;1;0;1;2
83527763;"26/12/16";"Segunda";"11:20:00";"SC";470;"69,7";"INDAIAL";"Falta de atenção";"Colisão traseira";"Com Vítimas Feridas";"Pleno dia";"Decrescente";"Ceu Claro";"Simples";"Reta";"Urbano";3;0;1;0;2;0;1;3
83527764;"26/12/16";"Segunda";"14:15:00";"SC";101;"204,5";"SAO JOSE";"Outras";"Queda de motocicleta / bicicleta / veículo";"Com Vítimas Feridas";"Pleno dia";"Decrescente";"Sol";"Múltipla";"Reta";"Urbano";1;0;1;0;0;0;1;1
83527765;"26/12/16";"Segunda";"11:45:00";"SC";101;"117";"ITAJAI";"Não guardar distância de segurança";"Colisão traseira";"Com Vítimas Feridas";"Pleno dia";"Decrescente";"Sol";"Dupla";"Reta";"Urbano";4;0;1;0;3;0;1;4
83527766;"26/12/16";"Segunda";"12:00:00";"PR";277;"495,1";"GUARANIACU";"Outras";"Colisão Transversal";"Com Vítimas Feridas";"Pleno dia";"Decrescente";"Ceu Claro";"Simples";"Curva";"Rural";6;0;4;1;1;0;5;2
83527767;"23/12/16";"Sexta";"18:40:00";"MG";40;"515";"RIBEIRAO DAS NEVES";"Falta de atenção";"Colisão lateral";"Com Vítimas Feridas";"Pleno dia";"Decrescente";"Ceu Claro";"Dupla";"Reta";"Urbano";3;0;2;0;1;0;2;2
83527768;"26/12/16";"Segunda";"10:20:00";"AM";174;"909";"MANAUS";"Não guardar distância de segurança";"Colisão traseira";"Sem Vítimas";"Pleno dia";"Decrescente";"Ceu Claro";"Simples";"Reta";"Rural";4;0;0;0;4;0;0;2
83527770;"21/12/16";"Quarta";"18:40:00";"SP";116;"150";"SAO JOSE DOS CAMPOS";"Ultrapassagem indevida";"Colisão lateral";"Com Vítimas Feridas";"Pleno dia";"Crescente";"Ceu Claro";"Dupla";"Reta";"Urbano";2;0;1;0;1;0;1;2
83527771;"26/12/16";"Segunda";"11:15:00";"SC";282;"380,5";"JOACABA";"Não guardar distância de segurança";"Colisão traseira";"Com Vítimas Feridas";"Pleno dia";"Decrescente";"Ceu Claro";"Simples";"Reta";"Urbano";6;0;2;0;4;0;2;4
83527772;"24/12/16";"Sábado";"02:40:00";"MG";40;"508,6";"RIBEIRAO DAS NEVES";"Falta de atenção";"Colisão traseira";"Com Vítimas Feridas";"Plena noite";"Decrescente";"Ceu Claro";"Dupla";"Reta";"Urbano";2;0;1;0;1;0;1;2
83527773;"26/12/16";"Segunda";"09:46:00";"SC";282;"335";"CAMPOS NOVOS";"Falta de atenção";"Colisão Transversal";"Com Vítimas Feridas";"Pleno dia";"Decrescente";"Ceu Claro";"Simples";"Cruzamento";"Urbano";3;0;0;1;2;0;1;2
83527775;"26/12/16";"Segunda";"10:44:00";"SP";116;"220";"GUARULHOS";"Falta de atenção";"Colisão traseira";"Com Vítimas Feridas";"Pleno dia";"Crescente";"Sol";"Múltipla";"Reta";"Urbano";3;0;1;0;2;0;1;2
83527776;"26/12/16";"Segunda";"11:10:00";"MT";364;"463,8";"VARZEA GRANDE";"Outras";"Queda de motocicleta / bicicleta / veículo";"Com Vítimas Feridas";"Pleno dia";"Decrescente";"Ceu Claro";"Simples";"Curva";"Rural";1;0;1;0;0;0;1;1
83527777;"26/12/16";"Segunda";"07:15:00";"RN";101;"79";"SAO GONCALO DO AMARANTE";"Falta de atenção";"Colisão traseira";"Com Vítimas Feridas";"Pleno dia";"Crescente";"Ceu Claro";"Dupla";"Reta";"Urbano";2;0;1;0;1;0;1;2
83527778;"26/12/16";"Segunda";"13:40:00";"RS";116;"246";"SAO LEOPOLDO";"Defeito mecânico em veículo";"Tombamento";"Com Vítimas Feridas";"Pleno dia";"Decrescente";"Ceu Claro";"Dupla";"Reta";"Urbano";2;0;2;0;0;0;2;1
83527779;"26/12/16";"Segunda";"09:30:00";"TO";153;"450,7";"BARROLANDIA";"Falta de atenção";"Colisão lateral";"Com Vítimas Feridas";"Pleno dia";"Crescente";"Ceu Claro";"Simples";"Reta";"Urbano";2;0;1;0;1;0;1;2
83527780;"26/12/16";"Segunda";"14:15:00";"SC";163;"98,8";"SAO JOSE DO CEDRO";"Ultrapassagem indevida";"Saída de Pista";"Com Vítimas Feridas";"Pleno dia";"Crescente";"Ceu Claro";"Simples";"Reta";"Rural";5;0;1;0;4;0;1;1
83527781;"26/12/16";"Segunda";"12:00:00";"CE";222;"107,6";"ITAPAGE";"Outras";"Colisão frontal";"Com Vítimas Feridas";"Pleno dia";"Decrescente";"Chuva";"Simples";"Curva";"Rural";6;0;5;0;0;1;5;2
83527782;"26/12/16";"Segunda";"09:50:00";"GO";153;"5";"PORANGATU";"Outras";"Capotamento";"Com Vítimas Feridas";"Pleno dia";"Decrescente";"Chuva";"Simples";"Curva";"Rural";3;0;3;0;0;0;3;1
83527783;"22/12/16";"Quinta";"22:00:00";"MG";381;"688,1";"LAVRAS";"Velocidade incompatível";"Tombamento";"Com Vítimas Feridas";"Plena noite";"Decrescente";"Nublado";"Dupla";"Curva";"Rural";2;0;0;1;1;0;1;2
83527784;"15/12/16";"Quinta";"06:40:00";"GO";153;"376";"SAO FRANCISCO DE GOIAS";"Defeito mecânico em veículo";"Incêndio";"Sem Vítimas";"Amanhecer";"Decrescente";"Ceu Claro";"Simples";"Reta";"Rural";1;0;0;0;1;0;0;1
83527786;"23/12/16";"Sexta";"06:20:00";"BA";242;"574";"IBOTIRAMA";"Defeito mecânico em veículo";"Capotamento";"Com Vítimas Feridas";"Amanhecer";"Decrescente";"Sol";"Simples";"Reta";"Rural";5;0;2;0;3;0;2;1
83527787;"26/12/16";"Segunda";"13:25:00";"MS";262;"123,7";"AGUA CLARA";"Dormindo";"Saída de Pista";"Com Vítimas Feridas";"Pleno dia";"Crescente";"Ceu Claro";"Simples";"Reta";"Rural";4;0;1;0;3;0;1;1
83527788;"18/12/16";"Domingo";"17:00:00";"RJ";116;"332,5";"RESENDE";"Outras";"Saída de Pista";"Com Vítimas Feridas";"Pleno dia";"Crescente";"Sol";"Dupla";"Reta";"Rural";1;0;1;0;0;0;1;1
83527789;"21/12/16";"Quarta";"19:30:00";"BA";110;"307";"ALAGOINHAS";"Falta de atenção";"Colisão Transversal";"Com Vítimas Feridas";"Plena noite";"Decrescente";"Nublado";"Simples";"Reta";"Rural";3;0;2;0;0;1;2;2
83527790;"26/12/16";"Segunda";"13:00:00";"MG";381;"489,5";"BETIM";"Outras";"Atropelamento de pessoa";"Com Vítimas Fatais";"Pleno dia";"Crescente";"Ceu Claro";"Dupla";"Reta";"Urbano";2;1;0;0;1;0;0;1
83527791;"26/12/16";"Segunda";"13:50:00";"MS";163;"492,2";"CAMPO GRANDE";"Outras";"Colisão traseira";"Com Vítimas Feridas";"Pleno dia";"Crescente";"Sol";"Simples";"Reta";"Urbano";2;0;1;0;1;0;1;2
83527792;"26/12/16";"Segunda";"09:40:00";"RS";293;"70,3";"PIRATINI";"Defeito mecânico em veículo";"Capotamento";"Com Vítimas Feridas";"Pleno dia";"Decrescente";"Nublado";"Simples";"Reta";"Urbano";4;0;4;0;0;0;4;1
83527793;"26/12/16";"Segunda";"15:15:00";"MG";381;"837";"SAO SEBASTIAO DA BELA VISTA";"Defeito mecânico em veículo";"Capotamento";"Sem Vítimas";"Pleno dia";"Crescente";"Ceu Claro";"Dupla";"Reta";"Rural";1;0;0;0;1;0;0;1
83527794;"12/08/16";"Sexta";"05:40:00";"RJ";116;"333";"RESENDE";"Falta de atenção";"Colisão traseira";"Sem Vítimas";"Amanhecer";"Crescente";"Ceu Claro";"Dupla";"Reta";"Rural";2;0;0;0;2;0;0;2
83527795;"26/12/16";"Segunda";"14:45:00";"SC";470;"22";"ILHOTA";"Outras";"Colisão traseira";"Com Vítimas Feridas";"Pleno dia";"Decrescente";"Ceu Claro";"Simples";"Reta";"Rural";5;0;1;0;3;1;1;4
83527796;"23/12/16";"Sexta";"07:45:00";"SP";116;"151,3";"SAO JOSE DOS CAMPOS";"Outras";"Saída de Pista";"Sem Vítimas";"Pleno dia";"Decrescente";"Ceu Claro";"Dupla";"Reta";"Rural";1;0;0;0;1;0;0;1
83527797;"26/12/16";"Segunda";"15:40:00";"RS";290;"92";"PORTO ALEGRE";"Outras";"Queda de motocicleta / bicicleta / veículo";"Com Vítimas Feridas";"Pleno dia";"Decrescente";"Nublado";"Simples";"Curva";"Urbano";1;0;1;0;0;0;1;1
83527798;"26/12/16";"Segunda";"13:10:00";"RJ";40;"59";"PETROPOLIS";"Outras";"Saída de Pista";"Com Vítimas Feridas";"Pleno dia";"Crescente";"Ceu Claro";"Dupla";"Curva";"Rural";5;0;4;0;1;0;4;1
83527799;"26/12/16";"Segunda";"16:50:00";"RS";386;"386";"TRIUNFO";"Não guardar distância de segurança";"Colisão traseira";"Com Vítimas Feridas";"Pleno dia";"Decrescente";"Sol";"Dupla";"Reta";"Urbano";2;0;1;0;1;0;1;2
83527800;"26/12/16";"Segunda";"12:00:00";"SP";116;"462,8";"PARIQUERA-ACU";"Defeito mecânico em veículo";"Tombamento";"Com Vítimas Feridas";"Pleno dia";"Crescente";"Sol";"Dupla";"Reta";"Rural";1;0;1;0;0;0;1;1
83527801;"25/12/16";"Domingo";"15:55:00";"MT";364;"450";"VARZEA GRANDE";"Outras";"Saída de Pista";"Sem Vítimas";"Pleno dia";"Decrescente";"Chuva";"Simples";"Reta";"Rural";2;0;0;0;2;0;0;1
83527802;"26/12/16";"Segunda";"15:40:00";"PR";376;"177";"MARINGA";"Falta de atenção";"Colisão lateral";"Com Vítimas Feridas";"Pleno dia";"Crescente";"Ceu Claro";"Dupla";"Reta";"Urbano";2;0;1;0;1;0;1;2
83527803;"18/12/16";"Domingo";"23:00:00";"PE";232;"259";"ARCOVERDE";"Dormindo";"Capotamento";"Com Vítimas Fatais";"Plena noite";"Crescente";"Ceu Claro";"Simples";"Reta";"Rural";3;1;1;1;0;0;2;1
83527804;"22/12/16";"Quinta";"16:15:00";"MG";40;"532";"BELO HORIZONTE";"Outras";"Atropelamento de pessoa";"Com Vítimas Feridas";"Pleno dia";"Crescente";"Nublado";"Dupla";"Reta";"Urbano";2;0;1;0;1;0;1;1
83527805;"26/12/16";"Segunda";"16:00:00";"PA";316;"4";"ANANINDEUA";"Outras";"Saída de Pista";"Com Vítimas Feridas";"Pleno dia";"Crescente";"Ceu Claro";"Dupla";"Reta";"Urbano";3;0;2;0;1;0;2;2
83527806;"26/12/16";"Segunda";"17:00:00";"SP";116;"219";"GUARULHOS";"Não guardar distância de segurança";"Colisão traseira";"Sem Vítimas";"Pleno dia";"Crescente";"Ceu Claro";"Múltipla";"Reta";"Urbano";2;0;0;0;2;0;0;2
83527807;"26/12/16";"Segunda";"10:40:00";"SP";101;"16,1";"UBATUBA";"Falta de atenção";"Colisão lateral";"Com Vítimas Feridas";"Pleno dia";"Crescente";"Ceu Claro";"Simples";"Reta";"Rural";2;0;1;0;1;0;1;2
83527808;"26/12/16";"Segunda";"14:30:00";"SC";470;"19";"ILHOTA";"Outras";"Queda de motocicleta / bicicleta / veículo";"Com Vítimas Feridas";"Pleno dia";"Crescente";"Ceu Claro";"Simples";"Reta";"Rural";1;0;1;0;0;0;1;1
83527809;"24/12/16";"Sábado";"03:30:00";"RO";364;"1030";"PORTO VELHO";"Falta de atenção";"Colisão lateral";"Com Vítimas Feridas";"Plena noite";"Crescente";"Ignorada";"Simples";"Reta";"Rural";2;0;0;1;0;1;1;2
83527810;"26/12/16";"Segunda";"11:30:00";"BA";324;"615";"SALVADOR";"Falta de atenção";"Colisão traseira";"Sem Vítimas";"Pleno dia";"Crescente";"Sol";"Dupla";"Reta";"Urbano";7;0;0;0;7;0;0;3
83527811;"26/12/16";"Segunda";"16:20:00";"PE";407;"113,2";"PETROLINA";"Outras";"Saída de Pista";"Sem Vítimas";"Pleno dia";"Crescente";"Sol";"Simples";"Reta";"Rural";1;0;0;0;1;0;0;1
83527812;"26/12/16";"Segunda";"12:00:00";"BA";324;"612";"SALVADOR";"Falta de atenção";"Colisão traseira";"Com Vítimas Feridas";"Pleno dia";"Crescente";"Sol";"Simples";"Reta";"Urbano";6;0;1;0;5;0;1;2
83527813;"26/12/16";"Segunda";"17:00:00";"SC";116;"215,5";"PONTE ALTA";"Falta de atenção";"Colisão traseira";"Sem Vítimas";"Pleno dia";"Decrescente";"Sol";"Simples";"Reta";"Rural";2;0;0;0;2;0;0;2
83527814;"26/12/16";"Segunda";"16:33:00";"SC";101;"145";"ITAPEMA";"Falta de atenção";"Colisão traseira";"Sem Vítimas";"Pleno dia";"Decrescente";"Sol";"Dupla";"Reta";"Urbano";2;0;0;0;2;0;0;2
83527815;"26/12/16";"Segunda";"13:30:00";"PI";316;"82";"LAGOINHA DO PIAUI";"Desobediência à sinalização";"Colisão Transversal";"Sem Vítimas";"Pleno dia";"Crescente";"Sol";"Simples";"Cruzamento";"Rural";2;0;0;0;1;1;0;2
83527816;"15/12/16";"Quinta";"11:05:00";"PR";369;"161";"CAMBE";"Desobediência à sinalização";"Colisão Transversal";"Sem Vítimas";"Pleno dia";"Crescente";"Ceu Claro";"Dupla";"Reta";"Urbano";5;0;0;0;5;0;0;3
83527817;"26/12/16";"Segunda";"17:30:00";"RS";386;"381,5";"TABAI";"Dormindo";"Saída de Pista";"Sem Vítimas";"Pleno dia";"Crescente";"Ceu Claro";"Dupla";"Reta";"Rural";1;0;0;0;1;0;0;1
83527818;"26/12/16";"Segunda";"10:30:00";"PE";101;"68";"RECIFE";"Falta de atenção";"Colisão com bicicleta";"Com Vítimas Feridas";"Pleno dia";"Crescente";"Ceu Claro";"Simples";"Reta";"Urbano";3;0;0;2;1;0;2;2
83527819;"22/12/16";"Quinta";"22:40:00";"MG";40;"512";"RIBEIRAO DAS NEVES";"Outras";"Saída de Pista";"Com Vítimas Fatais";"Plena noite";"Crescente";"Nublado";"Dupla";"Reta";"Rural";1;1;0;0;0;0;0;1
83527820;"26/12/16";"Segunda";"08:45:00";"PA";316;"3,8";"ANANINDEUA";"Outras";"Colisão lateral";"Com Vítimas Feridas";"Pleno dia";"Crescente";"Nublado";"Dupla";"Reta";"Urbano";2;0;1;0;0;1;1;2
83527821;"26/12/16";"Segunda";"16:30:00";"CE";20;"308";"CANINDE";"Velocidade incompatível";"Colisão Transversal";"Com Vítimas Feridas";"Pleno dia";"Crescente";"Ceu Claro";"Simples";"Cruzamento";"Rural";7;0;1;0;6;0;1;2
83527822;"25/12/16";"Domingo";"16:10:00";"MT";364;"494";"JANGADA";"Falta de atenção";"Tombamento";"Sem Vítimas";"Pleno dia";"Crescente";"Chuva";"Simples";"Reta";"Urbano";1;0;0;0;1;0;0;1
83527823;"26/12/16";"Segunda";"10:30:00";"ES";101;"254";"SERRA";"Outras";"Colisão traseira";"Sem Vítimas";"Pleno dia";"Crescente";"Sol";"Simples";"Reta";"Urbano";6;0;0;0;5;1;0;6
83527824;"26/12/16";"Segunda";"16:30:00";"MG";381;"907,4";"CAMBUI";"Velocidade incompatível";"Capotamento";"Sem Vítimas";"Pleno dia";"Crescente";"Sol";"Dupla";"Curva";"Rural";1;0;0;0;1;0;0;1
83527825;"22/12/16";"Quinta";"16:50:00";"MG";381;"489,5";"BETIM";"Outras";"Colisão traseira";"Com Vítimas Feridas";"Pleno dia";"Crescente";"Ceu Claro";"Dupla";"Reta";"Urbano";2;0;1;0;1;0;1;2
83527826;"23/12/16";"Sexta";"11:30:00";"MT";163;"833,9";"SINOP";"Não guardar distância de segurança";"Colisão traseira";"Com Vítimas Feridas";"Pleno dia";"Crescente";"Nublado";"Dupla";"Reta";"Urbano";2;0;1;0;1;0;1;2
83527827;"26/12/16";"Segunda";"16:40:00";"MS";163;"594,9";"SAO GABRIEL DO OESTE";"Falta de atenção";"Saída de Pista";"Com Vítimas Feridas";"Pleno dia";"Crescente";"Ceu Claro";"Dupla";"Reta";"Rural";1;0;1;0;0;0;1;1
83527828;"26/12/16";"Segunda";"17:00:00";"MG";381;"484,4";"BETIM";"Velocidade incompatível";"Colisão traseira";"Com Vítimas Feridas";"Pleno dia";"Decrescente";"Chuva";"Dupla";"Reta";"Urbano";2;0;1;0;1;0;1;2
83527829;"26/12/16";"Segunda";"13:15:00";"RS";293;"169";"BAGE";"Outras";"Colisão traseira";"Sem Vítimas";"Pleno dia";"Crescente";"Chuva";"Simples";"Reta";"Rural";2;0;0;0;2;0;0;2
83527830;"26/12/16";"Segunda";"15:45:00";"PR";116;"41";"CAMPINA GRANDE DO SUL";"Falta de atenção";"Colisão Transversal";"Sem Vítimas";"Pleno dia";"Decrescente";"Ceu Claro";"Dupla";"Curva";"Urbano";10;0;0;0;10;0;0;2