"id";"data_inversa";"dia_semana";"horario";"uf";"br";"km";"municipio";"causa_acidente";"tipo_acidente";"classificacao_acidente";"fase_dia";"sentido_via";"condicao_metereologica";"tipo_pista";"tracado_via";"uso_solo";"pessoas";"mortos";"feridos_leves";"feridos_graves";"ilesos";"ignorados";"feridos";"veiculos"
83527831;"26/12/16";"Segunda";"16:50:00";"RS";116;"259";"CANOAS";"Falta de atenção";"Colisão traseira";"Sem Vítimas";"Pleno dia";"Crescente";"Sol";"Simples";"Reta";"Urbano";2;0;0;0;2;0;0;2
83527832;"24/12/16";"Sábado";"16:20:00";"MT";163;"981";"TERRA NOVA DO NORTE";"Ingestão de álcool";"Saída de Pista";"Com Vítimas Feridas";"Pleno dia";"Crescente";"Chuva";"Simples";"Curva";"Rural";3;0;1;0;1;1;1;2
83527833;"26/12/16";"Segunda";"17:25:00";"GO";50;"235,1";"CATALAO";"Outras";"Saída de Pista";"Com Vítimas Feridas";"Pleno dia";"Decrescente";"Sol";"Simples";"Reta";"Rural";5;0;2;0;3;0;2;1
83527834;"26/12/16";"Segunda";"18:00:00";"SC";101;"169";"TIJUCAS";"Falta de atenção";"Colisão com objeto fixo";"Com Vítimas Feridas";"Pleno dia";"Crescente";"Ceu Claro";"Dupla";"Reta";"Rural";2;0;2;0;0;0;2;1
83527835;"26/12/16";"Segunda";"13:00:00";"RJ";101;"63";"CAMPOS DOS GOYTACAZES";"Outras";"Colisão lateral";"Com Vítimas Feridas";"Pleno dia";"Decrescente";"Ceu Claro";"Simples";"Reta";"Urbano";2;0;1;0;1;0;1;2
83527836;"26/12/16";"Segunda";"07:45:00";"DF";20;"8";"BRASILIA";"Outras";"Colisão lateral";"Com Vítimas Feridas";"Pleno dia";"Decrescente";"Ceu Claro";"Dupla";"Reta";"Urbano";4;0;1;0;3;0;1;2
83527837;"22/12/16";"Quinta";"21:50:00";"SC";282;"134,5";"BOM RETIRO";"Velocidade incompatível";"Colisão traseira";"Com Vítimas Feridas";"Plena noite";"Crescente";"Ceu Claro";"Simples";"Reta";"Rural";4;0;1;1;2;0;2;2
83527838;"26/12/16";"Segunda";"16:45:00";"RS";116;"510,3";"PELOTAS";"Falta de atenção";"Colisão frontal";"Sem Vítimas";"Pleno dia";"Decrescente";"Nublado";"Múltipla";"Reta";"Rural";2;0;0;0;2;0;0;2
83527839;"26/12/16";"Segunda";"18:00:00";"BA";110;"186";"RIBEIRA DO POMBAL";"Falta de atenção";"Capotamento";"Ignorado";"Anoitecer";"Crescente";"Nublado";"Simples";"Reta";"Urbano";1;0;0;0;0;1;0;1
83527840;"26/12/16";"Segunda";"17:45:00";"MG";267;"350,3";"CAMBUQUIRA";"Ultrapassagem indevida";"Capotamento";"Sem Vítimas";"Pleno dia";"Decrescente";"Ceu Claro";"Dupla";"Curva";"Rural";2;0;0;0;2;0;0;2
83527841;"16/08/16";"Terça";"07:37:00";"RJ";101;"245";"SILVA JARDIM";"Falta de atenção";"Capotamento";"Sem Vítimas";"Pleno dia";"Decrescente";"Ceu Claro";"Simples";"Reta";"Rural";1;0;0;0;1;0;0;1
83527842;"26/12/16";"Segunda";"16:40:00";"MA";316;"301,1";"PIO XII";"Falta de atenção";"Colisão lateral";"Com Vítimas Feridas";"Pleno dia";"Crescente";"Sol";"Simples";"Reta";"Rural";2;0;0;1;1;0;1;2
83527843;"22/12/16";"Quinta";"14:00:00";"BA";101;"217";"CRUZ DAS ALMAS";"Não guardar distância de segurança";"Colisão traseira";"Sem Vítimas";"Pleno dia";"Crescente";"Sol";"Simples";"Reta";"Rural";2;0;0;0;2;0;0;2
83527844;"26/12/16";"Segunda";"15:40:00";"AL";423;"98";"DELMIRO GOUVEIA";"Ultrapassagem indevida";"Saída de Pista";"Com Vítimas Feridas";"Pleno dia";"Crescente";"Ceu Claro";"Simples";"Reta";"Rural";1;0;1;0;0;0;1;1
83527845;"26/12/16";"Segunda";"16:50:00";"RJ";116;"299,5";"RESENDE";"Falta de atenção";"Colisão lateral";"Sem Vítimas";"Pleno dia";"Decrescente";"Sol";"Dupla";"Reta";"Urbano";2;0;0;0;2;0;0;2
83527846;"26/12/16";"Segunda";"16:40:00";"BA";101;"403";"IBIRAPITANGA";"Não guardar distância de segurança";"Colisão lateral";"Com Vítimas Feridas";"Pleno dia";"Decrescente";"Sol";"Simples";"Reta";"Urbano";2;0;0;1;1;0;1;2
83527847;"26/12/16";"Segunda";"18:15:00";"SC";101;"388,5";"ICARA";"Defeito mecânico em veículo";"Tombamento";"Com Vítimas Feridas";"Pleno dia";"Crescente";"Nublado";"Dupla";"Reta";"Rural";2;0;2;0;0;0;2;1
83527848;"15/11/16";"Terça";"09:20:00";"AM";174;"971";"PRESIDENTE FIGUEIREDO";"Outras";"Colisão traseira";"Sem Vítimas";"Pleno dia";"Decrescente";"Ceu Claro";"Simples";"Reta";"Rural";5;0;0;0;5;0;0;3
83527849;"26/12/16";"Segunda";"08:55:00";"SC";282;"72";"RANCHO QUEIMADO";"Velocidade incompatível";"Queda de motocicleta / bicicleta / veículo";"Com Vítimas Feridas";"Pleno dia";"Decrescente";"Nublado";"Simples";"Curva";"Rural";1;0;1;0;0;0;1;1
83527850;"26/12/16";"Segunda";"18:30:00";"GO";153;"496";"GOIANIA";"Outras";"Colisão traseira";"Sem Vítimas";"Pleno dia";"Crescente";"Nublado";"Dupla";"Reta";"Urbano";2;0;0;0;2;0;0;2
83527851;"26/12/16";"Segunda";"13:00:00";"CE";20;"103,3";"TAUA";"Falta de atenção";"Colisão Transversal";"Com Vítimas Feridas";"Pleno dia";"Decrescente";"Nublado";"Simples";"Reta";"Rural";6;0;5;0;1;0;5;2
83527852;"26/12/16";"Segunda";"14:50:00";"RS";290;"646";"URUGUAIANA";"Outras";"Queda de motocicleta / bicicleta / veículo";"Com Vítimas Feridas";"Pleno dia";"Crescente";"Chuva";"Simples";"Reta";"Rural";2;0;1;0;1;0;1;1
83527853;"26/12/16";"Segunda";"18:00:00";"GO";153;"703,3";"ITUMBIARA";"Defeito na via";"Colisão traseira";"Com Vítimas Feridas";"Pleno dia";"Crescente";"Chuva";"Dupla";"Reta";"Urbano";4;0;1;0;3;0;1;3
83527854;"26/12/16";"Segunda";"14:10:00";"RS";116;"40,2";"VACARIA";"Falta de atenção";"Colisão Transversal";"Sem Vítimas";"Pleno dia";"Crescente";"Ceu Claro";"Simples";"Cruzamento";"Urbano";2;0;0;0;2;0;0;2
83527856;"26/12/16";"Segunda";"14:35:00";"RS";290;"287,2";"CACHOEIRA DO SUL";"Dormindo";"Saída de Pista";"Com Vítimas Feridas";"Pleno dia";"Crescente";"Sol";"Simples";"Curva";"Rural";2;0;1;1;0;0;2;1
83527857;"26/12/16";"Segunda";"15:30:00";"RS";116;"454,3";"SAO LOURENCO DO SUL";"Ultrapassagem indevida";"Colisão Transversal";"Com Vítimas Feridas";"Pleno dia";"Decrescente";"Chuva";"Simples";"Reta";"Rural";3;0;1;1;1;0;2;2
83527858;"26/12/16";"Segunda";"16:20:00";"ES";101;"459,3";"MIMOSO DO SUL";"Velocidade incompatível";"Colisão frontal";"Com Vítimas Fatais";"Pleno dia";"Decrescente";"Sol";"Simples";"Reta";"Rural";5;2;0;3;0;0;3;2
83527859;"23/12/16";"Sexta";"06:00:00";"RJ";101;"431";"MANGARATIBA";"Velocidade incompatível";"Colisão traseira";"Com Vítimas Feridas";"Amanhecer";"Crescente";"Nublado";"Simples";"Reta";"Rural";2;0;1;0;1;0;1;2
83527860;"26/12/16";"Segunda";"15:00:00";"RJ";101;"303";"SAO GONCALO";"Falta de atenção";"Colisão lateral";"Com Vítimas Feridas";"Pleno dia";"Decrescente";"Sol";"Dupla";"Reta";"Rural";2;0;1;0;0;1;1;2
83527861;"26/12/16";"Segunda";"15:25:00";"MG";40;"665,4";"CARANDAI";"Falta de atenção";"Colisão Transversal";"Com Vítimas Feridas";"Pleno dia";"Crescente";"Ceu Claro";"Simples";"Reta";"Rural";3;0;1;1;1;0;2;2
83527862;"26/12/16";"Segunda";"18:15:00";"SC";101;"123";"ITAJAI";"Não guardar distância de segurança";"Colisão traseira";"Com Vítimas Fatais";"Pleno dia";"Decrescente";"Nublado";"Dupla";"Reta";"Urbano";3;1;0;1;1;0;1;2
83527863;"26/12/16";"Segunda";"16:00:00";"SP";381;"6";"VARGEM";"Outras";"Queda de motocicleta / bicicleta / veículo";"Com Vítimas Feridas";"Pleno dia";"Crescente";"Ceu Claro";"Dupla";"Reta";"Rural";1;0;0;1;0;0;1;1
83527864;"26/12/16";"Segunda";"15:40:00";"BA";324;"457,2";"RIACHAO DO JACUIPE";"Defeito mecânico em veículo";"Queda de motocicleta / bicicleta / veículo";"Com Vítimas Feridas";"Pleno dia";"Crescente";"Sol";"Simples";"Reta";"Rural";1;0;1;0;0;0;1;1
83527866;"25/12/16";"Domingo";"07:00:00";"BA";116;"10";"ABARE";"Defeito na via";"Saída de Pista";"Com Vítimas Feridas";"Pleno dia";"Crescente";"Ceu Claro";"Simples";"Reta";"Rural";1;0;1;0;0;0;1;1
83527867;"26/12/16";"Segunda";"16:45:00";"SC";280;"34";"ARAQUARI";"Falta de atenção";"Colisão Transversal";"Com Vítimas Feridas";"Pleno dia";"Decrescente";"Ceu Claro";"Simples";"Reta";"Urbano";2;0;1;0;1;0;1;2
83527868;"26/12/16";"Segunda";"16:45:00";"RS";158;"364,9";"DILERMANDO DE AGUIAR";"Velocidade incompatível";"Saída de Pista";"Com Vítimas Feridas";"Pleno dia";"Crescente";"Chuva";"Simples";"Reta";"Rural";2;0;2;0;0;0;2;1
83527869;"25/12/16";"Domingo";"18:20:00";"GO";20;"4";"FORMOSA";"Outras";"Capotamento";"Com Vítimas Feridas";"Pleno dia";"Decrescente";"Ceu Claro";"Dupla";"Reta";"Urbano";2;0;2;0;0;0;2;1
83527870;"22/12/16";"Quinta";"07:10:00";"GO";40;"4,9";"VALPARAISO DE GOIAS";"Falta de atenção";"Colisão traseira";"Com Vítimas Feridas";"Pleno dia";"Decrescente";"Ceu Claro";"Dupla";"Reta";"Urbano";3;0;1;1;1;0;2;2
83527871;"24/12/16";"Sábado";"08:50:00";"ES";101;"213";"IBIRACU";"Não guardar distância de segurança";"Colisão traseira";"Com Vítimas Feridas";"Pleno dia";"Crescente";"Ceu Claro";"Simples";"Reta";"Urbano";2;0;1;0;1;0;1;2
83527872;"26/12/16";"Segunda";"15:00:00";"RS";386;"351,2";"ESTRELA";"Desobediência à sinalização";"Colisão Transversal";"Sem Vítimas";"Pleno dia";"Crescente";"Ceu Claro";"Dupla";"Reta";"Urbano";2;0;0;0;2;0;0;2
83527873;"26/12/16";"Segunda";"12:00:00";"BA";242;"781";"BARREIRAS";"Defeito mecânico em veículo";"Colisão traseira";"Com Vítimas Feridas";"Pleno dia";"Decrescente";"Ceu Claro";"Simples";"Reta";"Rural";4;0;3;0;1;0;3;2
83527874;"26/12/16";"Segunda";"17:15:00";"RS";392;"4,9";"RIO GRANDE";"Desobediência à sinalização";"Colisão frontal";"Com Vítimas Feridas";"Pleno dia";"Decrescente";"Chuva";"Simples";"Reta";"Rural";7;0;3;0;4;0;3;4
83527875;"26/12/16";"Segunda";"18:00:00";"RS";392;"99,6";"MORRO REDONDO";"Não guardar distância de segurança";"Colisão traseira";"Sem Vítimas";"Pleno dia";"Decrescente";"Nublado";"Simples";"Reta";"Rural";2;0;0;0;2;0;0;2
83527876;"26/12/16";"Segunda";"19:45:00";"GO";60;"97,2";"ANAPOLIS";"Outras";"Colisão traseira";"Sem Vítimas";"Anoitecer";"Decrescente";"Chuva";"Dupla";"Reta";"Urbano";2;0;0;0;2;0;0;2
83527877;"26/12/16";"Segunda";"20:15:00";"SC";101;"151";"ITAPEMA";"Outras";"Colisão com objeto fixo";"Sem Vítimas";"Anoitecer";"Crescente";"Nublado";"Dupla";"Reta";"Urbano";1;0;0;0;1;0;0;1
83527879;"26/12/16";"Segunda";"18:20:00";"MT";70;"630";"POCONE";"Falta de atenção";"Colisão traseira";"Sem Vítimas";"Pleno dia";"Decrescente";"Chuva";"Simples";"Reta";"Rural";2;0;0;0;2;0;0;2
83527880;"26/12/16";"Segunda";"18:55:00";"SP";116;"486";"CAJATI";"Defeito mecânico em veículo";"Danos Eventuais";"Sem Vítimas";"Pleno dia";"Decrescente";"Ceu Claro";"Dupla";"Reta";"Rural";1;0;0;0;1;0;0;1
83527881;"26/12/16";"Segunda";"18:00:00";"PE";407;"124";"PETROLINA";"Não guardar distância de segurança";"Colisão lateral";"Com Vítimas Feridas";"Anoitecer";"Crescente";"Ceu Claro";"Dupla";"Cruzamento";"Urbano";2;0;0;1;1;0;1;2
83527882;"26/12/16";"Segunda";"21:25:00";"SC";470;"53,1";"BLUMENAU";"Falta de atenção";"Colisão Transversal";"Com Vítimas Feridas";"Plena noite";"Decrescente";"Nublado";"Simples";"Cruzamento";"Urbano";2;0;1;0;1;0;1;2
83527883;"26/12/16";"Segunda";"18:30:00";"CE";222;"82";"SAO LUIS DO CURU";"Defeito na via";"Tombamento";"Sem Vítimas";"Plena noite";"Crescente";"Nublado";"Simples";"Reta";"Rural";1;0;0;0;1;0;0;1
83527884;"26/12/16";"Segunda";"20:15:00";"SC";470;"91";"ASCURRA";"Falta de atenção";"Colisão traseira";"Com Vítimas Feridas";"Plena noite";"Decrescente";"Ceu Claro";"Simples";"Reta";"Urbano";3;0;1;0;2;0;1;2
83527885;"26/12/16";"Segunda";"19:10:00";"CE";402;"275,9";"ITAPIPOCA";"Animais na Pista";"Atropelamento de animal";"Sem Vítimas";"Plena noite";"Crescente";"Ceu Claro";"Simples";"Reta";"Rural";1;0;0;0;1;0;0;1
83527886;"26/12/16";"Segunda";"18:30:00";"MT";364;"471";"JANGADA";"Outras";"Saída de Pista";"Sem Vítimas";"Anoitecer";"Decrescente";"Chuva";"Simples";"Curva";"Rural";4;0;0;0;4;0;0;1
83527887;"26/12/16";"Segunda";"17:00:00";"PR";153;"51,1";"SANTO ANTONIO DA PLATINA";"Ingestão de álcool";"Colisão lateral";"Com Vítimas Feridas";"Pleno dia";"Decrescente";"Ceu Claro";"Simples";"Reta";"Rural";3;0;1;0;2;0;1;2
83527888;"26/12/16";"Segunda";"17:00:00";"SC";158;"116";"CUNHA PORA";"Falta de atenção";"Saída de Pista";"Sem Vítimas";"Pleno dia";"Decrescente";"Chuva";"Simples";"Reta";"Rural";5;0;0;0;5;0;0;1
83527889;"26/12/16";"Segunda";"08:20:00";"RS";472;"471";"ITAQUI";"Defeito mecânico em veículo";"Colisão Transversal";"Com Vítimas Feridas";"Pleno dia";"Crescente";"Ceu Claro";"Simples";"Reta";"Rural";3;0;1;0;2;0;1;2
83527890;"26/12/16";"Segunda";"19:00:00";"PB";230;"503";"CAJAZEIRAS";"Animais na Pista";"Atropelamento de animal";"Sem Vítimas";"Plena noite";"Crescente";"Ceu Claro";"Simples";"Reta";"Urbano";1;0;0;0;1;0;0;1
83527891;"26/12/16";"Segunda";"16:15:00";"MG";381;"612,3";"OLIVEIRA";"Velocidade incompatível";"Saída de Pista";"Sem Vítimas";"Pleno dia";"Crescente";"Chuva";"Dupla";"Curva";"Rural";1;0;0;0;1;0;0;1
83527892;"22/12/16";"Quinta";"23:30:00";"SC";280;"231,6";"CANOINHAS";"Ingestão de álcool";"Colisão traseira";"Sem Vítimas";"Plena noite";"Decrescente";"Nevoeiro/neblina";"Simples";"Reta";"Urbano";2;0;0;0;2;0;0;2
83527893;"26/12/16";"Segunda";"22:25:00";"SC";101;"237,9";"PALHOCA";"Outras";"Capotamento";"Sem Vítimas";"Plena noite";"Crescente";"Nublado";"Dupla";"Reta";"Urbano";1;0;0;0;1;0;0;1
83527894;"26/12/16";"Segunda";"18:45:00";"PB";230;"98";"GURINHEM";"Dormindo";"Capotamento";"Sem Vítimas";"Plena noite";"Decrescente";"Ceu Claro";"Dupla";"Reta";"Rural";1;0;0;0;1;0;0;1
83527895;"25/12/16";"Domingo";"07:30:00";"TO";153;"335,5";"GUARAI";"Falta de atenção";"Colisão com objeto fixo";"Sem Vítimas";"Pleno dia";"Decrescente";"Ceu Claro";"Múltipla";"Reta";"Urbano";1;0;0;0;1;0;0;1
83527896;"26/12/16";"Segunda";"21:00:00";"PR";476;"127";"CURITIBA";"Outras";"Derramamento de Carga";"Sem Vítimas";"Plena noite";"Crescente";"Ceu Claro";"Dupla";"Reta";"Urbano";2;0;0;0;2;0;0;2
83527897;"26/12/16";"Segunda";"15:09:00";"MT";163;"579";"NOVA MUTUM";"Outras";"Saída de Pista";"Sem Vítimas";"Pleno dia";"Crescente";"Chuva";"Simples";"Reta";"Rural";1;0;0;0;1;0;0;1
83527898;"26/12/16";"Segunda";"20:34:00";"BA";242;"209";"ITABERABA";"Animais na Pista";"Atropelamento de animal";"Sem Vítimas";"Plena noite";"Decrescente";"Ceu Claro";"Simples";"Reta";"Rural";3;0;0;0;3;0;0;1
83527899;"20/12/16";"Terça";"15:40:00";"CE";116;"0,3";"FORTALEZA";"Falta de atenção";"Colisão traseira";"Sem Vítimas";"Pleno dia";"Decrescente";"Sol";"Dupla";"Curva";"Urbano";2;0;0;0;2;0;0;2
83527900;"26/12/16";"Segunda";"21:10:00";"SC";282;"451,9";"PONTE SERRADA";"Velocidade incompatível";"Capotamento";"Com Vítimas Feridas";"Plena noite";"Crescente";"Ceu Claro";"Simples";"Curva";"Rural";1;0;1;0;0;0;1;1
83527901;"26/12/16";"Segunda";"20:40:00";"PE";232;"40,3";"VITORIA DE SANTO ANTAO";"Falta de atenção";"Saída de Pista";"Com Vítimas Feridas";"Plena noite";"Crescente";"Ceu Claro";"Dupla";"Curva";"Urbano";2;0;1;1;0;0;2;1
83527902;"26/12/16";"Segunda";"09:15:00";"RS";101;"14";"DOM PEDRO DE ALCANTARA";"Dormindo";"Saída de Pista";"Sem Vítimas";"Pleno dia";"Decrescente";"Nublado";"Simples";"Curva";"Rural";1;0;0;0;1;0;0;1
83527903;"26/12/16";"Segunda";"12:00:00";"PE";232;"14";"JABOATAO DOS GUARARAPES";"Outras";"Tombamento";"Sem Vítimas";"Pleno dia";"Crescente";"Sol";"Dupla";"Reta";"Urbano";1;0;0;0;1;0;0;1
83527904;"26/12/16";"Segunda";"18:00:00";"RJ";116;"225";"PIRAI";"Outras";"Colisão com objeto fixo";"Sem Vítimas";"Pleno dia";"Crescente";"Ceu Claro";"Simples";"Curva";"Rural";1;0;0;0;1;0;0;1
83527905;"26/12/16";"Segunda";"19:30:00";"MA";10;"246,5";"IMPERATRIZ";"Falta de atenção";"Colisão Transversal";"Com Vítimas Feridas";"Plena noite";"Decrescente";"Ceu Claro";"Simples";"Reta";"Urbano";2;0;0;2;0;0;2;2
83527906;"26/12/16";"Segunda";"15:30:00";"ES";262;"21,1";"VIANA";"Falta de atenção";"Colisão traseira";"Com Vítimas Feridas";"Pleno dia";"Decrescente";"Ceu Claro";"Simples";"Reta";"Rural";3;0;0;1;2;0;1;2
83527907;"26/12/16";"Segunda";"20:15:00";"MS";463;"108";"PONTA PORA";"Outras";"Queda de motocicleta / bicicleta / veículo";"Com Vítimas Feridas";"Plena noite";"Crescente";"Ceu Claro";"Simples";"Reta";"Rural";1;0;0;1;0;0;1;1
83527908;"25/12/16";"Domingo";"20:00:00";"MT";70;"531";"VARZEA GRANDE";"Ingestão de álcool";"Colisão frontal";"Sem Vítimas";"Plena noite";"Decrescente";"Chuva";"Simples";"Reta";"Rural";4;0;0;0;4;0;0;3
83527909;"26/12/16";"Segunda";"16:20:00";"BA";407;"149";"FILADELFIA";"Ingestão de álcool";"Colisão frontal";"Sem Vítimas";"Pleno dia";"Decrescente";"Ceu Claro";"Simples";"Reta";"Rural";2;0;0;0;1;1;0;2
83527910;"26/12/16";"Segunda";"22:45:00";"RJ";116;"292,8";"PORTO REAL";"Falta de atenção";"Saída de Pista";"Sem Vítimas";"Plena noite";"Decrescente";"Nublado";"Dupla";"Reta";"Rural";1;0;0;0;1;0;0;1
83527911;"26/12/16";"Segunda";"23:10:00";"MG";40;"781,9";"JUIZ DE FORA";"Animais na Pista";"Atropelamento de animal";"Com Vítimas Feridas";"Plena noite";"Decrescente";"Ceu Claro";"Dupla";"Reta";"Rural";1;0;0;1;0;0;1;1
83527912;"26/12/16";"Segunda";"17:00:00";"PA";153;"7";"SAO DOMINGOS DO ARAGUAIA";"Falta de atenção";"Atropelamento de pessoa";"Com Vítimas Feridas";"Pleno dia";"Decrescente";"Ceu Claro";"Simples";"Reta";"Urbano";3;0;1;1;1;0;2;2
83527913;"23/12/16";"Sexta";"17:00:00";"SE";101;"74";"MARUIM";"Falta de atenção";"Colisão Transversal";"Com Vítimas Feridas";"Anoitecer";"Decrescente";"Ceu Claro";"Simples";"Reta";"Rural";2;0;0;1;1;0;1;2
83527914;"26/12/16";"Segunda";"14:30:00";"PR";277;"566";"CASCAVEL";"Falta de atenção";"Colisão traseira";"Com Vítimas Feridas";"Pleno dia";"Crescente";"Ceu Claro";"Simples";"Reta";"Rural";7;0;2;0;5;0;2;2
83527915;"26/12/16";"Segunda";"19:05:00";"SC";163;"103,9";"SAO JOSE DO CEDRO";"Ultrapassagem indevida";"Colisão lateral";"Com Vítimas Feridas";"Anoitecer";"Crescente";"Ceu Claro";"Múltipla";"Curva";"Rural";4;0;2;0;2;0;2;3
83527916;"26/12/16";"Segunda";"22:30:00";"PA";308;"157";"CAPANEMA";"Outras";"Saída de Pista";"Sem Vítimas";"Plena noite";"Crescente";"Nublado";"Simples";"Reta";"Rural";1;0;0;0;1;0;0;1
83527918;"26/12/16";"Segunda";"23:55:00";"MG";381;"211,9";"NAQUE";"Dormindo";"Tombamento";"Com Vítimas Feridas";"Plena noite";"Decrescente";"Ceu Claro";"Simples";"Curva";"Rural";2;0;2;0;0;0;2;1
83527919;"26/12/16";"Segunda";"18:15:00";"AL";316;"156";"PALMEIRA DOS INDIOS";"Falta de atenção";"Colisão lateral";"Com Vítimas Feridas";"Plena noite";"Decrescente";"Ceu Claro";"Simples";"Reta";"Urbano";4;0;2;0;2;0;2;2
83527920;"26/12/16";"Segunda";"08:30:00";"CE";20;"421,3";"MARACANAU";"Falta de atenção";"Colisão traseira";"Sem Vítimas";"Pleno dia";"Decrescente";"Sol";"Simples";"Reta";"Urbano";8;0;0;0;8;0;0;8
83527921;"26/12/16";"Segunda";"23:20:00";"PE";101;"70";"RECIFE";"Outras";"Colisão Transversal";"Sem Vítimas";"Plena noite";"Decrescente";"Ceu Claro";"Simples";"Curva";"Urbano";2;0;0;0;2;0;0;2
83527922;"26/12/16";"Segunda";"17:40:00";"SP";381;"30,1";"ATIBAIA";"Velocidade incompatível";"Colisão traseira";"Sem Vítimas";"Pleno dia";"Crescente";"Ceu Claro";"Dupla";"Reta";"Rural";2;0;0;0;2;0;0;2
83527923;"26/12/16";"Segunda";"19:25:00";"MA";222;"130";"VARGEM GRANDE";"Animais na Pista";"Colisão frontal";"Com Vítimas Fatais";"Plena noite";"Crescente";"Nublado";"Simples";"Reta";"Rural";2;1;0;0;1;0;0;2
83527924;"26/12/16";"Segunda";"14:00:00";"RO";364;"238";"CACOAL";"Falta de atenção";"Colisão Transversal";"Com Vítimas Feridas";"Pleno dia";"Decrescente";"Sol";"Simples";"Reta";"Urbano";3;0;2;0;1;0;2;2
83527925;"27/12/16";"Terça";"01:45:00";"RS";386;"62,7";"SEBERI";"Dormindo";"Colisão lateral";"Com Vítimas Feridas";"Plena noite";"Decrescente";"Ceu Claro";"Simples";"Curva";"Rural";4;0;3;0;1;0;3;2
83527926;"26/12/16";"Segunda";"18:15:00";"RJ";116;"280";"BARRA MANSA";"Não guardar distância de segurança";"Capotamento";"Sem Vítimas";"Pleno dia";"Crescente";"Sol";"Dupla";"Reta";"Rural";2;0;0;0;2;0;0;2
83527927;"26/12/16";"Segunda";"09:00:00";"PE";101;"68,1";"RECIFE";"Falta de atenção";"Colisão lateral";"Com Vítimas Feridas";"Pleno dia";"Decrescente";"Sol";"Múltipla";"Reta";"Urbano";2;0;1;0;0;1;1;2
83527929;"26/12/16";"Segunda";"19:00:00";"SP";116;"359,9";"MIRACATU";"Outras";"Colisão lateral";"Com Vítimas Fatais";"Pleno dia";"Decrescente";"Sol";"Simples";"Curva";"Rural";7;1;0;2;4;0;2;3
83527930;"26/12/16";"Segunda";"14:00:00";"PI";343;"290,5";"ALTOS";"Falta de atenção";"Colisão lateral";"Com Vítimas Feridas";"Pleno dia";"Crescente";"Chuva";"Simples";"Curva";"Rural";2;0;1;0;1;0;1;2
83527931;"26/12/16";"Segunda";"22:30:00";"AC";364;"123";"RIO BRANCO";"Ingestão de álcool";"Colisão Transversal";"Sem Vítimas";"Plena noite";"Crescente";"Ceu Claro";"Dupla";"Reta";"Urbano";6;0;0;0;6;0;0;2
83527932;"27/12/16";"Terça";"02:20:00";"RS";116;"606";"ARROIO GRANDE";"Animais na Pista";"Atropelamento de animal";"Sem Vítimas";"Plena noite";"Decrescente";"Nublado";"Simples";"Curva";"Rural";1;0;0;0;1;0;0;1
83527933;"26/12/16";"Segunda";"14:15:00";"MA";10;"263,2";"IMPERATRIZ";"Velocidade incompatível";"Colisão com bicicleta";"Com Vítimas Feridas";"Pleno dia";"Crescente";"Sol";"Simples";"Reta";"Urbano";2;0;1;0;1;0;1;2
83527934;"27/12/16";"Terça";"01:30:00";"MS";158;"72";"PARANAIBA";"Animais na Pista";"Atropelamento de animal";"Com Vítimas Feridas";"Plena noite";"Decrescente";"Ceu Claro";"Simples";"Reta";"Rural";1;0;1;0;0;0;1;1
83527935;"26/12/16";"Segunda";"21:30:00";"DF";60;"4";"BRASILIA";"Desobediência à sinalização";"Colisão Transversal";"Sem Vítimas";"Plena noite";"Crescente";"Chuva";"Dupla";"Reta";"Urbano";2;0;0;0;2;0;0;2
83527936;"27/12/16";"Terça";"03:00:00";"MS";163;"46";"ELDORADO";"Outras";"Queda de motocicleta / bicicleta / veículo";"Com Vítimas Feridas";"Plena noite";"Crescente";"Ceu Claro";"Simples";"Reta";"Rural";1;0;1;0;0;0;1;1
83527937;"26/12/16";"Segunda";"18:20:00";"ES";101;"145,3";"LINHARES";"Ingestão de álcool";"Colisão traseira";"Com Vítimas Feridas";"Anoitecer";"Crescente";"Ceu Claro";"Múltipla";"Reta";"Urbano";3;0;0;1;1;1;1;2
83527938;"26/12/16";"Segunda";"20:30:00";"GO";60;"209,1";"GUAPO";"Outras";"Tombamento";"Com Vítimas Feridas";"Plena noite";"Decrescente";"Chuva";"Dupla";"Curva";"Rural";2;0;1;0;1;0;1;1
83527939;"26/12/16";"Segunda";"20:35:00";"RS";290;"52";"GLORINHA";"Velocidade incompatível";"Saída de Pista";"Com Vítimas Feridas";"Pleno dia";"Decrescente";"Chuva";"Múltipla";"Reta";"Rural";4;0;2;0;2;0;2;1
83527940;"26/12/16";"Segunda";"08:20:00";"PR";163;"257,4";"TOLEDO";"Falta de atenção";"Saída de Pista";"Com Vítimas Feridas";"Pleno dia";"Crescente";"Ceu Claro";"Simples";"Reta";"Urbano";1;0;1;0;0;0;1;1
83527941;"23/12/16";"Sexta";"15:50:00";"RS";290;"105";"ELDORADO DO SUL";"Falta de atenção";"Colisão traseira";"Sem Vítimas";"Pleno dia";"Decrescente";"Ceu Claro";"Dupla";"Reta";"Urbano";2;0;0;0;2;0;0;2
83527942;"27/12/16";"Terça";"05:45:00";"PR";369;"144";"LONDRINA";"Animais na Pista";"Atropelamento de animal";"Com Vítimas Feridas";"Amanhecer";"Crescente";"Ceu Claro";"Dupla";"Reta";"Urbano";1;0;0;1;0;0;1;1