"id";"data_inversa";"dia_semana";"horario";"uf";"br";"km";"municipio";"causa_acidente";"tipo_acidente";"classificacao_acidente";"fase_dia";"sentido_via";"condicao_metereologica";"tipo_pista";"tracado_via";"uso_solo";"pessoas";"mortos";"feridos_leves";"feridos_graves";"ilesos";"ignorados";"feridos";"veiculos"
83528164;"27/12/16";"Terça";"17:30:00";"PR";277;"107,9";"CAMPO LARGO";"Não guardar distância de segurança";"Colisão lateral";"Com Vítimas Feridas";"Pleno dia";"Crescente";"Ceu Claro";"Dupla";"Reta";"Urbano";2;0;1;0;1;0;1;2
83528165;"27/12/16";"Terça";"18:25:00";"PR";163;"344";"GUAIRA";"Ingestão de álcool";"Colisão com bicicleta";"Com Vítimas Feridas";"Pleno dia";"Decrescente";"Nublado";"Simples";"Reta";"Rural";2;0;0;1;1;0;1;2
83528166;"27/12/16";"Terça";"17:00:00";"GO";40;"8,8";"LUZIANIA";"Falta de atenção";"Colisão com objeto fixo";"Com Vítimas Feridas";"Pleno dia";"Decrescente";"Chuva";"Dupla";"Reta";"Urbano";1;0;1;0;0;0;1;1
83528167;"27/12/16";"Terça";"16:40:00";"GO";60;"195";"GUAPO";"Outras";"Saída de Pista";"Com Vítimas Feridas";"Pleno dia";"Decrescente";"Chuva";"Dupla";"Curva";"Rural";5;0;1;0;4;0;1;1
83528168;"27/12/16";"Terça";"11:10:00";"PR";277;"288,8";"PRUDENTOPOLIS";"Velocidade incompatível";"Saída de Pista";"Com Vítimas Feridas";"Pleno dia";"Decrescente";"Sol";"Simples";"Reta";"Rural";5;0;2;0;3;0;2;1
83528169;"27/12/16";"Terça";"18:00:00";"SP";153;"256,5";"MARILIA";"Falta de atenção";"Colisão traseira";"Com Vítimas Feridas";"Pleno dia";"Crescente";"Nublado";"Dupla";"Reta";"Urbano";3;0;2;0;1;0;2;2
83528170;"20/07/16";"Quarta";"12:00:00";"RJ";116;"170";"SAO JOAO DE MERITI";"Defeito mecânico em veículo";"Incêndio";"Ignorado";"Pleno dia";"Decrescente";"Ceu Claro";"Dupla";"Reta";"Urbano";1;0;0;0;0;1;0;1
83528171;"27/12/16";"Terça";"12:05:00";"PR";277;"659";"MATELANDIA";"Velocidade incompatível";"Colisão traseira";"Com Vítimas Feridas";"Pleno dia";"Crescente";"Sol";"Dupla";"Curva";"Urbano";5;0;1;0;4;0;1;5
83528172;"27/12/16";"Terça";"18:30:00";"PR";376;"665";"GUARATUBA";"Velocidade incompatível";"Saída de Pista";"Sem Vítimas";"Pleno dia";"Crescente";"Chuva";"Dupla";"Curva";"Rural";1;0;0;0;1;0;0;1
83528173;"27/12/16";"Terça";"18:30:00";"PR";277;"3";"PARANAGUA";"Outras";"Danos Eventuais";"Com Vítimas Feridas";"Pleno dia";"Decrescente";"Chuva";"Simples";"Reta";"Urbano";1;0;0;1;0;0;1;1
83528174;"27/12/16";"Terça";"07:50:00";"MG";146;"518,6";"POCOS DE CALDAS";"Outras";"Colisão traseira";"Com Vítimas Feridas";"Pleno dia";"Crescente";"Sol";"Simples";"Reta";"Urbano";7;0;2;0;5;0;2;2
83528175;"27/12/16";"Terça";"14:00:00";"BA";101;"734,6";"ITABELA";"Outras";"Tombamento";"Com Vítimas Feridas";"Pleno dia";"Crescente";"Ceu Claro";"Simples";"Curva";"Rural";1;0;1;0;0;0;1;1
83528176;"27/12/16";"Terça";"17:30:00";"SC";282;"96,3";"ALFREDO WAGNER";"Velocidade incompatível";"Colisão lateral";"Sem Vítimas";"Pleno dia";"Crescente";"Ceu Claro";"Simples";"Curva";"Rural";2;0;0;0;2;0;0;2
83528177;"27/12/16";"Terça";"17:30:00";"MT";364;"576,5";"NOBRES";"Falta de atenção";"Saída de Pista";"Sem Vítimas";"Pleno dia";"Crescente";"Ceu Claro";"Simples";"Reta";"Rural";1;0;0;0;1;0;0;1
83528178;"27/12/16";"Terça";"16:00:00";"BA";367;"35";"PORTO SEGURO";"Desobediência à sinalização";"Colisão frontal";"Com Vítimas Feridas";"Anoitecer";"Decrescente";"Ceu Claro";"Simples";"Reta";"Urbano";3;0;0;2;1;0;2;2
83528179;"27/12/16";"Terça";"18:30:00";"MG";40;"614,3";"CONGONHAS";"Velocidade incompatível";"Colisão frontal";"Com Vítimas Feridas";"Pleno dia";"Decrescente";"Chuva";"Simples";"Curva";"Urbano";3;0;0;2;1;0;2;2
83528180;"27/12/16";"Terça";"16:40:00";"SC";470;"9,4";"NAVEGANTES";"Falta de atenção";"Colisão frontal";"Com Vítimas Feridas";"Pleno dia";"Crescente";"Nublado";"Simples";"Reta";"Urbano";3;0;2;1;0;0;3;2
83528181;"27/12/16";"Terça";"18:50:00";"SC";101;"50";"JOINVILLE";"Velocidade incompatível";"Capotamento";"Sem Vítimas";"Pleno dia";"Crescente";"Chuva";"Simples";"Curva";"Rural";1;0;0;0;1;0;0;1
83528182;"22/12/16";"Quinta";"14:00:00";"MG";116;"586";"MANHUACU";"Não guardar distância de segurança";"Colisão traseira";"Sem Vítimas";"Pleno dia";"Decrescente";"Ceu Claro";"Simples";"Reta";"Rural";3;0;0;0;3;0;0;3
83528183;"27/12/16";"Terça";"20:30:00";"RJ";101;"269";"RIO BONITO";"Outras";"Colisão com objeto fixo";"Sem Vítimas";"Plena noite";"Decrescente";"Ceu Claro";"Dupla";"Reta";"Urbano";1;0;0;0;1;0;0;1
83528184;"23/12/16";"Sexta";"17:40:00";"PA";155;"228";"ELDORADO DOS CARAJAS";"Defeito na via";"Colisão frontal";"Sem Vítimas";"Anoitecer";"Crescente";"Chuva";"Simples";"Reta";"Rural";2;0;0;0;2;0;0;2
83528185;"27/12/16";"Terça";"19:35:00";"RS";290;"86";"PORTO ALEGRE";"Ingestão de álcool";"Colisão lateral";"Sem Vítimas";"Anoitecer";"Crescente";"Chuva";"Dupla";"Reta";"Urbano";2;0;0;0;2;0;0;2
83528186;"21/12/16";"Quarta";"19:45:00";"PA";316;"57";"CASTANHAL";"Defeito mecânico em veículo";"Colisão traseira";"Sem Vítimas";"Plena noite";"Crescente";"Nublado";"Dupla";"Reta";"Rural";2;0;0;0;2;0;0;2
83528187;"27/12/16";"Terça";"15:45:00";"GO";40;"141,2";"CRISTALINA";"Outras";"Saída de Pista";"Sem Vítimas";"Pleno dia";"Decrescente";"Chuva";"Simples";"Curva";"Rural";1;0;0;0;1;0;0;1
83528188;"27/12/16";"Terça";"08:30:00";"MA";222;"606";"ACAILANDIA";"Velocidade incompatível";"Saída de Pista";"Sem Vítimas";"Pleno dia";"Decrescente";"Ceu Claro";"Simples";"Curva";"Rural";1;0;0;0;1;0;0;1
83528189;"27/12/16";"Terça";"16:00:00";"MG";262;"180";"SAO DOMINGOS DO PRATA";"Outras";"Saída de Pista";"Com Vítimas Feridas";"Pleno dia";"Decrescente";"Ceu Claro";"Simples";"Reta";"Rural";1;0;1;0;0;0;1;1
83528190;"27/12/16";"Terça";"13:30:00";"RS";101;"45";"TERRA DE AREIA";"Falta de atenção";"Colisão Transversal";"Com Vítimas Feridas";"Pleno dia";"Decrescente";"Nublado";"Simples";"Cruzamento";"Urbano";2;0;1;0;1;0;1;2
83528191;"27/12/16";"Terça";"14:00:00";"MG";262;"34";"MANHUACU";"Falta de atenção";"Colisão Transversal";"Com Vítimas Feridas";"Pleno dia";"Decrescente";"Sol";"Simples";"Cruzamento";"Urbano";2;0;1;0;1;0;1;2
83528192;"27/12/16";"Terça";"07:30:00";"RS";285;"643";"SANTO ANTONIO DAS MISSOES";"Velocidade incompatível";"Saída de Pista";"Com Vítimas Feridas";"Pleno dia";"Crescente";"Chuva";"Simples";"Reta";"Rural";1;0;1;0;0;0;1;1
83528193;"27/12/16";"Terça";"21:10:00";"PR";277;"122";"CAMPO LARGO";"Ingestão de álcool";"Colisão lateral";"Sem Vítimas";"Plena noite";"Crescente";"Ceu Claro";"Dupla";"Reta";"Rural";4;0;0;0;4;0;0;2
83528194;"15/12/16";"Quinta";"10:30:00";"SP";116;"222,2";"GUARULHOS";"Falta de atenção";"Colisão traseira";"Com Vítimas Feridas";"Pleno dia";"Decrescente";"Ceu Claro";"Múltipla";"Reta";"Urbano";3;0;1;0;2;0;1;3
83528195;"27/12/16";"Terça";"13:50:00";"MT";174;"547,1";"COMODORO";"Outras";"Saída de Pista";"Sem Vítimas";"Pleno dia";"Decrescente";"Sol";"Simples";"Reta";"Rural";2;0;0;0;2;0;0;1
83528196;"24/12/16";"Sábado";"11:40:00";"SP";381;"5";"VARGEM";"Outras";"Colisão com objeto fixo";"Com Vítimas Feridas";"Pleno dia";"Decrescente";"Sol";"Dupla";"Reta";"Urbano";1;0;1;0;0;0;1;1
83528197;"22/12/16";"Quinta";"21:00:00";"MT";158;"531";"AGUA BOA";"Ultrapassagem indevida";"Colisão frontal";"Com Vítimas Feridas";"Plena noite";"Crescente";"Ceu Claro";"Simples";"Curva";"Rural";6;0;4;1;1;0;5;3
83528198;"27/12/16";"Terça";"17:30:00";"RS";386;"145";"SARANDI";"Falta de atenção";"Colisão frontal";"Com Vítimas Feridas";"Pleno dia";"Decrescente";"Nublado";"Simples";"Curva";"Rural";2;0;2;0;0;0;2;2
83528199;"23/12/16";"Sexta";"19:00:00";"MG";381;"163,5";"GOVERNADOR VALADARES";"Não guardar distância de segurança";"Colisão traseira";"Com Vítimas Feridas";"Pleno dia";"Decrescente";"Ceu Claro";"Simples";"Reta";"Rural";2;0;0;1;1;0;1;2
83528200;"27/12/16";"Terça";"15:30:00";"PB";230;"33,7";"BAYEUX";"Outras";"Colisão traseira";"Sem Vítimas";"Pleno dia";"Decrescente";"Ceu Claro";"Dupla";"Reta";"Urbano";3;0;0;0;3;0;0;3
83528201;"27/12/16";"Terça";"19:10:00";"SC";101;"92";"BARRA VELHA";"Velocidade incompatível";"Colisão traseira";"Sem Vítimas";"Anoitecer";"Crescente";"Chuva";"Dupla";"Reta";"Rural";6;0;0;0;6;0;0;6
83528202;"19/12/16";"Segunda";"13:30:00";"SP";116;"0";"GUARULHOS";"Não guardar distância de segurança";"Colisão traseira";"Com Vítimas Feridas";"Pleno dia";"Decrescente";"Ceu Claro";"Dupla";"Curva";"Urbano";2;0;1;0;1;0;1;2
83528203;"27/12/16";"Terça";"17:00:00";"BA";116;"820,9";"VITORIA DA CONQUISTA";"Ingestão de álcool";"Colisão com objeto fixo";"Ignorado";"Pleno dia";"Crescente";"Ceu Claro";"Simples";"Reta";"Urbano";1;0;0;0;0;1;0;1
83528204;"27/12/16";"Terça";"15:55:00";"SC";280;"55";"GUARAMIRIM";"Falta de atenção";"Colisão Transversal";"Com Vítimas Feridas";"Pleno dia";"Crescente";"Ceu Claro";"Simples";"Reta";"Urbano";3;0;1;0;1;1;1;2
83528205;"27/12/16";"Terça";"14:30:00";"PR";277;"101";"CURITIBA";"Não guardar distância de segurança";"Colisão traseira";"Com Vítimas Feridas";"Pleno dia";"Decrescente";"Sol";"Dupla";"Reta";"Rural";3;0;1;0;2;0;1;2
83528206;"23/12/16";"Sexta";"12:20:00";"MG";381;"278";"JAGUARACU";"Ultrapassagem indevida";"Colisão frontal";"Com Vítimas Feridas";"Pleno dia";"Crescente";"Ceu Claro";"Simples";"Reta";"Rural";4;0;1;0;3;0;1;2
83528207;"27/12/16";"Terça";"06:40:00";"PR";153;"465";"PORTO VITORIA";"Falta de atenção";"Saída de Pista";"Com Vítimas Feridas";"Amanhecer";"Crescente";"Ceu Claro";"Simples";"Reta";"Rural";1;0;1;0;0;0;1;1
83528209;"27/12/16";"Terça";"18:15:00";"SC";101;"235";"PALHOCA";"Falta de atenção";"Colisão traseira";"Sem Vítimas";"Pleno dia";"Decrescente";"Nublado";"Dupla";"Reta";"Urbano";5;0;0;0;5;0;0;5
83528210;"27/12/16";"Terça";"15:35:00";"MG";381;"321";"NOVA ERA";"Falta de atenção";"Colisão traseira";"Com Vítimas Fatais";"Pleno dia";"Decrescente";"Ceu Claro";"Simples";"Curva";"Urbano";5;1;3;0;1;0;3;2
83528211;"27/12/16";"Terça";"21:30:00";"SC";282;"21,8";"PALHOCA";"Não guardar distância de segurança";"Colisão traseira";"Sem Vítimas";"Plena noite";"Crescente";"Chuva";"Simples";"Reta";"Urbano";2;0;0;0;2;0;0;2
83528212;"27/12/16";"Terça";"16:09:00";"SC";116;"50,7";"PAPANDUVA";"Falta de atenção";"Saída de Pista";"Com Vítimas Feridas";"Plena noite";"Decrescente";"Chuva";"Simples";"Reta";"Rural";1;0;1;0;0;0;1;1
83528213;"23/12/16";"Sexta";"19:00:00";"SP";116;"212";"GUARULHOS";"Falta de atenção";"Colisão lateral";"Com Vítimas Feridas";"Anoitecer";"Decrescente";"Chuva";"Múltipla";"Reta";"Urbano";2;0;1;0;0;1;1;2
83528214;"27/12/16";"Terça";"19:00:00";"MS";158;"327";"BRASILANDIA";"Ingestão de álcool";"Colisão com objeto fixo";"Com Vítimas Feridas";"Anoitecer";"Decrescente";"Ceu Claro";"Simples";"Reta";"Rural";1;0;1;0;0;0;1;1
83528215;"23/12/16";"Sexta";"15:00:00";"SP";116;"210";"GUARULHOS";"Falta de atenção";"Colisão lateral";"Com Vítimas Feridas";"Pleno dia";"Decrescente";"Nublado";"Simples";"Reta";"Urbano";3;0;2;0;1;0;2;2
83528217;"27/12/16";"Terça";"09:20:00";"PB";230;"20";"JOAO PESSOA";"Não guardar distância de segurança";"Colisão traseira";"Sem Vítimas";"Pleno dia";"Crescente";"Ceu Claro";"Dupla";"Curva";"Urbano";2;0;0;0;2;0;0;2
83528218;"27/12/16";"Terça";"14:00:00";"BA";242;"550";"OLIVEIRA DOS BREJINHOS";"Defeito mecânico em veículo";"Incêndio";"Sem Vítimas";"Pleno dia";"Crescente";"Nublado";"Simples";"Curva";"Rural";1;0;0;0;1;0;0;1
83528219;"27/12/16";"Terça";"13:30:00";"MG";381;"361";"JOAO MONLEVADE";"Outras";"Colisão com objeto móvel";"Sem Vítimas";"Pleno dia";"Crescente";"Ceu Claro";"Simples";"Reta";"Rural";3;0;0;0;3;0;0;3
83528220;"23/12/16";"Sexta";"21:00:00";"SP";116;"222,3";"GUARULHOS";"Outras";"Colisão traseira";"Sem Vítimas";"Plena noite";"Decrescente";"Nublado";"Múltipla";"Reta";"Urbano";3;0;0;0;2;1;0;3
83528221;"27/12/16";"Terça";"21:10:00";"MS";163;"259,9";"DOURADOS";"Ingestão de álcool";"Atropelamento de pessoa";"Com Vítimas Feridas";"Plena noite";"Decrescente";"Ceu Claro";"Dupla";"Reta";"Urbano";2;0;1;0;0;1;1;1
83528222;"27/12/16";"Terça";"17:20:00";"RN";101;"101";"PARNAMIRIM";"Não guardar distância de segurança";"Colisão traseira";"Sem Vítimas";"Pleno dia";"Decrescente";"Ceu Claro";"Múltipla";"Reta";"Urbano";3;0;0;0;3;0;0;2
83528223;"27/12/16";"Terça";"20:30:00";"PE";232;"76,6";"GRAVATA";"Animais na Pista";"Atropelamento de animal";"Sem Vítimas";"Plena noite";"Crescente";"Ceu Claro";"Dupla";"Reta";"Urbano";1;0;0;0;1;0;0;1
83528224;"27/12/16";"Terça";"21:00:00";"MG";50;"67";"UBERLANDIA";"Outras";"Colisão traseira";"Com Vítimas Feridas";"Pleno dia";"Crescente";"Chuva";"Dupla";"Cruzamento";"Urbano";2;0;2;0;0;0;2;2
83528225;"27/12/16";"Terça";"11:40:00";"BA";407;"45";"JUAZEIRO";"Defeito mecânico em veículo";"Capotamento";"Sem Vítimas";"Pleno dia";"Decrescente";"Ceu Claro";"Simples";"Reta";"Rural";2;0;0;0;2;0;0;1
83528226;"27/12/16";"Terça";"16:45:00";"PR";277;"8";"PARANAGUA";"Ingestão de álcool";"Saída de Pista";"Com Vítimas Feridas";"Pleno dia";"Decrescente";"Nublado";"Dupla";"Reta";"Rural";2;0;1;1;0;0;2;1
83528227;"24/12/16";"Sábado";"01:50:00";"RJ";101;"63";"CAMPOS DOS GOYTACAZES";"Desobediência à sinalização";"Colisão Transversal";"Com Vítimas Feridas";"Plena noite";"Decrescente";"Ceu Claro";"Simples";"Cruzamento";"Urbano";3;0;1;0;2;0;1;2
83528228;"27/12/16";"Terça";"20:00:00";"CE";116;"54";"PACAJUS";"Ingestão de álcool";"Queda de motocicleta / bicicleta / veículo";"Com Vítimas Feridas";"Plena noite";"Decrescente";"Ceu Claro";"Simples";"Curva";"Rural";1;0;1;0;0;0;1;1
83528229;"27/12/16";"Terça";"20:00:00";"MS";60;"160";"CAMAPUA";"Animais na Pista";"Atropelamento de animal";"Sem Vítimas";"Plena noite";"Crescente";"Ceu Claro";"Simples";"Reta";"Rural";1;0;0;0;1;0;0;1
83528230;"27/12/16";"Terça";"22:40:00";"PR";369;"209";"APUCARANA";"Outras";"Colisão com bicicleta";"Com Vítimas Feridas";"Plena noite";"Crescente";"Ceu Claro";"Dupla";"Reta";"Urbano";2;0;1;0;0;1;1;2
83528231;"27/12/16";"Terça";"20:10:00";"RS";470;"255,5";"SALVADOR DO SUL";"Velocidade incompatível";"Saída de Pista";"Com Vítimas Feridas";"Anoitecer";"Crescente";"Nevoeiro/neblina";"Simples";"Curva";"Rural";1;0;1;0;0;0;1;1
83528232;"27/12/16";"Terça";"22:25:00";"RS";116;"167";"CAXIAS DO SUL";"Velocidade incompatível";"Colisão com objeto fixo";"Com Vítimas Feridas";"Plena noite";"Decrescente";"Nublado";"Simples";"Curva";"Rural";1;0;1;0;0;0;1;1
83528233;"19/12/16";"Segunda";"09:45:00";"PI";316;"186";"VALENCA DO PIAUI";"Dormindo";"Colisão lateral";"Com Vítimas Feridas";"Pleno dia";"Crescente";"Nublado";"Simples";"Reta";"Rural";6;0;1;0;5;0;1;2
83528234;"23/12/16";"Sexta";"18:00:00";"SP";116;"212";"GUARULHOS";"Não guardar distância de segurança";"Colisão traseira";"Sem Vítimas";"Pleno dia";"Crescente";"Chuva";"Múltipla";"Reta";"Urbano";2;0;0;0;2;0;0;2
83528235;"27/12/16";"Terça";"23:15:00";"MG";381;"479,3";"CONTAGEM";"Ingestão de álcool";"Atropelamento de pessoa";"Com Vítimas Feridas";"Plena noite";"Crescente";"Ceu Claro";"Múltipla";"Reta";"Urbano";2;0;0;1;0;1;1;1
83528236;"27/12/16";"Terça";"16:15:00";"TO";153;"183,9";"NOVA OLINDA";"Desobediência à sinalização";"Colisão traseira";"Com Vítimas Fatais";"Pleno dia";"Decrescente";"Sol";"Simples";"Reta";"Rural";4;2;0;0;2;0;0;3
83528237;"27/12/16";"Terça";"23:20:00";"RN";406;"167";"CEARA-MIRIM";"Outras";"Saída de Pista";"Com Vítimas Fatais";"Plena noite";"Decrescente";"Ceu Claro";"Simples";"Reta";"Urbano";1;1;0;0;0;0;0;1
83528238;"27/12/16";"Terça";"23:35:00";"PE";232;"402,2";"SERRA TALHADA";"Dormindo";"Tombamento";"Sem Vítimas";"Plena noite";"Decrescente";"Nublado";"Simples";"Curva";"Rural";1;0;0;0;1;0;0;1
83528239;"27/12/16";"Terça";"21:30:00";"RS";290;"2,1";"OSORIO";"Falta de atenção";"Atropelamento de pessoa";"Com Vítimas Fatais";"Plena noite";"Decrescente";"Nublado";"Dupla";"Reta";"Rural";3;1;0;0;2;0;0;1
83528240;"27/12/16";"Terça";"17:40:00";"MG";381;"938";"EXTREMA";"Falta de atenção";"Colisão Transversal";"Com Vítimas Feridas";"Pleno dia";"Decrescente";"Nublado";"Dupla";"Curva";"Rural";3;0;1;1;1;0;2;2
83528241;"27/12/16";"Terça";"17:20:00";"RS";470;"199,1";"BENTO GONCALVES";"Defeito mecânico em veículo";"Capotamento";"Sem Vítimas";"Pleno dia";"Crescente";"Ceu Claro";"Simples";"Curva";"Rural";4;0;0;0;4;0;0;1
83528242;"27/12/16";"Terça";"19:30:00";"MT";70;"83,4";"GENERAL CARNEIRO";"Velocidade incompatível";"Saída de Pista";"Com Vítimas Feridas";"Plena noite";"Crescente";"Ceu Claro";"Simples";"Curva";"Rural";4;0;1;3;0;0;4;1
83528243;"27/12/16";"Terça";"14:15:00";"MG";381;"168,9";"GOVERNADOR VALADARES";"Ultrapassagem indevida";"Colisão frontal";"Com Vítimas Fatais";"Pleno dia";"Crescente";"Sol";"Simples";"Reta";"Rural";2;1;0;0;0;1;0;2
83528244;"27/12/16";"Terça";"02:10:00";"RS";470;"155";"NOVA PRATA";"Dormindo";"Saída de Pista";"Com Vítimas Feridas";"Plena noite";"Decrescente";"Nublado";"Simples";"Curva";"Urbano";2;0;2;0;0;0;2;1
83528245;"28/12/16";"Quarta";"00:30:00";"BA";101;"911,2";"NOVA VICOSA";"Outras";"Saída de Pista";"Com Vítimas Feridas";"Plena noite";"Decrescente";"Ceu Claro";"Simples";"Curva";"Rural";2;0;2;0;0;0;2;1
83528246;"27/12/16";"Terça";"17:00:00";"MA";226;"360";"BARRA DO CORDA";"Outras";"Capotamento";"Com Vítimas Feridas";"Pleno dia";"Decrescente";"Ceu Claro";"Simples";"Reta";"Rural";4;0;1;1;1;1;2;2
83528247;"27/12/16";"Terça";"22:15:00";"SC";101;"88,9";"BARRA VELHA";"Outras";"Saída de Pista";"Sem Vítimas";"Plena noite";"Crescente";"Chuva";"Simples";"Reta";"Urbano";1;0;0;0;1;0;0;1
83528248;"27/12/16";"Terça";"11:20:00";"RO";364;"305,6";"PRESIDENTE MEDICI";"Desobediência à sinalização";"Colisão frontal";"Com Vítimas Feridas";"Pleno dia";"Decrescente";"Ceu Claro";"Simples";"Reta";"Rural";5;0;1;0;4;0;1;2
83528249;"27/12/16";"Terça";"17:35:00";"SC";470;"11";"NAVEGANTES";"Ultrapassagem indevida";"Colisão lateral";"Com Vítimas Feridas";"Pleno dia";"Crescente";"Nublado";"Simples";"Reta";"Rural";2;0;0;1;0;1;1;2
83528250;"27/12/16";"Terça";"19:30:00";"BA";407;"45";"JUAZEIRO";"Ultrapassagem indevida";"Saída de Pista";"Sem Vítimas";"Plena noite";"Decrescente";"Ceu Claro";"Simples";"Reta";"Rural";1;0;0;0;1;0;0;1
83528251;"24/12/16";"Sábado";"06:30:00";"PR";373;"199";"IPIRANGA";"Ingestão de álcool";"Saída de Pista";"Com Vítimas Feridas";"Amanhecer";"Crescente";"Ceu Claro";"Simples";"Reta";"Rural";1;0;1;0;0;0;1;1
83528252;"25/12/16";"Domingo";"13:40:00";"PA";316;"2";"BELEM";"Ingestão de álcool";"Colisão traseira";"Sem Vítimas";"Pleno dia";"Decrescente";"Nublado";"Dupla";"Reta";"Urbano";2;0;0;0;2;0;0;2
83528253;"27/12/16";"Terça";"21:15:00";"ES";101;"266";"SERRA";"Falta de atenção";"Atropelamento de pessoa";"Com Vítimas Feridas";"Plena noite";"Decrescente";"Ceu Claro";"Múltipla";"Reta";"Urbano";2;0;1;1;0;0;2;1
83528254;"27/12/16";"Terça";"14:20:00";"MG";40;"349";"FELIXLANDIA";"Dormindo";"Capotamento";"Com Vítimas Feridas";"Pleno dia";"Decrescente";"Ceu Claro";"Simples";"Reta";"Rural";3;0;2;0;1;0;2;1
83528255;"28/12/16";"Quarta";"04:30:00";"RJ";101;"397";"ITAGUAI";"Animais na Pista";"Atropelamento de animal";"Sem Vítimas";"Plena noite";"Decrescente";"Ceu Claro";"Dupla";"Reta";"Urbano";1;0;0;0;1;0;0;1
83528256;"23/12/16";"Sexta";"15:00:00";"MG";381;"455";"BELO HORIZONTE";"Falta de atenção";"Colisão Transversal";"Sem Vítimas";"Pleno dia";"Crescente";"Ceu Claro";"Simples";"Reta";"Urbano";2;0;0;0;2;0;0;2
83528257;"28/12/16";"Quarta";"03:15:00";"SC";101;"290";"IMBITUBA";"Dormindo";"Saída de Pista";"Com Vítimas Feridas";"Plena noite";"Decrescente";"Nublado";"Dupla";"Reta";"Rural";2;0;2;0;0;0;2;1
83528258;"27/12/16";"Terça";"19:00:00";"RJ";116;"173";"BELFORD ROXO";"Falta de atenção";"Colisão com objeto fixo";"Com Vítimas Feridas";"Anoitecer";"Crescente";"Ceu Claro";"Dupla";"Reta";"Urbano";2;0;2;0;0;0;2;1
83528259;"27/10/16";"Quinta";"08:30:00";"MG";251;"324";"SALINAS";"Defeito mecânico em veículo";"Incêndio";"Sem Vítimas";"Pleno dia";"Decrescente";"Ceu Claro";"Simples";"Curva";"Rural";1;0;0;0;1;0;0;1
83528260;"28/12/16";"Quarta";"02:00:00";"RS";386;"408,5";"TRIUNFO";"Dormindo";"Saída de Pista";"Sem Vítimas";"Plena noite";"Crescente";"Chuva";"Simples";"Curva";"Rural";1;0;0;0;1;0;0;1
83528261;"27/12/16";"Terça";"08:00:00";"MG";251;"370";"GRAO MOGOL";"Velocidade incompatível";"Saída de Pista";"Com Vítimas Feridas";"Pleno dia";"Decrescente";"Ceu Claro";"Simples";"Reta";"Rural";2;0;2;0;0;0;2;1
83528262;"27/12/16";"Terça";"14:30:00";"SP";116;"283,7";"EMBU";"Outras";"Colisão lateral";"Com Vítimas Feridas";"Pleno dia";"Crescente";"Ceu Claro";"Dupla";"Reta";"Urbano";3;0;2;1;0;0;3;2
83528263;"07/12/16";"Quarta";"12:30:00";"BA";101;"181";"SAO GONCALO DOS CAMPOS";"Outras";"Tombamento";"Sem Vítimas";"Pleno dia";"Crescente";"Ceu Claro";"Simples";"Reta";"Rural";2;0;0;0;2;0;0;1
83528264;"23/12/16";"Sexta";"20:00:00";"BA";101;"879";"TEIXEIRA DE FREITAS";"Outras";"Atropelamento de animal";"Com Vítimas Feridas";"Plena noite";"Decrescente";"Ceu Claro";"Simples";"Reta";"Urbano";1;0;0;1;0;0;1;1
83528265;"27/12/16";"Terça";"19:16:00";"RO";364;"710";"PORTO VELHO";"Falta de atenção";"Colisão Transversal";"Com Vítimas Feridas";"Plena noite";"Decrescente";"Nublado";"Dupla";"Reta";"Urbano";2;0;1;0;1;0;1;2
83528266;"23/12/16";"Sexta";"18:50:00";"MG";381;"452";"SABARA";"Falta de atenção";"Colisão traseira";"Com Vítimas Feridas";"Pleno dia";"Crescente";"Ceu Claro";"Simples";"Curva";"Urbano";2;0;1;0;1;0;1;2
83528267;"29/05/16";"Domingo";"08:55:00";"RJ";116;"185";"NOVA IGUACU";"Desobediência à sinalização";"Colisão traseira";"Com Vítimas Feridas";"Pleno dia";"Crescente";"Sol";"Dupla";"Reta";"Urbano";3;0;1;0;2;0;1;2
83528268;"27/12/16";"Terça";"16:35:00";"MG";381;"481,2";"CONTAGEM";"Não guardar distância de segurança";"Tombamento";"Com Vítimas Feridas";"Pleno dia";"Crescente";"Sol";"Múltipla";"Reta";"Urbano";1;0;1;0;0;0;1;1
83528269;"28/12/16";"Quarta";"01:10:00";"SC";101;"179,5";"BIGUACU";"Ingestão de álcool";"Colisão Transversal";"Com Vítimas Feridas";"Plena noite";"Decrescente";"Nublado";"Múltipla";"Reta";"Urbano";2;0;1;0;1;0;1;2
83528270;"22/12/16";"Quinta";"07:40:00";"TO";153;"718";"FIGUEIROPOLIS";"Defeito mecânico em veículo";"Incêndio";"Sem Vítimas";"Pleno dia";"Decrescente";"Ceu Claro";"Simples";"Reta";"Urbano";1;0;0;0;1;0;0;1
83528271;"28/12/16";"Quarta";"02:30:00";"BA";101;"450";"AURELINO LEAL";"Dormindo";"Tombamento";"Com Vítimas Feridas";"Plena noite";"Decrescente";"Ceu Claro";"Simples";"Reta";"Rural";1;0;1;0;0;0;1;1
83528272;"15/09/16";"Quinta";"11:20:00";"ES";101;"291,3";"CARIACICA";"Velocidade incompatível";"Queda de motocicleta / bicicleta / veículo";"Com Vítimas Fatais";"Pleno dia";"Decrescente";"Ceu Claro";"Dupla";"Reta";"Urbano";1;1;0;0;0;0;0;1
83528273;"23/12/16";"Sexta";"17:10:00";"PR";116;"39";"CAMPINA GRANDE DO SUL";"Velocidade incompatível";"Capotamento";"Sem Vítimas";"Pleno dia";"Crescente";"Nublado";"Múltipla";"Curva";"Rural";2;0;0;0;2;0;0;1