"id";"data_inversa";"dia_semana";"horario";"uf";"br";"km";"municipio";"causa_acidente";"tipo_acidente";"classificacao_acidente";"fase_dia";"sentido_via";"condicao_metereologica";"tipo_pista";"tracado_via";"uso_solo";"pessoas";"mortos";"feridos_leves";"feridos_graves";"ilesos";"ignorados";"feridos";"veiculos"
83528498;"28/12/16";"Quarta";"12:30:00";"GO";60;"84,4";"ANAPOLIS";"Dormindo";"Saída de Pista";"Com Vítimas Feridas";"Pleno dia";"Decrescente";"Sol";"Dupla";"Reta";"Rural";1;0;1;0;0;0;1;1
83528499;"28/12/16";"Quarta";"18:20:00";"MG";40;"561";"NOVA LIMA";"Não guardar distância de segurança";"Colisão traseira";"Com Vítimas Feridas";"Pleno dia";"Crescente";"Ceu Claro";"Dupla";"Reta";"Urbano";2;0;0;1;1;0;1;2
83528500;"28/12/16";"Quarta";"07:30:00";"PB";101;"108,8";"ALHANDRA";"Defeito na via";"Colisão com objeto fixo";"Sem Vítimas";"Pleno dia";"Decrescente";"Chuva";"Dupla";"Reta";"Urbano";1;0;0;0;1;0;0;1
83528501;"28/12/16";"Quarta";"17:20:00";"MT";70;"580";"POCONE";"Outras";"Saída de Pista";"Com Vítimas Feridas";"Pleno dia";"Decrescente";"Chuva";"Simples";"Curva";"Rural";1;0;0;1;0;0;1;1
83528502;"24/12/16";"Sábado";"21:00:00";"PE";232;"99";"BEZERROS";"Outras";"Capotamento";"Com Vítimas Feridas";"Plena noite";"Decrescente";"Ceu Claro";"Dupla";"Reta";"Urbano";1;0;1;0;0;0;1;1
83528503;"28/12/16";"Quarta";"18:45:00";"SP";381;"70";"MAIRIPORA";"Velocidade incompatível";"Colisão lateral";"Com Vítimas Feridas";"Plena noite";"Crescente";"Nublado";"Dupla";"Reta";"Urbano";3;0;1;0;2;0;1;2
83528504;"28/12/16";"Quarta";"11:00:00";"SP";116;"480";"JACUPIRANGA";"Outras";"Capotamento";"Com Vítimas Fatais";"Pleno dia";"Crescente";"Sol";"Simples";"Reta";"Rural";3;1;1;1;0;0;2;1
83528505;"28/12/16";"Quarta";"22:00:00";"RS";101;"30";"TRES CACHOEIRAS";"Falta de atenção";"Saída de Pista";"Sem Vítimas";"Plena noite";"Decrescente";"Chuva";"Dupla";"Reta";"Rural";1;0;0;0;1;0;0;1
83528506;"28/12/16";"Quarta";"22:10:00";"BA";116;"560";"NOVA ITARANA";"Outras";"Saída de Pista";"Com Vítimas Feridas";"Plena noite";"Crescente";"Ceu Claro";"Simples";"Reta";"Rural";1;0;1;0;0;0;1;1
83528507;"28/12/16";"Quarta";"19:15:00";"PA";10;"274,3";"MAE DO RIO";"Animais na Pista";"Atropelamento de animal";"Com Vítimas Feridas";"Plena noite";"Decrescente";"Ignorada";"Simples";"Reta";"Rural";1;0;1;0;0;0;1;1
83528508;"28/12/16";"Quarta";"23:00:00";"RS";386;"105,3";"SARANDI";"Não guardar distância de segurança";"Colisão traseira";"Com Vítimas Feridas";"Plena noite";"Crescente";"Ceu Claro";"Simples";"Reta";"Rural";3;0;2;0;1;0;2;2
83528509;"28/12/16";"Quarta";"21:05:00";"RN";101;"79,7";"NATAL";"Velocidade incompatível";"Colisão traseira";"Com Vítimas Feridas";"Plena noite";"Crescente";"Chuva";"Dupla";"Reta";"Urbano";2;0;0;1;1;0;1;2
83528510;"28/12/16";"Quarta";"16:30:00";"RN";101;"70";"EXTREMOZ";"Falta de atenção";"Colisão lateral";"Com Vítimas Feridas";"Pleno dia";"Crescente";"Ceu Claro";"Simples";"Reta";"Rural";2;0;1;0;1;0;1;2
83528511;"28/12/16";"Quarta";"18:30:00";"MT";364;"164";"PEDRA PRETA";"Defeito mecânico em veículo";"Tombamento";"Sem Vítimas";"Pleno dia";"Crescente";"Ceu Claro";"Simples";"Reta";"Rural";1;0;0;0;1;0;0;1
83528512;"28/12/16";"Quarta";"21:40:00";"GO";60;"128,5";"GOIANAPOLIS";"Outras";"Colisão traseira";"Com Vítimas Feridas";"Plena noite";"Crescente";"Nublado";"Dupla";"Reta";"Rural";2;0;0;1;1;0;1;2
83528513;"28/12/16";"Quarta";"20:00:00";"BA";116;"550";"MILAGRES";"Ultrapassagem indevida";"Saída de Pista";"Sem Vítimas";"Plena noite";"Crescente";"Ceu Claro";"Simples";"Curva";"Rural";2;0;0;0;2;0;0;1
83528514;"28/12/16";"Quarta";"16:30:00";"SC";101;"372,5";"ICARA";"Falta de atenção";"Capotamento";"Com Vítimas Feridas";"Pleno dia";"Decrescente";"Nublado";"Dupla";"Reta";"Rural";4;0;4;0;0;0;4;1
83528515;"24/12/16";"Sábado";"21:30:00";"GO";60;"24";"ALEXANIA";"Velocidade incompatível";"Capotamento";"Ignorado";"Plena noite";"Crescente";"Ceu Claro";"Dupla";"Reta";"Rural";1;0;0;0;0;1;0;1
83528516;"28/12/16";"Quarta";"20:15:00";"SC";116;"247,8";"LAGES";"Ingestão de álcool";"Colisão Transversal";"Com Vítimas Feridas";"Anoitecer";"Crescente";"Chuva";"Simples";"Reta";"Urbano";3;0;2;0;1;0;2;2
83528517;"28/12/16";"Quarta";"23:30:00";"SC";101;"38";"JOINVILLE";"Falta de atenção";"Colisão traseira";"Sem Vítimas";"Plena noite";"Decrescente";"Ceu Claro";"Dupla";"Reta";"Urbano";2;0;0;0;2;0;0;2
83528519;"28/12/16";"Quarta";"20:00:00";"RO";364;"331";"JI-PARANA";"Outras";"Atropelamento de pessoa";"Com Vítimas Feridas";"Plena noite";"Decrescente";"Ignorada";"Simples";"Reta";"Urbano";3;0;3;0;0;0;3;1
83528520;"23/12/16";"Sexta";"17:00:00";"MG";381;"601";"CARMOPOLIS DE MINAS";"Dormindo";"Colisão traseira";"Com Vítimas Feridas";"Pleno dia";"Crescente";"Sol";"Dupla";"Curva";"Rural";2;0;1;0;1;0;1;2
83528521;"28/12/16";"Quarta";"19:30:00";"PE";232;"144,7";"SAO CAITANO";"Desobediência à sinalização";"Colisão Transversal";"Com Vítimas Feridas";"Plena noite";"Crescente";"Ceu Claro";"Dupla";"Reta";"Rural";2;0;0;1;1;0;1;2
83528522;"28/12/16";"Quarta";"22:00:00";"PE";101;"77";"RECIFE";"Não guardar distância de segurança";"Colisão traseira";"Com Vítimas Feridas";"Plena noite";"Crescente";"Ceu Claro";"Dupla";"Reta";"Urbano";4;0;1;0;3;0;1;3
83528523;"28/12/16";"Quarta";"16:30:00";"MT";364;"349,7";"SANTO ANTONIO DO LEVERGER";"Defeito mecânico em veículo";"Saída de Pista";"Com Vítimas Feridas";"Pleno dia";"Crescente";"Ceu Claro";"Dupla";"Curva";"Rural";3;0;1;0;2;0;1;2
83528524;"25/12/16";"Domingo";"04:30:00";"MA";135;"56";"BACABEIRA";"Falta de atenção";"Colisão traseira";"Com Vítimas Fatais";"Plena noite";"Decrescente";"Nublado";"Simples";"Reta";"Urbano";2;1;1;0;0;0;1;2
83528525;"28/12/16";"Quarta";"23:20:00";"MG";262;"773";"UBERABA";"Falta de atenção";"Colisão Transversal";"Com Vítimas Feridas";"Plena noite";"Decrescente";"Nublado";"Simples";"Cruzamento";"Rural";5;0;1;1;3;0;2;2
83528526;"27/12/16";"Terça";"16:20:00";"AM";174;"1046,2";"PRESIDENTE FIGUEIREDO";"Defeito mecânico em veículo";"Saída de Pista";"Ignorado";"Pleno dia";"Decrescente";"Chuva";"Simples";"Reta";"Rural";1;0;0;0;0;1;0;1
83528527;"28/12/16";"Quarta";"12:00:00";"SP";116;"149,7";"SAO JOSE DOS CAMPOS";"Defeito mecânico em veículo";"Queda de motocicleta / bicicleta / veículo";"Com Vítimas Feridas";"Pleno dia";"Crescente";"Ceu Claro";"Dupla";"Reta";"Urbano";1;0;0;1;0;0;1;1
83528528;"28/12/16";"Quarta";"14:50:00";"PR";116;"106";"SAO JOSE DOS PINHAIS";"Não guardar distância de segurança";"Colisão traseira";"Com Vítimas Feridas";"Pleno dia";"Decrescente";"Ceu Claro";"Dupla";"Reta";"Urbano";2;0;0;1;1;0;1;2
83528529;"28/12/16";"Quarta";"20:05:00";"PR";476;"122";"CURITIBA";"Falta de atenção";"Colisão Transversal";"Sem Vítimas";"Plena noite";"Crescente";"Nublado";"Dupla";"Reta";"Urbano";2;0;0;0;2;0;0;2
83528530;"28/12/16";"Quarta";"22:10:00";"ES";262;"28,5";"VIANA";"Velocidade incompatível";"Colisão traseira";"Com Vítimas Feridas";"Plena noite";"Decrescente";"Ceu Claro";"Simples";"Reta";"Rural";4;0;0;2;2;0;2;3
83528531;"28/12/16";"Quarta";"17:40:00";"SP";116;"227";"SAO PAULO";"Velocidade incompatível";"Colisão com objeto fixo";"Sem Vítimas";"Pleno dia";"Decrescente";"Sol";"Múltipla";"Reta";"Urbano";1;0;0;0;1;0;0;1
83528532;"25/12/16";"Domingo";"01:06:00";"AC";364;"137";"RIO BRANCO";"Desobediência à sinalização";"Colisão com objeto móvel";"Com Vítimas Feridas";"Plena noite";"Decrescente";"Ceu Claro";"Dupla";"Cruzamento";"Urbano";2;0;2;0;0;0;2;1
83528533;"09/12/16";"Sexta";"20:00:00";"MA";135;"114";"MIRANDA DO NORTE";"Velocidade incompatível";"Capotamento";"Com Vítimas Feridas";"Plena noite";"Crescente";"Ignorada";"Simples";"Reta";"Rural";1;0;1;0;0;0;1;1
83528534;"28/12/16";"Quarta";"11:00:00";"AC";364;"32";"RIO BRANCO";"Desobediência à sinalização";"Colisão frontal";"Com Vítimas Feridas";"Pleno dia";"Crescente";"Ceu Claro";"Simples";"Reta";"Rural";5;0;0;5;0;0;5;2
83528535;"29/12/16";"Quinta";"00:15:00";"GO";40;"2";"VALPARAISO DE GOIAS";"Ingestão de álcool";"Colisão Transversal";"Sem Vítimas";"Plena noite";"Crescente";"Nublado";"Dupla";"Reta";"Urbano";2;0;0;0;2;0;0;2
83528536;"24/12/16";"Sábado";"20:40:00";"BA";324;"587";"CANDEIAS";"Dormindo";"Capotamento";"Com Vítimas Feridas";"Plena noite";"Crescente";"Nublado";"Dupla";"Reta";"Rural";1;0;1;0;0;0;1;1
83528537;"29/12/16";"Quinta";"01:10:00";"RN";406;"167";"SAO GONCALO DO AMARANTE";"Outras";"Queda de motocicleta / bicicleta / veículo";"Com Vítimas Feridas";"Plena noite";"Crescente";"Chuva";"Dupla";"Reta";"Urbano";1;0;0;1;0;0;1;1
83528538;"28/12/16";"Quarta";"14:00:00";"RN";101;"99";"NATAL";"Não guardar distância de segurança";"Colisão traseira";"Com Vítimas Feridas";"Pleno dia";"Decrescente";"Nublado";"Dupla";"Reta";"Urbano";2;0;0;1;1;0;1;2
83528539;"28/12/16";"Quarta";"17:30:00";"SC";101;"131,4";"BALNEARIO CAMBORIU";"Falta de atenção";"Colisão Transversal";"Com Vítimas Feridas";"Pleno dia";"Decrescente";"Ceu Claro";"Simples";"Reta";"Urbano";3;0;1;0;0;2;1;3
83528540;"28/12/16";"Quarta";"16:00:00";"RN";226;"2";"NATAL";"Não guardar distância de segurança";"Colisão traseira";"Com Vítimas Feridas";"Pleno dia";"Decrescente";"Nublado";"Simples";"Cruzamento";"Urbano";5;0;1;1;3;0;2;4
83528541;"28/12/16";"Quarta";"20:20:00";"ES";101;"132,5";"LINHARES";"Outras";"Queda de motocicleta / bicicleta / veículo";"Com Vítimas Feridas";"Plena noite";"Decrescente";"Ceu Claro";"Simples";"Reta";"Rural";1;0;1;0;0;0;1;1
83528542;"29/12/16";"Quinta";"01:30:00";"MG";262;"33,3";"MANHUACU";"Outras";"Capotamento";"Sem Vítimas";"Plena noite";"Crescente";"Ceu Claro";"Simples";"Reta";"Rural";1;0;0;0;1;0;0;1
83528543;"28/12/16";"Quarta";"21:30:00";"ES";101;"270";"SERRA";"Outras";"Colisão com bicicleta";"Com Vítimas Feridas";"Plena noite";"Crescente";"Ceu Claro";"Múltipla";"Reta";"Urbano";7;0;2;0;4;1;2;4
83528544;"17/12/16";"Sábado";"06:30:00";"BA";324;"583";"CANDEIAS";"Outras";"Capotamento";"Sem Vítimas";"Pleno dia";"Decrescente";"Ceu Claro";"Dupla";"Reta";"Rural";1;0;0;0;1;0;0;1
83528545;"28/12/16";"Quarta";"14:45:00";"GO";60;"11,4";"SANTO ANTONIO DO DESCOBERTO";"Velocidade incompatível";"Colisão traseira";"Sem Vítimas";"Pleno dia";"Decrescente";"Sol";"Dupla";"Reta";"Rural";3;0;0;0;3;0;0;3
83528546;"21/12/16";"Quarta";"16:00:00";"SC";101;"39";"JOINVILLE";"Falta de atenção";"Colisão lateral";"Sem Vítimas";"Plena noite";"Decrescente";"Ceu Claro";"Dupla";"Reta";"Urbano";2;0;0;0;2;0;0;2
83528547;"28/12/16";"Quarta";"17:30:00";"MG";40;"528";"CONTAGEM";"Outras";"Saída de Pista";"Sem Vítimas";"Pleno dia";"Decrescente";"Chuva";"Dupla";"Reta";"Urbano";1;0;0;0;1;0;0;1
83528548;"28/12/16";"Quarta";"20:40:00";"ES";101;"184";"ARACRUZ";"Falta de atenção";"Colisão traseira";"Com Vítimas Feridas";"Plena noite";"Crescente";"Ceu Claro";"Dupla";"Reta";"Rural";3;0;2;1;0;0;3;2
83528549;"31/01/16";"Domingo";"12:20:00";"BA";324;"625,3";"SALVADOR";"Defeito mecânico em veículo";"Queda de motocicleta / bicicleta / veículo";"Com Vítimas Feridas";"Pleno dia";"Crescente";"Ceu Claro";"Dupla";"Reta";"Urbano";1;0;1;0;0;0;1;1
83528550;"28/12/16";"Quarta";"18:30:00";"PI";316;"310,3";"PICOS";"Outras";"Colisão com objeto fixo";"Com Vítimas Feridas";"Plena noite";"Crescente";"Ceu Claro";"Dupla";"Reta";"Urbano";1;0;0;1;0;0;1;1
83528551;"18/12/16";"Domingo";"18:00:00";"MT";364;"349,5";"SANTO ANTONIO DO LEVERGER";"Defeito mecânico em veículo";"Saída de Pista";"Com Vítimas Fatais";"Pleno dia";"Crescente";"Sol";"Dupla";"Curva";"Rural";1;1;0;0;0;0;0;1
83528552;"28/12/16";"Quarta";"18:40:00";"MG";40;"512";"RIBEIRAO DAS NEVES";"Não guardar distância de segurança";"Colisão traseira";"Sem Vítimas";"Anoitecer";"Decrescente";"Chuva";"Dupla";"Reta";"Urbano";2;0;0;0;2;0;0;2
83528553;"29/12/16";"Quinta";"01:15:00";"SP";153;"223,5";"MARILIA";"Outras";"Capotamento";"Com Vítimas Feridas";"Plena noite";"Crescente";"Nublado";"Simples";"Reta";"Rural";4;0;4;0;0;0;4;1
83528554;"28/12/16";"Quarta";"20:30:00";"DF";60;"3,2";"BRASILIA";"Falta de atenção";"Queda de motocicleta / bicicleta / veículo";"Com Vítimas Feridas";"Pleno dia";"Crescente";"Ceu Claro";"Dupla";"Reta";"Urbano";1;0;1;0;0;0;1;1
83528555;"28/12/16";"Quarta";"15:40:00";"PB";101;"122,7";"CAAPORA";"Velocidade incompatível";"Saída de Pista";"Sem Vítimas";"Pleno dia";"Crescente";"Chuva";"Dupla";"Curva";"Rural";1;0;0;0;1;0;0;1
83528556;"26/12/16";"Segunda";"18:50:00";"GO";60;"2,2";"SANTO ANTONIO DO DESCOBERTO";"Defeito mecânico em veículo";"Capotamento";"Sem Vítimas";"Amanhecer";"Decrescente";"Chuva";"Dupla";"Curva";"Rural";1;0;0;0;1;0;0;1
83528557;"28/12/16";"Quarta";"19:00:00";"SP";116;"175,2";"JACAREI";"Velocidade incompatível";"Colisão com objeto fixo";"Com Vítimas Fatais";"Pleno dia";"Decrescente";"Chuva";"Dupla";"Reta";"Rural";1;1;0;0;0;0;0;1
83528558;"29/12/16";"Quinta";"03:30:00";"AL";101;"191";"JUNQUEIRO";"Velocidade incompatível";"Colisão traseira";"Com Vítimas Feridas";"Plena noite";"Crescente";"Ceu Claro";"Simples";"Reta";"Urbano";4;0;3;0;1;0;3;2
83528559;"29/12/16";"Quinta";"04:30:00";"MG";40;"553";"NOVA LIMA";"Outras";"Colisão lateral";"Com Vítimas Feridas";"Plena noite";"Crescente";"Nublado";"Dupla";"Curva";"Urbano";2;0;1;0;0;1;1;2
83528560;"29/12/16";"Quinta";"05:10:00";"MG";381;"529,5";"BRUMADINHO";"Dormindo";"Capotamento";"Sem Vítimas";"Amanhecer";"Decrescente";"Ceu Claro";"Dupla";"Reta";"Rural";1;0;0;0;1;0;0;1
83528561;"29/12/16";"Quinta";"04:40:00";"SP";116;"36,3";"CACHOEIRA PAULISTA";"Outras";"Colisão com objeto fixo";"Com Vítimas Feridas";"Plena noite";"Decrescente";"Ceu Claro";"Dupla";"Reta";"Rural";2;0;1;0;1;0;1;1
83528562;"24/12/16";"Sábado";"19:50:00";"MG";116;"508,2";"UBAPORANGA";"Falta de atenção";"Colisão Transversal";"Com Vítimas Feridas";"Plena noite";"Crescente";"Nublado";"Simples";"Cruzamento";"Urbano";3;0;1;1;1;0;2;2
83528563;"28/12/16";"Quarta";"20:30:00";"CE";116;"463,9";"BARRO";"Outras";"Colisão frontal";"Com Vítimas Feridas";"Plena noite";"Crescente";"Nublado";"Simples";"Reta";"Rural";3;0;0;1;2;0;1;2
83528564;"29/12/16";"Quinta";"05:55:00";"SC";470;"58";"BLUMENAU";"Falta de atenção";"Colisão Transversal";"Com Vítimas Feridas";"Pleno dia";"Decrescente";"Nublado";"Simples";"Reta";"Urbano";3;0;2;0;1;0;2;2
83528565;"28/12/16";"Quarta";"06:40:00";"PB";230;"95";"GURINHEM";"Velocidade incompatível";"Capotamento";"Com Vítimas Feridas";"Pleno dia";"Crescente";"Chuva";"Dupla";"Curva";"Rural";5;0;1;0;4;0;1;1
83528566;"29/12/16";"Quinta";"02:40:00";"SP";116;"417,7";"JUQUIA";"Falta de atenção";"Colisão traseira";"Com Vítimas Feridas";"Plena noite";"Crescente";"Ceu Claro";"Dupla";"Reta";"Rural";2;0;1;0;1;0;1;2
83528567;"09/12/16";"Sexta";"07:35:00";"PR";116;"118";"CURITIBA";"Outras";"Colisão lateral";"Com Vítimas Feridas";"Pleno dia";"Decrescente";"Ceu Claro";"Dupla";"Reta";"Rural";2;0;1;0;1;0;1;2
83528568;"28/12/16";"Quarta";"13:20:00";"SC";480;"124,8";"CHAPECO";"Falta de atenção";"Queda de motocicleta / bicicleta / veículo";"Com Vítimas Feridas";"Pleno dia";"Decrescente";"Sol";"Simples";"Reta";"Urbano";1;0;0;1;0;0;1;1
83528569;"29/12/16";"Quinta";"02:00:00";"PR";376;"105";"PARANAVAI";"Outras";"Saída de Pista";"Com Vítimas Feridas";"Plena noite";"Decrescente";"Ceu Claro";"Dupla";"Reta";"Rural";1;0;1;0;0;0;1;1
83528570;"29/12/16";"Quinta";"05:30:00";"MG";40;"43,2";"PARACATU";"Outras";"Atropelamento de pessoa";"Com Vítimas Fatais";"Amanhecer";"Decrescente";"Ceu Claro";"Simples";"Reta";"Urbano";4;1;0;0;3;0;0;1
83528571;"28/12/16";"Quarta";"13:20:00";"SC";480;"128,2";"CHAPECO";"Desobediência à sinalização";"Colisão frontal";"Com Vítimas Feridas";"Pleno dia";"Crescente";"Sol";"Simples";"Cruzamento";"Urbano";2;0;0;1;1;0;1;2
83528572;"25/12/16";"Domingo";"17:00:00";"RS";290;"119,8";"ELDORADO DO SUL";"Falta de atenção";"Colisão traseira";"Sem Vítimas";"Pleno dia";"Decrescente";"Nublado";"Simples";"Reta";"Rural";2;0;0;0;2;0;0;2
83528573;"28/12/16";"Quarta";"20:05:00";"MG";116;"87,9";"MEDINA";"Outras";"Tombamento";"Com Vítimas Feridas";"Plena noite";"Decrescente";"Ceu Claro";"Simples";"Curva";"Rural";1;0;1;0;0;0;1;1
83528574;"21/12/16";"Quarta";"02:10:00";"MG";116;"205,4";"CARAI";"Outras";"Saída de Pista";"Sem Vítimas";"Plena noite";"Crescente";"Chuva";"Simples";"Curva";"Rural";1;0;0;0;1;0;0;1
83528575;"26/12/16";"Segunda";"07:00:00";"MG";381;"740,8";"TRES CORACOES";"Dormindo";"Tombamento";"Sem Vítimas";"Pleno dia";"Decrescente";"Sol";"Dupla";"Reta";"Rural";1;0;0;0;1;0;0;1
83528576;"28/12/16";"Quarta";"15:00:00";"SP";116;"156";"SAO JOSE DOS CAMPOS";"Dormindo";"Saída de Pista";"Sem Vítimas";"Pleno dia";"Crescente";"Sol";"Múltipla";"Reta";"Urbano";1;0;0;0;1;0;0;1
83528577;"28/12/16";"Quarta";"23:00:00";"MS";262;"544,6";"MIRANDA";"Falta de atenção";"Atropelamento de pessoa";"Com Vítimas Feridas";"Plena noite";"Decrescente";"Ceu Claro";"Simples";"Reta";"Rural";2;0;0;1;1;0;1;1
83528578;"23/12/16";"Sexta";"20:10:00";"MG";40;"668,2";"CARANDAI";"Desobediência à sinalização";"Colisão Transversal";"Com Vítimas Feridas";"Plena noite";"Crescente";"Ceu Claro";"Simples";"Reta";"Urbano";2;0;0;2;0;0;2;2
83528579;"29/12/16";"Quinta";"02:20:00";"RJ";116;"303,2";"RESENDE";"Outras";"Incêndio";"Sem Vítimas";"Plena noite";"Decrescente";"Ceu Claro";"Dupla";"Reta";"Rural";1;0;0;0;1;0;0;1
83528580;"29/12/16";"Quinta";"02:50:00";"RJ";116;"303";"RESENDE";"Outras";"Incêndio";"Sem Vítimas";"Plena noite";"Decrescente";"Ceu Claro";"Dupla";"Reta";"Urbano";1;0;0;0;1;0;0;1
83528581;"27/11/16";"Domingo";"16:00:00";"ES";101;"385";"RIO NOVO DO SUL";"Outras";"Tombamento";"Com Vítimas Feridas";"Pleno dia";"Decrescente";"Ceu Claro";"Simples";"Curva";"Rural";1;0;0;1;0;0;1;1
83528582;"28/12/16";"Quarta";"22:40:00";"MA";135;"262";"CAPINZAL DO NORTE";"Outras";"Colisão Transversal";"Sem Vítimas";"Plena noite";"Decrescente";"Chuva";"Simples";"Reta";"Urbano";2;0;0;0;2;0;0;2
83528583;"29/12/16";"Quinta";"00:20:00";"AL";316;"93,4";"SANTANA DO IPANEMA";"Animais na Pista";"Atropelamento de animal";"Sem Vítimas";"Plena noite";"Decrescente";"Ceu Claro";"Simples";"Reta";"Rural";2;0;0;0;2;0;0;1
83528584;"29/12/16";"Quinta";"06:50:00";"SC";101;"211,7";"PALHOCA";"Não guardar distância de segurança";"Colisão Transversal";"Com Vítimas Feridas";"Pleno dia";"Crescente";"Nublado";"Simples";"Reta";"Urbano";2;0;1;1;0;0;2;2
83528585;"29/12/16";"Quinta";"00:30:00";"AL";316;"76,6";"POCO DAS TRINCHEIRAS";"Animais na Pista";"Colisão traseira";"Com Vítimas Feridas";"Plena noite";"Crescente";"Ceu Claro";"Simples";"Reta";"Rural";7;0;1;0;6;0;1;2
83528586;"28/12/16";"Quarta";"17:10:00";"RJ";40;"109";"DUQUE DE CAXIAS";"Outras";"Queda de motocicleta / bicicleta / veículo";"Com Vítimas Feridas";"Pleno dia";"Decrescente";"Ceu Claro";"Múltipla";"Curva";"Urbano";2;0;2;0;0;0;2;1
83528587;"25/12/16";"Domingo";"11:50:00";"RN";101;"103";"PARNAMIRIM";"Ingestão de álcool";"Colisão traseira";"Sem Vítimas";"Pleno dia";"Crescente";"Ceu Claro";"Dupla";"Reta";"Urbano";2;0;0;0;2;0;0;2
83528588;"29/12/16";"Quinta";"07:10:00";"RJ";101;"313";"SAO GONCALO";"Outras";"Colisão lateral";"Com Vítimas Feridas";"Pleno dia";"Crescente";"Sol";"Dupla";"Reta";"Urbano";2;0;1;0;1;0;1;2
83528589;"25/12/16";"Domingo";"15:30:00";"PE";101;"74,5";"RECIFE";"Desobediência à sinalização";"Colisão lateral";"Com Vítimas Feridas";"Pleno dia";"Crescente";"Nublado";"Dupla";"Reta";"Urbano";3;0;1;0;2;0;1;2
83528590;"25/12/16";"Domingo";"18:30:00";"RJ";101;"61";"CAMPOS DOS GOYTACAZES";"Falta de atenção";"Atropelamento de pessoa";"Com Vítimas Feridas";"Anoitecer";"Crescente";"Ceu Claro";"Simples";"Reta";"Urbano";2;0;1;0;1;0;1;1
83528591;"25/12/16";"Domingo";"16:00:00";"MG";381;"516";"IGARAPE";"Velocidade incompatível";"Capotamento";"Ignorado";"Pleno dia";"Decrescente";"Chuva";"Dupla";"Curva";"Rural";3;0;0;0;0;3;0;1
83528592;"26/12/16";"Segunda";"06:40:00";"MG";381;"455";"BELO HORIZONTE";"Desobediência à sinalização";"Colisão frontal";"Com Vítimas Feridas";"Amanhecer";"Decrescente";"Ceu Claro";"Simples";"Reta";"Urbano";2;0;1;0;1;0;1;2
83528593;"26/12/16";"Segunda";"07:20:00";"GO";60;"82,2";"ANAPOLIS";"Falta de atenção";"Saída de Pista";"Com Vítimas Feridas";"Pleno dia";"Crescente";"Ceu Claro";"Dupla";"Reta";"Rural";4;0;3;0;1;0;3;1
83528594;"28/12/16";"Quarta";"11:45:00";"PI";316;"25,2";"TERESINA";"Outras";"Atropelamento de pessoa";"Sem Vítimas";"Pleno dia";"Crescente";"Sol";"Simples";"Reta";"Rural";2;0;0;0;1;1;0;1
83528595;"29/12/16";"Quinta";"08:00:00";"MG";116;"415,5";"GOVERNADOR VALADARES";"Falta de atenção";"Colisão Transversal";"Com Vítimas Feridas";"Pleno dia";"Decrescente";"Ceu Claro";"Simples";"Cruzamento";"Urbano";2;0;1;0;1;0;1;2
83528596;"24/12/16";"Sábado";"17:00:00";"SP";116;"329";"JUQUITIBA";"Outras";"Colisão frontal";"Sem Vítimas";"Pleno dia";"Crescente";"Sol";"Dupla";"Reta";"Rural";2;0;0;0;2;0;0;2
83528597;"07/12/16";"Quarta";"18:15:00";"PR";163;"149,4";"SANTA LUCIA";"Velocidade incompatível";"Colisão frontal";"Com Vítimas Fatais";"Pleno dia";"Decrescente";"Ceu Claro";"Simples";"Reta";"Rural";3;1;0;1;1;0;1;3
83528598;"30/06/16";"Quinta";"09:15:00";"SP";153;"339";"OURINHOS";"Falta de atenção";"Colisão traseira";"Com Vítimas Feridas";"Pleno dia";"Decrescente";"Ceu Claro";"Dupla";"Reta";"Rural";2;0;1;0;1;0;1;2
83528600;"02/09/16";"Sexta";"12:15:00";"RS";386;"213,5";"TIO HUGO";"Velocidade incompatível";"Saída de Pista";"Com Vítimas Feridas";"Pleno dia";"Crescente";"Nublado";"Simples";"Reta";"Urbano";2;0;1;0;0;1;1;2
83528601;"25/12/16";"Domingo";"19:15:00";"PE";423;"81,9";"JUCATI";"Outras";"Colisão frontal";"Com Vítimas Fatais";"Plena noite";"Decrescente";"Ceu Claro";"Simples";"Reta";"Rural";3;1;0;0;1;1;0;3
83528602;"28/12/16";"Quarta";"12:30:00";"GO";70;"467,2";"ARAGARCAS";"Ultrapassagem indevida";"Saída de Pista";"Com Vítimas Feridas";"Pleno dia";"Crescente";"Ceu Claro";"Simples";"Reta";"Rural";1;0;1;0;0;0;1;1
83528603;"27/12/16";"Terça";"06:45:00";"MG";262;"159,9";"SAO DOMINGOS DO PRATA";"Velocidade incompatível";"Saída de Pista";"Com Vítimas Feridas";"Pleno dia";"Decrescente";"Nublado";"Simples";"Curva";"Rural";4;0;4;0;0;0;4;1
83528604;"28/12/16";"Quarta";"18:20:00";"RJ";40;"111,4";"DUQUE DE CAXIAS";"Outras";"Colisão traseira";"Com Vítimas Feridas";"Pleno dia";"Decrescente";"Ceu Claro";"Múltipla";"Reta";"Urbano";3;0;1;1;1;0;2;2
83528605;"25/12/16";"Domingo";"16:00:00";"SC";101;"61,2";"ARAQUARI";"Outras";"Queda de motocicleta / bicicleta / veículo";"Com Vítimas Feridas";"Pleno dia";"Decrescente";"Ceu Claro";"Dupla";"Reta";"Rural";1;0;1;0;0;0;1;1
83528606;"29/12/16";"Quinta";"08:00:00";"PB";230;"309,6";"SAO MAMEDE";"Defeito mecânico em veículo";"Capotamento";"Com Vítimas Feridas";"Pleno dia";"Crescente";"Ceu Claro";"Simples";"Reta";"Rural";2;0;1;0;1;0;1;1