"id";"data_inversa";"dia_semana";"horario";"uf";"br";"km";"municipio";"causa_acidente";"tipo_acidente";"classificacao_acidente";"fase_dia";"sentido_via";"condicao_metereologica";"tipo_pista";"tracado_via";"uso_solo";"pessoas";"mortos";"feridos_leves";"feridos_graves";"ilesos";"ignorados";"feridos";"veiculos"
83528607;"25/12/16";"Domingo";"21:00:00";"MG";381;"516";"IGARAPE";"Outras";"Colisão Transversal";"Com Vítimas Feridas";"Plena noite";"Decrescente";"Chuva";"Dupla";"Curva";"Rural";3;0;3;0;0;0;3;2
83528608;"25/12/16";"Domingo";"22:35:00";"MG";262;"382";"JUATUBA";"Velocidade incompatível";"Colisão com objeto fixo";"Sem Vítimas";"Plena noite";"Crescente";"Chuva";"Dupla";"Curva";"Rural";1;0;0;0;1;0;0;1
83528609;"25/12/16";"Domingo";"09:15:00";"RJ";116;"213";"PARACAMBI";"Outras";"Saída de Pista";"Com Vítimas Feridas";"Pleno dia";"Decrescente";"Ceu Claro";"Múltipla";"Reta";"Rural";2;0;1;0;1;0;1;1
83528610;"03/04/16";"Domingo";"22:30:00";"PR";376;"176";"MARINGA";"Outras";"Atropelamento de pessoa";"Com Vítimas Feridas";"Pleno dia";"Decrescente";"Sol";"Dupla";"Reta";"Urbano";2;0;0;2;0;0;2;1
83528611;"23/10/16";"Domingo";"12:00:00";"SP";116;"363";"MIRACATU";"Outras";"Derramamento de Carga";"Sem Vítimas";"Pleno dia";"Decrescente";"Nublado";"Dupla";"Curva";"Rural";1;0;0;0;1;0;0;1
83528612;"26/12/16";"Segunda";"03:00:00";"SC";282;"586";"SAUDADES";"Ingestão de álcool";"Colisão com objeto fixo";"Sem Vítimas";"Plena noite";"Crescente";"Ceu Claro";"Simples";"Curva";"Rural";1;0;0;0;1;0;0;1
83528613;"25/12/16";"Domingo";"14:50:00";"TO";153;"350,8";"FORTALEZA DO TABOCAO";"Defeito mecânico em veículo";"Capotamento";"Sem Vítimas";"Pleno dia";"Crescente";"Ceu Claro";"Simples";"Curva";"Rural";4;0;0;0;4;0;0;1
83528614;"18/12/16";"Domingo";"10:40:00";"PI";316;"9";"TERESINA";"Outras";"Colisão traseira";"Com Vítimas Feridas";"Pleno dia";"Crescente";"Chuva";"Simples";"Reta";"Urbano";4;0;1;0;1;2;1;2
83528615;"29/12/16";"Quinta";"08:10:00";"MG";262;"50,5";"MANHUACU";"Desobediência à sinalização";"Colisão lateral";"Sem Vítimas";"Pleno dia";"Decrescente";"Ceu Claro";"Simples";"Reta";"Urbano";2;0;0;0;2;0;0;2
83528616;"25/12/16";"Domingo";"20:30:00";"BA";101;"590";"CAMACAN";"Outras";"Colisão com bicicleta";"Com Vítimas Fatais";"Plena noite";"Decrescente";"Nublado";"Simples";"Curva";"Rural";2;1;0;0;1;0;0;2
83528618;"25/12/16";"Domingo";"17:40:00";"PE";408;"81";"PAUDALHO";"Outras";"Colisão com objeto fixo";"Com Vítimas Feridas";"Anoitecer";"Crescente";"Nublado";"Dupla";"Reta";"Urbano";2;0;1;1;0;0;2;1
83528619;"23/12/16";"Sexta";"05:30:00";"PR";376;"170";"MARINGA";"Velocidade incompatível";"Colisão traseira";"Com Vítimas Fatais";"Plena noite";"Crescente";"Chuva";"Dupla";"Reta";"Rural";4;3;0;0;1;0;0;2
83528620;"25/12/16";"Domingo";"22:00:00";"RJ";465;"14";"NOVA IGUACU";"Falta de atenção";"Colisão traseira";"Com Vítimas Feridas";"Plena noite";"Crescente";"Ceu Claro";"Simples";"Reta";"Urbano";3;0;2;0;1;0;2;2
83528621;"25/12/16";"Domingo";"17:20:00";"SP";116;"62,2";"GUARATINGUETA";"Outras";"Incêndio";"Sem Vítimas";"Pleno dia";"Crescente";"Sol";"Dupla";"Reta";"Rural";1;0;0;0;1;0;0;1
83528622;"29/12/16";"Quinta";"10:10:00";"MG";40;"463,9";"SETE LAGOAS";"Não guardar distância de segurança";"Colisão traseira";"Com Vítimas Feridas";"Pleno dia";"Decrescente";"Ceu Claro";"Dupla";"Reta";"Rural";2;0;1;0;1;0;1;2
83528623;"26/12/16";"Segunda";"00:05:00";"PR";373;"278,4";"PONTA GROSSA";"Falta de atenção";"Colisão Transversal";"Sem Vítimas";"Plena noite";"Crescente";"Ceu Claro";"Simples";"Reta";"Rural";2;0;0;0;1;1;0;2
83528624;"24/12/16";"Sábado";"11:10:00";"GO";40;"1";"VALPARAISO DE GOIAS";"Outras";"Colisão traseira";"Sem Vítimas";"Pleno dia";"Crescente";"Ceu Claro";"Dupla";"Reta";"Urbano";4;0;0;0;4;0;0;4
83528625;"29/12/16";"Quinta";"09:30:00";"RJ";116;"294";"PORTO REAL";"Dormindo";"Colisão com objeto fixo";"Sem Vítimas";"Pleno dia";"Decrescente";"Ceu Claro";"Dupla";"Reta";"Urbano";1;0;0;0;1;0;0;1
83528626;"29/12/16";"Quinta";"11:00:00";"RS";386;"345,4";"LAJEADO";"Não guardar distância de segurança";"Colisão traseira";"Com Vítimas Feridas";"Pleno dia";"Crescente";"Chuva";"Dupla";"Reta";"Urbano";2;0;1;0;1;0;1;2
83528627;"29/12/16";"Quinta";"07:00:00";"MG";40;"440,7";"PARAOPEBA";"Outras";"Saída de Pista";"Com Vítimas Feridas";"Pleno dia";"Crescente";"Sol";"Dupla";"Reta";"Rural";2;0;1;0;1;0;1;1
83528628;"29/12/16";"Quinta";"04:50:00";"BA";116;"748,9";"POCOES";"Outras";"Saída de Pista";"Com Vítimas Fatais";"Amanhecer";"Crescente";"Ceu Claro";"Dupla";"Reta";"Rural";49;6;33;8;0;2;41;1
83528629;"08/12/16";"Quinta";"19:30:00";"ES";101;"270";"SERRA";"Defeito na via";"Queda de motocicleta / bicicleta / veículo";"Com Vítimas Feridas";"Anoitecer";"Crescente";"Ceu Claro";"Múltipla";"Curva";"Urbano";1;0;1;0;0;0;1;1
83528630;"29/12/16";"Quinta";"07:30:00";"PR";476;"138";"CURITIBA";"Outras";"Colisão lateral";"Sem Vítimas";"Pleno dia";"Decrescente";"Ceu Claro";"Múltipla";"Reta";"Urbano";2;0;0;0;2;0;0;2
83528631;"20/12/16";"Terça";"16:00:00";"PR";476;"320";"PAULO FRONTIN";"Outras";"Colisão traseira";"Sem Vítimas";"Pleno dia";"Crescente";"Chuva";"Simples";"Reta";"Urbano";2;0;0;0;2;0;0;2
83528632;"29/12/16";"Quinta";"09:40:00";"MG";381;"551,5";"ITAGUARA";"Velocidade incompatível";"Capotamento";"Com Vítimas Feridas";"Pleno dia";"Decrescente";"Ceu Claro";"Dupla";"Reta";"Rural";4;0;1;0;3;0;1;1
83528633;"29/12/16";"Quinta";"09:20:00";"PR";476;"129,6";"CURITIBA";"Falta de atenção";"Colisão lateral";"Sem Vítimas";"Pleno dia";"Crescente";"Nublado";"Múltipla";"Reta";"Urbano";2;0;0;0;2;0;0;2
83528634;"29/12/16";"Quinta";"10:30:00";"RS";386;"229,9";"SOLEDADE";"Não guardar distância de segurança";"Colisão traseira";"Com Vítimas Feridas";"Pleno dia";"Crescente";"Nublado";"Simples";"Reta";"Rural";6;0;1;0;5;0;1;2
83528635;"25/12/16";"Domingo";"05:50:00";"MG";50;"159";"UBERABA";"Ingestão de álcool";"Colisão traseira";"Com Vítimas Feridas";"Amanhecer";"Decrescente";"Ceu Claro";"Dupla";"Reta";"Rural";3;0;2;0;1;0;2;2
83528636;"29/12/16";"Quinta";"07:00:00";"MG";40;"673,5";"CARANDAI";"Falta de atenção";"Colisão traseira";"Com Vítimas Feridas";"Pleno dia";"Crescente";"Ceu Claro";"Simples";"Reta";"Rural";2;0;1;0;1;0;1;2
83528637;"25/12/16";"Domingo";"15:00:00";"PR";376;"644";"TIJUCAS DO SUL";"Falta de atenção";"Colisão traseira";"Com Vítimas Feridas";"Pleno dia";"Decrescente";"Ceu Claro";"Dupla";"Reta";"Urbano";3;0;1;0;2;0;1;2
83528638;"23/12/16";"Sexta";"16:00:00";"MT";364;"522";"VARZEA GRANDE";"Não guardar distância de segurança";"Colisão traseira";"Sem Vítimas";"Pleno dia";"Crescente";"Sol";"Simples";"Reta";"Urbano";2;0;0;0;2;0;0;2
83528639;"26/12/16";"Segunda";"13:50:00";"MG";116;"509,5";"UBAPORANGA";"Falta de atenção";"Atropelamento de pessoa";"Com Vítimas Feridas";"Pleno dia";"Decrescente";"Sol";"Simples";"Reta";"Rural";3;0;2;1;0;0;3;1
83528640;"27/12/16";"Terça";"00:10:00";"MT";70;"421";"CAMPO VERDE";"Falta de atenção";"Capotamento";"Com Vítimas Feridas";"Plena noite";"Decrescente";"Chuva";"Simples";"Reta";"Rural";5;0;1;0;0;4;1;1
83528641;"09/09/16";"Sexta";"18:00:00";"RS";386;"395";"TRIUNFO";"Outras";"Colisão traseira";"Sem Vítimas";"Anoitecer";"Decrescente";"Ceu Claro";"Simples";"Reta";"Rural";2;0;0;0;2;0;0;2
83528642;"29/12/16";"Quinta";"09:00:00";"PR";369;"177,5";"ROLANDIA";"Outras";"Queda de motocicleta / bicicleta / veículo";"Com Vítimas Feridas";"Pleno dia";"Crescente";"Ceu Claro";"Dupla";"Reta";"Rural";1;0;1;0;0;0;1;1
83528643;"29/12/16";"Quinta";"11:30:00";"RS";285;"337";"CARAZINHO";"Desobediência à sinalização";"Colisão Transversal";"Sem Vítimas";"Pleno dia";"Crescente";"Chuva";"Simples";"Reta";"Urbano";2;0;0;0;2;0;0;2
83528644;"28/12/16";"Quarta";"05:20:00";"PR";158;"525";"PATO BRANCO";"Outras";"Atropelamento de pessoa";"Com Vítimas Feridas";"Plena noite";"Crescente";"Ceu Claro";"Simples";"Curva";"Urbano";2;0;0;1;1;0;1;1
83528645;"21/12/16";"Quarta";"19:30:00";"MG";381;"838";"SAO SEBASTIAO DA BELA VISTA";"Defeito mecânico em veículo";"Tombamento";"Sem Vítimas";"Anoitecer";"Crescente";"Ceu Claro";"Dupla";"Curva";"Rural";1;0;0;0;1;0;0;1
83528646;"26/12/16";"Segunda";"15:00:00";"MG";262;"88,2";"ABRE CAMPO";"Ultrapassagem indevida";"Colisão frontal";"Com Vítimas Fatais";"Pleno dia";"Decrescente";"Ceu Claro";"Simples";"Curva";"Rural";10;1;4;5;0;0;9;3
83528647;"29/12/16";"Quinta";"12:10:00";"GO";60;"164";"GOIANIA";"Falta de atenção";"Colisão lateral";"Sem Vítimas";"Pleno dia";"Crescente";"Ceu Claro";"Dupla";"Reta";"Urbano";2;0;0;0;2;0;0;2
83528648;"29/12/16";"Quinta";"11:00:00";"RS";116;"254";"SAPUCAIA DO SUL";"Falta de atenção";"Colisão lateral";"Sem Vítimas";"Pleno dia";"Crescente";"Chuva";"Múltipla";"Reta";"Urbano";3;0;0;0;2;1;0;3
83528649;"29/12/16";"Quinta";"11:05:00";"SC";470;"54,5";"BLUMENAU";"Falta de atenção";"Colisão traseira";"Com Vítimas Feridas";"Pleno dia";"Decrescente";"Ceu Claro";"Simples";"Reta";"Urbano";4;0;2;0;2;0;2;2
83528650;"29/12/16";"Quinta";"04:00:00";"PI";135;"395";"REDENCAO DO GURGUEIA";"Defeito mecânico em veículo";"Incêndio";"Sem Vítimas";"Plena noite";"Crescente";"Ceu Claro";"Simples";"Reta";"Rural";1;0;0;0;1;0;0;1
83528651;"26/12/16";"Segunda";"06:14:00";"RS";285;"282";"PASSO FUNDO";"Animais na Pista";"Atropelamento de animal";"Sem Vítimas";"Pleno dia";"Decrescente";"Sol";"Simples";"Reta";"Rural";1;0;0;0;1;0;0;1
83528652;"25/12/16";"Domingo";"21:15:00";"MA";135;"71";"SANTA RITA";"Outras";"Colisão lateral";"Com Vítimas Feridas";"Plena noite";"Decrescente";"Chuva";"Simples";"Reta";"Urbano";2;0;1;0;1;0;1;2
83528653;"28/12/16";"Quarta";"05:40:00";"MG";365;"476";"PATROCINIO";"Ingestão de álcool";"Colisão Transversal";"Com Vítimas Feridas";"Amanhecer";"Decrescente";"Ceu Claro";"Simples";"Cruzamento";"Rural";3;0;1;0;2;0;1;2
83528655;"29/12/16";"Quinta";"08:00:00";"RO";364;"245,5";"CACOAL";"Falta de atenção";"Colisão Transversal";"Com Vítimas Fatais";"Pleno dia";"Crescente";"Nublado";"Simples";"Cruzamento";"Urbano";5;2;1;1;1;0;2;2
83528656;"29/12/16";"Quinta";"08:10:00";"MG";116;"682";"MIRADOURO";"Defeito na via";"Capotamento";"Com Vítimas Feridas";"Pleno dia";"Decrescente";"Ceu Claro";"Simples";"Curva";"Rural";2;0;2;0;0;0;2;1
83528657;"29/12/16";"Quinta";"12:30:00";"RJ";40;"118";"DUQUE DE CAXIAS";"Falta de atenção";"Colisão lateral";"Com Vítimas Feridas";"Pleno dia";"Crescente";"Sol";"Múltipla";"Reta";"Urbano";3;0;1;0;2;0;1;2
83528658;"28/12/16";"Quarta";"06:45:00";"RS";386;"286,5";"SAO JOSE DO HERVAL";"Ultrapassagem indevida";"Saída de Pista";"Sem Vítimas";"Amanhecer";"Decrescente";"Nevoeiro/neblina";"Simples";"Curva";"Rural";1;0;0;0;1;0;0;1
83528659;"29/12/16";"Quinta";"09:35:00";"PR";277;"117,7";"CAMPO LARGO";"Falta de atenção";"Saída de Pista";"Com Vítimas Feridas";"Pleno dia";"Decrescente";"Ceu Claro";"Simples";"Reta";"Urbano";2;0;1;0;1;0;1;1
83528660;"29/12/16";"Quinta";"09:20:00";"MG";116;"765,1";"LEOPOLDINA";"Falta de atenção";"Colisão traseira";"Sem Vítimas";"Pleno dia";"Crescente";"Ceu Claro";"Simples";"Reta";"Urbano";3;0;0;0;3;0;0;3
83528661;"25/12/16";"Domingo";"13:30:00";"RJ";116;"135";"MAGE";"Defeito mecânico em veículo";"Colisão traseira";"Com Vítimas Feridas";"Pleno dia";"Decrescente";"Ceu Claro";"Dupla";"Reta";"Rural";3;0;1;0;2;0;1;2
83528662;"29/12/16";"Quinta";"09:00:00";"PB";230;"371";"CONDADO";"Falta de atenção";"Colisão lateral";"Com Vítimas Feridas";"Pleno dia";"Crescente";"Ceu Claro";"Simples";"Reta";"Rural";2;0;1;0;1;0;1;2
83528663;"25/12/16";"Domingo";"12:20:00";"MG";40;"530";"CONTAGEM";"Outras";"Queda de motocicleta / bicicleta / veículo";"Com Vítimas Feridas";"Pleno dia";"Crescente";"Nublado";"Dupla";"Curva";"Urbano";1;0;0;1;0;0;1;1
83528664;"29/12/16";"Quinta";"12:15:00";"SC";101;"93,6";"BARRA VELHA";"Outras";"Capotamento";"Com Vítimas Feridas";"Pleno dia";"Crescente";"Sol";"Simples";"Reta";"Rural";2;0;2;0;0;0;2;1
83528665;"29/12/16";"Quinta";"11:05:00";"MG";116;"300";"ITAMBACURI";"Falta de atenção";"Colisão traseira";"Com Vítimas Feridas";"Pleno dia";"Crescente";"Ceu Claro";"Simples";"Reta";"Rural";2;0;1;0;1;0;1;2
83528666;"26/12/16";"Segunda";"19:50:00";"MG";116;"508,8";"UBAPORANGA";"Ultrapassagem indevida";"Colisão frontal";"Com Vítimas Feridas";"Anoitecer";"Decrescente";"Nublado";"Simples";"Reta";"Rural";3;0;3;0;0;0;3;2
83528667;"25/12/16";"Domingo";"19:00:00";"BA";101;"876";"TEIXEIRA DE FREITAS";"Outras";"Colisão frontal";"Com Vítimas Fatais";"Plena noite";"Decrescente";"Ceu Claro";"Simples";"Reta";"Urbano";2;1;1;0;0;0;1;2
83528668;"29/12/16";"Quinta";"09:20:00";"SC";470;"70,9";"INDAIAL";"Falta de atenção";"Colisão lateral";"Com Vítimas Feridas";"Pleno dia";"Crescente";"Sol";"Simples";"Cruzamento";"Urbano";3;0;1;1;1;0;2;2
83528669;"29/12/16";"Quinta";"11:30:00";"PR";277;"355";"IRATI";"Falta de atenção";"Colisão Transversal";"Sem Vítimas";"Pleno dia";"Decrescente";"Ceu Claro";"Simples";"Reta";"Rural";2;0;0;0;2;0;0;2
83528670;"26/12/16";"Segunda";"04:35:00";"RJ";116;"279";"BARRA MANSA";"Dormindo";"Colisão traseira";"Com Vítimas Fatais";"Plena noite";"Decrescente";"Ceu Claro";"Dupla";"Reta";"Rural";4;1;1;0;2;0;1;2
83528671;"29/12/16";"Quinta";"13:45:00";"AL";101;"146";"JEQUIA DA PRAIA";"Não guardar distância de segurança";"Colisão traseira";"Sem Vítimas";"Pleno dia";"Decrescente";"Ceu Claro";"Simples";"Reta";"Rural";2;0;0;0;2;0;0;2
83528672;"29/12/16";"Quinta";"13:50:00";"SC";282;"45,6";"RANCHO QUEIMADO";"Velocidade incompatível";"Colisão traseira";"Com Vítimas Feridas";"Pleno dia";"Decrescente";"Sol";"Simples";"Reta";"Rural";2;0;1;0;1;0;1;2
83528674;"25/12/16";"Domingo";"20:00:00";"RN";226;"74,2";"SERRA CAIADA";"Outras";"Capotamento";"Com Vítimas Feridas";"Plena noite";"Crescente";"Ceu Claro";"Simples";"Reta";"Rural";3;0;0;1;2;0;1;2
83528675;"29/12/16";"Quinta";"13:14:00";"PR";153;"477";"PORTO VITORIA";"Falta de atenção";"Saída de Pista";"Sem Vítimas";"Amanhecer";"Decrescente";"Nublado";"Simples";"Curva";"Rural";1;0;0;0;1;0;0;1
83528676;"29/12/16";"Quinta";"13:45:00";"PI";343;"1,8";"TERESINA";"Desobediência à sinalização";"Colisão Transversal";"Sem Vítimas";"Pleno dia";"Crescente";"Sol";"Dupla";"Reta";"Urbano";2;0;0;0;2;0;0;2
83528677;"29/12/16";"Quinta";"11:00:00";"SP";116;"161,8";"JACAREI";"Falta de atenção";"Tombamento";"Sem Vítimas";"Pleno dia";"Crescente";"Ceu Claro";"Dupla";"Curva";"Urbano";1;0;0;0;1;0;0;1
83528678;"29/12/16";"Quinta";"11:00:00";"DF";20;"48";"BRASILIA";"Velocidade incompatível";"Capotamento";"Com Vítimas Feridas";"Pleno dia";"Crescente";"Ceu Claro";"Dupla";"Reta";"Rural";3;0;2;0;1;0;2;1
83528679;"29/12/16";"Quinta";"12:10:00";"SC";101;"266";"PAULO LOPES";"Falta de atenção";"Colisão lateral";"Sem Vítimas";"Pleno dia";"Decrescente";"Ceu Claro";"Simples";"Reta";"Urbano";2;0;0;0;2;0;0;2
83528680;"28/12/16";"Quarta";"12:00:00";"SC";282;"25";"AGUAS MORNAS";"Desobediência à sinalização";"Colisão Transversal";"Com Vítimas Feridas";"Pleno dia";"Crescente";"Ceu Claro";"Simples";"Reta";"Urbano";3;0;1;0;2;0;1;3
83528681;"18/12/16";"Domingo";"09:10:00";"CE";20;"428";"FORTALEZA";"Falta de atenção";"Colisão traseira";"Com Vítimas Feridas";"Pleno dia";"Crescente";"Sol";"Dupla";"Reta";"Urbano";2;0;1;0;1;0;1;2
83528682;"29/12/16";"Quinta";"12:20:00";"MG";135;"375,3";"MONTES CLAROS";"Falta de atenção";"Saída de Pista";"Com Vítimas Feridas";"Pleno dia";"Decrescente";"Sol";"Simples";"Reta";"Rural";3;0;2;1;0;0;3;1
83528683;"23/12/16";"Sexta";"18:25:00";"MG";40;"612,3";"CONGONHAS";"Não guardar distância de segurança";"Colisão traseira";"Sem Vítimas";"Pleno dia";"Crescente";"Ceu Claro";"Simples";"Reta";"Urbano";3;0;0;0;3;0;0;3
83528684;"21/12/16";"Quarta";"10:30:00";"BA";324;"525";"FEIRA DE SANTANA";"Falta de atenção";"Colisão traseira";"Sem Vítimas";"Pleno dia";"Crescente";"Ceu Claro";"Dupla";"Reta";"Rural";5;0;0;0;5;0;0;5
83528686;"29/12/16";"Quinta";"12:15:00";"PR";277;"367,9";"GUARAPUAVA";"Desobediência à sinalização";"Colisão Transversal";"Com Vítimas Feridas";"Pleno dia";"Decrescente";"Nublado";"Simples";"Cruzamento";"Rural";5;0;1;1;3;0;2;2
83528687;"29/12/16";"Quinta";"11:30:00";"RS";386;"132";"SARANDI";"Falta de atenção";"Colisão com objeto fixo";"Com Vítimas Feridas";"Pleno dia";"Crescente";"Nublado";"Simples";"Reta";"Urbano";3;0;2;0;1;0;2;2
83528688;"29/12/16";"Quinta";"09:30:00";"PE";232;"277,8";"SERTANIA";"Falta de atenção";"Colisão traseira";"Sem Vítimas";"Pleno dia";"Crescente";"Sol";"Simples";"Curva";"Urbano";2;0;0;0;2;0;0;2
83528689;"29/12/16";"Quinta";"13:40:00";"AL";101;"149";"JEQUIA DA PRAIA";"Não guardar distância de segurança";"Colisão traseira";"Sem Vítimas";"Pleno dia";"Crescente";"Chuva";"Simples";"Reta";"Rural";6;0;0;0;6;0;0;2
83528690;"29/12/16";"Quinta";"11:25:00";"RJ";393;"282";"VOLTA REDONDA";"Falta de atenção";"Colisão frontal";"Com Vítimas Feridas";"Pleno dia";"Crescente";"Sol";"Simples";"Reta";"Urbano";3;0;2;0;1;0;2;2
83528691;"24/12/16";"Sábado";"08:20:00";"PI";230;"308";"FLORIANO";"Outras";"Queda de motocicleta / bicicleta / veículo";"Com Vítimas Feridas";"Pleno dia";"Crescente";"Ceu Claro";"Simples";"Reta";"Urbano";1;0;0;1;0;0;1;1
83528692;"21/12/16";"Quarta";"11:30:00";"PA";316;"16";"MARITUBA";"Falta de atenção";"Colisão Transversal";"Com Vítimas Feridas";"Pleno dia";"Crescente";"Ceu Claro";"Dupla";"Reta";"Rural";2;0;1;0;1;0;1;2
83528693;"29/12/16";"Quinta";"15:00:00";"SC";282;"2";"FLORIANOPOLIS";"Falta de atenção";"Colisão traseira";"Com Vítimas Feridas";"Pleno dia";"Decrescente";"Sol";"Simples";"Reta";"Urbano";2;0;0;1;1;0;1;2
83528694;"29/12/16";"Quinta";"10:20:00";"ES";262;"144,2";"MUNIZ FREIRE";"Falta de atenção";"Colisão Transversal";"Com Vítimas Feridas";"Pleno dia";"Crescente";"Ceu Claro";"Simples";"Reta";"Rural";2;0;0;1;0;1;1;2
83528695;"24/12/16";"Sábado";"16:30:00";"GO";40;"4";"VALPARAISO DE GOIAS";"Ingestão de álcool";"Colisão traseira";"Sem Vítimas";"Pleno dia";"Crescente";"Ceu Claro";"Dupla";"Reta";"Urbano";3;0;0;0;1;2;0;2
83528696;"21/12/16";"Quarta";"02:00:00";"PE";424;"38";"VENTUROSA";"Defeito mecânico em veículo";"Tombamento";"Sem Vítimas";"Plena noite";"Decrescente";"Ignorada";"Simples";"Reta";"Rural";1;0;0;0;1;0;0;1
83528697;"26/12/16";"Segunda";"16:00:00";"SP";381;"82,5";"SAO PAULO";"Outras";"Colisão com objeto fixo";"Com Vítimas Feridas";"Pleno dia";"Crescente";"Sol";"Dupla";"Reta";"Urbano";2;0;1;0;1;0;1;1
83528699;"29/12/16";"Quinta";"15:00:00";"ES";262;"3,8";"CARIACICA";"Falta de atenção";"Colisão lateral";"Sem Vítimas";"Pleno dia";"Crescente";"Ceu Claro";"Múltipla";"Cruzamento";"Urbano";2;0;0;0;2;0;0;2
83528700;"25/12/16";"Domingo";"17:10:00";"MG";40;"525";"CONTAGEM";"Outras";"Queda de motocicleta / bicicleta / veículo";"Com Vítimas Feridas";"Pleno dia";"Crescente";"Chuva";"Dupla";"Reta";"Urbano";2;0;2;0;0;0;2;1
83528701;"27/12/16";"Terça";"14:40:00";"SP";116;"198";"ARUJA";"Não guardar distância de segurança";"Colisão traseira";"Com Vítimas Feridas";"Pleno dia";"Crescente";"Ceu Claro";"Dupla";"Reta";"Urbano";4;0;2;0;2;0;2;2
83528702;"22/12/16";"Quinta";"15:15:00";"MG";40;"523";"CONTAGEM";"Outras";"Capotamento";"Com Vítimas Feridas";"Pleno dia";"Decrescente";"Ceu Claro";"Dupla";"Reta";"Urbano";1;0;1;0;0;0;1;1
83528703;"27/12/16";"Terça";"22:25:00";"SP";116;"515,7";"CAJATI";"Falta de atenção";"Colisão traseira";"Com Vítimas Feridas";"Plena noite";"Crescente";"Nublado";"Simples";"Reta";"Rural";2;0;1;0;1;0;1;2
83528704;"29/12/16";"Quinta";"11:35:00";"RS";386;"391,1";"TRIUNFO";"Velocidade incompatível";"Saída de Pista";"Sem Vítimas";"Pleno dia";"Crescente";"Chuva";"Dupla";"Curva";"Rural";1;0;0;0;1;0;0;1
83528706;"23/12/16";"Sexta";"22:40:00";"PA";163;"998";"SANTAREM";"Falta de atenção";"Colisão Transversal";"Com Vítimas Feridas";"Plena noite";"Crescente";"Ceu Claro";"Simples";"Reta";"Urbano";3;0;0;2;1;0;2;2
83528707;"28/12/16";"Quarta";"07:15:00";"GO";153;"510";"APARECIDA DE GOIANIA";"Defeito mecânico em veículo";"Queda de motocicleta / bicicleta / veículo";"Com Vítimas Feridas";"Pleno dia";"Decrescente";"Ceu Claro";"Dupla";"Reta";"Urbano";2;0;1;0;1;0;1;1
83528708;"29/12/16";"Quinta";"09:00:00";"MA";222;"403";"SANTA LUZIA";"Outras";"Colisão traseira";"Com Vítimas Feridas";"Pleno dia";"Crescente";"Ceu Claro";"Simples";"Reta";"Rural";3;0;2;1;0;0;3;2
83528709;"28/12/16";"Quarta";"17:50:00";"GO";153;"511";"APARECIDA DE GOIANIA";"Desobediência à sinalização";"Colisão traseira";"Com Vítimas Feridas";"Pleno dia";"Crescente";"Ceu Claro";"Dupla";"Reta";"Urbano";2;0;0;1;1;0;1;2
83528710;"29/12/16";"Quinta";"12:40:00";"MS";262;"633,7";"MIRANDA";"Dormindo";"Colisão lateral";"Sem Vítimas";"Pleno dia";"Crescente";"Ceu Claro";"Simples";"Reta";"Urbano";22;0;0;0;22;0;0;2
83528711;"29/12/16";"Quinta";"14:40:00";"SC";101;"177,9";"BIGUACU";"Outras";"Saída de Pista";"Com Vítimas Feridas";"Pleno dia";"Crescente";"Sol";"Dupla";"Reta";"Rural";2;0;2;0;0;0;2;1
83528712;"29/12/16";"Quinta";"16:30:00";"SP";381;"19";"BRAGANCA PAULISTA";"Outras";"Queda de motocicleta / bicicleta / veículo";"Com Vítimas Feridas";"Pleno dia";"Decrescente";"Ceu Claro";"Dupla";"Curva";"Rural";1;0;0;1;0;0;1;1
83528713;"29/12/16";"Quinta";"14:30:00";"RS";392;"264,8";"CACAPAVA DO SUL";"Outras";"Colisão lateral";"Sem Vítimas";"Pleno dia";"Crescente";"Chuva";"Simples";"Curva";"Rural";2;0;0;0;2;0;0;2
83528714;"29/12/16";"Quinta";"10:00:00";"MS";262;"104";"TRES LAGOAS";"Defeito na via";"Tombamento";"Sem Vítimas";"Pleno dia";"Crescente";"Ceu Claro";"Simples";"Reta";"Rural";1;0;0;0;1;0;0;1
83528715;"29/12/16";"Quinta";"13:35:00";"SC";101;"318,3";"LAGUNA";"Outras";"Capotamento";"Com Vítimas Feridas";"Pleno dia";"Decrescente";"Nublado";"Dupla";"Curva";"Urbano";1;0;1;0;0;0;1;1
83528716;"29/12/16";"Quinta";"14:30:00";"SC";282;"424,5";"VARGEM BONITA";"Velocidade incompatível";"Colisão lateral";"Com Vítimas Fatais";"Pleno dia";"Crescente";"Chuva";"Simples";"Curva";"Rural";3;1;0;1;1;0;1;2
83528717;"29/12/16";"Quinta";"12:25:00";"SC";470;"38";"GASPAR";"Desobediência à sinalização";"Queda de motocicleta / bicicleta / veículo";"Com Vítimas Feridas";"Pleno dia";"Decrescente";"Sol";"Simples";"Cruzamento";"Urbano";2;0;2;0;0;0;2;2
83528718;"29/12/16";"Quinta";"15:20:00";"PR";277;"683";"MEDIANEIRA";"Defeito mecânico em veículo";"Queda de motocicleta / bicicleta / veículo";"Com Vítimas Feridas";"Pleno dia";"Decrescente";"Ceu Claro";"Dupla";"Curva";"Rural";1;0;1;0;0;0;1;1
83528719;"25/12/16";"Domingo";"22:10:00";"RJ";116;"32";"SAPUCAIA";"Outras";"Colisão com objeto fixo";"Sem Vítimas";"Plena noite";"Crescente";"Ceu Claro";"Simples";"Curva";"Rural";2;0;0;0;2;0;0;2