"id";"data_inversa";"dia_semana";"horario";"uf";"br";"km";"municipio";"causa_acidente";"tipo_acidente";"classificacao_acidente";"fase_dia";"sentido_via";"condicao_metereologica";"tipo_pista";"tracado_via";"uso_solo";"pessoas";"mortos";"feridos_leves";"feridos_graves";"ilesos";"ignorados";"feridos";"veiculos"
83528720;"29/12/16";"Quinta";"14:40:00";"PE";101;"68";"RECIFE";"Falta de atenção";"Colisão lateral";"Sem Vítimas";"Pleno dia";"Crescente";"Nublado";"Dupla";"Curva";"Urbano";5;0;0;0;5;0;0;2
83528721;"29/12/16";"Quinta";"15:30:00";"MG";267;"137,9";"JUIZ DE FORA";"Desobediência à sinalização";"Colisão Transversal";"Com Vítimas Feridas";"Pleno dia";"Crescente";"Ceu Claro";"Simples";"Curva";"Urbano";2;0;1;0;1;0;1;2
83528722;"25/12/16";"Domingo";"21:20:00";"MS";60;"423,8";"SIDROLANDIA";"Ingestão de álcool";"Colisão com objeto fixo";"Com Vítimas Feridas";"Plena noite";"Crescente";"Ceu Claro";"Simples";"Reta";"Rural";1;0;1;0;0;0;1;1
83528723;"25/12/16";"Domingo";"13:20:00";"RN";101;"105";"PARNAMIRIM";"Ingestão de álcool";"Colisão Transversal";"Com Vítimas Feridas";"Pleno dia";"Crescente";"Ceu Claro";"Dupla";"Reta";"Urbano";2;0;1;0;0;1;1;2
83528724;"24/12/16";"Sábado";"18:00:00";"GO";60;"14";"SANTO ANTONIO DO DESCOBERTO";"Velocidade incompatível";"Capotamento";"Ignorado";"Pleno dia";"Crescente";"Ceu Claro";"Dupla";"Reta";"Rural";2;0;0;0;0;2;0;1
83528725;"29/12/16";"Quinta";"14:20:00";"MA";316;"485";"CODO";"Outras";"Colisão lateral";"Com Vítimas Feridas";"Pleno dia";"Crescente";"Ceu Claro";"Simples";"Reta";"Rural";2;0;0;1;1;0;1;2
83528726;"29/12/16";"Quinta";"15:30:00";"MS";163;"49";"ELDORADO";"Velocidade incompatível";"Saída de Pista";"Sem Vítimas";"Pleno dia";"Decrescente";"Chuva";"Simples";"Reta";"Rural";2;0;0;0;2;0;0;1
83528727;"26/12/16";"Segunda";"07:00:00";"MG";365;"610";"UBERLANDIA";"Falta de atenção";"Colisão traseira";"Com Vítimas Feridas";"Amanhecer";"Crescente";"Ceu Claro";"Simples";"Reta";"Rural";3;0;2;0;1;0;2;2
83528728;"29/12/16";"Quinta";"17:00:00";"CE";222;"214,7";"FORQUILHA";"Velocidade incompatível";"Saída de Pista";"Sem Vítimas";"Pleno dia";"Decrescente";"Chuva";"Simples";"Curva";"Rural";1;0;0;0;1;0;0;1
83528729;"28/12/16";"Quarta";"16:20:00";"MT";364;"546,8";"ROSARIO OESTE";"Ingestão de álcool";"Saída de Pista";"Com Vítimas Feridas";"Plena noite";"Decrescente";"Chuva";"Dupla";"Reta";"Rural";4;0;1;0;3;0;1;1
83528730;"25/12/16";"Domingo";"18:00:00";"MG";40;"513,5";"RIBEIRAO DAS NEVES";"Defeito mecânico em veículo";"Saída de Pista";"Sem Vítimas";"Pleno dia";"Crescente";"Chuva";"Múltipla";"Curva";"Urbano";1;0;0;0;1;0;0;1
83528731;"29/12/16";"Quinta";"15:10:00";"MG";365;"765,7";"ITUIUTABA";"Velocidade incompatível";"Queda de motocicleta / bicicleta / veículo";"Com Vítimas Feridas";"Pleno dia";"Crescente";"Ceu Claro";"Simples";"Reta";"Rural";1;0;1;0;0;0;1;1
83528732;"04/11/16";"Sexta";"22:30:00";"GO";153;"0";"SAO MIGUEL DO ARAGUAIA";"Animais na Pista";"Atropelamento de animal";"Com Vítimas Feridas";"Plena noite";"Crescente";"Ignorada";"Simples";"Reta";"Rural";2;0;1;0;1;0;1;1
83528733;"29/12/16";"Quinta";"12:20:00";"ES";262;"91,1";"DOMINGOS MARTINS";"Falta de atenção";"Colisão Transversal";"Com Vítimas Feridas";"Pleno dia";"Decrescente";"Sol";"Simples";"Cruzamento";"Urbano";3;0;1;1;1;0;2;2
83528734;"29/12/16";"Quinta";"07:10:00";"MG";459;"106";"POUSO ALEGRE";"Desobediência à sinalização";"Atropelamento de pessoa";"Com Vítimas Feridas";"Amanhecer";"Crescente";"Ceu Claro";"Simples";"Reta";"Urbano";2;0;1;0;1;0;1;1
83528735;"15/12/16";"Quinta";"20:00:00";"SP";116;"562";"BARRA DO TURVO";"Outras";"Saída de Pista";"Com Vítimas Feridas";"Plena noite";"Crescente";"Chuva";"Dupla";"Reta";"Rural";1;0;1;0;0;0;1;1
83528736;"29/12/16";"Quinta";"15:30:00";"PE";316;"8,3";"OURICURI";"Ingestão de álcool";"Queda de motocicleta / bicicleta / veículo";"Com Vítimas Feridas";"Plena noite";"Crescente";"Nublado";"Simples";"Reta";"Urbano";1;0;1;0;0;0;1;1
83528737;"29/12/16";"Quinta";"13:00:00";"RJ";116;"202";"SEROPEDICA";"Outras";"Saída de Pista";"Com Vítimas Feridas";"Pleno dia";"Crescente";"Ceu Claro";"Dupla";"Reta";"Rural";1;0;1;0;0;0;1;1
83528738;"29/12/16";"Quinta";"12:50:00";"SP";153;"55";"SAO JOSE DO RIO PRETO";"Ingestão de álcool";"Saída de Pista";"Com Vítimas Feridas";"Pleno dia";"Decrescente";"Ceu Claro";"Simples";"Curva";"Urbano";2;0;2;0;0;0;2;1
83528739;"26/12/16";"Segunda";"01:20:00";"MG";262;"794";"UBERABA";"Dormindo";"Saída de Pista";"Sem Vítimas";"Plena noite";"Crescente";"Ceu Claro";"Simples";"Reta";"Rural";1;0;0;0;1;0;0;1
83528740;"29/12/16";"Quinta";"16:40:00";"MG";381;"853,5";"POUSO ALEGRE";"Outras";"Saída de Pista";"Com Vítimas Feridas";"Pleno dia";"Crescente";"Sol";"Dupla";"Reta";"Rural";2;0;2;0;0;0;2;1
83528741;"29/12/16";"Quinta";"17:20:00";"GO";153;"502";"GOIANIA";"Não guardar distância de segurança";"Colisão traseira";"Com Vítimas Feridas";"Anoitecer";"Decrescente";"Ceu Claro";"Dupla";"Reta";"Urbano";2;0;1;0;1;0;1;2
83528742;"29/12/16";"Quinta";"17:20:00";"RS";153;"52,3";"ERECHIM";"Falta de atenção";"Colisão Transversal";"Sem Vítimas";"Pleno dia";"Decrescente";"Ceu Claro";"Simples";"Reta";"Urbano";6;0;0;0;6;0;0;2
83528743;"25/12/16";"Domingo";"18:00:00";"ES";101;"144";"LINHARES";"Outras";"Queda de motocicleta / bicicleta / veículo";"Com Vítimas Feridas";"Anoitecer";"Crescente";"Ceu Claro";"Simples";"Reta";"Urbano";2;0;0;1;0;1;1;2
83528744;"29/12/16";"Quinta";"14:35:00";"PR";373;"276";"PRUDENTOPOLIS";"Falta de atenção";"Saída de Pista";"Com Vítimas Feridas";"Pleno dia";"Crescente";"Ceu Claro";"Simples";"Reta";"Rural";2;0;1;1;0;0;2;1
83528746;"29/12/16";"Quinta";"11:00:00";"RS";116;"39,3";"VACARIA";"Desobediência à sinalização";"Colisão Transversal";"Com Vítimas Feridas";"Pleno dia";"Decrescente";"Ceu Claro";"Simples";"Cruzamento";"Urbano";3;0;1;0;2;0;1;2
83528747;"29/12/16";"Quinta";"16:00:00";"MG";153;"61";"MONTE ALEGRE DE MINAS";"Defeito mecânico em veículo";"Colisão com objeto móvel";"Sem Vítimas";"Pleno dia";"Crescente";"Ceu Claro";"Simples";"Reta";"Rural";5;0;0;0;5;0;0;2
83528748;"29/12/16";"Quinta";"17:10:00";"SC";470;"144,5";"RIO DO SUL";"Falta de atenção";"Colisão traseira";"Sem Vítimas";"Pleno dia";"Decrescente";"Nublado";"Simples";"Reta";"Urbano";2;0;0;0;2;0;0;2
83528749;"28/12/16";"Quarta";"17:30:00";"PE";116;"31,9";"SALGUEIRO";"Desobediência à sinalização";"Colisão lateral";"Com Vítimas Feridas";"Anoitecer";"Crescente";"Chuva";"Simples";"Curva";"Rural";2;0;0;1;1;0;1;2
83528750;"29/12/16";"Quinta";"15:45:00";"MA";316;"563";"CAXIAS";"Velocidade incompatível";"Saída de Pista";"Sem Vítimas";"Pleno dia";"Crescente";"Chuva";"Simples";"Reta";"Rural";2;0;0;0;2;0;0;1
83528751;"28/12/16";"Quarta";"17:15:00";"MT";364;"523";"ROSARIO OESTE";"Não guardar distância de segurança";"Colisão traseira";"Sem Vítimas";"Pleno dia";"Crescente";"Ceu Claro";"Simples";"Reta";"Rural";5;0;0;0;5;0;0;2
83528752;"27/12/16";"Terça";"09:07:00";"RS";153;"528,4";"CACAPAVA DO SUL";"Outras";"Colisão com objeto fixo";"Com Vítimas Feridas";"Pleno dia";"Crescente";"Chuva";"Simples";"Curva";"Rural";2;0;1;0;1;0;1;1
83528753;"29/12/16";"Quinta";"16:50:00";"PR";369;"150";"LONDRINA";"Não guardar distância de segurança";"Colisão traseira";"Com Vítimas Feridas";"Pleno dia";"Decrescente";"Nublado";"Dupla";"Cruzamento";"Urbano";7;0;1;0;6;0;1;3
83528754;"29/12/16";"Quinta";"15:00:00";"MT";364;"530";"ROSARIO OESTE";"Defeito na via";"Tombamento";"Sem Vítimas";"Pleno dia";"Crescente";"Nublado";"Simples";"Reta";"Rural";1;0;0;0;1;0;0;1
83528755;"28/12/16";"Quarta";"18:10:00";"MT";364;"529";"ROSARIO OESTE";"Velocidade incompatível";"Tombamento";"Sem Vítimas";"Pleno dia";"Decrescente";"Ceu Claro";"Simples";"Reta";"Rural";1;0;0;0;1;0;0;1
83528756;"29/12/16";"Quinta";"18:30:00";"MS";163;"328,4";"RIO BRILHANTE";"Ingestão de álcool";"Saída de Pista";"Sem Vítimas";"Anoitecer";"Crescente";"Ceu Claro";"Simples";"Reta";"Rural";1;0;0;0;1;0;0;1
83528757;"29/12/16";"Quinta";"16:20:00";"SC";101;"214,8";"PALHOCA";"Falta de atenção";"Colisão traseira";"Com Vítimas Feridas";"Pleno dia";"Decrescente";"Ceu Claro";"Múltipla";"Reta";"Urbano";5;0;1;0;4;0;1;4
83528758;"29/12/16";"Quinta";"08:20:00";"SP";153;"322,7";"RIBEIRAO DO SUL";"Outras";"Colisão lateral";"Com Vítimas Feridas";"Pleno dia";"Crescente";"Ceu Claro";"Simples";"Reta";"Rural";2;0;1;0;1;0;1;2
83528759;"29/12/16";"Quinta";"12:10:00";"SC";163;"79,8";"GUARACIABA";"Defeito mecânico em veículo";"Danos Eventuais";"Sem Vítimas";"Pleno dia";"Crescente";"Ceu Claro";"Simples";"Reta";"Rural";1;0;0;0;1;0;0;1
83528760;"29/12/16";"Quinta";"18:20:00";"RS";116;"257";"ESTEIO";"Não guardar distância de segurança";"Colisão traseira";"Sem Vítimas";"Pleno dia";"Decrescente";"Chuva";"Dupla";"Reta";"Urbano";3;0;0;0;3;0;0;3
83528761;"29/12/16";"Quinta";"17:10:00";"RS";290;"255,4";"CACHOEIRA DO SUL";"Falta de atenção";"Saída de Pista";"Sem Vítimas";"Pleno dia";"Crescente";"Chuva";"Simples";"Reta";"Rural";2;0;0;0;2;0;0;1
83528762;"29/12/16";"Quinta";"18:00:00";"SC";101;"80";"BARRA VELHA";"Não guardar distância de segurança";"Colisão traseira";"Sem Vítimas";"Pleno dia";"Crescente";"Nublado";"Dupla";"Reta";"Rural";6;0;0;0;4;2;0;6
83528763;"29/12/16";"Quinta";"16:15:00";"MT";364;"290";"JACIARA";"Falta de atenção";"Saída de Pista";"Com Vítimas Feridas";"Pleno dia";"Decrescente";"Chuva";"Dupla";"Reta";"Rural";3;0;2;0;1;0;2;1
83528764;"29/12/16";"Quinta";"18:35:00";"SC";101;"212,6";"PALHOCA";"Não guardar distância de segurança";"Colisão lateral";"Com Vítimas Feridas";"Pleno dia";"Decrescente";"Nublado";"Dupla";"Reta";"Urbano";2;0;1;0;1;0;1;2
83528765;"29/12/16";"Quinta";"17:50:00";"MG";116;"584,8";"MANHUACU";"Outras";"Colisão lateral";"Com Vítimas Feridas";"Pleno dia";"Decrescente";"Chuva";"Simples";"Curva";"Rural";2;0;1;0;1;0;1;2
83528766;"28/12/16";"Quarta";"15:05:00";"MT";163;"686";"LUCAS DO RIO VERDE";"Outras";"Colisão Transversal";"Com Vítimas Feridas";"Pleno dia";"Crescente";"Nublado";"Simples";"Reta";"Urbano";2;0;0;1;0;1;1;2
83528767;"26/12/16";"Segunda";"23:00:00";"SP";459;"20,6";"PIQUETE";"Outras";"Colisão com objeto fixo";"Com Vítimas Feridas";"Plena noite";"Decrescente";"Ceu Claro";"Simples";"Curva";"Rural";2;0;1;0;1;0;1;1
83528768;"29/12/16";"Quinta";"18:20:00";"PR";153;"73";"CONSELHEIRO MAIRINCK";"Ultrapassagem indevida";"Saída de Pista";"Com Vítimas Feridas";"Pleno dia";"Crescente";"Ceu Claro";"Simples";"Curva";"Rural";1;0;1;0;0;0;1;1
83528769;"29/12/16";"Quinta";"10:30:00";"PR";376;"671";"GUARATUBA";"Falta de atenção";"Colisão Transversal";"Com Vítimas Feridas";"Pleno dia";"Crescente";"Ceu Claro";"Simples";"Reta";"Rural";2;0;0;1;1;0;1;2
83528770;"29/12/16";"Quinta";"14:30:00";"SC";282;"437,2";"IRANI";"Desobediência à sinalização";"Colisão Transversal";"Com Vítimas Feridas";"Pleno dia";"Decrescente";"Chuva";"Simples";"Reta";"Rural";5;0;4;0;1;0;4;2
83528771;"29/12/16";"Quinta";"18:10:00";"SP";116;"62,4";"GUARATINGUETA";"Defeito mecânico em veículo";"Colisão com objeto fixo";"Com Vítimas Feridas";"Pleno dia";"Decrescente";"Ceu Claro";"Dupla";"Reta";"Rural";1;0;1;0;0;0;1;1
83528773;"29/12/16";"Quinta";"17:50:00";"AL";104;"67";"MURICI";"Não guardar distância de segurança";"Queda de motocicleta / bicicleta / veículo";"Com Vítimas Feridas";"Anoitecer";"Crescente";"Ceu Claro";"Simples";"Curva";"Rural";2;0;1;1;0;0;2;1
83528774;"25/12/16";"Domingo";"17:00:00";"MG";40;"638,5";"CONSELHEIRO LAFAIETE";"Falta de atenção";"Colisão traseira";"Com Vítimas Feridas";"Pleno dia";"Decrescente";"Nublado";"Simples";"Reta";"Urbano";3;0;2;0;1;0;2;2
83528775;"29/12/16";"Quinta";"14:50:00";"PE";232;"410";"SERRA TALHADA";"Não guardar distância de segurança";"Colisão lateral";"Sem Vítimas";"Pleno dia";"Crescente";"Sol";"Simples";"Reta";"Urbano";2;0;0;0;2;0;0;2
83528776;"29/12/16";"Quinta";"15:30:00";"RS";386;"134";"SARANDI";"Outras";"Saída de Pista";"Com Vítimas Feridas";"Pleno dia";"Decrescente";"Ceu Claro";"Simples";"Reta";"Urbano";2;0;2;0;0;0;2;1
83528777;"29/12/16";"Quinta";"16:00:00";"SC";101;"123";"ITAJAI";"Não guardar distância de segurança";"Colisão traseira";"Sem Vítimas";"Pleno dia";"Crescente";"Sol";"Dupla";"Reta";"Urbano";2;0;0;0;2;0;0;2
83528778;"29/12/16";"Quinta";"17:50:00";"CE";222;"300";"TIANGUA";"Velocidade incompatível";"Colisão Transversal";"Com Vítimas Feridas";"Anoitecer";"Crescente";"Chuva";"Simples";"Curva";"Urbano";6;0;2;0;4;0;2;2
83528779;"29/12/16";"Quinta";"15:30:00";"PR";277;"185,9";"PALMEIRA";"Defeito mecânico em veículo";"Queda de motocicleta / bicicleta / veículo";"Com Vítimas Feridas";"Pleno dia";"Decrescente";"Ceu Claro";"Simples";"Reta";"Rural";2;0;2;0;0;0;2;1
83528780;"29/12/16";"Quinta";"19:00:00";"RS";101;"24,2";"TRES CACHOEIRAS";"Falta de atenção";"Colisão Transversal";"Com Vítimas Fatais";"Anoitecer";"Decrescente";"Chuva";"Dupla";"Reta";"Urbano";2;1;0;0;1;0;0;2
83528781;"29/12/16";"Quinta";"14:30:00";"MA";230;"307";"SAO RAIMUNDO DAS MANGABEIRAS";"Falta de atenção";"Colisão lateral";"Sem Vítimas";"Pleno dia";"Decrescente";"Ceu Claro";"Simples";"Reta";"Rural";2;0;0;0;1;1;0;2
83528782;"29/12/16";"Quinta";"19:00:00";"MG";40;"457,2";"CAETANOPOLIS";"Defeito mecânico em veículo";"Queda de motocicleta / bicicleta / veículo";"Com Vítimas Feridas";"Pleno dia";"Decrescente";"Ceu Claro";"Dupla";"Curva";"Rural";2;0;1;1;0;0;2;1
83528783;"22/12/16";"Quinta";"03:30:00";"SC";101;"139";"BALNEARIO CAMBORIU";"Outras";"Colisão com objeto fixo";"Ignorado";"Plena noite";"Decrescente";"Ignorada";"Dupla";"Reta";"Urbano";1;0;0;0;0;1;0;1
83528784;"19/12/16";"Segunda";"15:00:00";"DF";70;"12";"BRASILIA";"Outras";"Colisão traseira";"Com Vítimas Feridas";"Pleno dia";"Crescente";"Ceu Claro";"Dupla";"Reta";"Urbano";4;0;3;0;0;1;3;2
83528785;"25/12/16";"Domingo";"18:00:00";"MG";40;"462,4";"SETE LAGOAS";"Velocidade incompatível";"Saída de Pista";"Com Vítimas Feridas";"Plena noite";"Crescente";"Chuva";"Dupla";"Curva";"Rural";5;0;5;0;0;0;5;1
83528786;"29/12/16";"Quinta";"15:10:00";"PE";101;"46,2";"IGARASSU";"Falta de atenção";"Atropelamento de pessoa";"Com Vítimas Feridas";"Pleno dia";"Crescente";"Sol";"Múltipla";"Reta";"Urbano";3;0;1;2;0;0;3;1
83528787;"29/12/16";"Quinta";"17:30:00";"MG";381;"595,3";"CARMOPOLIS DE MINAS";"Outras";"Colisão com objeto fixo";"Com Vítimas Feridas";"Pleno dia";"Decrescente";"Ceu Claro";"Dupla";"Curva";"Rural";1;0;1;0;0;0;1;1
83528788;"29/12/16";"Quinta";"19:25:00";"SC";101;"207,9";"SAO JOSE";"Outras";"Colisão lateral";"Com Vítimas Feridas";"Pleno dia";"Decrescente";"Chuva";"Múltipla";"Curva";"Urbano";2;0;1;0;1;0;1;2
83528789;"29/12/16";"Quinta";"06:50:00";"GO";153;"121";"SANTA TEREZA DE GOIAS";"Falta de atenção";"Saída de Pista";"Sem Vítimas";"Pleno dia";"Crescente";"Chuva";"Simples";"Reta";"Urbano";1;0;0;0;1;0;0;1
83528790;"29/12/16";"Quinta";"13:35:00";"SC";101;"196,9";"BIGUACU";"Ingestão de álcool";"Colisão traseira";"Com Vítimas Feridas";"Pleno dia";"Crescente";"Ceu Claro";"Múltipla";"Curva";"Urbano";2;0;1;0;1;0;1;2
83528791;"29/12/16";"Quinta";"10:00:00";"SC";470;"101,6";"APIUNA";"Falta de atenção";"Colisão lateral";"Com Vítimas Feridas";"Pleno dia";"Decrescente";"Ceu Claro";"Simples";"Reta";"Urbano";3;0;1;0;0;2;1;2
83528792;"29/12/16";"Quinta";"18:00:00";"SC";280;"20,6";"ARAQUARI";"Falta de atenção";"Colisão Transversal";"Com Vítimas Feridas";"Pleno dia";"Decrescente";"Ceu Claro";"Simples";"Cruzamento";"Urbano";8;0;6;0;2;0;6;2
83528793;"21/12/16";"Quarta";"19:40:00";"RN";101;"107,2";"PARNAMIRIM";"Não guardar distância de segurança";"Saída de Pista";"Com Vítimas Feridas";"Plena noite";"Decrescente";"Chuva";"Dupla";"Reta";"Urbano";1;0;1;0;0;0;1;1
83528794;"29/12/16";"Quinta";"10:10:00";"SP";116;"166";"JACAREI";"Defeito mecânico em veículo";"Colisão traseira";"Sem Vítimas";"Pleno dia";"Decrescente";"Ceu Claro";"Dupla";"Reta";"Urbano";3;0;0;0;3;0;0;3
83528795;"29/12/16";"Quinta";"18:00:00";"MG";365;"661";"MONTE ALEGRE DE MINAS";"Outras";"Capotamento";"Com Vítimas Feridas";"Anoitecer";"Crescente";"Chuva";"Dupla";"Reta";"Rural";4;0;1;2;1;0;3;1
83528796;"29/12/16";"Quinta";"07:50:00";"RS";290;"160";"BUTIA";"Outras";"Tombamento";"Com Vítimas Feridas";"Pleno dia";"Crescente";"Chuva";"Simples";"Reta";"Rural";1;0;0;1;0;0;1;1
83528797;"29/12/16";"Quinta";"18:30:00";"BA";116;"744";"BOA NOVA";"Animais na Pista";"Atropelamento de animal";"Sem Vítimas";"Anoitecer";"Crescente";"Ceu Claro";"Simples";"Reta";"Rural";1;0;0;0;1;0;0;1
83528798;"29/12/16";"Quinta";"12:00:00";"PI";343;"476,7";"ANGICAL DO PIAUI";"Falta de atenção";"Colisão Transversal";"Com Vítimas Fatais";"Pleno dia";"Decrescente";"Sol";"Simples";"Reta";"Rural";2;1;0;0;1;0;0;2
83528799;"29/12/16";"Quinta";"08:00:00";"AL";104;"34";"UNIAO DOS PALMARES";"Falta de atenção";"Colisão Transversal";"Sem Vítimas";"Pleno dia";"Crescente";"Ceu Claro";"Simples";"Reta";"Urbano";2;0;0;0;2;0;0;2
83528800;"29/12/16";"Quinta";"18:30:00";"BA";116;"824";"VITORIA DA CONQUISTA";"Falta de atenção";"Colisão lateral";"Com Vítimas Feridas";"Anoitecer";"Crescente";"Ceu Claro";"Múltipla";"Reta";"Urbano";2;0;1;0;1;0;1;2
83528801;"29/12/16";"Quinta";"16:45:00";"PA";316;"60";"CASTANHAL";"Falta de atenção";"Colisão Transversal";"Com Vítimas Feridas";"Pleno dia";"Decrescente";"Ceu Claro";"Dupla";"Curva";"Urbano";2;0;1;0;1;0;1;2
83528803;"29/12/16";"Quinta";"16:30:00";"RS";386;"195,9";"SANTO ANTONIO DO PLANALTO";"Velocidade incompatível";"Saída de Pista";"Com Vítimas Feridas";"Pleno dia";"Decrescente";"Chuva";"Simples";"Curva";"Rural";4;0;1;0;3;0;1;1
83528804;"13/12/16";"Terça";"12:40:00";"RJ";393;"237";"VASSOURAS";"Outras";"Colisão frontal";"Com Vítimas Fatais";"Pleno dia";"Crescente";"Ceu Claro";"Simples";"Reta";"Urbano";5;1;2;2;0;0;4;2
83528805;"29/12/16";"Quinta";"19:00:00";"SC";282;"603";"MARAVILHA";"Falta de atenção";"Saída de Pista";"Com Vítimas Feridas";"Pleno dia";"Crescente";"Chuva";"Simples";"Reta";"Rural";3;0;2;1;0;0;3;1
83528806;"29/12/16";"Quinta";"17:30:00";"SC";282;"434,1";"VARGEM BONITA";"Velocidade incompatível";"Colisão lateral";"Com Vítimas Feridas";"Pleno dia";"Decrescente";"Chuva";"Simples";"Reta";"Rural";4;0;3;0;1;0;3;2
83528807;"28/12/16";"Quarta";"14:11:00";"PE";316;"21";"ARARIPINA";"Outras";"Atropelamento de pessoa";"Com Vítimas Feridas";"Pleno dia";"Crescente";"Ceu Claro";"Simples";"Reta";"Urbano";2;0;1;1;0;0;2;1
83528808;"29/12/16";"Quinta";"20:45:00";"MG";381;"783";"CAMPANHA";"Outras";"Saída de Pista";"Sem Vítimas";"Plena noite";"Crescente";"Ceu Claro";"Dupla";"Curva";"Rural";1;0;0;0;1;0;0;1
83528809;"29/12/16";"Quinta";"15:20:00";"MT";163;"510,6";"DIAMANTINO";"Ingestão de álcool";"Colisão frontal";"Com Vítimas Feridas";"Pleno dia";"Crescente";"Nublado";"Simples";"Reta";"Rural";2;0;1;0;1;0;1;2
83528810;"25/12/16";"Domingo";"14:00:00";"PR";373;"177";"PONTA GROSSA";"Falta de atenção";"Saída de Pista";"Sem Vítimas";"Pleno dia";"Crescente";"Ignorada";"Dupla";"Reta";"Urbano";1;0;0;0;1;0;0;1
83528811;"29/12/16";"Quinta";"19:10:00";"PR";163;"157";"SANTA LUCIA";"Velocidade incompatível";"Tombamento";"Com Vítimas Feridas";"Pleno dia";"Decrescente";"Nublado";"Simples";"Curva";"Rural";1;0;1;0;0;0;1;1
83528812;"29/12/16";"Quinta";"16:20:00";"PI";316;"57,6";"MONSENHOR GIL";"Falta de atenção";"Atropelamento de pessoa";"Com Vítimas Feridas";"Pleno dia";"Decrescente";"Sol";"Simples";"Reta";"Urbano";2;0;1;1;0;0;2;1
83528813;"29/12/16";"Quinta";"18:20:00";"PR";116;"28";"CAMPINA GRANDE DO SUL";"Velocidade incompatível";"Saída de Pista";"Sem Vítimas";"Anoitecer";"Decrescente";"Chuva";"Dupla";"Curva";"Rural";1;0;0;0;1;0;0;1
83528814;"29/12/16";"Quinta";"16:45:00";"PR";376;"591";"CURITIBA";"Velocidade incompatível";"Colisão Transversal";"Com Vítimas Feridas";"Pleno dia";"Crescente";"Chuva";"Dupla";"Reta";"Urbano";5;0;1;1;1;2;2;2
83528817;"29/12/16";"Quinta";"20:15:00";"GO";60;"465";"JATAI";"Ingestão de álcool";"Saída de Pista";"Sem Vítimas";"Anoitecer";"Crescente";"Nublado";"Dupla";"Reta";"Rural";1;0;0;0;1;0;0;1
83528818;"29/12/16";"Quinta";"16:30:00";"TO";226;"30";"PALMEIRAS DO TOCANTINS";"Falta de atenção";"Saída de Pista";"Sem Vítimas";"Pleno dia";"Crescente";"Nublado";"Simples";"Curva";"Rural";2;0;0;0;2;0;0;1
83528819;"24/12/16";"Sábado";"18:45:00";"GO";60;"31,4";"ALEXANIA";"Ingestão de álcool";"Colisão lateral";"Sem Vítimas";"Plena noite";"Decrescente";"Ceu Claro";"Dupla";"Reta";"Urbano";2;0;0;0;2;0;0;2
83528820;"29/12/16";"Quinta";"19:30:00";"SC";282;"305,5";"VARGEM";"Falta de atenção";"Saída de Pista";"Sem Vítimas";"Anoitecer";"Decrescente";"Chuva";"Simples";"Curva";"Rural";4;0;0;0;4;0;0;1
83528821;"29/12/16";"Quinta";"19:30:00";"SC";101;"206,9";"SAO JOSE";"Falta de atenção";"Colisão lateral";"Com Vítimas Feridas";"Anoitecer";"Decrescente";"Nublado";"Dupla";"Reta";"Urbano";3;0;1;0;2;0;1;3
83528822;"29/12/16";"Quinta";"19:30:00";"SC";282;"307,5";"VARGEM";"Outras";"Saída de Pista";"Sem Vítimas";"Anoitecer";"Decrescente";"Chuva";"Simples";"Curva";"Rural";1;0;0;0;1;0;0;1
83528823;"29/12/16";"Quinta";"20:04:00";"MG";262;"29";"REDUTO";"Desobediência à sinalização";"Colisão Transversal";"Com Vítimas Feridas";"Plena noite";"Crescente";"Ceu Claro";"Simples";"Reta";"Urbano";2;0;1;0;1;0;1;2
83528824;"29/12/16";"Quinta";"19:15:00";"RS";116;"224,5";"DOIS IRMAOS";"Velocidade incompatível";"Colisão frontal";"Sem Vítimas";"Pleno dia";"Decrescente";"Chuva";"Simples";"Curva";"Urbano";2;0;0;0;1;1;0;2
83528825;"29/12/16";"Quinta";"18:45:00";"SP";101;"40";"UBATUBA";"Falta de atenção";"Colisão Transversal";"Com Vítimas Feridas";"Pleno dia";"Crescente";"Ceu Claro";"Simples";"Reta";"Urbano";6;0;2;1;3;0;3;4
83528826;"29/12/16";"Quinta";"19:45:00";"SC";101;"261,5";"GAROPABA";"Outras";"Colisão traseira";"Sem Vítimas";"Plena noite";"Decrescente";"Chuva";"Dupla";"Reta";"Rural";2;0;0;0;2;0;0;2
83528827;"26/12/16";"Segunda";"16:00:00";"MT";364;"464";"VARZEA GRANDE";"Outras";"Saída de Pista";"Com Vítimas Feridas";"Pleno dia";"Decrescente";"Chuva";"Simples";"Reta";"Rural";3;0;1;0;2;0;1;1
83528828;"29/12/16";"Quinta";"23:30:00";"SC";101;"85";"BARRA VELHA";"Outras";"Saída de Pista";"Sem Vítimas";"Plena noite";"Decrescente";"Nublado";"Dupla";"Reta";"Urbano";1;0;0;0;1;0;0;1
83528829;"25/12/16";"Domingo";"09:40:00";"GO";40;"26";"LUZIANIA";"Outras";"Colisão frontal";"Com Vítimas Feridas";"Pleno dia";"Crescente";"Ceu Claro";"Simples";"Reta";"Urbano";9;0;4;5;0;0;9;2
83528830;"29/12/16";"Quinta";"15:00:00";"SC";101;"78,9";"ARAQUARI";"Falta de atenção";"Colisão lateral";"Com Vítimas Feridas";"Pleno dia";"Crescente";"Sol";"Dupla";"Reta";"Rural";3;0;2;0;1;0;2;2