"id";"data_inversa";"dia_semana";"horario";"uf";"br";"km";"municipio";"causa_acidente";"tipo_acidente";"classificacao_acidente";"fase_dia";"sentido_via";"condicao_metereologica";"tipo_pista";"tracado_via";"uso_solo";"pessoas";"mortos";"feridos_leves";"feridos_graves";"ilesos";"ignorados";"feridos";"veiculos"
83529051;"30/12/16";"Sexta";"08:50:00";"PR";153;"135";"VENTANIA";"Outras";"Capotamento";"Sem Vítimas";"Pleno dia";"Crescente";"Chuva";"Simples";"Curva";"Rural";1;0;0;0;1;0;0;1
83529052;"28/12/16";"Quarta";"18:50:00";"BA";101;"201";"CACHOEIRA";"Falta de atenção";"Colisão frontal";"Com Vítimas Feridas";"Plena noite";"Crescente";"Ceu Claro";"Simples";"Reta";"Urbano";2;0;1;0;1;0;1;2
83529053;"30/12/16";"Sexta";"11:00:00";"GO";153;"387";"SAO FRANCISCO DE GOIAS";"Defeito na via";"Colisão lateral";"Sem Vítimas";"Pleno dia";"Crescente";"Sol";"Simples";"Reta";"Rural";2;0;0;0;2;0;0;2
83529054;"30/12/16";"Sexta";"07:00:00";"PE";232;"7,9";"RECIFE";"Falta de atenção";"Colisão lateral";"Com Vítimas Feridas";"Pleno dia";"Decrescente";"Ceu Claro";"Múltipla";"Reta";"Urbano";2;0;1;0;1;0;1;2
83529055;"30/12/16";"Sexta";"18:20:00";"MG";153;"150";"CAMPO FLORIDO";"Velocidade incompatível";"Saída de Pista";"Com Vítimas Feridas";"Pleno dia";"Decrescente";"Chuva";"Simples";"Curva";"Rural";4;0;1;0;3;0;1;1
83529057;"26/12/16";"Segunda";"11:35:00";"RJ";101;"472";"ANGRA DOS REIS";"Falta de atenção";"Colisão Transversal";"Sem Vítimas";"Pleno dia";"Crescente";"Ceu Claro";"Dupla";"Reta";"Urbano";2;0;0;0;2;0;0;2
83529058;"26/12/16";"Segunda";"20:50:00";"GO";153;"345,2";"JARAGUA";"Outras";"Colisão lateral";"Sem Vítimas";"Plena noite";"Decrescente";"Chuva";"Simples";"Reta";"Rural";3;0;0;0;3;0;0;3
83529059;"04/12/16";"Domingo";"08:40:00";"SC";101;"175";"BIGUACU";"Velocidade incompatível";"Saída de Pista";"Com Vítimas Feridas";"Pleno dia";"Crescente";"Chuva";"Dupla";"Curva";"Rural";2;0;1;0;1;0;1;1
83529060;"30/12/16";"Sexta";"18:00:00";"SC";116;"281";"CAPAO ALTO";"Velocidade incompatível";"Saída de Pista";"Sem Vítimas";"Pleno dia";"Decrescente";"Chuva";"Simples";"Reta";"Rural";4;0;0;0;4;0;0;1
83529061;"30/12/16";"Sexta";"17:30:00";"RS";386;"35,5";"FREDERICO WESTPHALEN";"Falta de atenção";"Colisão Transversal";"Sem Vítimas";"Pleno dia";"Decrescente";"Chuva";"Simples";"Reta";"Urbano";2;0;0;0;2;0;0;2
83529062;"26/12/16";"Segunda";"18:35:00";"SC";280;"231,8";"CANOINHAS";"Falta de atenção";"Colisão traseira";"Com Vítimas Feridas";"Pleno dia";"Decrescente";"Ceu Claro";"Simples";"Reta";"Urbano";2;0;1;0;1;0;1;2
83529063;"30/12/16";"Sexta";"15:00:00";"RS";158;"241,5";"TUPANCIRETA";"Outras";"Colisão Transversal";"Com Vítimas Feridas";"Pleno dia";"Decrescente";"Chuva";"Simples";"Reta";"Rural";4;0;2;0;2;0;2;2
83529064;"30/12/16";"Sexta";"17:20:00";"BA";415;"32";"ILHEUS";"Falta de atenção";"Colisão lateral";"Com Vítimas Feridas";"Pleno dia";"Decrescente";"Ceu Claro";"Simples";"Reta";"Urbano";3;0;2;0;1;0;2;2
83529065;"30/12/16";"Sexta";"14:25:00";"BA";116;"16";"VITORIA DA CONQUISTA";"Falta de atenção";"Colisão lateral";"Sem Vítimas";"Pleno dia";"Decrescente";"Sol";"Simples";"Reta";"Urbano";2;0;0;0;2;0;0;2
83529066;"28/12/16";"Quarta";"01:00:00";"PA";222;"95";"RONDON DO PARA";"Falta de atenção";"Saída de Pista";"Com Vítimas Feridas";"Plena noite";"Decrescente";"Nublado";"Simples";"Reta";"Rural";2;0;2;0;0;0;2;1
83529067;"30/12/16";"Sexta";"15:30:00";"RO";174;"20";"VILHENA";"Falta de atenção";"Queda de motocicleta / bicicleta / veículo";"Com Vítimas Feridas";"Pleno dia";"Decrescente";"Ceu Claro";"Simples";"Cruzamento";"Rural";1;0;1;0;0;0;1;1
83529068;"30/12/16";"Sexta";"14:00:00";"MG";381;"490,8";"BETIM";"Outras";"Colisão Transversal";"Com Vítimas Feridas";"Pleno dia";"Decrescente";"Sol";"Dupla";"Reta";"Urbano";3;0;2;0;1;0;2;2
83529069;"23/12/16";"Sexta";"06:30:00";"GO";40;"74";"CRISTALINA";"Dormindo";"Saída de Pista";"Ignorado";"Amanhecer";"Crescente";"Ceu Claro";"Simples";"Curva";"Rural";1;0;0;0;0;1;0;1
83529070;"30/12/16";"Sexta";"19:30:00";"RS";285;"641,2";"SAO BORJA";"Velocidade incompatível";"Saída de Pista";"Com Vítimas Feridas";"Pleno dia";"Crescente";"Chuva";"Simples";"Reta";"Rural";2;0;1;1;0;0;2;1
83529071;"26/12/16";"Segunda";"16:05:00";"MG";135;"370";"MONTES CLAROS";"Falta de atenção";"Colisão traseira";"Com Vítimas Feridas";"Pleno dia";"Decrescente";"Sol";"Dupla";"Cruzamento";"Urbano";15;0;1;0;3;11;1;13
83529072;"30/12/16";"Sexta";"12:20:00";"MS";267;"456,8";"GUIA LOPES DA LAGUNA";"Velocidade incompatível";"Saída de Pista";"Com Vítimas Fatais";"Pleno dia";"Decrescente";"Ceu Claro";"Simples";"Reta";"Rural";2;1;1;0;0;0;1;1
83529073;"30/12/16";"Sexta";"16:10:00";"PR";153;"516";"GENERAL CARNEIRO";"Velocidade incompatível";"Colisão frontal";"Com Vítimas Fatais";"Pleno dia";"Crescente";"Chuva";"Simples";"Curva";"Rural";4;3;0;0;1;0;0;2
83529074;"07/12/16";"Quarta";"18:30:00";"MA";222;"156";"VARGEM GRANDE";"Falta de atenção";"Atropelamento de animal";"Com Vítimas Feridas";"Anoitecer";"Crescente";"Ceu Claro";"Simples";"Reta";"Urbano";3;0;1;2;0;0;3;1
83529075;"26/12/16";"Segunda";"06:40:00";"AC";317;"224";"XAPURI";"Dormindo";"Saída de Pista";"Sem Vítimas";"Amanhecer";"Crescente";"Ceu Claro";"Simples";"Curva";"Rural";1;0;0;0;1;0;0;1
83529076;"25/12/16";"Domingo";"22:20:00";"PR";277;"346";"GUARAPUAVA";"Falta de atenção";"Colisão Transversal";"Com Vítimas Feridas";"Plena noite";"Crescente";"Ignorada";"Simples";"Reta";"Urbano";6;0;3;0;3;0;3;2
83529077;"30/12/16";"Sexta";"17:30:00";"PR";369;"236,7";"JANDAIA DO SUL";"Falta de atenção";"Colisão Transversal";"Com Vítimas Feridas";"Pleno dia";"Decrescente";"Sol";"Simples";"Reta";"Rural";5;0;1;0;4;0;1;2
83529078;"30/12/16";"Sexta";"17:30:00";"SP";381;"80,5";"SAO PAULO";"Ingestão de álcool";"Colisão com objeto fixo";"Com Vítimas Feridas";"Pleno dia";"Decrescente";"Sol";"Dupla";"Reta";"Urbano";2;0;1;0;1;0;1;1
83529079;"30/12/16";"Sexta";"17:00:00";"PR";476;"142";"CURITIBA";"Outras";"Colisão lateral";"Com Vítimas Feridas";"Pleno dia";"Crescente";"Ceu Claro";"Dupla";"Reta";"Urbano";3;0;0;2;0;1;2;2
83529081;"30/12/16";"Sexta";"16:30:00";"MA";222;"290";"ARARI";"Outras";"Tombamento";"Sem Vítimas";"Pleno dia";"Decrescente";"Chuva";"Simples";"Reta";"Rural";1;0;0;0;1;0;0;1
83529083;"30/12/16";"Sexta";"14:40:00";"PB";230;"195";"POCINHOS";"Ultrapassagem indevida";"Capotamento";"Ignorado";"Pleno dia";"Crescente";"Ceu Claro";"Simples";"Reta";"Rural";1;0;0;0;0;1;0;1
83529084;"30/12/16";"Sexta";"08:15:00";"SP";116;"88,6";"PINDAMONHANGABA";"Outras";"Tombamento";"Com Vítimas Feridas";"Pleno dia";"Decrescente";"Sol";"Dupla";"Reta";"Urbano";1;0;1;0;0;0;1;1
83529085;"30/12/16";"Sexta";"08:20:00";"GO";60;"50,9";"ABADIANIA";"Outras";"Colisão com objeto fixo";"Sem Vítimas";"Pleno dia";"Decrescente";"Ceu Claro";"Dupla";"Curva";"Rural";1;0;0;0;1;0;0;1
83529086;"29/12/16";"Quinta";"00:00:00";"SP";153;"86,2";"MIRASSOL";"Ingestão de álcool";"Saída de Pista";"Com Vítimas Feridas";"Plena noite";"Crescente";"Nublado";"Simples";"Curva";"Rural";1;0;1;0;0;0;1;1
83529087;"30/12/16";"Sexta";"18:00:00";"MG";40;"735";"SANTOS DUMONT";"Velocidade incompatível";"Saída de Pista";"Com Vítimas Feridas";"Pleno dia";"Decrescente";"Chuva";"Simples";"Curva";"Rural";3;0;3;0;0;0;3;1
83529088;"30/12/16";"Sexta";"15:30:00";"AC";317;"252";"EPITACIOLANDIA";"Defeito na via";"Saída de Pista";"Ignorado";"Pleno dia";"Decrescente";"Nublado";"Simples";"Reta";"Rural";1;0;0;0;0;1;0;1
83529089;"30/12/16";"Sexta";"17:10:00";"PR";376;"113,1";"ALTO PARANA";"Dormindo";"Colisão lateral";"Com Vítimas Feridas";"Pleno dia";"Decrescente";"Sol";"Simples";"Reta";"Rural";2;0;1;0;1;0;1;2
83529090;"30/12/16";"Sexta";"18:50:00";"RS";290;"53";"GLORINHA";"Falta de atenção";"Colisão traseira";"Com Vítimas Fatais";"Pleno dia";"Decrescente";"Sol";"Múltipla";"Reta";"Rural";8;1;0;0;6;1;0;8
83529091;"30/12/16";"Sexta";"14:00:00";"MG";153;"183,8";"FRUTAL";"Outras";"Saída de Pista";"Com Vítimas Feridas";"Pleno dia";"Decrescente";"Nublado";"Simples";"Reta";"Rural";2;0;0;1;1;0;1;1
83529092;"30/12/16";"Sexta";"11:00:00";"SC";101;"334,9";"TUBARAO";"Desobediência à sinalização";"Colisão Transversal";"Com Vítimas Feridas";"Pleno dia";"Decrescente";"Ceu Claro";"Simples";"Cruzamento";"Urbano";4;0;1;0;3;0;1;2
83529093;"30/12/16";"Sexta";"19:05:00";"PR";369;"137,6";"IBIPORA";"Velocidade incompatível";"Queda de motocicleta / bicicleta / veículo";"Com Vítimas Feridas";"Anoitecer";"Crescente";"Ceu Claro";"Simples";"Reta";"Urbano";2;0;1;0;1;0;1;1
83529094;"26/12/16";"Segunda";"17:00:00";"GO";70;"1";"AGUAS LINDAS DE GOIAS";"Outras";"Colisão Transversal";"Sem Vítimas";"Pleno dia";"Crescente";"Chuva";"Dupla";"Curva";"Rural";2;0;0;0;1;1;0;2
83529095;"27/12/16";"Terça";"07:00:00";"MG";381;"717,6";"CARMO DA CACHOEIRA";"Falta de atenção";"Saída de Pista";"Sem Vítimas";"Pleno dia";"Decrescente";"Sol";"Dupla";"Curva";"Rural";1;0;0;0;1;0;0;1
83529096;"30/12/16";"Sexta";"20:00:00";"SC";116;"309";"CAPAO ALTO";"Velocidade incompatível";"Tombamento";"Sem Vítimas";"Plena noite";"Crescente";"Chuva";"Simples";"Reta";"Rural";1;0;0;0;1;0;0;1
83529097;"30/12/16";"Sexta";"15:00:00";"AL";101;"52,2";"FLEXEIRAS";"Outras";"Saída de Pista";"Sem Vítimas";"Pleno dia";"Crescente";"Ceu Claro";"Simples";"Curva";"Rural";1;0;0;0;1;0;0;1
83529098;"30/12/16";"Sexta";"14:00:00";"PR";376;"658";"TIJUCAS DO SUL";"Outras";"Saída de Pista";"Com Vítimas Feridas";"Pleno dia";"Decrescente";"Chuva";"Múltipla";"Curva";"Rural";2;0;2;0;0;0;2;2
83529100;"30/12/16";"Sexta";"17:10:00";"SC";282;"528";"XAXIM";"Velocidade incompatível";"Colisão frontal";"Com Vítimas Feridas";"Pleno dia";"Decrescente";"Chuva";"Simples";"Curva";"Rural";3;0;0;2;1;0;2;2
83529101;"30/12/16";"Sexta";"16:20:00";"GO";60;"95,7";"ANAPOLIS";"Velocidade incompatível";"Saída de Pista";"Sem Vítimas";"Pleno dia";"Decrescente";"Chuva";"Dupla";"Reta";"Urbano";1;0;0;0;1;0;0;1
83529102;"30/12/16";"Sexta";"18:20:00";"SC";282;"174,5";"BOCAINA DO SUL";"Velocidade incompatível";"Colisão frontal";"Com Vítimas Fatais";"Anoitecer";"Crescente";"Chuva";"Simples";"Curva";"Rural";7;5;0;0;2;0;0;2
83529103;"30/12/16";"Sexta";"19:00:00";"PI";316;"34,9";"DEMERVAL LOBAO";"Não guardar distância de segurança";"Colisão traseira";"Sem Vítimas";"Plena noite";"Decrescente";"Ceu Claro";"Simples";"Reta";"Rural";2;0;0;0;2;0;0;2
83529104;"30/12/16";"Sexta";"12:15:00";"MG";262;"137";"RIO CASCA";"Falta de atenção";"Colisão lateral";"Com Vítimas Feridas";"Pleno dia";"Decrescente";"Ceu Claro";"Simples";"Reta";"Rural";5;0;3;1;1;0;4;2
83529105;"28/12/16";"Quarta";"16:00:00";"SP";116;"154";"SAO JOSE DOS CAMPOS";"Defeito mecânico em veículo";"Queda de motocicleta / bicicleta / veículo";"Com Vítimas Feridas";"Pleno dia";"Decrescente";"Ceu Claro";"Dupla";"Reta";"Urbano";2;0;2;0;0;0;2;1
83529106;"30/12/16";"Sexta";"18:00:00";"MG";40;"632,3";"CONSELHEIRO LAFAIETE";"Falta de atenção";"Saída de Pista";"Com Vítimas Feridas";"Pleno dia";"Crescente";"Ceu Claro";"Dupla";"Reta";"Urbano";1;0;1;0;0;0;1;1
83529107;"30/12/16";"Sexta";"16:20:00";"PE";104;"109,1";"CUPIRA";"Ingestão de álcool";"Colisão lateral";"Com Vítimas Feridas";"Pleno dia";"Decrescente";"Sol";"Simples";"Reta";"Rural";3;0;1;0;2;0;1;2
83529108;"30/12/16";"Sexta";"18:20:00";"PE";408;"23";"TIMBAUBA";"Outras";"Atropelamento de pessoa";"Com Vítimas Feridas";"Plena noite";"Decrescente";"Ceu Claro";"Simples";"Reta";"Rural";2;0;0;1;0;1;1;1
83529109;"30/12/16";"Sexta";"08:30:00";"MG";40;"464";"SETE LAGOAS";"Dormindo";"Capotamento";"Com Vítimas Feridas";"Pleno dia";"Decrescente";"Ceu Claro";"Dupla";"Reta";"Rural";2;0;1;0;1;0;1;1
83529110;"30/12/16";"Sexta";"16:00:00";"ES";101;"378";"ICONHA";"Falta de atenção";"Colisão traseira";"Com Vítimas Feridas";"Pleno dia";"Decrescente";"Ceu Claro";"Simples";"Reta";"Urbano";2;0;1;0;1;0;1;2
83529111;"30/12/16";"Sexta";"22:30:00";"RS";116;"245";"SAO LEOPOLDO";"Outras";"Colisão com bicicleta";"Com Vítimas Feridas";"Plena noite";"Crescente";"Nublado";"Dupla";"Reta";"Urbano";2;0;0;1;0;1;1;2
83529112;"30/12/16";"Sexta";"20:30:00";"SC";158;"111,4";"CUNHA PORA";"Defeito na via";"Tombamento";"Com Vítimas Feridas";"Plena noite";"Crescente";"Nublado";"Simples";"Reta";"Rural";2;0;2;0;0;0;2;1
83529113;"30/12/16";"Sexta";"20:45:00";"MG";50;"18";"UBERLANDIA";"Velocidade incompatível";"Capotamento";"Com Vítimas Feridas";"Plena noite";"Crescente";"Ceu Claro";"Dupla";"Reta";"Urbano";1;0;1;0;0;0;1;1
83529114;"27/12/16";"Terça";"06:00:00";"SC";280;"275";"IRINEOPOLIS";"Ultrapassagem indevida";"Saída de Pista";"Sem Vítimas";"Amanhecer";"Decrescente";"Ceu Claro";"Simples";"Reta";"Rural";1;0;0;0;1;0;0;1
83529115;"30/12/16";"Sexta";"21:15:00";"DF";60;"4";"BRASILIA";"Outras";"Colisão lateral";"Sem Vítimas";"Plena noite";"Crescente";"Ceu Claro";"Dupla";"Reta";"Rural";2;0;0;0;2;0;0;2
83529116;"30/12/16";"Sexta";"11:10:00";"MT";174;"223";"FIGUEIROPOLIS DOESTE";"Falta de atenção";"Saída de Pista";"Com Vítimas Feridas";"Pleno dia";"Crescente";"Ceu Claro";"Simples";"Reta";"Rural";6;0;3;0;0;3;3;3
83529117;"30/12/16";"Sexta";"22:15:00";"SC";101;"139,7";"BALNEARIO CAMBORIU";"Velocidade incompatível";"Saída de Pista";"Com Vítimas Feridas";"Plena noite";"Decrescente";"Chuva";"Simples";"Reta";"Urbano";2;0;1;1;0;0;2;1
83529118;"30/12/16";"Sexta";"22:00:00";"PE";101;"51";"ABREU E LIMA";"Outras";"Colisão com objeto fixo";"Com Vítimas Feridas";"Plena noite";"Decrescente";"Ceu Claro";"Múltipla";"Reta";"Urbano";2;0;0;2;0;0;2;1
83529119;"30/12/16";"Sexta";"14:30:00";"SP";116;"150";"SAO JOSE DOS CAMPOS";"Outras";"Queda de motocicleta / bicicleta / veículo";"Com Vítimas Feridas";"Pleno dia";"Decrescente";"Chuva";"Dupla";"Reta";"Urbano";1;0;1;0;0;0;1;1
83529120;"30/12/16";"Sexta";"20:00:00";"ES";101;"146,7";"LINHARES";"Outras";"Colisão frontal";"Com Vítimas Feridas";"Plena noite";"Decrescente";"Ceu Claro";"Dupla";"Reta";"Urbano";4;0;2;0;1;1;2;2
83529121;"30/12/16";"Sexta";"13:30:00";"SP";101;"32,4";"UBATUBA";"Falta de atenção";"Atropelamento de pessoa";"Com Vítimas Feridas";"Pleno dia";"Decrescente";"Ceu Claro";"Simples";"Curva";"Urbano";6;0;0;1;5;0;1;2
83529122;"30/12/16";"Sexta";"16:30:00";"MA";135;"35";"BACABEIRA";"Falta de atenção";"Colisão frontal";"Com Vítimas Fatais";"Pleno dia";"Crescente";"Sol";"Simples";"Reta";"Rural";3;1;0;0;2;0;0;3
83529123;"30/12/16";"Sexta";"20:05:00";"ES";101;"296";"CARIACICA";"Falta de atenção";"Queda de motocicleta / bicicleta / veículo";"Com Vítimas Feridas";"Plena noite";"Decrescente";"Ceu Claro";"Múltipla";"Reta";"Urbano";1;0;0;1;0;0;1;1
83529124;"30/12/16";"Sexta";"17:10:00";"MG";40;"743";"SANTOS DUMONT";"Velocidade incompatível";"Saída de Pista";"Com Vítimas Feridas";"Pleno dia";"Decrescente";"Chuva";"Simples";"Curva";"Rural";1;0;1;0;0;0;1;1
83529125;"30/12/16";"Sexta";"12:30:00";"RJ";101;"278";"TANGUA";"Outras";"Capotamento";"Sem Vítimas";"Pleno dia";"Decrescente";"Ceu Claro";"Dupla";"Reta";"Urbano";1;0;0;0;1;0;0;1
83529126;"30/12/16";"Sexta";"22:30:00";"RJ";101;"297";"ITABORAI";"Outras";"Colisão com objeto fixo";"Sem Vítimas";"Plena noite";"Crescente";"Ceu Claro";"Dupla";"Reta";"Urbano";1;0;0;0;1;0;0;1
83529127;"30/12/16";"Sexta";"17:30:00";"MG";40;"745";"SANTOS DUMONT";"Velocidade incompatível";"Saída de Pista";"Sem Vítimas";"Pleno dia";"Decrescente";"Chuva";"Simples";"Curva";"Rural";1;0;0;0;1;0;0;1
83529128;"30/12/16";"Sexta";"11:00:00";"RO";364;"385,2";"OURO PRETO DO OESTE";"Não guardar distância de segurança";"Colisão traseira";"Com Vítimas Feridas";"Pleno dia";"Decrescente";"Ceu Claro";"Simples";"Reta";"Urbano";3;0;0;1;2;0;1;2
83529129;"20/12/16";"Terça";"23:15:00";"CE";20;"303";"CANINDE";"Animais na Pista";"Atropelamento de animal";"Com Vítimas Feridas";"Plena noite";"Crescente";"Ceu Claro";"Simples";"Reta";"Urbano";1;0;0;1;0;0;1;1
83529130;"31/12/16";"Sábado";"00:05:00";"PR";369;"201";"APUCARANA";"Ingestão de álcool";"Colisão frontal";"Com Vítimas Feridas";"Plena noite";"Decrescente";"Ceu Claro";"Simples";"Reta";"Urbano";4;0;2;0;1;1;2;2
83529131;"30/12/16";"Sexta";"20:40:00";"CE";116;"134";"RUSSAS";"Animais na Pista";"Capotamento";"Com Vítimas Feridas";"Plena noite";"Crescente";"Vento";"Simples";"Reta";"Rural";2;0;0;2;0;0;2;1
83529132;"30/12/16";"Sexta";"14:50:00";"RO";364;"342";"JI-PARANA";"Não guardar distância de segurança";"Colisão traseira";"Com Vítimas Feridas";"Pleno dia";"Decrescente";"Ceu Claro";"Dupla";"Reta";"Urbano";2;0;1;0;1;0;1;2
83529133;"30/12/16";"Sexta";"19:30:00";"MG";459;"33,7";"CALDAS";"Ultrapassagem indevida";"Colisão frontal";"Com Vítimas Feridas";"Anoitecer";"Crescente";"Ceu Claro";"Simples";"Curva";"Rural";3;0;1;2;0;0;3;2
83529134;"30/12/16";"Sexta";"17:00:00";"PI";316;"110";"PASSAGEM FRANCA DO PIAUI";"Falta de atenção";"Colisão traseira";"Sem Vítimas";"Anoitecer";"Crescente";"Ceu Claro";"Simples";"Reta";"Rural";4;0;0;0;4;0;0;4
83529135;"31/12/16";"Sábado";"01:00:00";"MG";381;"445";"SABARA";"Defeito mecânico em veículo";"Incêndio";"Sem Vítimas";"Plena noite";"Decrescente";"Ceu Claro";"Simples";"Reta";"Rural";2;0;0;0;2;0;0;1
83529136;"30/12/16";"Sexta";"10:20:00";"SE";101;"58,3";"ROSARIO DO CATETE";"Defeito mecânico em veículo";"Colisão frontal";"Com Vítimas Feridas";"Pleno dia";"Crescente";"Ceu Claro";"Simples";"Curva";"Rural";4;0;1;0;3;0;1;3
83529137;"30/12/16";"Sexta";"18:15:00";"MG";262;"186";"SAO DOMINGOS DO PRATA";"Velocidade incompatível";"Saída de Pista";"Com Vítimas Feridas";"Pleno dia";"Decrescente";"Ceu Claro";"Simples";"Reta";"Rural";3;0;2;0;1;0;2;1
83529138;"30/12/16";"Sexta";"22:15:00";"RJ";356;"163,2";"SAO JOAO DA BARRA";"Velocidade incompatível";"Colisão frontal";"Com Vítimas Feridas";"Plena noite";"Crescente";"Ceu Claro";"Simples";"Reta";"Rural";2;0;2;0;0;0;2;2
83529139;"25/12/16";"Domingo";"14:30:00";"PE";104;"113";"PANELAS";"Dormindo";"Saída de Pista";"Com Vítimas Feridas";"Pleno dia";"Crescente";"Ceu Claro";"Simples";"Reta";"Rural";1;0;1;0;0;0;1;1
83529140;"30/12/16";"Sexta";"19:45:00";"PB";101;"17,5";"MAMANGUAPE";"Velocidade incompatível";"Atropelamento de pessoa";"Com Vítimas Fatais";"Plena noite";"Crescente";"Ceu Claro";"Dupla";"Reta";"Rural";3;1;1;0;1;0;1;1
83529141;"30/12/16";"Sexta";"16:30:00";"MG";251;"322";"SALINAS";"Ultrapassagem indevida";"Colisão frontal";"Com Vítimas Feridas";"Pleno dia";"Crescente";"Sol";"Simples";"Reta";"Rural";3;0;3;0;0;0;3;2
83529142;"30/12/16";"Sexta";"23:30:00";"BA";116;"562,7";"BREJOES";"Velocidade incompatível";"Colisão com objeto fixo";"Sem Vítimas";"Plena noite";"Decrescente";"Ceu Claro";"Simples";"Reta";"Rural";1;0;0;0;1;0;0;1
83529143;"31/12/16";"Sábado";"00:55:00";"BA";101;"612,8";"MASCOTE";"Dormindo";"Saída de Pista";"Com Vítimas Feridas";"Plena noite";"Crescente";"Ceu Claro";"Simples";"Curva";"Urbano";1;0;1;0;0;0;1;1
83529144;"31/12/16";"Sábado";"00:15:00";"TO";153;"541";"NOVA ROSALANDIA";"Falta de atenção";"Colisão lateral";"Sem Vítimas";"Plena noite";"Crescente";"Ceu Claro";"Simples";"Reta";"Rural";2;0;0;0;1;1;0;2
83529145;"30/12/16";"Sexta";"18:45:00";"ES";259;"90";"BAIXO GUANDU";"Falta de atenção";"Colisão lateral";"Com Vítimas Feridas";"Plena noite";"Decrescente";"Ceu Claro";"Simples";"Curva";"Rural";7;0;5;1;1;0;6;2
83529146;"30/12/16";"Sexta";"18:30:00";"RN";427;"1,2";"CURRAIS NOVOS";"Animais na Pista";"Atropelamento de animal";"Com Vítimas Feridas";"Plena noite";"Decrescente";"Ceu Claro";"Simples";"Reta";"Urbano";1;0;1;0;0;0;1;1
83529147;"28/12/16";"Quarta";"05:50:00";"BA";324;"610";"SIMOES FILHO";"Falta de atenção";"Colisão com bicicleta";"Com Vítimas Feridas";"Amanhecer";"Crescente";"Sol";"Dupla";"Reta";"Rural";4;0;0;1;3;0;1;2
83529148;"30/12/16";"Sexta";"16:45:00";"BA";116;"828";"VITORIA DA CONQUISTA";"Falta de atenção";"Colisão Transversal";"Com Vítimas Feridas";"Pleno dia";"Crescente";"Ceu Claro";"Simples";"Reta";"Urbano";3;0;2;0;1;0;2;2
83529149;"31/12/16";"Sábado";"01:45:00";"RS";290;"32,4";"SANTO ANTONIO DA PATRULHA";"Defeito mecânico em veículo";"Tombamento";"Com Vítimas Feridas";"Plena noite";"Crescente";"Nublado";"Múltipla";"Reta";"Rural";2;0;1;0;1;0;1;1
83529150;"31/12/16";"Sábado";"01:15:00";"PR";376;"177,5";"MARINGA";"Desobediência à sinalização";"Colisão Transversal";"Com Vítimas Feridas";"Plena noite";"Decrescente";"Nublado";"Múltipla";"Cruzamento";"Urbano";3;0;1;1;1;0;2;2
83529151;"31/12/16";"Sábado";"02:15:00";"RJ";116;"127";"MAGE";"Velocidade incompatível";"Colisão Transversal";"Com Vítimas Feridas";"Plena noite";"Crescente";"Ceu Claro";"Simples";"Curva";"Rural";2;0;1;0;1;0;1;2
83529152;"30/12/16";"Sexta";"11:40:00";"MG";40;"740,5";"SANTOS DUMONT";"Velocidade incompatível";"Tombamento";"Com Vítimas Feridas";"Pleno dia";"Crescente";"Sol";"Simples";"Curva";"Urbano";1;0;1;0;0;0;1;1
83529153;"30/12/16";"Sexta";"16:00:00";"GO";364;"163";"JATAI";"Outras";"Saída de Pista";"Com Vítimas Feridas";"Pleno dia";"Decrescente";"Chuva";"Simples";"Curva";"Rural";1;0;1;0;0;0;1;1
83529154;"31/12/16";"Sábado";"01:30:00";"SC";470;"226";"SAO CRISTOVAO DO SUL";"Velocidade incompatível";"Colisão com objeto fixo";"Com Vítimas Feridas";"Plena noite";"Crescente";"Chuva";"Simples";"Curva";"Rural";2;0;0;2;0;0;2;1
83529155;"30/12/16";"Sexta";"14:15:00";"BA";116;"835,2";"VITORIA DA CONQUISTA";"Falta de atenção";"Colisão Transversal";"Sem Vítimas";"Pleno dia";"Crescente";"Ceu Claro";"Simples";"Cruzamento";"Urbano";2;0;0;0;2;0;0;2
83529156;"30/12/16";"Sexta";"20:50:00";"SC";101;"345";"TUBARAO";"Falta de atenção";"Saída de Pista";"Com Vítimas Feridas";"Plena noite";"Decrescente";"Ceu Claro";"Dupla";"Curva";"Rural";1;0;1;0;0;0;1;1
83529158;"31/12/16";"Sábado";"03:30:00";"SC";470;"152,1";"AGRONOMICA";"Outras";"Saída de Pista";"Sem Vítimas";"Plena noite";"Crescente";"Nublado";"Simples";"Reta";"Urbano";1;0;0;0;1;0;0;1
83529159;"31/12/16";"Sábado";"00:55:00";"RN";101;"111,6";"PARNAMIRIM";"Velocidade incompatível";"Capotamento";"Com Vítimas Feridas";"Plena noite";"Decrescente";"Ceu Claro";"Dupla";"Reta";"Rural";1;0;1;0;0;0;1;1
83529160;"30/12/16";"Sexta";"20:10:00";"PR";376;"599";"CURITIBA";"Velocidade incompatível";"Saída de Pista";"Com Vítimas Feridas";"Plena noite";"Crescente";"Nublado";"Dupla";"Reta";"Urbano";1;0;1;0;0;0;1;1
83529161;"30/12/16";"Sexta";"22:00:00";"SP";381;"30,2";"ATIBAIA";"Defeito mecânico em veículo";"Incêndio";"Sem Vítimas";"Plena noite";"Decrescente";"Ceu Claro";"Dupla";"Reta";"Rural";1;0;0;0;1;0;0;1
83529162;"30/12/16";"Sexta";"18:30:00";"MG";381;"550,2";"ITAGUARA";"Outras";"Colisão lateral";"Com Vítimas Feridas";"Pleno dia";"Crescente";"Chuva";"Dupla";"Curva";"Rural";3;0;1;0;2;0;1;2