"id";"data_inversa";"dia_semana";"horario";"uf";"br";"km";"municipio";"causa_acidente";"tipo_acidente";"classificacao_acidente";"fase_dia";"sentido_via";"condicao_metereologica";"tipo_pista";"tracado_via";"uso_solo";"pessoas";"mortos";"feridos_leves";"feridos_graves";"ilesos";"ignorados";"feridos";"veiculos"
83529276;"31/12/16";"Sábado";"13:45:00";"SC";101;"96,8";"PICARRAS";"Defeito mecânico em veículo";"Queda de motocicleta / bicicleta / veículo";"Com Vítimas Feridas";"Pleno dia";"Decrescente";"Ceu Claro";"Dupla";"Reta";"Urbano";2;0;2;0;0;0;2;1
83529277;"31/12/16";"Sábado";"12:40:00";"RS";285;"596,5";"SANTO ANTONIO DAS MISSOES";"Falta de atenção";"Colisão traseira";"Sem Vítimas";"Pleno dia";"Decrescente";"Chuva";"Simples";"Reta";"Rural";6;0;0;0;6;0;0;2
83529278;"31/12/16";"Sábado";"12:15:00";"MS";163;"54";"ELDORADO";"Falta de atenção";"Colisão lateral";"Sem Vítimas";"Pleno dia";"Crescente";"Nublado";"Simples";"Curva";"Rural";2;0;0;0;2;0;0;2
83529280;"31/12/16";"Sábado";"15:00:00";"PR";376;"656";"TIJUCAS DO SUL";"Velocidade incompatível";"Capotamento";"Sem Vítimas";"Pleno dia";"Decrescente";"Ceu Claro";"Dupla";"Curva";"Rural";1;0;0;0;1;0;0;1
83529281;"31/12/16";"Sábado";"14:40:00";"RS";290;"5,5";"OSORIO";"Ingestão de álcool";"Saída de Pista";"Sem Vítimas";"Pleno dia";"Crescente";"Nublado";"Dupla";"Reta";"Rural";1;0;0;0;1;0;0;1
83529282;"30/12/16";"Sexta";"09:00:00";"RS";290;"465";"ROSARIO DO SUL";"Ingestão de álcool";"Capotamento";"Sem Vítimas";"Pleno dia";"Crescente";"Ceu Claro";"Simples";"Reta";"Rural";2;0;0;0;2;0;0;1
83529283;"30/12/16";"Sexta";"10:15:00";"MG";50;"89";"UBERLANDIA";"Defeito mecânico em veículo";"Queda de motocicleta / bicicleta / veículo";"Com Vítimas Feridas";"Pleno dia";"Crescente";"Sol";"Dupla";"Reta";"Rural";1;0;0;1;0;0;1;1
83529284;"29/12/16";"Quinta";"23:45:00";"SP";116;"169";"JACAREI";"Falta de atenção";"Colisão traseira";"Com Vítimas Fatais";"Plena noite";"Decrescente";"Ceu Claro";"Dupla";"Reta";"Rural";27;1;24;1;1;0;25;2
83529285;"31/12/16";"Sábado";"15:25:00";"PR";116;"14,9";"CAMPINA GRANDE DO SUL";"Outras";"Saída de Pista";"Sem Vítimas";"Pleno dia";"Crescente";"Chuva";"Dupla";"Curva";"Rural";2;0;0;0;2;0;0;1
83529286;"31/12/16";"Sábado";"14:20:00";"PR";116;"17";"CAMPINA GRANDE DO SUL";"Velocidade incompatível";"Saída de Pista";"Com Vítimas Feridas";"Pleno dia";"Decrescente";"Chuva";"Dupla";"Curva";"Rural";2;0;2;0;0;0;2;1
83529287;"31/12/16";"Sábado";"07:10:00";"MG";40;"521";"CONTAGEM";"Outras";"Colisão traseira";"Com Vítimas Feridas";"Pleno dia";"Crescente";"Ceu Claro";"Dupla";"Reta";"Rural";3;0;1;0;2;0;1;2
83529288;"27/12/16";"Terça";"21:00:00";"MG";116;"527";"CARATINGA";"Falta de atenção";"Colisão Transversal";"Com Vítimas Feridas";"Plena noite";"Crescente";"Ceu Claro";"Simples";"Reta";"Urbano";3;0;2;0;0;1;2;2
83529289;"24/12/16";"Sábado";"00:30:00";"MG";116;"414";"GOVERNADOR VALADARES";"Desobediência à sinalização";"Queda de motocicleta / bicicleta / veículo";"Com Vítimas Feridas";"Plena noite";"Crescente";"Ceu Claro";"Simples";"Reta";"Urbano";2;0;0;2;0;0;2;1
83529290;"30/12/16";"Sexta";"16:15:00";"MG";50;"43";"ARAGUARI";"Defeito mecânico em veículo";"Queda de motocicleta / bicicleta / veículo";"Com Vítimas Feridas";"Pleno dia";"Crescente";"Sol";"Dupla";"Reta";"Rural";2;0;1;1;0;0;2;1
83529291;"20/12/16";"Terça";"06:40:00";"SC";282;"583,5";"PINHALZINHO";"Outras";"Tombamento";"Sem Vítimas";"Pleno dia";"Decrescente";"Chuva";"Simples";"Curva";"Rural";1;0;0;0;1;0;0;1
83529292;"31/12/16";"Sábado";"12:30:00";"RJ";101;"4";"CAMPOS DOS GOYTACAZES";"Falta de atenção";"Saída de Pista";"Com Vítimas Feridas";"Pleno dia";"Decrescente";"Sol";"Simples";"Curva";"Urbano";1;0;1;0;0;0;1;1
83529293;"31/12/16";"Sábado";"12:25:00";"PE";232;"77,1";"GRAVATA";"Falta de atenção";"Colisão frontal";"Com Vítimas Feridas";"Pleno dia";"Decrescente";"Sol";"Dupla";"Reta";"Urbano";3;0;1;0;2;0;1;3
83529294;"31/12/16";"Sábado";"09:30:00";"RJ";101;"221";"SILVA JARDIM";"Falta de atenção";"Colisão frontal";"Com Vítimas Feridas";"Pleno dia";"Decrescente";"Ceu Claro";"Simples";"Reta";"Rural";10;0;3;6;1;0;9;2
83529295;"31/12/16";"Sábado";"15:55:00";"MG";381;"934";"EXTREMA";"Outras";"Saída de Pista";"Sem Vítimas";"Pleno dia";"Decrescente";"Nublado";"Dupla";"Curva";"Rural";5;0;0;0;5;0;0;1
83529296;"31/12/16";"Sábado";"13:30:00";"MS";163;"483,8";"CAMPO GRANDE";"Outras";"Queda de motocicleta / bicicleta / veículo";"Com Vítimas Feridas";"Pleno dia";"Decrescente";"Ceu Claro";"Simples";"Curva";"Urbano";2;0;2;0;0;0;2;1
83529297;"31/12/16";"Sábado";"15:45:00";"BA";101;"875,5";"TEIXEIRA DE FREITAS";"Falta de atenção";"Colisão Transversal";"Com Vítimas Feridas";"Pleno dia";"Crescente";"Ceu Claro";"Dupla";"Cruzamento";"Urbano";3;0;2;0;1;0;2;2
83529298;"31/12/16";"Sábado";"15:15:00";"MG";381;"937,2";"EXTREMA";"Velocidade incompatível";"Saída de Pista";"Sem Vítimas";"Pleno dia";"Decrescente";"Chuva";"Dupla";"Curva";"Rural";5;0;0;0;5;0;0;1
83529299;"31/12/16";"Sábado";"16:30:00";"PR";277;"38,5";"MORRETES";"Falta de atenção";"Colisão com objeto fixo";"Sem Vítimas";"Pleno dia";"Decrescente";"Nublado";"Dupla";"Curva";"Rural";1;0;0;0;1;0;0;1
83529300;"31/12/16";"Sábado";"09:20:00";"BA";101;"714,9";"EUNAPOLIS";"Falta de atenção";"Colisão lateral";"Com Vítimas Feridas";"Pleno dia";"Decrescente";"Ceu Claro";"Simples";"Reta";"Urbano";2;0;0;1;1;0;1;2
83529302;"31/12/16";"Sábado";"15:00:00";"PA";316;"56";"CASTANHAL";"Outras";"Queda de motocicleta / bicicleta / veículo";"Com Vítimas Feridas";"Pleno dia";"Crescente";"Nublado";"Dupla";"Reta";"Rural";1;0;1;0;0;0;1;1
83529303;"31/12/16";"Sábado";"16:00:00";"PR";376;"651";"TIJUCAS DO SUL";"Velocidade incompatível";"Capotamento";"Com Vítimas Feridas";"Pleno dia";"Crescente";"Chuva";"Dupla";"Curva";"Rural";2;0;1;0;1;0;1;1
83529304;"31/12/16";"Sábado";"15:08:00";"ES";101;"290";"CARIACICA";"Outras";"Capotamento";"Com Vítimas Feridas";"Pleno dia";"Decrescente";"Ceu Claro";"Dupla";"Reta";"Urbano";1;0;1;0;0;0;1;1
83529305;"31/12/16";"Sábado";"14:40:00";"PA";316;"97";"SANTA MARIA DO PARA";"Outras";"Saída de Pista";"Com Vítimas Fatais";"Pleno dia";"Crescente";"Chuva";"Simples";"Reta";"Rural";3;1;2;0;0;0;2;1
83529306;"31/12/16";"Sábado";"09:40:00";"ES";101;"358,9";"ANCHIETA";"Não guardar distância de segurança";"Colisão Transversal";"Com Vítimas Feridas";"Pleno dia";"Decrescente";"Ceu Claro";"Simples";"Curva";"Rural";4;0;2;0;1;1;2;2
83529307;"30/12/16";"Sexta";"05:00:00";"PA";10;"299";"IRITUIA";"Outras";"Saída de Pista";"Com Vítimas Fatais";"Amanhecer";"Crescente";"Ceu Claro";"Simples";"Reta";"Rural";6;3;0;0;0;3;0;1
83529308;"27/12/16";"Terça";"18:19:00";"MG";262;"66";"SANTA MARGARIDA";"Velocidade incompatível";"Colisão com objeto móvel";"Com Vítimas Fatais";"Pleno dia";"Crescente";"Nublado";"Simples";"Curva";"Rural";5;1;1;2;1;0;3;3
83529309;"27/12/16";"Terça";"17:20:00";"RO";364;"839";"PORTO VELHO";"Falta de atenção";"Colisão frontal";"Com Vítimas Feridas";"Anoitecer";"Crescente";"Ceu Claro";"Simples";"Reta";"Rural";3;0;0;1;2;0;1;2
83529310;"29/12/16";"Quinta";"09:30:00";"SP";116;"231";"SAO PAULO";"Desobediência à sinalização";"Queda de motocicleta / bicicleta / veículo";"Com Vítimas Feridas";"Pleno dia";"Crescente";"Sol";"Múltipla";"Reta";"Urbano";3;0;2;0;0;1;2;2
83529311;"27/12/16";"Terça";"21:30:00";"MS";262;"207,8";"RIBAS DO RIO PARDO";"Outras";"Colisão traseira";"Com Vítimas Feridas";"Plena noite";"Crescente";"Ceu Claro";"Simples";"Reta";"Rural";2;0;0;1;1;0;1;2
83529313;"31/12/16";"Sábado";"09:00:00";"DF";70;"6,7";"BRASILIA";"Outras";"Colisão lateral";"Com Vítimas Feridas";"Pleno dia";"Decrescente";"Ceu Claro";"Dupla";"Reta";"Urbano";2;0;0;1;1;0;1;2
83529314;"31/12/16";"Sábado";"15:15:00";"SP";116;"150";"SAO JOSE DOS CAMPOS";"Falta de atenção";"Colisão com objeto fixo";"Com Vítimas Feridas";"Pleno dia";"Decrescente";"Chuva";"Múltipla";"Reta";"Urbano";3;0;0;1;1;1;1;3
83529315;"31/12/16";"Sábado";"16:00:00";"RS";116;"245";"SAO LEOPOLDO";"Desobediência à sinalização";"Colisão Transversal";"Com Vítimas Feridas";"Pleno dia";"Decrescente";"Nublado";"Simples";"Cruzamento";"Urbano";3;0;1;0;2;0;1;2
83529316;"31/12/16";"Sábado";"13:30:00";"PE";408;"83,5";"PAUDALHO";"Ingestão de álcool";"Colisão frontal";"Sem Vítimas";"Pleno dia";"Decrescente";"Sol";"Dupla";"Curva";"Urbano";2;0;0;0;2;0;0;2
83529317;"31/12/16";"Sábado";"09:40:00";"PI";343;"349,1";"TERESINA";"Falta de atenção";"Colisão lateral";"Sem Vítimas";"Pleno dia";"Decrescente";"Ceu Claro";"Dupla";"Cruzamento";"Urbano";3;0;0;0;3;0;0;3
83529318;"27/12/16";"Terça";"08:30:00";"MG";251;"329";"FRUTA DE LEITE";"Velocidade incompatível";"Tombamento";"Ignorado";"Pleno dia";"Crescente";"Ceu Claro";"Simples";"Curva";"Rural";1;0;0;0;0;1;0;1
83529319;"31/12/16";"Sábado";"17:50:00";"RJ";40;"112";"DUQUE DE CAXIAS";"Outras";"Queda de motocicleta / bicicleta / veículo";"Com Vítimas Feridas";"Pleno dia";"Decrescente";"Sol";"Múltipla";"Reta";"Urbano";1;0;1;0;0;0;1;1
83529320;"03/11/16";"Quinta";"16:15:00";"MG";381;"350";"JOAO MONLEVADE";"Não guardar distância de segurança";"Tombamento";"Com Vítimas Feridas";"Pleno dia";"Decrescente";"Ceu Claro";"Simples";"Curva";"Rural";1;0;1;0;0;0;1;1
83529321;"31/12/16";"Sábado";"11:00:00";"MS";158;"237,5";"TRES LAGOAS";"Defeito mecânico em veículo";"Queda de motocicleta / bicicleta / veículo";"Com Vítimas Feridas";"Pleno dia";"Decrescente";"Sol";"Simples";"Reta";"Rural";2;0;2;0;0;0;2;1
83529322;"31/12/16";"Sábado";"16:10:00";"RS";290;"381,6";"VILA NOVA DO SUL";"Velocidade incompatível";"Saída de Pista";"Sem Vítimas";"Pleno dia";"Decrescente";"Chuva";"Simples";"Reta";"Rural";4;0;0;0;4;0;0;1
83529323;"29/12/16";"Quinta";"23:15:00";"SP";116;"225";"GUARULHOS";"Defeito mecânico em veículo";"Incêndio";"Sem Vítimas";"Plena noite";"Decrescente";"Ceu Claro";"Múltipla";"Reta";"Urbano";1;0;0;0;1;0;0;1
83529324;"31/12/16";"Sábado";"15:30:00";"CE";222;"6,2";"CAUCAIA";"Outras";"Colisão com bicicleta";"Com Vítimas Feridas";"Pleno dia";"Crescente";"Ceu Claro";"Dupla";"Reta";"Urbano";2;0;0;2;0;0;2;2
83529325;"27/12/16";"Terça";"23:30:00";"ES";262;"28,9";"VIANA";"Velocidade incompatível";"Capotamento";"Sem Vítimas";"Plena noite";"Crescente";"Ceu Claro";"Simples";"Curva";"Rural";1;0;0;0;1;0;0;1
83529326;"31/12/16";"Sábado";"16:05:00";"RS";285;"300,6";"PASSO FUNDO";"Velocidade incompatível";"Colisão frontal";"Com Vítimas Feridas";"Pleno dia";"Crescente";"Chuva";"Simples";"Reta";"Urbano";6;0;1;1;4;0;2;2
83529327;"31/12/16";"Sábado";"14:40:00";"SP";116;"515";"CAJATI";"Defeito mecânico em veículo";"Colisão com objeto móvel";"Sem Vítimas";"Amanhecer";"Decrescente";"Ceu Claro";"Dupla";"Curva";"Rural";9;0;0;0;9;0;0;4
83529328;"29/12/16";"Quinta";"19:40:00";"CE";116;"40";"HORIZONTE";"Falta de atenção";"Atropelamento de pessoa";"Com Vítimas Feridas";"Plena noite";"Crescente";"Nublado";"Dupla";"Reta";"Rural";3;0;2;0;1;0;2;1
83529329;"31/12/16";"Sábado";"15:40:00";"PB";230;"121,2";"RIACHAO DO BACAMARTE";"Falta de atenção";"Colisão traseira";"Com Vítimas Feridas";"Pleno dia";"Decrescente";"Ceu Claro";"Dupla";"Reta";"Rural";2;0;0;1;1;0;1;2
83529330;"31/12/16";"Sábado";"15:30:00";"GO";452;"171,3";"ITUMBIARA";"Desobediência à sinalização";"Colisão frontal";"Com Vítimas Feridas";"Pleno dia";"Crescente";"Ceu Claro";"Simples";"Reta";"Rural";2;0;1;1;0;0;2;2
83529331;"31/12/16";"Sábado";"14:48:00";"SP";116;"53";"LORENA";"Falta de atenção";"Colisão traseira";"Com Vítimas Feridas";"Pleno dia";"Crescente";"Ceu Claro";"Dupla";"Reta";"Rural";3;0;1;0;2;0;1;3
83529332;"31/12/16";"Sábado";"15:50:00";"SP";116;"564";"BARRA DO TURVO";"Outras";"Colisão com objeto fixo";"Sem Vítimas";"Pleno dia";"Crescente";"Ceu Claro";"Dupla";"Curva";"Rural";1;0;0;0;1;0;0;1
83529333;"31/12/16";"Sábado";"16:05:00";"SC";101;"114,6";"ITAJAI";"Velocidade incompatível";"Colisão lateral";"Sem Vítimas";"Pleno dia";"Decrescente";"Sol";"Simples";"Curva";"Urbano";2;0;0;0;2;0;0;2
83529334;"31/12/16";"Sábado";"18:20:00";"RS";153;"73";"ERECHIM";"Desobediência à sinalização";"Colisão lateral";"Sem Vítimas";"Pleno dia";"Decrescente";"Chuva";"Simples";"Reta";"Urbano";3;0;0;0;3;0;0;2
83529335;"31/12/16";"Sábado";"17:35:00";"RS";386;"111";"CONSTANTINA";"Não guardar distância de segurança";"Colisão traseira";"Com Vítimas Feridas";"Pleno dia";"Decrescente";"Chuva";"Simples";"Reta";"Rural";2;0;1;0;0;1;1;2
83529336;"31/12/16";"Sábado";"13:00:00";"CE";116;"8,7";"FORTALEZA";"Não guardar distância de segurança";"Colisão traseira";"Com Vítimas Feridas";"Pleno dia";"Crescente";"Sol";"Dupla";"Reta";"Urbano";4;0;2;0;2;0;2;3
83529337;"31/12/16";"Sábado";"17:30:00";"SC";101;"203,2";"SAO JOSE";"Ingestão de álcool";"Colisão Transversal";"Sem Vítimas";"Pleno dia";"Crescente";"Sol";"Múltipla";"Reta";"Urbano";2;0;0;0;2;0;0;2
83529338;"23/12/16";"Sexta";"05:00:00";"MG";40;"565";"NOVA LIMA";"Velocidade incompatível";"Colisão frontal";"Com Vítimas Feridas";"Amanhecer";"Decrescente";"Ceu Claro";"Dupla";"Reta";"Rural";2;0;2;0;0;0;2;2
83529339;"31/12/16";"Sábado";"16:30:00";"MA";135;"5,8";"SAO LUIS";"Outras";"Colisão traseira";"Com Vítimas Feridas";"Pleno dia";"Crescente";"Ceu Claro";"Dupla";"Reta";"Urbano";2;0;0;1;0;1;1;2
83529340;"31/12/16";"Sábado";"16:30:00";"MG";262;"801";"UBERABA";"Ingestão de álcool";"Capotamento";"Com Vítimas Feridas";"Pleno dia";"Crescente";"Ceu Claro";"Dupla";"Reta";"Urbano";1;0;1;0;0;0;1;1
83529341;"29/12/16";"Quinta";"03:30:00";"MG";251;"475";"FRANCISCO SA";"Velocidade incompatível";"Tombamento";"Com Vítimas Feridas";"Pleno dia";"Crescente";"Ceu Claro";"Simples";"Curva";"Rural";1;0;1;0;0;0;1;1
83529342;"31/12/16";"Sábado";"13:40:00";"RN";304;"302,1";"MACAIBA";"Falta de atenção";"Atropelamento de pessoa";"Com Vítimas Fatais";"Pleno dia";"Decrescente";"Ceu Claro";"Dupla";"Reta";"Urbano";2;1;0;0;1;0;0;1
83529343;"31/12/16";"Sábado";"12:30:00";"MG";251;"495,8";"FRANCISCO SA";"Ultrapassagem indevida";"Colisão lateral";"Sem Vítimas";"Pleno dia";"Decrescente";"Sol";"Simples";"Reta";"Rural";2;0;0;0;2;0;0;2
83529344;"31/12/16";"Sábado";"18:26:00";"GO";60;"5,9";"APARECIDA DE GOIANIA";"Falta de atenção";"Colisão traseira";"Sem Vítimas";"Anoitecer";"Crescente";"Sol";"Dupla";"Reta";"Urbano";2;0;0;0;2;0;0;2
83529345;"31/12/16";"Sábado";"19:30:00";"RS";386;"164";"CARAZINHO";"Defeito na via";"Saída de Pista";"Sem Vítimas";"Anoitecer";"Decrescente";"Chuva";"Simples";"Curva";"Rural";1;0;0;0;1;0;0;1
83529346;"31/12/16";"Sábado";"18:30:00";"SC";101;"221";"PALHOCA";"Outras";"Colisão traseira";"Com Vítimas Feridas";"Pleno dia";"Decrescente";"Nublado";"Dupla";"Reta";"Urbano";2;0;0;1;1;0;1;2
83529347;"31/12/16";"Sábado";"15:30:00";"PI";343;"1";"LUIS CORREIA";"Ingestão de álcool";"Colisão traseira";"Sem Vítimas";"Pleno dia";"Decrescente";"Ignorada";"Simples";"Reta";"Urbano";3;0;0;0;3;0;0;3
83529348;"27/12/16";"Terça";"12:20:00";"SP";459;"22,9";"LORENA";"Falta de atenção";"Colisão traseira";"Com Vítimas Feridas";"Pleno dia";"Decrescente";"Sol";"Simples";"Reta";"Rural";2;0;1;0;0;1;1;2
83529349;"31/12/16";"Sábado";"06:00:00";"MS";262;"73";"TRES LAGOAS";"Defeito na via";"Queda de motocicleta / bicicleta / veículo";"Com Vítimas Feridas";"Amanhecer";"Crescente";"Nublado";"Simples";"Reta";"Rural";1;0;1;0;0;0;1;1
83529350;"31/12/16";"Sábado";"17:55:00";"SC";101;"123";"ITAJAI";"Ingestão de álcool";"Colisão Transversal";"Sem Vítimas";"Pleno dia";"Decrescente";"Ceu Claro";"Dupla";"Cruzamento";"Urbano";2;0;0;0;2;0;0;2
83529351;"31/12/16";"Sábado";"18:30:00";"RJ";101;"399";"ITAGUAI";"Outras";"Atropelamento de pessoa";"Com Vítimas Fatais";"Pleno dia";"Decrescente";"Ceu Claro";"Dupla";"Reta";"Urbano";2;1;0;0;1;0;0;1
83529352;"31/12/16";"Sábado";"19:10:00";"MG";381;"908,3";"CAMBUI";"Velocidade incompatível";"Capotamento";"Com Vítimas Feridas";"Pleno dia";"Decrescente";"Nublado";"Dupla";"Curva";"Rural";1;0;1;0;0;0;1;1
83529353;"31/12/16";"Sábado";"16:00:00";"PE";101;"127";"ESCADA";"Falta de atenção";"Colisão traseira";"Sem Vítimas";"Pleno dia";"Crescente";"Ceu Claro";"Dupla";"Reta";"Urbano";2;0;0;0;2;0;0;2
83529354;"31/12/16";"Sábado";"17:20:00";"RS";386;"372,6";"PAVERAMA";"Ingestão de álcool";"Colisão Transversal";"Sem Vítimas";"Pleno dia";"Decrescente";"Sol";"Dupla";"Reta";"Rural";3;0;0;0;2;1;0;2
83529355;"31/12/16";"Sábado";"20:00:00";"PR";376;"656,7";"TIJUCAS DO SUL";"Velocidade incompatível";"Colisão com objeto fixo";"Com Vítimas Feridas";"Anoitecer";"Decrescente";"Chuva";"Dupla";"Curva";"Rural";3;0;2;0;1;0;2;2
83529356;"31/12/16";"Sábado";"16:15:00";"SP";153;"38";"ONDA VERDE";"Defeito mecânico em veículo";"Tombamento";"Com Vítimas Feridas";"Pleno dia";"Decrescente";"Sol";"Simples";"Reta";"Rural";2;0;1;0;1;0;1;1
83529357;"31/12/16";"Sábado";"19:00:00";"MG";40;"550";"NOVA LIMA";"Velocidade incompatível";"Saída de Pista";"Com Vítimas Feridas";"Pleno dia";"Decrescente";"Ceu Claro";"Dupla";"Curva";"Urbano";2;0;2;0;0;0;2;1
83529358;"31/12/16";"Sábado";"16:05:00";"MS";163;"507,3";"JARAGUARI";"Outras";"Capotamento";"Com Vítimas Feridas";"Pleno dia";"Crescente";"Chuva";"Simples";"Curva";"Rural";4;0;3;0;1;0;3;1
83529359;"31/12/16";"Sábado";"17:00:00";"PR";369;"164,5";"CAMBE";"Defeito mecânico em veículo";"Saída de Pista";"Sem Vítimas";"Pleno dia";"Decrescente";"Chuva";"Dupla";"Curva";"Urbano";1;0;0;0;1;0;0;1
83529360;"31/12/16";"Sábado";"13:00:00";"MG";381;"581";"CARMOPOLIS DE MINAS";"Outras";"Incêndio";"Sem Vítimas";"Pleno dia";"Crescente";"Sol";"Dupla";"Reta";"Rural";1;0;0;0;1;0;0;1
83529361;"31/12/16";"Sábado";"16:15:00";"PI";316;"20";"TERESINA";"Falta de atenção";"Colisão frontal";"Com Vítimas Fatais";"Pleno dia";"Crescente";"Ceu Claro";"Simples";"Reta";"Rural";2;1;0;0;1;0;0;2
83529362;"31/12/16";"Sábado";"20:00:00";"MG";365;"614";"UBERLANDIA";"Não guardar distância de segurança";"Colisão traseira";"Sem Vítimas";"Plena noite";"Crescente";"Ceu Claro";"Simples";"Reta";"Urbano";2;0;0;0;2;0;0;2
83529363;"31/12/16";"Sábado";"17:15:00";"PA";316;"6";"ANANINDEUA";"Não guardar distância de segurança";"Colisão traseira";"Sem Vítimas";"Pleno dia";"Crescente";"Chuva";"Dupla";"Reta";"Urbano";2;0;0;0;2;0;0;2
83529364;"27/12/16";"Terça";"11:00:00";"MG";40;"524";"CONTAGEM";"Outras";"Atropelamento de pessoa";"Com Vítimas Feridas";"Pleno dia";"Crescente";"Ceu Claro";"Dupla";"Reta";"Urbano";2;0;0;1;1;0;1;1
83529365;"31/12/16";"Sábado";"16:20:00";"MT";163;"907";"ITAUBA";"Outras";"Saída de Pista";"Sem Vítimas";"Pleno dia";"Crescente";"Sol";"Simples";"Reta";"Rural";1;0;0;0;1;0;0;1
83529366;"31/12/16";"Sábado";"19:00:00";"PR";277;"38,5";"MORRETES";"Ingestão de álcool";"Colisão com objeto fixo";"Sem Vítimas";"Anoitecer";"Decrescente";"Nublado";"Dupla";"Curva";"Rural";1;0;0;0;1;0;0;1
83529367;"31/12/16";"Sábado";"18:40:00";"BA";324;"583";"CANDEIAS";"Outras";"Queda de motocicleta / bicicleta / veículo";"Com Vítimas Feridas";"Plena noite";"Decrescente";"Ceu Claro";"Dupla";"Reta";"Rural";1;0;0;1;0;0;1;1
83529368;"31/12/16";"Sábado";"06:30:00";"MG";381;"441";"SABARA";"Falta de atenção";"Colisão frontal";"Com Vítimas Feridas";"Pleno dia";"Decrescente";"Ceu Claro";"Simples";"Curva";"Urbano";4;0;2;1;1;0;3;2
83529369;"31/12/16";"Sábado";"19:50:00";"SE";101;"93";"NOSSA SENHORA DO SOCORRO";"Animais na Pista";"Atropelamento de animal";"Com Vítimas Feridas";"Plena noite";"Decrescente";"Ceu Claro";"Dupla";"Reta";"Rural";1;0;0;1;0;0;1;1
83529370;"31/12/16";"Sábado";"21:30:00";"SC";101;"120";"ITAJAI";"Velocidade incompatível";"Capotamento";"Com Vítimas Feridas";"Plena noite";"Crescente";"Chuva";"Dupla";"Reta";"Rural";1;0;0;1;0;0;1;1
83529371;"31/12/16";"Sábado";"20:20:00";"ES";101;"176,6";"ARACRUZ";"Falta de atenção";"Atropelamento de pessoa";"Com Vítimas Feridas";"Plena noite";"Crescente";"Ceu Claro";"Simples";"Reta";"Urbano";2;0;0;1;0;1;1;1
83529372;"31/12/16";"Sábado";"21:00:00";"MG";262;"353,8";"BETIM";"Animais na Pista";"Atropelamento de animal";"Com Vítimas Feridas";"Plena noite";"Crescente";"Ceu Claro";"Dupla";"Reta";"Urbano";2;0;1;0;1;0;1;1
83529373;"31/12/16";"Sábado";"19:00:00";"RJ";116;"324";"ITATIAIA";"Outras";"Colisão com objeto fixo";"Sem Vítimas";"Plena noite";"Decrescente";"Chuva";"Simples";"Curva";"Rural";1;0;0;0;1;0;0;1
83529374;"31/12/16";"Sábado";"21:15:00";"SP";116;"488,5";"CAJATI";"Falta de atenção";"Colisão com bicicleta";"Com Vítimas Feridas";"Plena noite";"Decrescente";"Nublado";"Múltipla";"Reta";"Urbano";2;0;0;2;0;0;2;2
83529375;"29/12/16";"Quinta";"18:30:00";"PB";230;"68,7";"SOBRADO";"Animais na Pista";"Atropelamento de animal";"Com Vítimas Fatais";"Plena noite";"Decrescente";"Ceu Claro";"Dupla";"Reta";"Rural";1;1;0;0;0;0;0;1
83529376;"31/12/16";"Sábado";"16:20:00";"PI";230;"49";"SAO JULIAO";"Falta de atenção";"Capotamento";"Sem Vítimas";"Pleno dia";"Crescente";"Ceu Claro";"Simples";"Reta";"Rural";3;0;0;0;3;0;0;1
83529377;"31/12/16";"Sábado";"22:10:00";"SC";470;"47,7";"GASPAR";"Velocidade incompatível";"Queda de motocicleta / bicicleta / veículo";"Com Vítimas Feridas";"Plena noite";"Crescente";"Chuva";"Simples";"Reta";"Urbano";2;0;1;1;0;0;2;1
83529378;"31/12/16";"Sábado";"21:30:00";"PR";369;"510,5";"CASCAVEL";"Falta de atenção";"Colisão traseira";"Com Vítimas Feridas";"Plena noite";"Crescente";"Ignorada";"Simples";"Reta";"Rural";2;0;1;0;1;0;1;2
83529379;"31/12/16";"Sábado";"11:50:00";"PB";230;"23,7";"JOAO PESSOA";"Falta de atenção";"Colisão traseira";"Com Vítimas Feridas";"Pleno dia";"Decrescente";"Sol";"Dupla";"Reta";"Urbano";5;0;2;0;3;0;2;3
83529380;"31/12/16";"Sábado";"07:30:00";"PB";230;"468,8";"SOUSA";"Outras";"Colisão lateral";"Com Vítimas Feridas";"Pleno dia";"Decrescente";"Sol";"Simples";"Reta";"Rural";2;0;1;1;0;0;2;2
83529381;"31/12/16";"Sábado";"18:30:00";"MT";70;"712";"CACERES";"Velocidade incompatível";"Saída de Pista";"Sem Vítimas";"Anoitecer";"Crescente";"Chuva";"Simples";"Curva";"Rural";1;0;0;0;1;0;0;1
83529382;"31/12/16";"Sábado";"22:00:00";"SP";153;"58,8";"SAO JOSE DO RIO PRETO";"Ingestão de álcool";"Colisão Transversal";"Com Vítimas Feridas";"Plena noite";"Decrescente";"Ceu Claro";"Simples";"Reta";"Urbano";3;0;1;0;2;0;1;2
83529383;"31/12/16";"Sábado";"21:00:00";"SC";470;"208,3";"SAO CRISTOVAO DO SUL";"Outras";"Saída de Pista";"Sem Vítimas";"Plena noite";"Decrescente";"Chuva";"Simples";"Reta";"Rural";1;0;0;0;1;0;0;1
83529384;"29/12/16";"Quinta";"22:10:00";"SC";280;"67,7";"JARAGUA DO SUL";"Falta de atenção";"Colisão Transversal";"Com Vítimas Feridas";"Plena noite";"Crescente";"Nublado";"Simples";"Reta";"Urbano";2;0;1;0;1;0;1;2
83529385;"31/12/16";"Sábado";"15:30:00";"BA";367;"49";"PORTO SEGURO";"Velocidade incompatível";"Colisão Transversal";"Sem Vítimas";"Pleno dia";"Decrescente";"Sol";"Simples";"Curva";"Rural";5;0;0;0;5;0;0;2