"id";"data_inversa";"dia_semana";"horario";"uf";"br";"km";"municipio";"causa_acidente";"tipo_acidente";"classificacao_acidente";"fase_dia";"sentido_via";"condicao_metereologica";"tipo_pista";"tracado_via";"uso_solo";"pessoas";"mortos";"feridos_leves";"feridos_graves";"ilesos";"ignorados";"feridos";"veiculos"
83529386;"31/12/16";"Sábado";"22:20:00";"MG";116;"276";"TEOFILO OTONI";"Outras";"Colisão traseira";"Com Vítimas Feridas";"Plena noite";"Crescente";"Ceu Claro";"Simples";"Cruzamento";"Urbano";2;0;1;0;1;0;1;2
83529387;"31/12/16";"Sábado";"20:15:00";"SC";282;"427,9";"VARGEM BONITA";"Outras";"Saída de Pista";"Com Vítimas Feridas";"Plena noite";"Crescente";"Chuva";"Simples";"Reta";"Rural";3;0;2;1;0;0;3;1
83529388;"31/12/16";"Sábado";"19:00:00";"AL";316;"241";"ATALAIA";"Falta de atenção";"Atropelamento de pessoa";"Com Vítimas Feridas";"Plena noite";"Decrescente";"Ceu Claro";"Simples";"Cruzamento";"Urbano";2;0;1;0;0;1;1;1
83529389;"31/12/16";"Sábado";"21:20:00";"TO";153;"333,3";"GUARAI";"Falta de atenção";"Colisão Transversal";"Com Vítimas Feridas";"Plena noite";"Crescente";"Ceu Claro";"Simples";"Reta";"Urbano";2;0;1;0;1;0;1;2
83529390;"31/12/16";"Sábado";"22:45:00";"MG";116;"532";"CARATINGA";"Velocidade incompatível";"Colisão traseira";"Com Vítimas Feridas";"Plena noite";"Crescente";"Ceu Claro";"Simples";"Reta";"Rural";3;0;1;1;1;0;2;2
83529391;"31/12/16";"Sábado";"21:00:00";"MT";70;"520";"VARZEA GRANDE";"Animais na Pista";"Atropelamento de animal";"Com Vítimas Feridas";"Plena noite";"Crescente";"Nublado";"Simples";"Reta";"Urbano";1;0;0;1;0;0;1;1
83529392;"31/12/16";"Sábado";"10:20:00";"ES";101;"192";"ARACRUZ";"Não guardar distância de segurança";"Colisão traseira";"Com Vítimas Feridas";"Pleno dia";"Crescente";"Ceu Claro";"Simples";"Reta";"Rural";2;0;1;0;1;0;1;2
83529393;"31/12/16";"Sábado";"20:20:00";"RS";287;"248,6";"SANTA MARIA";"Desobediência à sinalização";"Colisão Transversal";"Com Vítimas Feridas";"Plena noite";"Decrescente";"Ceu Claro";"Simples";"Cruzamento";"Urbano";3;0;1;1;1;0;2;2
83529395;"31/12/16";"Sábado";"19:35:00";"BA";324;"515";"FEIRA DE SANTANA";"Falta de atenção";"Colisão Transversal";"Com Vítimas Feridas";"Plena noite";"Crescente";"Ceu Claro";"Simples";"Reta";"Urbano";3;0;1;2;0;0;3;2
83529396;"31/12/16";"Sábado";"18:00:00";"MS";158;"91";"PARANAIBA";"Velocidade incompatível";"Derramamento de Carga";"Sem Vítimas";"Anoitecer";"Crescente";"Sol";"Simples";"Curva";"Rural";1;0;0;0;1;0;0;1
83529397;"31/12/16";"Sábado";"20:20:00";"PA";230;"81";"SAO DOMINGOS DO ARAGUAIA";"Velocidade incompatível";"Saída de Pista";"Com Vítimas Feridas";"Plena noite";"Decrescente";"Ignorada";"Simples";"Curva";"Rural";1;0;1;0;0;0;1;1
83529398;"31/12/16";"Sábado";"23:30:00";"RJ";116;"129";"MAGE";"Outras";"Colisão com objeto fixo";"Sem Vítimas";"Plena noite";"Crescente";"Chuva";"Dupla";"Reta";"Rural";1;0;0;0;1;0;0;1
83529399;"31/12/16";"Sábado";"21:30:00";"MG";262;"376";"JUATUBA";"Ingestão de álcool";"Colisão frontal";"Com Vítimas Feridas";"Plena noite";"Crescente";"Ceu Claro";"Dupla";"Reta";"Rural";2;0;1;0;0;1;1;2
83529400;"31/12/16";"Sábado";"22:40:00";"RJ";101;"316";"SAO GONCALO";"Outras";"Colisão lateral";"Sem Vítimas";"Pleno dia";"Crescente";"Ceu Claro";"Dupla";"Reta";"Urbano";2;0;0;0;1;1;0;2
83529401;"31/12/16";"Sábado";"20:00:00";"PR";277;"22,3";"MORRETES";"Defeito mecânico em veículo";"Queda de motocicleta / bicicleta / veículo";"Com Vítimas Feridas";"Plena noite";"Decrescente";"Nublado";"Dupla";"Curva";"Rural";3;0;0;1;2;0;1;2
83529402;"31/12/16";"Sábado";"19:25:00";"MS";163;"270";"DOURADOS";"Outras";"Queda de motocicleta / bicicleta / veículo";"Ignorado";"Plena noite";"Crescente";"Ceu Claro";"Dupla";"Curva";"Urbano";1;0;0;0;0;1;0;1
83529403;"29/12/16";"Quinta";"18:35:00";"SP";116;"226,2";"GUARULHOS";"Não guardar distância de segurança";"Colisão lateral";"Com Vítimas Feridas";"Anoitecer";"Decrescente";"Nublado";"Múltipla";"Reta";"Urbano";3;0;1;0;1;1;1;2
83529404;"31/12/16";"Sábado";"21:30:00";"MS";163;"678";"RIO VERDE DE MATO GROSSO";"Velocidade incompatível";"Saída de Pista";"Com Vítimas Feridas";"Plena noite";"Crescente";"Chuva";"Simples";"Reta";"Urbano";1;0;1;0;0;0;1;1
83529405;"31/12/16";"Sábado";"20:25:00";"MS";163;"794";"PEDRO GOMES";"Velocidade incompatível";"Capotamento";"Com Vítimas Feridas";"Plena noite";"Crescente";"Chuva";"Simples";"Curva";"Rural";5;0;4;0;1;0;4;1
83529406;"31/12/16";"Sábado";"21:00:00";"RO";319;"62";"PORTO VELHO";"Desobediência à sinalização";"Colisão Transversal";"Com Vítimas Feridas";"Plena noite";"Decrescente";"Nublado";"Dupla";"Reta";"Urbano";2;0;1;0;1;0;1;2
83529407;"31/12/16";"Sábado";"16:00:00";"GO";40;"27";"LUZIANIA";"Desobediência à sinalização";"Colisão Transversal";"Sem Vítimas";"Pleno dia";"Crescente";"Ceu Claro";"Simples";"Reta";"Rural";2;0;0;0;2;0;0;2
83529408;"31/12/16";"Sábado";"22:20:00";"SC";101;"107,8";"PENHA";"Defeito mecânico em veículo";"Saída de Pista";"Com Vítimas Feridas";"Plena noite";"Crescente";"Chuva";"Dupla";"Curva";"Rural";2;0;2;0;0;0;2;1
83529409;"31/12/16";"Sábado";"21:00:00";"GO";452;"39";"RIO VERDE";"Defeito mecânico em veículo";"Capotamento";"Com Vítimas Feridas";"Plena noite";"Crescente";"Ceu Claro";"Simples";"Cruzamento";"Rural";1;0;0;1;0;0;1;1
83529410;"31/12/16";"Sábado";"19:47:00";"RO";364;"339,9";"JI-PARANA";"Falta de atenção";"Atropelamento de pessoa";"Com Vítimas Feridas";"Plena noite";"Crescente";"Nublado";"Dupla";"Reta";"Urbano";2;0;1;0;1;0;1;1
83529411;"31/12/16";"Sábado";"18:30:00";"MS";262;"244,3";"RIBAS DO RIO PARDO";"Ingestão de álcool";"Saída de Pista";"Sem Vítimas";"Plena noite";"Crescente";"Chuva";"Simples";"Curva";"Rural";1;0;0;0;1;0;0;1
83529412;"31/12/16";"Sábado";"21:15:00";"PR";272;"429";"GOIO-ERE";"Desobediência à sinalização";"Colisão Transversal";"Com Vítimas Fatais";"Plena noite";"Crescente";"Nublado";"Simples";"Reta";"Rural";8;5;0;2;0;1;2;2
83529413;"31/12/16";"Sábado";"21:10:00";"BA";116;"696,2";"JEQUIE";"Ingestão de álcool";"Capotamento";"Com Vítimas Feridas";"Plena noite";"Crescente";"Ceu Claro";"Simples";"Curva";"Rural";1;0;1;0;0;0;1;1
83529414;"31/12/16";"Sábado";"19:30:00";"MT";364;"137";"PEDRA PRETA";"Outras";"Saída de Pista";"Com Vítimas Feridas";"Plena noite";"Decrescente";"Chuva";"Simples";"Reta";"Rural";2;0;2;0;0;0;2;1
83529415;"31/12/16";"Sábado";"15:05:00";"AP";156;"420";"TARTARUGALZINHO";"Outras";"Colisão lateral";"Com Vítimas Fatais";"Pleno dia";"Crescente";"Nublado";"Simples";"Reta";"Rural";3;1;0;1;1;0;1;2
83529416;"28/12/16";"Quarta";"11:00:00";"PA";10;"49";"DOM ELISEU";"Velocidade incompatível";"Capotamento";"Com Vítimas Fatais";"Pleno dia";"Crescente";"Ceu Claro";"Simples";"Reta";"Urbano";2;1;1;0;0;0;1;1
83529417;"31/12/16";"Sábado";"10:10:00";"BA";101;"715,1";"EUNAPOLIS";"Falta de atenção";"Colisão Transversal";"Com Vítimas Feridas";"Pleno dia";"Decrescente";"Ceu Claro";"Simples";"Reta";"Urbano";2;0;1;0;1;0;1;2
83529418;"25/12/16";"Domingo";"12:40:00";"GO";153;"501,1";"GOIANIA";"Outras";"Colisão traseira";"Com Vítimas Feridas";"Pleno dia";"Crescente";"Ceu Claro";"Dupla";"Reta";"Urbano";2;0;0;1;1;0;1;2
83529419;"31/12/16";"Sábado";"07:30:00";"PA";316;"62";"CASTANHAL";"Desobediência à sinalização";"Colisão Transversal";"Sem Vítimas";"Pleno dia";"Decrescente";"Ceu Claro";"Dupla";"Reta";"Urbano";2;0;0;0;2;0;0;2
83529420;"27/12/16";"Terça";"09:00:00";"GO";153;"500";"GOIANIA";"Outras";"Queda de motocicleta / bicicleta / veículo";"Com Vítimas Feridas";"Pleno dia";"Crescente";"Ceu Claro";"Dupla";"Reta";"Urbano";1;0;0;1;0;0;1;1
83529421;"31/12/16";"Sábado";"17:30:00";"SP";116;"31,1";"CRUZEIRO";"Outras";"Colisão com objeto fixo";"Com Vítimas Feridas";"Pleno dia";"Crescente";"Nublado";"Dupla";"Curva";"Rural";3;0;1;0;2;0;1;1
83529422;"28/12/16";"Quarta";"21:30:00";"DF";70;"19";"BRASILIA";"Falta de atenção";"Colisão traseira";"Com Vítimas Feridas";"Plena noite";"Decrescente";"Ceu Claro";"Dupla";"Reta";"Rural";2;0;0;1;1;0;1;2
83529423;"31/12/16";"Sábado";"19:00:00";"PE";423;"95,5";"GARANHUNS";"Outras";"Colisão frontal";"Com Vítimas Feridas";"Plena noite";"Crescente";"Ceu Claro";"Simples";"Reta";"Urbano";2;0;0;1;0;1;1;2
83529424;"31/12/16";"Sábado";"05:50:00";"RS";290;"87";"PORTO ALEGRE";"Ingestão de álcool";"Saída de Pista";"Sem Vítimas";"Amanhecer";"Decrescente";"Ceu Claro";"Simples";"Reta";"Rural";3;0;0;0;3;0;0;1
83529425;"22/12/16";"Quinta";"21:25:00";"SC";101;"214,2";"PALHOCA";"Desobediência à sinalização";"Saída de Pista";"Com Vítimas Feridas";"Plena noite";"Crescente";"Nublado";"Dupla";"Reta";"Urbano";1;0;1;0;0;0;1;1
83529426;"22/12/16";"Quinta";"17:30:00";"SC";101;"227,4";"PALHOCA";"Falta de atenção";"Colisão com objeto fixo";"Com Vítimas Feridas";"Pleno dia";"Decrescente";"Chuva";"Dupla";"Curva";"Urbano";1;0;1;0;0;0;1;1
83529427;"31/12/16";"Sábado";"01:00:00";"SC";282;"2,9";"FLORIANOPOLIS";"Animais na Pista";"Colisão traseira";"Sem Vítimas";"Plena noite";"Decrescente";"Nublado";"Dupla";"Curva";"Urbano";2;0;0;0;2;0;0;2
83529428;"31/12/16";"Sábado";"16:40:00";"BA";116;"817,6";"VITORIA DA CONQUISTA";"Falta de atenção";"Colisão Transversal";"Sem Vítimas";"Pleno dia";"Crescente";"Sol";"Simples";"Reta";"Urbano";2;0;0;0;2;0;0;2
83529429;"22/12/16";"Quinta";"01:50:00";"SC";101;"233";"PALHOCA";"Outras";"Incêndio";"Sem Vítimas";"Plena noite";"Decrescente";"Ceu Claro";"Dupla";"Reta";"Urbano";1;0;0;0;1;0;0;1
83529430;"28/12/16";"Quarta";"18:20:00";"RS";101;"30";"TRES CACHOEIRAS";"Velocidade incompatível";"Saída de Pista";"Com Vítimas Feridas";"Anoitecer";"Crescente";"Chuva";"Dupla";"Reta";"Rural";1;0;1;0;0;0;1;1
83529431;"31/12/16";"Sábado";"05:25:00";"TO";153;"478";"BARROLANDIA";"Outras";"Saída de Pista";"Sem Vítimas";"Amanhecer";"Crescente";"Nublado";"Simples";"Curva";"Rural";1;0;0;0;1;0;0;1
83529432;"29/12/16";"Quinta";"01:15:00";"BA";116;"461";"SANTO ESTEVAO";"Falta de atenção";"Queda de motocicleta / bicicleta / veículo";"Com Vítimas Fatais";"Plena noite";"Decrescente";"Ceu Claro";"Simples";"Curva";"Urbano";1;1;0;0;0;0;0;1
83529433;"22/12/16";"Quinta";"17:25:00";"SC";101;"215,7";"PALHOCA";"Desobediência à sinalização";"Colisão lateral";"Com Vítimas Feridas";"Pleno dia";"Decrescente";"Chuva";"Dupla";"Reta";"Urbano";2;0;1;0;1;0;1;2
83529434;"29/12/16";"Quinta";"06:50:00";"PR";376;"668,2";"GUARATUBA";"Defeito mecânico em veículo";"Tombamento";"Com Vítimas Fatais";"Pleno dia";"Crescente";"Ceu Claro";"Dupla";"Curva";"Rural";1;1;0;0;0;0;0;1
83529435;"30/12/16";"Sexta";"11:50:00";"MG";40;"515,9";"RIBEIRAO DAS NEVES";"Falta de atenção";"Colisão lateral";"Com Vítimas Feridas";"Pleno dia";"Decrescente";"Ceu Claro";"Dupla";"Reta";"Rural";2;0;1;0;1;0;1;2
83529436;"30/12/16";"Sexta";"15:30:00";"SC";282;"49";"AGUAS MORNAS";"Outras";"Colisão lateral";"Sem Vítimas";"Pleno dia";"Decrescente";"Chuva";"Simples";"Curva";"Rural";2;0;0;0;2;0;0;2
83529437;"28/12/16";"Quarta";"23:40:00";"MG";381;"729,5";"CARMO DA CACHOEIRA";"Velocidade incompatível";"Saída de Pista";"Sem Vítimas";"Plena noite";"Decrescente";"Chuva";"Dupla";"Curva";"Rural";3;0;0;0;3;0;0;1
83529438;"28/12/16";"Quarta";"18:30:00";"TO";153;"472";"BARROLANDIA";"Outras";"Saída de Pista";"Ignorado";"Anoitecer";"Decrescente";"Ignorada";"Simples";"Reta";"Rural";1;0;0;0;0;1;0;1
83529439;"30/12/16";"Sexta";"19:10:00";"MG";40;"566";"NOVA LIMA";"Velocidade incompatível";"Capotamento";"Sem Vítimas";"Anoitecer";"Decrescente";"Chuva";"Simples";"Curva";"Rural";1;0;0;0;1;0;0;1
83529440;"29/12/16";"Quinta";"19:45:00";"PR";116;"38,7";"CAMPINA GRANDE DO SUL";"Velocidade incompatível";"Capotamento";"Com Vítimas Feridas";"Anoitecer";"Crescente";"Nublado";"Dupla";"Curva";"Rural";2;0;1;0;1;0;1;1
83529441;"29/12/16";"Quinta";"06:15:00";"AL";104;"8";"SAO JOSE DA LAJE";"Defeito mecânico em veículo";"Tombamento";"Com Vítimas Feridas";"Amanhecer";"Crescente";"Ceu Claro";"Simples";"Curva";"Rural";1;0;1;0;0;0;1;1
83529442;"29/12/16";"Quinta";"16:30:00";"PR";116;"19,5";"ANTONINA";"Velocidade incompatível";"Saída de Pista";"Sem Vítimas";"Pleno dia";"Decrescente";"Chuva";"Dupla";"Curva";"Rural";1;0;0;0;1;0;0;1
83529443;"17/12/16";"Sábado";"00:30:00";"SC";101;"40";"JOINVILLE";"Falta de atenção";"Colisão traseira";"Com Vítimas Feridas";"Plena noite";"Crescente";"Ceu Claro";"Dupla";"Reta";"Urbano";2;0;1;0;1;0;1;2
83529444;"31/12/16";"Sábado";"04:50:00";"SC";282;"48";"AGUAS MORNAS";"Outras";"Capotamento";"Ignorado";"Plena noite";"Decrescente";"Chuva";"Simples";"Curva";"Rural";1;0;0;0;0;1;0;1
83529445;"28/12/16";"Quarta";"08:30:00";"SP";116;"362";"MIRACATU";"Falta de atenção";"Colisão lateral";"Sem Vítimas";"Pleno dia";"Crescente";"Sol";"Dupla";"Reta";"Urbano";2;0;0;0;2;0;0;2
83529446;"28/12/16";"Quarta";"21:15:00";"MG";40;"190,1";"JOAO PINHEIRO";"Desobediência à sinalização";"Colisão frontal";"Com Vítimas Fatais";"Plena noite";"Crescente";"Chuva";"Simples";"Reta";"Rural";4;2;0;0;2;0;0;2
83529447;"30/12/16";"Sexta";"07:25:00";"RO";364;"341,5";"JI-PARANA";"Falta de atenção";"Colisão traseira";"Com Vítimas Feridas";"Pleno dia";"Decrescente";"Nublado";"Simples";"Reta";"Urbano";2;0;1;0;1;0;1;2
83529448;"28/12/16";"Quarta";"23:30:00";"PB";230;"35";"BAYEUX";"Falta de atenção";"Colisão com objeto fixo";"Sem Vítimas";"Plena noite";"Decrescente";"Nublado";"Dupla";"Reta";"Urbano";1;0;0;0;1;0;0;1
83529449;"28/12/16";"Quarta";"11:30:00";"SP";116;"354,9";"MIRACATU";"Defeito mecânico em veículo";"Colisão lateral";"Sem Vítimas";"Pleno dia";"Decrescente";"Sol";"Dupla";"Reta";"Rural";2;0;0;0;2;0;0;2
83529450;"24/12/16";"Sábado";"22:19:00";"DF";20;"4,3";"BRASILIA";"Falta de atenção";"Colisão traseira";"Sem Vítimas";"Plena noite";"Crescente";"Ceu Claro";"Dupla";"Reta";"Rural";4;0;0;0;4;0;0;2
83529451;"27/12/16";"Terça";"13:00:00";"CE";116;"213";"TABULEIRO DO NORTE";"Outras";"Tombamento";"Sem Vítimas";"Pleno dia";"Decrescente";"Ceu Claro";"Simples";"Reta";"Rural";1;0;0;0;1;0;0;1
83529452;"29/12/16";"Quinta";"04:10:00";"RJ";465;"22";"RIO DE JANEIRO";"Outras";"Colisão com objeto fixo";"Com Vítimas Fatais";"Plena noite";"Decrescente";"Ceu Claro";"Simples";"Reta";"Urbano";1;1;0;0;0;0;0;1
83529453;"28/12/16";"Quarta";"12:30:00";"MS";262;"90";"AGUA CLARA";"Falta de atenção";"Saída de Pista";"Com Vítimas Feridas";"Pleno dia";"Crescente";"Ceu Claro";"Simples";"Reta";"Rural";1;0;1;0;0;0;1;1
83529454;"28/12/16";"Quarta";"14:30:00";"PR";467;"112,2";"CASCAVEL";"Outras";"Colisão Transversal";"Com Vítimas Feridas";"Pleno dia";"Crescente";"Ceu Claro";"Simples";"Reta";"Urbano";4;0;3;0;1;0;3;2
83529455;"29/12/16";"Quinta";"06:00:00";"BA";101;"203";"GOVERNADOR MANGABEIRA";"Dormindo";"Colisão frontal";"Com Vítimas Feridas";"Pleno dia";"Crescente";"Ceu Claro";"Simples";"Reta";"Rural";2;0;1;0;1;0;1;2
83529456;"30/12/16";"Sexta";"20:15:00";"MG";365;"488";"PATROCINIO";"Velocidade incompatível";"Colisão traseira";"Com Vítimas Feridas";"Anoitecer";"Decrescente";"Ceu Claro";"Simples";"Curva";"Rural";2;0;1;0;0;1;1;2
83529457;"28/12/16";"Quarta";"23:30:00";"SC";470;"56,3";"BLUMENAU";"Falta de atenção";"Colisão Transversal";"Sem Vítimas";"Plena noite";"Crescente";"Ceu Claro";"Simples";"Cruzamento";"Urbano";2;0;0;0;2;0;0;2
83529458;"28/12/16";"Quarta";"10:15:00";"MG";356;"276,9";"EUGENOPOLIS";"Velocidade incompatível";"Saída de Pista";"Com Vítimas Fatais";"Pleno dia";"Crescente";"Sol";"Simples";"Curva";"Rural";1;1;0;0;0;0;0;1
83529459;"22/12/16";"Quinta";"18:53:00";"MT";364;"403";"CUIABA";"Falta de atenção";"Colisão Transversal";"Com Vítimas Feridas";"Pleno dia";"Crescente";"Nublado";"Simples";"Reta";"Urbano";3;0;1;0;2;0;1;3
83529460;"17/12/16";"Sábado";"10:15:00";"PR";277;"51";"SAO JOSE DOS PINHAIS";"Outras";"Queda de motocicleta / bicicleta / veículo";"Com Vítimas Feridas";"Amanhecer";"Decrescente";"Nevoeiro/neblina";"Dupla";"Reta";"Rural";1;0;1;0;0;0;1;1
83529461;"28/12/16";"Quarta";"05:40:00";"AL";423;"57,5";"AGUA BRANCA";"Falta de atenção";"Colisão frontal";"Sem Vítimas";"Amanhecer";"Crescente";"Ceu Claro";"Simples";"Reta";"Rural";3;0;0;0;3;0;0;2
83529463;"30/12/16";"Sexta";"20:35:00";"RO";364;"437";"JARU";"Falta de atenção";"Tombamento";"Com Vítimas Feridas";"Plena noite";"Crescente";"Ignorada";"Simples";"Reta";"Rural";1;0;1;0;0;0;1;1
83529464;"28/12/16";"Quarta";"12:45:00";"RJ";101;"235";"SILVA JARDIM";"Outras";"Colisão com objeto fixo";"Sem Vítimas";"Pleno dia";"Crescente";"Sol";"Dupla";"Curva";"Rural";1;0;0;0;1;0;0;1
83529465;"31/12/16";"Sábado";"01:00:00";"PA";10;"77";"ULIANOPOLIS";"Outras";"Saída de Pista";"Com Vítimas Fatais";"Plena noite";"Decrescente";"Ignorada";"Simples";"Reta";"Urbano";2;1;1;0;0;0;1;1
83529466;"29/12/16";"Quinta";"06:00:00";"RJ";101;"128";"QUISSAMA";"Outras";"Capotamento";"Com Vítimas Feridas";"Amanhecer";"Decrescente";"Ceu Claro";"Dupla";"Reta";"Rural";3;0;2;0;1;0;2;1
83529467;"28/12/16";"Quarta";"05:20:00";"MG";381;"673,1";"PERDOES";"Dormindo";"Colisão traseira";"Sem Vítimas";"Amanhecer";"Decrescente";"Ceu Claro";"Dupla";"Reta";"Rural";2;0;0;0;2;0;0;2
83529468;"29/12/16";"Quinta";"17:30:00";"MT";158;"463";"RIBEIRAO CASCALHEIRA";"Falta de atenção";"Tombamento";"Sem Vítimas";"Pleno dia";"Decrescente";"Nublado";"Simples";"Reta";"Rural";1;0;0;0;1;0;0;1
83529469;"28/12/16";"Quarta";"16:40:00";"RS";471;"147,7";"SANTA CRUZ DO SUL";"Desobediência à sinalização";"Colisão Transversal";"Com Vítimas Feridas";"Pleno dia";"Decrescente";"Ceu Claro";"Simples";"Cruzamento";"Urbano";4;0;1;0;3;0;1;2
83529470;"31/12/16";"Sábado";"21:45:00";"MS";163;"485,5";"CAMPO GRANDE";"Falta de atenção";"Colisão lateral";"Sem Vítimas";"Plena noite";"Crescente";"Ceu Claro";"Simples";"Reta";"Urbano";4;0;0;0;4;0;0;2
83529471;"30/12/16";"Sexta";"14:40:00";"RJ";116;"265";"BARRA MANSA";"Outras";"Colisão traseira";"Sem Vítimas";"Pleno dia";"Decrescente";"Ceu Claro";"Simples";"Curva";"Rural";2;0;0;0;2;0;0;2
83529472;"28/12/16";"Quarta";"12:25:00";"MT";70;"305,2";"PRIMAVERA DO LESTE";"Dormindo";"Saída de Pista";"Sem Vítimas";"Pleno dia";"Decrescente";"Ceu Claro";"Simples";"Reta";"Rural";1;0;0;0;1;0;0;1
83529473;"30/12/16";"Sexta";"22:00:00";"SC";470;"55";"BLUMENAU";"Ultrapassagem indevida";"Colisão frontal";"Com Vítimas Feridas";"Plena noite";"Crescente";"Chuva";"Simples";"Reta";"Urbano";4;0;1;1;2;0;2;4
83529474;"31/12/16";"Sábado";"04:15:00";"AP";210;"1";"MACAPA";"Ingestão de álcool";"Saída de Pista";"Sem Vítimas";"Plena noite";"Crescente";"Ceu Claro";"Dupla";"Reta";"Urbano";1;0;0;0;1;0;0;1
83529475;"03/05/16";"Terça";"05:50:00";"ES";101;"271";"SERRA";"Falta de atenção";"Tombamento";"Sem Vítimas";"Amanhecer";"Decrescente";"Ceu Claro";"Múltipla";"Reta";"Urbano";1;0;0;0;1;0;0;1
83529476;"29/12/16";"Quinta";"00:35:00";"MG";116;"668,2";"SAO FRANCISCO DO GLORIA";"Outras";"Colisão frontal";"Com Vítimas Fatais";"Plena noite";"Crescente";"Ignorada";"Simples";"Curva";"Rural";2;1;0;0;1;0;0;2
83529477;"28/12/16";"Quarta";"18:00:00";"RJ";116;"144";"DUQUE DE CAXIAS";"Defeito mecânico em veículo";"Incêndio";"Sem Vítimas";"Pleno dia";"Crescente";"Sol";"Dupla";"Reta";"Urbano";1;0;0;0;1;0;0;1
83529478;"11/05/16";"Quarta";"05:45:00";"ES";101;"266";"SERRA";"Falta de atenção";"Atropelamento de pessoa";"Com Vítimas Feridas";"Pleno dia";"Crescente";"Ceu Claro";"Múltipla";"Reta";"Urbano";2;0;0;1;1;0;1;1
83529479;"30/12/16";"Sexta";"07:00:00";"RJ";40;"98";"DUQUE DE CAXIAS";"Outras";"Tombamento";"Com Vítimas Feridas";"Pleno dia";"Crescente";"Ceu Claro";"Simples";"Reta";"Rural";2;0;2;0;0;0;2;1
83529480;"29/12/16";"Quinta";"22:30:00";"PB";230;"157";"CAMPINA GRANDE";"Animais na Pista";"Atropelamento de animal";"Sem Vítimas";"Plena noite";"Decrescente";"Ceu Claro";"Simples";"Reta";"Urbano";1;0;0;0;1;0;0;1
83529481;"24/06/16";"Sexta";"06:10:00";"ES";101;"273";"SERRA";"Outras";"Queda de motocicleta / bicicleta / veículo";"Com Vítimas Feridas";"Pleno dia";"Crescente";"Ceu Claro";"Dupla";"Reta";"Rural";1;0;1;0;0;0;1;1
83529482;"29/12/16";"Quinta";"20:10:00";"MS";60;"378,2";"CAMPO GRANDE";"Falta de atenção";"Colisão com bicicleta";"Com Vítimas Feridas";"Plena noite";"Decrescente";"Chuva";"Simples";"Reta";"Rural";3;0;0;2;0;1;2;2
83529483;"04/12/16";"Domingo";"22:50:00";"ES";101;"264";"SERRA";"Outras";"Saída de Pista";"Com Vítimas Feridas";"Plena noite";"Decrescente";"Chuva";"Múltipla";"Reta";"Urbano";3;0;0;3;0;0;3;1
83529484;"31/12/16";"Sábado";"16:00:00";"MG";40;"432";"PARAOPEBA";"Ingestão de álcool";"Saída de Pista";"Com Vítimas Feridas";"Pleno dia";"Decrescente";"Ceu Claro";"Dupla";"Reta";"Rural";2;0;2;0;0;0;2;1
83529485;"28/12/16";"Quarta";"21:00:00";"RJ";116;"94,8";"TERESOPOLIS";"Outras";"Tombamento";"Com Vítimas Fatais";"Plena noite";"Crescente";"Ceu Claro";"Simples";"Curva";"Rural";3;1;1;1;0;0;2;1
83529486;"29/12/16";"Quinta";"13:10:00";"PR";373;"176";"PONTA GROSSA";"Falta de atenção";"Colisão traseira";"Sem Vítimas";"Pleno dia";"Crescente";"Ignorada";"Dupla";"Reta";"Urbano";2;0;0;0;1;1;0;2
83529487;"28/12/16";"Quarta";"23:00:00";"ES";101;"147,9";"LINHARES";"Desobediência à sinalização";"Colisão Transversal";"Com Vítimas Feridas";"Plena noite";"Decrescente";"Ceu Claro";"Múltipla";"Cruzamento";"Urbano";2;0;1;0;1;0;1;2
83529488;"30/12/16";"Sexta";"22:50:00";"PA";230;"114";"MARABA";"Falta de atenção";"Colisão Transversal";"Com Vítimas Feridas";"Plena noite";"Crescente";"Ceu Claro";"Múltipla";"Reta";"Urbano";4;0;2;0;2;0;2;2
83529489;"30/10/16";"Domingo";"23:15:00";"RS";392;"637,2";"GUARANI DAS MISSOES";"Velocidade incompatível";"Saída de Pista";"Com Vítimas Feridas";"Plena noite";"Crescente";"Ceu Claro";"Simples";"Reta";"Rural";4;0;1;3;0;0;4;1
83529490;"24/12/16";"Sábado";"18:30:00";"MG";40;"735";"SANTOS DUMONT";"Velocidade incompatível";"Capotamento";"Com Vítimas Feridas";"Pleno dia";"Crescente";"Ceu Claro";"Simples";"Curva";"Rural";1;0;1;0;0;0;1;1
83529491;"30/12/16";"Sexta";"23:30:00";"PB";230;"11,3";"CABEDELO";"Ingestão de álcool";"Colisão traseira";"Com Vítimas Feridas";"Plena noite";"Decrescente";"Ceu Claro";"Dupla";"Reta";"Urbano";3;0;1;1;0;1;2;2
83529492;"28/12/16";"Quarta";"17:10:00";"PR";116;"140";"MANDIRITUBA";"Velocidade incompatível";"Colisão traseira";"Sem Vítimas";"Pleno dia";"Crescente";"Chuva";"Dupla";"Reta";"Rural";2;0;0;0;2;0;0;2
83529493;"29/12/16";"Quinta";"22:10:00";"RJ";101;"402";"ITAGUAI";"Outras";"Saída de Pista";"Sem Vítimas";"Plena noite";"Decrescente";"Ceu Claro";"Dupla";"Curva";"Urbano";2;0;0;0;2;0;0;1
83529494;"29/12/16";"Quinta";"10:20:00";"SP";116;"204";"ARUJA";"Outras";"Colisão com objeto fixo";"Ignorado";"Pleno dia";"Decrescente";"Sol";"Múltipla";"Reta";"Urbano";1;0;0;0;0;1;0;1