"id";"data_inversa";"dia_semana";"horario";"uf";"br";"km";"municipio";"causa_acidente";"tipo_acidente";"classificacao_acidente";"fase_dia";"sentido_via";"condicao_metereologica";"tipo_pista";"tracado_via";"uso_solo";"pessoas";"mortos";"feridos_leves";"feridos_graves";"ilesos";"ignorados";"feridos";"veiculos"
83529496;"31/12/16";"Sábado";"07:50:00";"RJ";116;"124";"MAGE";"Outras";"Colisão com bicicleta";"Com Vítimas Feridas";"Pleno dia";"Decrescente";"Sol";"Dupla";"Reta";"Rural";2;0;0;1;1;0;1;2
83529497;"29/12/16";"Quinta";"21:10:00";"PE";408;"96,1";"SAO LOURENCO DA MATA";"Animais na Pista";"Colisão traseira";"Sem Vítimas";"Plena noite";"Decrescente";"Nublado";"Dupla";"Reta";"Rural";2;0;0;0;2;0;0;2
83529498;"30/12/16";"Sexta";"22:40:00";"SP";116;"219";"GUARULHOS";"Não guardar distância de segurança";"Colisão lateral";"Com Vítimas Feridas";"Plena noite";"Crescente";"Chuva";"Simples";"Reta";"Urbano";2;0;1;0;0;1;1;2
83529499;"29/12/16";"Quinta";"17:20:00";"PR";376;"657";"TIJUCAS DO SUL";"Falta de atenção";"Colisão com objeto fixo";"Com Vítimas Feridas";"Pleno dia";"Decrescente";"Nublado";"Dupla";"Curva";"Rural";3;0;2;0;1;0;2;1
83529500;"26/12/16";"Segunda";"03:30:00";"PR";376;"424,7";"TIBAGI";"Ultrapassagem indevida";"Saída de Pista";"Com Vítimas Feridas";"Plena noite";"Crescente";"Nublado";"Simples";"Reta";"Rural";3;0;1;0;2;0;1;1
83529501;"30/12/16";"Sexta";"01:20:00";"BA";116;"822,2";"VITORIA DA CONQUISTA";"Falta de atenção";"Colisão lateral";"Sem Vítimas";"Plena noite";"Decrescente";"Ceu Claro";"Simples";"Reta";"Urbano";2;0;0;0;1;1;0;2
83529502;"31/12/16";"Sábado";"05:40:00";"BA";135;"174";"BARREIRAS";"Falta de atenção";"Colisão frontal";"Sem Vítimas";"Amanhecer";"Decrescente";"Ceu Claro";"Simples";"Reta";"Urbano";2;0;0;0;1;1;0;2
83529503;"31/12/16";"Sábado";"21:00:00";"PR";369;"173,3";"ROLANDIA";"Falta de atenção";"Colisão lateral";"Com Vítimas Feridas";"Plena noite";"Decrescente";"Chuva";"Simples";"Reta";"Urbano";2;0;0;1;1;0;1;2
83529504;"26/11/16";"Sábado";"01:10:00";"PE";428;"128,6";"LAGOA GRANDE";"Defeito mecânico em veículo";"Incêndio";"Sem Vítimas";"Plena noite";"Crescente";"Ignorada";"Simples";"Reta";"Rural";1;0;0;0;1;0;0;1
83529505;"17/12/16";"Sábado";"21:30:00";"AM";174;"1003";"PRESIDENTE FIGUEIREDO";"Ingestão de álcool";"Atropelamento de pessoa";"Com Vítimas Feridas";"Plena noite";"Crescente";"Chuva";"Simples";"Reta";"Rural";2;0;1;0;1;0;1;1
83529506;"31/12/16";"Sábado";"19:36:00";"AC";364;"122";"RIO BRANCO";"Falta de atenção";"Atropelamento de pessoa";"Com Vítimas Feridas";"Plena noite";"Decrescente";"Ceu Claro";"Dupla";"Reta";"Urbano";2;0;1;0;1;0;1;1
83529507;"10/04/16";"Domingo";"05:30:00";"SC";282;"419,5";"VARGEM BONITA";"Falta de atenção";"Colisão Transversal";"Com Vítimas Feridas";"Plena noite";"Decrescente";"Nublado";"Simples";"Curva";"Urbano";5;0;3;1;1;0;4;2
83529508;"06/10/16";"Quinta";"18:00:00";"RN";406;"107";"JOAO CAMARA";"Animais na Pista";"Atropelamento de animal";"Com Vítimas Feridas";"Anoitecer";"Crescente";"Ceu Claro";"Simples";"Reta";"Rural";1;0;0;1;0;0;1;1
83529509;"27/12/16";"Terça";"20:20:00";"SC";280;"17,4";"ARAQUARI";"Outras";"Colisão com objeto móvel";"Com Vítimas Feridas";"Plena noite";"Decrescente";"Nublado";"Simples";"Reta";"Rural";1;0;1;0;0;0;1;1
83529510;"24/10/16";"Segunda";"12:10:00";"GO";80;"7";"PADRE BERNARDO";"Outras";"Colisão Transversal";"Com Vítimas Fatais";"Pleno dia";"Crescente";"Ceu Claro";"Simples";"Reta";"Rural";5;1;4;0;0;0;4;2
83529511;"04/12/16";"Domingo";"00:02:00";"PE";232;"98,5";"BEZERROS";"Outras";"Atropelamento de pessoa";"Com Vítimas Fatais";"Plena noite";"Decrescente";"Ceu Claro";"Dupla";"Reta";"Rural";2;1;0;0;0;1;0;1
83529513;"30/12/16";"Sexta";"08:10:00";"RJ";116;"137";"DUQUE DE CAXIAS";"Falta de atenção";"Colisão traseira";"Com Vítimas Feridas";"Pleno dia";"Decrescente";"Ceu Claro";"Dupla";"Reta";"Rural";3;0;1;0;2;0;1;2
83529514;"01/11/16";"Terça";"19:04:00";"GO";158;"272";"JATAI";"Falta de atenção";"Colisão Transversal";"Com Vítimas Feridas";"Pleno dia";"Crescente";"Ceu Claro";"Simples";"Cruzamento";"Urbano";3;0;2;0;1;0;2;2
83529515;"30/12/16";"Sexta";"16:00:00";"MT";70;"496";"CUIABA";"Falta de atenção";"Colisão lateral";"Com Vítimas Feridas";"Pleno dia";"Crescente";"Ceu Claro";"Simples";"Reta";"Urbano";8;0;1;0;7;0;1;2
83529516;"13/12/16";"Terça";"09:05:00";"GO";40;"1,5";"VALPARAISO DE GOIAS";"Falta de atenção";"Atropelamento de pessoa";"Com Vítimas Feridas";"Pleno dia";"Decrescente";"Ceu Claro";"Dupla";"Reta";"Urbano";2;0;1;0;1;0;1;1
83529517;"31/12/16";"Sábado";"18:45:00";"SP";101;"38,7";"UBATUBA";"Não guardar distância de segurança";"Colisão lateral";"Com Vítimas Feridas";"Pleno dia";"Crescente";"Nublado";"Simples";"Reta";"Rural";4;0;1;1;2;0;2;3
83529518;"31/12/16";"Sábado";"05:10:00";"RO";364;"420";"JARU";"Dormindo";"Saída de Pista";"Com Vítimas Feridas";"Amanhecer";"Crescente";"Ceu Claro";"Simples";"Reta";"Rural";1;0;1;0;0;0;1;1
83529519;"31/12/16";"Sábado";"13:20:00";"PI";316;"287";"DOM EXPEDITO LOPES";"Defeito mecânico em veículo";"Incêndio";"Sem Vítimas";"Pleno dia";"Crescente";"Ceu Claro";"Simples";"Reta";"Rural";2;0;0;0;2;0;0;1
83529520;"29/12/16";"Quinta";"13:00:00";"RJ";495;"1";"TERESOPOLIS";"Outras";"Colisão Transversal";"Com Vítimas Feridas";"Pleno dia";"Crescente";"Sol";"Dupla";"Curva";"Urbano";2;0;1;0;1;0;1;2
83529521;"31/12/16";"Sábado";"03:25:00";"MG";116;"517,5";"UBAPORANGA";"Falta de atenção";"Colisão traseira";"Sem Vítimas";"Plena noite";"Crescente";"Ceu Claro";"Simples";"Reta";"Rural";2;0;0;0;1;1;0;2
83529522;"29/12/16";"Quinta";"13:30:00";"MG";40;"524";"CONTAGEM";"Não guardar distância de segurança";"Queda de motocicleta / bicicleta / veículo";"Com Vítimas Feridas";"Pleno dia";"Decrescente";"Ceu Claro";"Dupla";"Reta";"Urbano";2;0;1;0;1;0;1;2
83529523;"17/12/16";"Sábado";"16:30:00";"CE";116;"13";"FORTALEZA";"Outras";"Saída de Pista";"Sem Vítimas";"Pleno dia";"Crescente";"Ceu Claro";"Dupla";"Reta";"Urbano";1;0;0;0;1;0;0;1
83529524;"22/12/16";"Quinta";"04:30:00";"SP";116;"514";"CAJATI";"Falta de atenção";"Colisão traseira";"Com Vítimas Feridas";"Plena noite";"Decrescente";"Nevoeiro/neblina";"Múltipla";"Reta";"Rural";4;0;0;2;2;0;2;3
83529525;"30/12/16";"Sexta";"22:15:00";"MT";163;"824";"SINOP";"Outras";"Saída de Pista";"Sem Vítimas";"Plena noite";"Crescente";"Nublado";"Simples";"Reta";"Urbano";1;0;0;0;1;0;0;1
83529527;"17/12/16";"Sábado";"10:30:00";"BA";101;"161";"CONCEICAO DO JACUIPE";"Outras";"Colisão frontal";"Sem Vítimas";"Pleno dia";"Crescente";"Chuva";"Simples";"Curva";"Rural";2;0;0;0;2;0;0;2
83529528;"30/12/16";"Sexta";"17:15:00";"SP";381;"22,2";"BRAGANCA PAULISTA";"Defeito mecânico em veículo";"Colisão traseira";"Com Vítimas Feridas";"Pleno dia";"Decrescente";"Ceu Claro";"Dupla";"Curva";"Urbano";14;0;1;0;13;0;1;4
83529529;"31/12/16";"Sábado";"11:15:00";"SC";470;"33,3";"GASPAR";"Ingestão de álcool";"Colisão frontal";"Com Vítimas Feridas";"Plena noite";"Decrescente";"Chuva";"Simples";"Curva";"Urbano";7;0;2;0;5;0;2;4
83529530;"31/12/16";"Sábado";"20:20:00";"DF";80;"18";"BRASILIA";"Falta de atenção";"Atropelamento de pessoa";"Com Vítimas Fatais";"Plena noite";"Decrescente";"Ceu Claro";"Dupla";"Reta";"Urbano";3;1;0;0;0;2;0;1
83529531;"29/12/16";"Quinta";"22:30:00";"BA";101;"155,5";"CONCEICAO DO JACUIPE";"Outras";"Colisão traseira";"Com Vítimas Fatais";"Plena noite";"Crescente";"Ceu Claro";"Simples";"Reta";"Rural";2;1;0;0;0;1;0;2
83529532;"31/12/16";"Sábado";"03:20:00";"MG";116;"517,6";"UBAPORANGA";"Ultrapassagem indevida";"Colisão frontal";"Com Vítimas Fatais";"Plena noite";"Crescente";"Ceu Claro";"Simples";"Reta";"Rural";3;1;0;1;0;1;1;2
83529533;"30/12/16";"Sexta";"16:40:00";"SC";282;"310";"VARGEM";"Velocidade incompatível";"Capotamento";"Com Vítimas Feridas";"Pleno dia";"Crescente";"Chuva";"Simples";"Reta";"Rural";4;0;1;1;2;0;2;1
83529534;"29/12/16";"Quinta";"09:30:00";"BA";324;"558";"SAO SEBASTIAO DO PASSE";"Outras";"Capotamento";"Sem Vítimas";"Pleno dia";"Decrescente";"Nublado";"Dupla";"Reta";"Rural";2;0;0;0;2;0;0;1
83529535;"31/12/16";"Sábado";"05:50:00";"TO";153;"146";"ARAGUAINA";"Falta de atenção";"Saída de Pista";"Sem Vítimas";"Amanhecer";"Crescente";"Nublado";"Dupla";"Reta";"Urbano";1;0;0;0;1;0;0;1
83529536;"31/12/16";"Sábado";"04:20:00";"MG";267;"161,5";"LIMA DUARTE";"Falta de atenção";"Atropelamento de pessoa";"Com Vítimas Fatais";"Plena noite";"Crescente";"Ceu Claro";"Simples";"Curva";"Rural";2;1;0;0;0;1;0;1
83529537;"30/12/16";"Sexta";"02:40:00";"RJ";116;"312,5";"ITATIAIA";"Outras";"Atropelamento de pessoa";"Com Vítimas Feridas";"Plena noite";"Decrescente";"Ceu Claro";"Dupla";"Reta";"Rural";2;0;0;1;1;0;1;1
83529538;"31/12/16";"Sábado";"19:30:00";"SC";282;"19";"PALHOCA";"Não guardar distância de segurança";"Queda de motocicleta / bicicleta / veículo";"Com Vítimas Feridas";"Pleno dia";"Decrescente";"Chuva";"Simples";"Reta";"Rural";1;0;1;0;0;0;1;1
83529539;"21/12/16";"Quarta";"23:50:00";"SC";101;"148,4";"ITAPEMA";"Falta de atenção";"Colisão Transversal";"Com Vítimas Feridas";"Plena noite";"Crescente";"Ignorada";"Simples";"Reta";"Urbano";2;0;1;0;1;0;1;2
83529540;"28/12/16";"Quarta";"17:50:00";"SC";282;"214";"LAGES";"Falta de atenção";"Colisão traseira";"Sem Vítimas";"Pleno dia";"Crescente";"Chuva";"Simples";"Reta";"Urbano";2;0;0;0;2;0;0;2
83529541;"29/12/16";"Quinta";"18:50:00";"SP";116;"547,3";"BARRA DO TURVO";"Velocidade incompatível";"Capotamento";"Sem Vítimas";"Plena noite";"Decrescente";"Chuva";"Simples";"Curva";"Rural";1;0;0;0;1;0;0;1
83529542;"30/12/16";"Sexta";"17:00:00";"MG";50;"174";"UBERABA";"Velocidade incompatível";"Tombamento";"Com Vítimas Feridas";"Pleno dia";"Decrescente";"Ceu Claro";"Dupla";"Cruzamento";"Urbano";1;0;1;0;0;0;1;1
83529543;"29/12/16";"Quinta";"21:20:00";"AL";316;"69,8";"POCO DAS TRINCHEIRAS";"Ingestão de álcool";"Colisão frontal";"Com Vítimas Feridas";"Plena noite";"Decrescente";"Ceu Claro";"Simples";"Reta";"Rural";7;0;1;4;2;0;5;2
83529544;"29/12/16";"Quinta";"16:50:00";"SC";101;"89,8";"BARRA VELHA";"Falta de atenção";"Colisão lateral";"Sem Vítimas";"Pleno dia";"Decrescente";"Nublado";"Simples";"Reta";"Urbano";2;0;0;0;2;0;0;2
83529545;"30/12/16";"Sexta";"04:00:00";"SC";101;"90,4";"BARRA VELHA";"Ingestão de álcool";"Saída de Pista";"Sem Vítimas";"Plena noite";"Crescente";"Chuva";"Dupla";"Reta";"Urbano";1;0;0;0;1;0;0;1
83529546;"29/12/16";"Quinta";"08:30:00";"PE";101;"129";"ESCADA";"Velocidade incompatível";"Colisão traseira";"Com Vítimas Feridas";"Pleno dia";"Decrescente";"Ceu Claro";"Dupla";"Reta";"Urbano";2;0;0;1;1;0;1;2
83529547;"25/12/16";"Domingo";"17:45:00";"GO";60;"60";"ABADIANIA";"Falta de atenção";"Colisão com objeto móvel";"Sem Vítimas";"Pleno dia";"Decrescente";"Nublado";"Dupla";"Reta";"Urbano";2;0;0;0;2;0;0;2
83529549;"29/12/16";"Quinta";"16:25:00";"PE";101;"53";"PAULISTA";"Outras";"Colisão Transversal";"Sem Vítimas";"Pleno dia";"Crescente";"Sol";"Dupla";"Reta";"Urbano";2;0;0;0;1;1;0;2
83529552;"19/11/16";"Sábado";"09:30:00";"MG";116;"65";"MEDINA";"Outras";"Colisão com objeto móvel";"Sem Vítimas";"Pleno dia";"Crescente";"Ceu Claro";"Simples";"Curva";"Rural";3;0;0;0;3;0;0;3
83529553;"29/12/16";"Quinta";"07:40:00";"GO";40;"5";"VALPARAISO DE GOIAS";"Outras";"Saída de Pista";"Com Vítimas Feridas";"Pleno dia";"Decrescente";"Ceu Claro";"Dupla";"Reta";"Urbano";1;0;0;1;0;0;1;1
83529554;"13/12/16";"Terça";"09:40:00";"GO";40;"3";"VALPARAISO DE GOIAS";"Falta de atenção";"Atropelamento de pessoa";"Com Vítimas Feridas";"Pleno dia";"Decrescente";"Ceu Claro";"Dupla";"Reta";"Urbano";2;0;0;1;1;0;1;1
83529555;"30/12/16";"Sexta";"10:45:00";"SE";101;"61,8";"ROSARIO DO CATETE";"Defeito mecânico em veículo";"Colisão traseira";"Sem Vítimas";"Pleno dia";"Crescente";"Ceu Claro";"Simples";"Reta";"Rural";3;0;0;0;3;0;0;3
83529556;"29/12/16";"Quinta";"20:30:00";"SC";101;"262";"PAULO LOPES";"Outras";"Saída de Pista";"Com Vítimas Feridas";"Pleno dia";"Decrescente";"Chuva";"Dupla";"Reta";"Urbano";2;0;1;0;1;0;1;1
83529557;"29/12/16";"Quinta";"23:00:00";"SC";101;"298,8";"IMBITUBA";"Falta de atenção";"Tombamento";"Com Vítimas Feridas";"Plena noite";"Decrescente";"Chuva";"Dupla";"Reta";"Urbano";1;0;0;1;0;0;1;1
83529558;"21/12/16";"Quarta";"14:40:00";"GO";60;"45";"ALEXANIA";"Dormindo";"Saída de Pista";"Sem Vítimas";"Pleno dia";"Decrescente";"Ceu Claro";"Dupla";"Reta";"Urbano";1;0;0;0;1;0;0;1
83529559;"25/12/16";"Domingo";"19:40:00";"BA";324;"613";"SALVADOR";"Outras";"Atropelamento de pessoa";"Com Vítimas Fatais";"Plena noite";"Crescente";"Ceu Claro";"Dupla";"Reta";"Urbano";2;1;0;0;0;1;0;1
83529560;"30/12/16";"Sexta";"18:30:00";"RJ";101;"418";"MANGARATIBA";"Não guardar distância de segurança";"Colisão traseira";"Sem Vítimas";"Anoitecer";"Crescente";"Sol";"Simples";"Reta";"Urbano";5;0;0;0;5;0;0;5
83529561;"30/12/16";"Sexta";"19:40:00";"PR";116;"79";"PIRAQUARA";"Defeito mecânico em veículo";"Saída de Pista";"Sem Vítimas";"Pleno dia";"Decrescente";"Nublado";"Dupla";"Reta";"Urbano";2;0;0;0;2;0;0;1
83529562;"30/12/16";"Sexta";"16:35:00";"SC";101;"116";"ITAJAI";"Outras";"Colisão traseira";"Com Vítimas Feridas";"Pleno dia";"Crescente";"Nublado";"Múltipla";"Reta";"Urbano";4;0;1;0;2;1;1;2
83529563;"29/12/16";"Quinta";"21:00:00";"SC";470;"36,9";"GASPAR";"Ingestão de álcool";"Colisão frontal";"Sem Vítimas";"Plena noite";"Crescente";"Nublado";"Simples";"Reta";"Urbano";3;0;0;0;3;0;0;3
83529564;"24/11/16";"Quinta";"15:05:00";"SC";101;"237";"PALHOCA";"Falta de atenção";"Colisão traseira";"Com Vítimas Feridas";"Pleno dia";"Decrescente";"Ceu Claro";"Dupla";"Reta";"Urbano";2;0;1;0;1;0;1;2
83529565;"30/12/16";"Sexta";"15:00:00";"MG";50;"2";"UBERLANDIA";"Defeito mecânico em veículo";"Saída de Pista";"Com Vítimas Feridas";"Pleno dia";"Decrescente";"Sol";"Dupla";"Reta";"Rural";3;0;0;3;0;0;3;1
83529566;"11/12/16";"Domingo";"16:15:00";"SC";101;"145";"ITAPEMA";"Falta de atenção";"Colisão traseira";"Com Vítimas Feridas";"Pleno dia";"Decrescente";"Nublado";"Dupla";"Reta";"Urbano";6;0;1;0;5;0;1;5
83529567;"30/12/16";"Sexta";"06:00:00";"SC";101;"351,1";"JAGUARUNA";"Falta de atenção";"Saída de Pista";"Sem Vítimas";"Amanhecer";"Decrescente";"Ceu Claro";"Dupla";"Reta";"Rural";1;0;0;0;1;0;0;1
83529568;"30/12/16";"Sexta";"22:00:00";"PR";277;"18";"MORRETES";"Desobediência à sinalização";"Colisão lateral";"Com Vítimas Feridas";"Plena noite";"Decrescente";"Ceu Claro";"Dupla";"Reta";"Rural";5;0;3;0;2;0;3;2
83529569;"30/12/16";"Sexta";"15:15:00";"SC";470;"6,5";"NAVEGANTES";"Não guardar distância de segurança";"Colisão traseira";"Com Vítimas Feridas";"Pleno dia";"Decrescente";"Nublado";"Simples";"Reta";"Rural";2;0;1;0;1;0;1;2
83529570;"30/12/16";"Sexta";"17:00:00";"MG";116;"527";"CARATINGA";"Ingestão de álcool";"Colisão lateral";"Sem Vítimas";"Pleno dia";"Decrescente";"Ceu Claro";"Simples";"Reta";"Urbano";2;0;0;0;2;0;0;2
83529571;"26/12/16";"Segunda";"21:30:00";"RJ";101;"256";"RIO BONITO";"Outras";"Atropelamento de pessoa";"Com Vítimas Fatais";"Plena noite";"Decrescente";"Ceu Claro";"Simples";"Reta";"Rural";2;1;0;0;1;0;0;1
83529572;"31/12/16";"Sábado";"21:18:00";"AL";316;"255";"PILAR";"Outras";"Colisão frontal";"Com Vítimas Feridas";"Plena noite";"Decrescente";"Ceu Claro";"Simples";"Reta";"Rural";2;0;1;0;0;1;1;2
83529573;"30/12/16";"Sexta";"11:00:00";"SP";116;"145,9";"SAO JOSE DOS CAMPOS";"Falta de atenção";"Colisão traseira";"Sem Vítimas";"Pleno dia";"Crescente";"Ceu Claro";"Dupla";"Reta";"Urbano";5;0;0;0;4;1;0;5
83529574;"30/12/16";"Sexta";"08:00:00";"MG";381;"621";"OLIVEIRA";"Dormindo";"Tombamento";"Sem Vítimas";"Amanhecer";"Crescente";"Ceu Claro";"Dupla";"Reta";"Rural";1;0;0;0;1;0;0;1
83529575;"28/12/16";"Quarta";"11:15:00";"RN";101;"83";"NATAL";"Falta de atenção";"Atropelamento de pessoa";"Com Vítimas Feridas";"Pleno dia";"Decrescente";"Ceu Claro";"Simples";"Reta";"Urbano";2;0;1;0;1;0;1;1
83529576;"26/12/16";"Segunda";"18:00:00";"RJ";101;"307";"SAO GONCALO";"Outras";"Colisão traseira";"Sem Vítimas";"Pleno dia";"Decrescente";"Ceu Claro";"Dupla";"Reta";"Urbano";3;0;0;0;3;0;0;3
83529577;"30/12/16";"Sexta";"09:30:00";"RJ";101;"258";"RIO BONITO";"Outras";"Colisão frontal";"Com Vítimas Fatais";"Pleno dia";"Crescente";"Sol";"Simples";"Curva";"Rural";3;2;1;0;0;0;1;2
83529578;"11/10/16";"Terça";"22:40:00";"MG";40;"420";"PARAOPEBA";"Outras";"Atropelamento de pessoa";"Com Vítimas Feridas";"Plena noite";"Decrescente";"Nublado";"Simples";"Reta";"Rural";2;0;0;1;1;0;1;1
83529579;"30/12/16";"Sexta";"11:50:00";"PA";316;"55";"CASTANHAL";"Outras";"Saída de Pista";"Sem Vítimas";"Pleno dia";"Crescente";"Nublado";"Dupla";"Reta";"Rural";4;0;0;0;4;0;0;2
83529581;"30/12/16";"Sexta";"20:40:00";"PR";277;"9";"PARANAGUA";"Velocidade incompatível";"Colisão com bicicleta";"Com Vítimas Fatais";"Plena noite";"Decrescente";"Ceu Claro";"Dupla";"Reta";"Rural";7;2;4;0;1;0;4;3
83529583;"30/12/16";"Sexta";"20:30:00";"MA";135;"1,5";"SAO LUIS";"Falta de atenção";"Colisão Transversal";"Com Vítimas Feridas";"Anoitecer";"Crescente";"Ceu Claro";"Dupla";"Reta";"Urbano";2;0;1;0;1;0;1;2
83529584;"20/12/16";"Terça";"15:00:00";"RJ";116;"169,5";"SAO JOAO DE MERITI";"Outras";"Colisão traseira";"Com Vítimas Feridas";"Pleno dia";"Decrescente";"Nublado";"Dupla";"Reta";"Urbano";2;0;1;0;1;0;1;2
83529585;"31/12/16";"Sábado";"04:15:00";"MG";262;"116";"RIO CASCA";"Velocidade incompatível";"Colisão traseira";"Com Vítimas Feridas";"Plena noite";"Decrescente";"Ceu Claro";"Simples";"Reta";"Urbano";6;0;1;0;4;1;1;2
83529586;"30/12/16";"Sexta";"12:20:00";"PR";373;"179,6";"PONTA GROSSA";"Falta de atenção";"Colisão Transversal";"Com Vítimas Feridas";"Pleno dia";"Crescente";"Chuva";"Múltipla";"Curva";"Urbano";3;0;2;0;1;0;2;2
83529587;"30/12/16";"Sexta";"11:10:00";"RN";304;"32";"MOSSORO";"Falta de atenção";"Colisão Transversal";"Com Vítimas Feridas";"Pleno dia";"Decrescente";"Ceu Claro";"Dupla";"Cruzamento";"Urbano";2;0;2;0;0;0;2;2
83529588;"30/12/16";"Sexta";"13:30:00";"RN";110;"119,1";"CAMPO GRANDE";"Defeito mecânico em veículo";"Incêndio";"Com Vítimas Feridas";"Pleno dia";"Crescente";"Ceu Claro";"Simples";"Reta";"Rural";1;0;1;0;0;0;1;1
83529589;"31/12/16";"Sábado";"00:30:00";"SP";116;"1,9";"QUELUZ";"Falta de atenção";"Tombamento";"Sem Vítimas";"Plena noite";"Crescente";"Ceu Claro";"Dupla";"Reta";"Rural";1;0;0;0;1;0;0;1
83529590;"30/12/16";"Sexta";"17:30:00";"RJ";101;"295";"SAO GONCALO";"Falta de atenção";"Colisão com bicicleta";"Com Vítimas Fatais";"Pleno dia";"Crescente";"Ceu Claro";"Simples";"Reta";"Urbano";2;1;0;0;1;0;0;2
83529591;"29/12/16";"Quinta";"10:40:00";"RJ";40;"22";"TRES RIOS";"Outras";"Colisão com objeto fixo";"Sem Vítimas";"Pleno dia";"Crescente";"Ceu Claro";"Dupla";"Reta";"Rural";1;0;0;0;1;0;0;1
83529592;"31/12/16";"Sábado";"02:25:00";"BA";324;"611";"SALVADOR";"Falta de atenção";"Tombamento";"Sem Vítimas";"Amanhecer";"Decrescente";"Nublado";"Dupla";"Reta";"Urbano";1;0;0;0;1;0;0;1
83529593;"30/12/16";"Sexta";"18:00:00";"RJ";101;"443";"MANGARATIBA";"Velocidade incompatível";"Colisão com objeto fixo";"Sem Vítimas";"Anoitecer";"Decrescente";"Ceu Claro";"Simples";"Curva";"Rural";1;0;0;0;1;0;0;1
83529594;"29/12/16";"Quinta";"22:00:00";"RJ";101;"577";"PARATI";"Falta de atenção";"Colisão Transversal";"Com Vítimas Feridas";"Plena noite";"Decrescente";"Ceu Claro";"Simples";"Cruzamento";"Rural";2;0;1;0;1;0;1;2
83529595;"30/12/16";"Sexta";"09:10:00";"ES";101;"290";"CARIACICA";"Desobediência à sinalização";"Colisão Transversal";"Com Vítimas Feridas";"Pleno dia";"Decrescente";"Ceu Claro";"Múltipla";"Cruzamento";"Urbano";3;0;1;0;2;0;1;2
83529596;"29/12/16";"Quinta";"23:20:00";"SC";470;"4";"NAVEGANTES";"Outras";"Colisão com bicicleta";"Com Vítimas Feridas";"Plena noite";"Crescente";"Nublado";"Simples";"Reta";"Urbano";2;0;0;1;1;0;1;2
83529597;"26/12/16";"Segunda";"10:15:00";"SC";280;"279,2";"IRINEOPOLIS";"Ultrapassagem indevida";"Colisão frontal";"Com Vítimas Feridas";"Pleno dia";"Crescente";"Sol";"Simples";"Reta";"Rural";12;0;8;2;2;0;10;3
83529598;"29/11/16";"Terça";"13:20:00";"MS";163;"599,9";"SAO GABRIEL DO OESTE";"Desobediência à sinalização";"Colisão traseira";"Com Vítimas Fatais";"Pleno dia";"Crescente";"Nublado";"Dupla";"Reta";"Rural";3;1;1;1;0;0;2;2
83529599;"31/12/16";"Sábado";"18:20:00";"PE";424;"5,2";"ARCOVERDE";"Ingestão de álcool";"Queda de motocicleta / bicicleta / veículo";"Com Vítimas Feridas";"Plena noite";"Decrescente";"Ceu Claro";"Simples";"Curva";"Rural";2;0;2;0;0;0;2;1
83529600;"31/12/16";"Sábado";"03:00:00";"PA";316;"239";"CACHOEIRA DO PIRIA";"Dormindo";"Colisão lateral";"Com Vítimas Feridas";"Plena noite";"Crescente";"Nublado";"Simples";"Reta";"Rural";2;0;1;0;0;1;1;2
83529601;"06/04/16";"Quarta";"17:54:00";"MG";135;"370";"MONTES CLAROS";"Velocidade incompatível";"Tombamento";"Com Vítimas Feridas";"Anoitecer";"Decrescente";"Ceu Claro";"Dupla";"Cruzamento";"Urbano";1;0;1;0;0;0;1;1
83529602;"31/12/16";"Sábado";"05:10:00";"SP";116;"67,5";"APARECIDA";"Outras";"Colisão traseira";"Sem Vítimas";"Plena noite";"Decrescente";"Ceu Claro";"Dupla";"Curva";"Rural";2;0;0;0;1;1;0;2
83529603;"30/12/16";"Sexta";"23:20:00";"CE";222;"6";"CAUCAIA";"Outras";"Atropelamento de pessoa";"Com Vítimas Feridas";"Plena noite";"Crescente";"Ceu Claro";"Simples";"Reta";"Urbano";2;0;0;2;0;0;2;1
83529604;"31/12/16";"Sábado";"01:00:00";"RN";101;"123,7";"SAO JOSE DE MIPIBU";"Outras";"Atropelamento de pessoa";"Com Vítimas Fatais";"Plena noite";"Decrescente";"Ceu Claro";"Simples";"Reta";"Urbano";2;1;0;0;0;1;0;1
83529606;"08/12/16";"Quinta";"11:00:00";"SC";101;"156,1";"PORTO BELO";"Defeito mecânico em veículo";"Tombamento";"Com Vítimas Feridas";"Pleno dia";"Crescente";"Nublado";"Dupla";"Reta";"Rural";1;0;0;1;0;0;1;1
83529607;"15/12/16";"Quinta";"22:58:00";"SC";101;"158";"PORTO BELO";"Outras";"Colisão Transversal";"Com Vítimas Feridas";"Plena noite";"Decrescente";"Nublado";"Dupla";"Curva";"Rural";2;0;0;1;1;0;1;2
83529609;"30/12/16";"Sexta";"21:00:00";"BA";367;"29,9";"PORTO SEGURO";"Outras";"Colisão traseira";"Com Vítimas Feridas";"Plena noite";"Decrescente";"Ceu Claro";"Simples";"Reta";"Urbano";3;0;1;0;2;0;1;2
83529610;"31/12/16";"Sábado";"16:33:00";"MG";40;"524";"CONTAGEM";"Outras";"Colisão lateral";"Com Vítimas Feridas";"Pleno dia";"Crescente";"Sol";"Dupla";"Reta";"Urbano";2;0;1;0;1;0;1;2
83529611;"19/12/16";"Segunda";"17:25:00";"RS";116;"268";"CANOAS";"Não guardar distância de segurança";"Colisão traseira";"Com Vítimas Feridas";"Pleno dia";"Crescente";"Nublado";"Dupla";"Reta";"Urbano";5;0;1;0;4;0;1;4
83529612;"23/12/16";"Sexta";"20:00:00";"PE";232;"191,5";"SANHARO";"Outras";"Queda de motocicleta / bicicleta / veículo";"Com Vítimas Feridas";"Plena noite";"Decrescente";"Ceu Claro";"Simples";"Reta";"Rural";1;0;1;0;0;0;1;1