"id";"data_inversa";"dia_semana";"horario";"uf";"br";"km";"municipio";"causa_acidente";"tipo_acidente";"classificacao_acidente";"fase_dia";"sentido_via";"condicao_metereologica";"tipo_pista";"tracado_via";"uso_solo";"pessoas";"mortos";"feridos_leves";"feridos_graves";"ilesos";"ignorados";"feridos";"veiculos"
83529613;"31/12/16";"Sábado";"19:30:00";"PB";230;"153,7";"CAMPINA GRANDE";"Velocidade incompatível";"Colisão traseira";"Com Vítimas Feridas";"Plena noite";"Crescente";"Ceu Claro";"Simples";"Curva";"Rural";3;0;0;1;0;2;1;2
83529614;"30/12/16";"Sexta";"07:00:00";"BA";415;"21";"ILHEUS";"Desobediência à sinalização";"Colisão frontal";"Com Vítimas Feridas";"Pleno dia";"Crescente";"Ceu Claro";"Simples";"Reta";"Rural";3;0;1;0;2;0;1;3
83529616;"05/12/16";"Segunda";"12:00:00";"MG";381;"533,5";"ITATIAIUCU";"Velocidade incompatível";"Saída de Pista";"Sem Vítimas";"Pleno dia";"Crescente";"Chuva";"Dupla";"Curva";"Rural";1;0;0;0;1;0;0;1
83529618;"31/12/16";"Sábado";"21:10:00";"RJ";116;"243";"PIRAI";"Outras";"Atropelamento de pessoa";"Com Vítimas Feridas";"Plena noite";"Crescente";"Chuva";"Dupla";"Curva";"Urbano";2;0;0;1;1;0;1;1
83529619;"31/12/16";"Sábado";"15:30:00";"BA";116;"658,2";"JEQUIE";"Velocidade incompatível";"Capotamento";"Com Vítimas Feridas";"Pleno dia";"Decrescente";"Ceu Claro";"Simples";"Curva";"Rural";6;0;3;2;1;0;5;1
83529620;"31/12/16";"Sábado";"20:15:00";"CE";304;"33";"ARACATI";"Animais na Pista";"Atropelamento de animal";"Com Vítimas Feridas";"Plena noite";"Decrescente";"Ceu Claro";"Simples";"Reta";"Rural";1;0;1;0;0;0;1;1
83529621;"08/12/16";"Quinta";"23:10:00";"MT";364;"202";"RONDONOPOLIS";"Falta de atenção";"Colisão com objeto fixo";"Com Vítimas Feridas";"Plena noite";"Crescente";"Nublado";"Dupla";"Reta";"Urbano";2;0;1;1;0;0;2;1
83529622;"30/12/16";"Sexta";"17:20:00";"PR";369;"435,9";"UBIRATA";"Ultrapassagem indevida";"Colisão Transversal";"Com Vítimas Fatais";"Pleno dia";"Decrescente";"Nublado";"Simples";"Reta";"Urbano";6;1;2;1;2;0;3;3
83529623;"31/12/16";"Sábado";"04:20:00";"RS";392;"117,6";"CANGUCU";"Outras";"Tombamento";"Com Vítimas Fatais";"Plena noite";"Decrescente";"Nublado";"Simples";"Curva";"Urbano";1;1;0;0;0;0;0;1
83529624;"31/12/16";"Sábado";"07:40:00";"PR";469;"15";"FOZ DO IGUACU";"Falta de atenção";"Colisão Transversal";"Com Vítimas Feridas";"Pleno dia";"Decrescente";"Nublado";"Simples";"Reta";"Urbano";3;0;0;1;2;0;1;2
83529625;"30/12/16";"Sexta";"11:45:00";"SE";101;"59";"ROSARIO DO CATETE";"Falta de atenção";"Colisão Transversal";"Sem Vítimas";"Pleno dia";"Decrescente";"Sol";"Simples";"Cruzamento";"Rural";2;0;0;0;2;0;0;2
83529626;"15/12/16";"Quinta";"14:30:00";"RJ";40;"17";"TRES RIOS";"Outras";"Queda de motocicleta / bicicleta / veículo";"Com Vítimas Feridas";"Pleno dia";"Crescente";"Chuva";"Dupla";"Reta";"Urbano";1;0;1;0;0;0;1;1
83529627;"31/12/16";"Sábado";"20:45:00";"PR";369;"368";"CAMPO MOURAO";"Velocidade incompatível";"Saída de Pista";"Com Vítimas Feridas";"Anoitecer";"Crescente";"Chuva";"Simples";"Curva";"Rural";3;0;2;0;1;0;2;1
83529628;"30/12/16";"Sexta";"15:45:00";"MG";381;"924,5";"CAMANDUCAIA";"Falta de atenção";"Colisão traseira";"Sem Vítimas";"Pleno dia";"Crescente";"Nublado";"Dupla";"Curva";"Rural";2;0;0;0;2;0;0;2
83529629;"26/12/16";"Segunda";"14:50:00";"CE";116;"399";"UMARI";"Falta de atenção";"Colisão frontal";"Com Vítimas Feridas";"Pleno dia";"Crescente";"Ceu Claro";"Simples";"Reta";"Urbano";3;0;0;3;0;0;3;2
83529630;"30/12/16";"Sexta";"09:15:00";"PR";163;"260";"TOLEDO";"Falta de atenção";"Colisão Transversal";"Sem Vítimas";"Pleno dia";"Decrescente";"Ceu Claro";"Simples";"Curva";"Rural";2;0;0;0;2;0;0;2
83529631;"19/12/16";"Segunda";"21:53:00";"MG";153;"6,8";"ARAPORA";"Falta de atenção";"Saída de Pista";"Sem Vítimas";"Plena noite";"Crescente";"Nublado";"Dupla";"Reta";"Rural";1;0;0;0;1;0;0;1
83529632;"29/12/16";"Quinta";"19:45:00";"MG";135;"653,2";"CURVELO";"Velocidade incompatível";"Colisão frontal";"Sem Vítimas";"Anoitecer";"Crescente";"Chuva";"Simples";"Reta";"Rural";3;0;0;0;3;0;0;2
83529633;"15/12/16";"Quinta";"14:30:00";"SC";101;"211";"PALHOCA";"Falta de atenção";"Colisão traseira";"Sem Vítimas";"Pleno dia";"Decrescente";"Ceu Claro";"Dupla";"Reta";"Urbano";4;0;0;0;4;0;0;4
83529635;"29/12/16";"Quinta";"13:10:00";"BA";116;"862,7";"VITORIA DA CONQUISTA";"Outras";"Colisão frontal";"Com Vítimas Fatais";"Pleno dia";"Crescente";"Ceu Claro";"Simples";"Reta";"Rural";6;3;0;1;2;0;1;3
83529636;"30/12/16";"Sexta";"21:00:00";"BA";101;"364";"GANDU";"Ingestão de álcool";"Atropelamento de pessoa";"Com Vítimas Feridas";"Plena noite";"Crescente";"Ignorada";"Simples";"Reta";"Rural";2;0;0;1;1;0;1;1
83529637;"31/12/16";"Sábado";"12:00:00";"MG";50;"13";"UBERLANDIA";"Outras";"Queda de motocicleta / bicicleta / veículo";"Com Vítimas Feridas";"Pleno dia";"Crescente";"Ceu Claro";"Simples";"Cruzamento";"Rural";1;0;1;0;0;0;1;1
83529638;"23/12/16";"Sexta";"17:40:00";"RJ";393;"235";"VASSOURAS";"Falta de atenção";"Colisão Transversal";"Com Vítimas Feridas";"Pleno dia";"Crescente";"Ceu Claro";"Simples";"Cruzamento";"Urbano";5;0;1;2;2;0;3;3
83529639;"25/12/16";"Domingo";"19:20:00";"CE";20;"198";"BOA VIAGEM";"Outras";"Colisão frontal";"Com Vítimas Fatais";"Plena noite";"Crescente";"Ceu Claro";"Simples";"Reta";"Rural";2;1;0;0;1;0;0;2
83529640;"31/12/16";"Sábado";"15:13:00";"RO";364;"238";"CACOAL";"Falta de atenção";"Colisão Transversal";"Com Vítimas Feridas";"Pleno dia";"Crescente";"Sol";"Simples";"Cruzamento";"Urbano";3;0;1;0;2;0;1;2
83529641;"28/12/16";"Quarta";"01:00:00";"RJ";101;"70";"CAMPOS DOS GOYTACAZES";"Dormindo";"Colisão com objeto fixo";"Com Vítimas Feridas";"Plena noite";"Decrescente";"Ceu Claro";"Simples";"Reta";"Rural";5;0;2;3;0;0;5;1
83529642;"31/12/16";"Sábado";"11:45:00";"GO";20;"19,8";"FORMOSA";"Outras";"Saída de Pista";"Com Vítimas Feridas";"Pleno dia";"Decrescente";"Ceu Claro";"Simples";"Reta";"Rural";1;0;1;0;0;0;1;1
83529643;"19/12/16";"Segunda";"17:25:00";"PB";101;"91,1";"JOAO PESSOA";"Outras";"Colisão traseira";"Com Vítimas Feridas";"Anoitecer";"Decrescente";"Ceu Claro";"Dupla";"Reta";"Rural";3;0;3;0;0;0;3;2
83529644;"06/12/16";"Terça";"23:00:00";"BA";101;"254";"CONCEICAO DO ALMEIDA";"Outras";"Saída de Pista";"Sem Vítimas";"Plena noite";"Crescente";"Ceu Claro";"Simples";"Reta";"Urbano";1;0;0;0;1;0;0;1
83529645;"31/12/16";"Sábado";"12:00:00";"RJ";465;"20";"NOVA IGUACU";"Outras";"Colisão lateral";"Com Vítimas Feridas";"Pleno dia";"Decrescente";"Ceu Claro";"Simples";"Reta";"Urbano";3;0;2;0;0;1;2;2
83529646;"05/11/16";"Sábado";"18:05:00";"GO";414;"387";"CORUMBA DE GOIAS";"Ingestão de álcool";"Colisão traseira";"Com Vítimas Fatais";"Pleno dia";"Decrescente";"Ceu Claro";"Simples";"Reta";"Rural";2;1;0;0;1;0;0;2
83529647;"26/12/16";"Segunda";"17:45:00";"PR";153;"348";"REBOUCAS";"Falta de atenção";"Colisão Transversal";"Com Vítimas Feridas";"Pleno dia";"Decrescente";"Ceu Claro";"Simples";"Curva";"Rural";2;0;1;0;0;1;1;2
83529648;"24/12/16";"Sábado";"20:00:00";"RJ";101;"295";"ITABORAI";"Outras";"Colisão com objeto fixo";"Com Vítimas Feridas";"Anoitecer";"Decrescente";"Nublado";"Dupla";"Reta";"Urbano";3;0;3;0;0;0;3;2
83529649;"30/12/16";"Sexta";"07:05:00";"PB";230;"26,7";"JOAO PESSOA";"Não guardar distância de segurança";"Colisão traseira";"Com Vítimas Feridas";"Pleno dia";"Crescente";"Sol";"Dupla";"Reta";"Urbano";3;0;0;1;2;0;1;3
83529650;"25/11/16";"Sexta";"19:15:00";"SP";153;"1,6";"ICEM";"Falta de atenção";"Colisão lateral";"Com Vítimas Fatais";"Anoitecer";"Decrescente";"Ceu Claro";"Simples";"Reta";"Rural";2;1;0;0;1;0;0;2
83529651;"31/12/16";"Sábado";"19:40:00";"RN";110;"63,8";"MOSSORO";"Animais na Pista";"Capotamento";"Sem Vítimas";"Plena noite";"Decrescente";"Ceu Claro";"Simples";"Reta";"Rural";1;0;0;0;1;0;0;1
83529652;"18/11/16";"Sexta";"21:05:00";"RS";290;"63,3";"GRAVATAI";"Falta de atenção";"Saída de Pista";"Sem Vítimas";"Plena noite";"Crescente";"Ceu Claro";"Dupla";"Reta";"Rural";1;0;0;0;1;0;0;1
83529653;"28/12/16";"Quarta";"10:02:00";"RN";101;"83";"SAO GONCALO DO AMARANTE";"Outras";"Colisão lateral";"Sem Vítimas";"Pleno dia";"Crescente";"Sol";"Dupla";"Cruzamento";"Urbano";2;0;0;0;2;0;0;2
83529654;"28/12/16";"Quarta";"21:50:00";"RJ";101;"311";"SAO GONCALO";"Defeito mecânico em veículo";"Incêndio";"Sem Vítimas";"Plena noite";"Decrescente";"Ceu Claro";"Dupla";"Reta";"Urbano";1;0;0;0;1;0;0;1
83529656;"28/12/16";"Quarta";"16:00:00";"PR";476;"334";"PAULA FREITAS";"Dormindo";"Tombamento";"Com Vítimas Feridas";"Pleno dia";"Decrescente";"Nublado";"Simples";"Reta";"Rural";1;0;1;0;0;0;1;1
83529657;"29/12/16";"Quinta";"16:20:00";"RS";392;"241,2";"CACAPAVA DO SUL";"Velocidade incompatível";"Saída de Pista";"Sem Vítimas";"Pleno dia";"Decrescente";"Chuva";"Simples";"Curva";"Rural";1;0;0;0;1;0;0;1
83529658;"31/12/16";"Sábado";"20:40:00";"MG";40;"498,3";"ESMERALDAS";"Ingestão de álcool";"Queda de motocicleta / bicicleta / veículo";"Com Vítimas Feridas";"Plena noite";"Crescente";"Ceu Claro";"Dupla";"Reta";"Urbano";1;0;1;0;0;0;1;1
83529659;"26/12/16";"Segunda";"19:40:00";"RN";226;"9";"MACAIBA";"Velocidade incompatível";"Colisão Transversal";"Com Vítimas Feridas";"Plena noite";"Crescente";"Ceu Claro";"Simples";"Curva";"Urbano";2;0;0;1;1;0;1;2
83529660;"26/12/16";"Segunda";"06:40:00";"CE";222;"314,5";"TIANGUA";"Outras";"Atropelamento de pessoa";"Com Vítimas Feridas";"Amanhecer";"Decrescente";"Ceu Claro";"Simples";"Reta";"Urbano";2;0;1;0;1;0;1;1
83529661;"26/12/16";"Segunda";"02:05:00";"RN";304;"31,2";"MOSSORO";"Animais na Pista";"Capotamento";"Com Vítimas Feridas";"Plena noite";"Crescente";"Ceu Claro";"Simples";"Reta";"Urbano";4;0;2;0;2;0;2;1
83529662;"25/08/16";"Quinta";"08:30:00";"MT";163;"644";"LUCAS DO RIO VERDE";"Não guardar distância de segurança";"Colisão traseira";"Com Vítimas Feridas";"Pleno dia";"Crescente";"Sol";"Simples";"Reta";"Rural";3;0;0;2;1;0;2;3
83529663;"13/09/16";"Terça";"09:50:00";"SC";116;"261,2";"CAPAO ALTO";"Ultrapassagem indevida";"Saída de Pista";"Com Vítimas Feridas";"Pleno dia";"Crescente";"Chuva";"Simples";"Reta";"Rural";5;0;3;1;1;0;4;1
83529664;"31/12/16";"Sábado";"19:20:00";"SP";116;"27,4";"SILVEIRAS";"Outras";"Colisão com objeto fixo";"Sem Vítimas";"Pleno dia";"Crescente";"Chuva";"Dupla";"Curva";"Rural";1;0;0;0;1;0;0;1
83529666;"24/12/16";"Sábado";"20:00:00";"PR";116;"110";"CURITIBA";"Falta de atenção";"Colisão traseira";"Com Vítimas Feridas";"Plena noite";"Decrescente";"Ignorada";"Dupla";"Reta";"Urbano";2;0;1;0;1;0;1;2
83529667;"15/11/16";"Terça";"18:45:00";"AP";210;"2,7";"MACAPA";"Ultrapassagem indevida";"Saída de Pista";"Com Vítimas Feridas";"Plena noite";"Decrescente";"Ceu Claro";"Simples";"Reta";"Urbano";4;0;1;0;3;0;1;1
83529668;"10/12/16";"Sábado";"06:20:00";"PR";476;"142";"CURITIBA";"Outras";"Colisão lateral";"Com Vítimas Feridas";"Pleno dia";"Crescente";"Chuva";"Dupla";"Reta";"Urbano";3;0;1;1;1;0;2;3
83529670;"05/05/16";"Quinta";"04:55:00";"PR";369;"166";"CAMBE";"Dormindo";"Colisão traseira";"Com Vítimas Feridas";"Amanhecer";"Crescente";"Ceu Claro";"Dupla";"Reta";"Rural";2;0;0;1;1;0;1;2
83529671;"15/12/16";"Quinta";"14:50:00";"BA";116;"584";"NOVA ITARANA";"Outras";"Colisão lateral";"Com Vítimas Feridas";"Pleno dia";"Decrescente";"Ceu Claro";"Dupla";"Curva";"Rural";5;0;3;0;1;1;3;2
83529673;"27/12/16";"Terça";"15:15:00";"PR";376;"596";"CURITIBA";"Velocidade incompatível";"Tombamento";"Com Vítimas Feridas";"Pleno dia";"Crescente";"Ceu Claro";"Dupla";"Reta";"Urbano";1;0;1;0;0;0;1;1
83529674;"31/12/16";"Sábado";"14:50:00";"RN";110;"45";"MOSSORO";"Desobediência à sinalização";"Colisão Transversal";"Com Vítimas Feridas";"Pleno dia";"Decrescente";"Ceu Claro";"Simples";"Reta";"Urbano";3;0;1;1;1;0;2;2
83529675;"11/09/16";"Domingo";"22:00:00";"GO";452;"148,6";"ITUMBIARA";"Falta de atenção";"Colisão frontal";"Com Vítimas Fatais";"Plena noite";"Decrescente";"Ceu Claro";"Simples";"Reta";"Rural";3;1;0;0;2;0;0;3
83529676;"12/07/16";"Terça";"08:30:00";"SC";280;"239,7";"CANOINHAS";"Ultrapassagem indevida";"Colisão lateral";"Com Vítimas Feridas";"Pleno dia";"Decrescente";"Sol";"Simples";"Reta";"Rural";4;0;1;0;2;1;1;3
83529677;"29/12/16";"Quinta";"13:50:00";"ES";101;"146,7";"LINHARES";"Desobediência à sinalização";"Colisão Transversal";"Com Vítimas Feridas";"Pleno dia";"Decrescente";"Ceu Claro";"Simples";"Cruzamento";"Urbano";4;0;3;0;1;0;3;2
83529678;"30/12/16";"Sexta";"02:00:00";"SC";282;"19";"PALHOCA";"Ingestão de álcool";"Colisão frontal";"Sem Vítimas";"Plena noite";"Crescente";"Chuva";"Simples";"Reta";"Urbano";3;0;0;0;3;0;0;3
83529679;"10/12/16";"Sábado";"14:40:00";"MG";40;"638";"CONSELHEIRO LAFAIETE";"Outras";"Saída de Pista";"Com Vítimas Feridas";"Pleno dia";"Crescente";"Chuva";"Simples";"Reta";"Rural";1;0;1;0;0;0;1;1
83529680;"27/12/16";"Terça";"06:00:00";"PB";230;"509";"CAJAZEIRAS";"Desobediência à sinalização";"Colisão traseira";"Sem Vítimas";"Pleno dia";"Decrescente";"Ceu Claro";"Simples";"Reta";"Urbano";3;0;0;0;3;0;0;3
83529681;"29/12/16";"Quinta";"06:30:00";"RJ";40;"45,1";"AREAL";"Outras";"Colisão Transversal";"Sem Vítimas";"Amanhecer";"Crescente";"Ceu Claro";"Dupla";"Reta";"Rural";5;0;0;0;5;0;0;2
83529682;"31/12/16";"Sábado";"05:20:00";"BA";101;"273";"SANTO ANTONIO DE JESUS";"Outras";"Colisão com objeto fixo";"Sem Vítimas";"Amanhecer";"Crescente";"Ceu Claro";"Simples";"Curva";"Rural";1;0;0;0;1;0;0;1
83529683;"31/12/16";"Sábado";"21:00:00";"ES";262;"85,8";"DOMINGOS MARTINS";"Velocidade incompatível";"Colisão frontal";"Com Vítimas Feridas";"Plena noite";"Crescente";"Ceu Claro";"Simples";"Reta";"Rural";2;0;0;1;1;0;1;2
83529684;"30/12/16";"Sexta";"07:15:00";"RJ";101;"243";"SILVA JARDIM";"Outras";"Saída de Pista";"Sem Vítimas";"Pleno dia";"Crescente";"Ceu Claro";"Simples";"Reta";"Rural";1;0;0;0;1;0;0;1
83529685;"14/12/16";"Quarta";"11:25:00";"PA";316;"5";"ANANINDEUA";"Desobediência à sinalização";"Colisão com bicicleta";"Com Vítimas Feridas";"Pleno dia";"Decrescente";"Nublado";"Dupla";"Reta";"Urbano";2;0;1;0;1;0;1;2
83529686;"23/12/16";"Sexta";"17:00:00";"PB";230;"113";"INGA";"Desobediência à sinalização";"Colisão Transversal";"Sem Vítimas";"Anoitecer";"Crescente";"Ceu Claro";"Dupla";"Reta";"Rural";2;0;0;0;2;0;0;2
83529688;"26/12/16";"Segunda";"18:20:00";"RJ";101;"297";"ITABORAI";"Falta de atenção";"Atropelamento de pessoa";"Com Vítimas Feridas";"Pleno dia";"Crescente";"Sol";"Dupla";"Reta";"Rural";2;0;1;0;1;0;1;1
83529689;"18/09/16";"Domingo";"20:15:00";"PR";153;"389";"MALLET";"Ultrapassagem indevida";"Colisão lateral";"Com Vítimas Feridas";"Plena noite";"Decrescente";"Chuva";"Simples";"Reta";"Rural";4;0;0;4;0;0;4;2
83529690;"30/12/16";"Sexta";"14:00:00";"RJ";101;"191";"CASIMIRO DE ABREU";"Outras";"Colisão traseira";"Com Vítimas Feridas";"Pleno dia";"Crescente";"Sol";"Dupla";"Reta";"Rural";3;0;1;0;2;0;1;2
83529691;"13/11/16";"Domingo";"14:50:00";"ES";101;"106";"SOORETAMA";"Velocidade incompatível";"Capotamento";"Com Vítimas Feridas";"Pleno dia";"Crescente";"Nublado";"Simples";"Reta";"Urbano";2;0;0;2;0;0;2;1
83529692;"23/12/16";"Sexta";"05:10:00";"SC";101;"176";"BIGUACU";"Falta de atenção";"Capotamento";"Sem Vítimas";"Plena noite";"Crescente";"Ceu Claro";"Dupla";"Reta";"Rural";1;0;0;0;1;0;0;1
83529693;"29/12/16";"Quinta";"16:50:00";"RN";101;"84,4";"SAO GONCALO DO AMARANTE";"Outras";"Colisão traseira";"Com Vítimas Feridas";"Pleno dia";"Crescente";"Ceu Claro";"Simples";"Reta";"Urbano";4;0;1;0;3;0;1;4
83529694;"30/12/16";"Sexta";"20:40:00";"ES";101;"269,3";"SERRA";"Não guardar distância de segurança";"Colisão traseira";"Com Vítimas Feridas";"Plena noite";"Crescente";"Ceu Claro";"Dupla";"Reta";"Urbano";3;0;1;0;0;2;1;3
83529695;"30/12/16";"Sexta";"13:35:00";"SE";101;"30";"CAPELA";"Falta de atenção";"Colisão traseira";"Sem Vítimas";"Pleno dia";"Crescente";"Sol";"Simples";"Reta";"Rural";2;0;0;0;2;0;0;2
83529696;"22/08/16";"Segunda";"11:04:00";"RJ";40;"1";"COMENDADOR LEVY GASPARIAN";"Outras";"Danos Eventuais";"Ignorado";"Pleno dia";"Decrescente";"Ignorada";"Dupla";"Curva";"Rural";1;0;0;0;0;1;0;1
83529698;"30/12/16";"Sexta";"15:20:00";"MG";116;"368,6";"FREI INOCENCIO";"Defeito mecânico em veículo";"Colisão lateral";"Sem Vítimas";"Pleno dia";"Decrescente";"Ceu Claro";"Simples";"Curva";"Rural";2;0;0;0;2;0;0;2
83529699;"28/12/16";"Quarta";"12:00:00";"PA";230;"634";"ALTAMIRA";"Outras";"Colisão frontal";"Com Vítimas Feridas";"Pleno dia";"Crescente";"Nublado";"Simples";"Curva";"Urbano";2;0;2;0;0;0;2;2
83529700;"03/10/16";"Segunda";"05:10:00";"PI";316;"203";"VALENCA DO PIAUI";"Dormindo";"Colisão lateral";"Com Vítimas Feridas";"Amanhecer";"Decrescente";"Ceu Claro";"Simples";"Reta";"Rural";5;0;0;1;4;0;1;2
83529701;"08/12/16";"Quinta";"10:40:00";"PR";277;"659";"MATELANDIA";"Velocidade incompatível";"Tombamento";"Com Vítimas Feridas";"Pleno dia";"Crescente";"Nublado";"Dupla";"Curva";"Rural";1;0;0;1;0;0;1;1
83529703;"01/12/16";"Quinta";"12:40:00";"SP";116;"132,9";"CACAPAVA";"Outras";"Colisão traseira";"Sem Vítimas";"Pleno dia";"Crescente";"Nublado";"Dupla";"Reta";"Rural";5;0;0;0;3;2;0;5
83529704;"06/09/16";"Terça";"12:00:00";"RS";470;"205,8";"BENTO GONCALVES";"Outras";"Colisão com objeto móvel";"Com Vítimas Fatais";"Pleno dia";"Crescente";"Sol";"Simples";"Curva";"Rural";2;1;0;1;0;0;1;1
83529705;"30/12/16";"Sexta";"12:31:00";"MG";40;"520";"CONTAGEM";"Outras";"Colisão com objeto móvel";"Com Vítimas Feridas";"Pleno dia";"Crescente";"Ceu Claro";"Dupla";"Reta";"Urbano";1;0;1;0;0;0;1;1
83529706;"30/12/16";"Sexta";"11:30:00";"MG";262;"37,5";"MANHUACU";"Falta de atenção";"Colisão Transversal";"Com Vítimas Feridas";"Pleno dia";"Decrescente";"Sol";"Simples";"Reta";"Urbano";2;0;1;0;1;0;1;2
83529708;"31/12/16";"Sábado";"06:30:00";"BA";101;"846";"TEIXEIRA DE FREITAS";"Ultrapassagem indevida";"Colisão frontal";"Com Vítimas Feridas";"Pleno dia";"Crescente";"Ceu Claro";"Simples";"Curva";"Rural";4;0;2;1;1;0;3;2
83529709;"04/12/16";"Domingo";"18:10:00";"RN";304;"33";"MOSSORO";"Ingestão de álcool";"Colisão traseira";"Com Vítimas Feridas";"Plena noite";"Crescente";"Ceu Claro";"Dupla";"Reta";"Urbano";2;0;1;0;1;0;1;2
83529711;"08/11/16";"Terça";"08:00:00";"PI";343;"340,1";"TERESINA";"Falta de atenção";"Colisão traseira";"Com Vítimas Feridas";"Pleno dia";"Decrescente";"Ceu Claro";"Simples";"Reta";"Urbano";2;0;0;1;1;0;1;2
83529712;"30/12/16";"Sexta";"00:44:00";"PR";476;"130";"CURITIBA";"Falta de atenção";"Colisão Transversal";"Sem Vítimas";"Plena noite";"Decrescente";"Ceu Claro";"Múltipla";"Reta";"Urbano";2;0;0;0;2;0;0;2
83529714;"16/12/16";"Sexta";"22:30:00";"MG";116;"115";"ITAOBIM";"Falta de atenção";"Queda de motocicleta / bicicleta / veículo";"Com Vítimas Feridas";"Plena noite";"Decrescente";"Ceu Claro";"Dupla";"Reta";"Urbano";2;0;1;0;1;0;1;1
83529716;"30/12/16";"Sexta";"02:20:00";"SC";101;"157,5";"PORTO BELO";"Falta de atenção";"Colisão com objeto fixo";"Sem Vítimas";"Plena noite";"Crescente";"Ignorada";"Múltipla";"Reta";"Urbano";1;0;0;0;1;0;0;1
83529717;"30/12/16";"Sexta";"07:10:00";"SC";101;"145";"ITAPEMA";"Outras";"Capotamento";"Com Vítimas Feridas";"Pleno dia";"Decrescente";"Sol";"Múltipla";"Reta";"Urbano";3;0;1;0;2;0;1;3
83529718;"28/07/16";"Quinta";"18:55:00";"PB";230;"35";"BAYEUX";"Outras";"Queda de motocicleta / bicicleta / veículo";"Com Vítimas Feridas";"Plena noite";"Decrescente";"Ceu Claro";"Dupla";"Reta";"Rural";1;0;1;0;0;0;1;1
83529720;"30/12/16";"Sexta";"15:20:00";"CE";20;"419,1";"MARACANAU";"Desobediência à sinalização";"Colisão traseira";"Com Vítimas Feridas";"Pleno dia";"Crescente";"Ceu Claro";"Simples";"Reta";"Urbano";2;0;0;1;0;1;1;2
83529721;"11/10/16";"Terça";"13:15:00";"BA";324;"623";"SALVADOR";"Falta de atenção";"Queda de motocicleta / bicicleta / veículo";"Com Vítimas Feridas";"Pleno dia";"Crescente";"Sol";"Dupla";"Reta";"Urbano";2;0;1;0;0;1;1;1
83529722;"04/01/16";"Segunda";"08:55:00";"BA";101;"495";"ITABUNA";"Não guardar distância de segurança";"Colisão traseira";"Com Vítimas Feridas";"Pleno dia";"Crescente";"Nublado";"Simples";"Reta";"Rural";3;0;0;1;2;0;1;3
83529724;"27/12/16";"Terça";"06:30:00";"MA";135;"23,3";"SAO LUIS";"Falta de atenção";"Colisão traseira";"Sem Vítimas";"Pleno dia";"Decrescente";"Ceu Claro";"Dupla";"Reta";"Urbano";2;0;0;0;2;0;0;2
83529726;"11/10/16";"Terça";"11:40:00";"RN";405;"140";"SAO FRANCISCO DO OESTE";"Outras";"Colisão com objeto fixo";"Com Vítimas Fatais";"Pleno dia";"Crescente";"Ceu Claro";"Simples";"Reta";"Rural";3;1;0;1;1;0;1;2
83529727;"30/12/16";"Sexta";"12:15:00";"RJ";101;"133";"CARAPEBUS";"Outras";"Colisão com objeto fixo";"Com Vítimas Feridas";"Pleno dia";"Crescente";"Sol";"Dupla";"Reta";"Rural";3;0;3;0;0;0;3;1
83529729;"26/12/16";"Segunda";"00:30:00";"PR";376;"660";"TIJUCAS DO SUL";"Falta de atenção";"Capotamento";"Sem Vítimas";"Plena noite";"Crescente";"Chuva";"Dupla";"Curva";"Rural";1;0;0;0;1;0;0;1
83529731;"15/08/16";"Segunda";"12:45:00";"SC";101;"111";"NAVEGANTES";"Falta de atenção";"Colisão lateral";"Sem Vítimas";"Pleno dia";"Crescente";"Chuva";"Simples";"Reta";"Urbano";2;0;0;0;2;0;0;2
83529732;"01/12/16";"Quinta";"12:45:00";"PA";316;"8";"ANANINDEUA";"Falta de atenção";"Colisão Transversal";"Com Vítimas Feridas";"Pleno dia";"Crescente";"Ceu Claro";"Dupla";"Reta";"Urbano";4;0;4;0;0;0;4;2
83529734;"10/12/16";"Sábado";"16:30:00";"BA";415;"18";"ILHEUS";"Defeito na via";"Colisão traseira";"Com Vítimas Feridas";"Pleno dia";"Decrescente";"Ceu Claro";"Simples";"Reta";"Rural";5;0;1;0;4;0;1;5
83529735;"03/12/16";"Sábado";"12:15:00";"RO";364;"773";"PORTO VELHO";"Defeito mecânico em veículo";"Saída de Pista";"Com Vítimas Feridas";"Pleno dia";"Crescente";"Sol";"Simples";"Reta";"Rural";2;0;2;0;0;0;2;1
83529736;"09/05/16";"Segunda";"03:30:00";"MG";381;"496,7";"BETIM";"Outras";"Colisão com objeto fixo";"Com Vítimas Feridas";"Plena noite";"Decrescente";"Ceu Claro";"Dupla";"Curva";"Urbano";2;0;0;2;0;0;2;1
83529737;"31/12/16";"Sábado";"21:00:00";"RS";153;"351,8";"CACHOEIRA DO SUL";"Outras";"Colisão traseira";"Com Vítimas Feridas";"Plena noite";"Crescente";"Nublado";"Simples";"Reta";"Rural";2;0;0;1;1;0;1;2
83529738;"31/12/16";"Sábado";"10:00:00";"MG";40;"310";"TRES MARIAS";"Falta de atenção";"Saída de Pista";"Com Vítimas Feridas";"Pleno dia";"Decrescente";"Ceu Claro";"Simples";"Reta";"Rural";5;0;4;0;1;0;4;1
83529739;"02/06/16";"Quinta";"13:20:00";"RN";406;"131,8";"TAIPU";"Outras";"Colisão frontal";"Com Vítimas Fatais";"Pleno dia";"Crescente";"Sol";"Simples";"Reta";"Rural";7;1;4;2;0;0;6;2